[14-09-26 03:02:15.030] LOG  : General      f:0> 14-09-2026 03:02:14.
[14-09-26 03:02:15.046] LOG  : General      f:0> SLF4J(I): Attempting to load provider "zombie.core.logger.Slf4jBridge" specified via "slf4j.provider" system property.
[14-09-26 03:02:15.205] LOG  : General      f:0> ===== System specs =====.
[14-09-26 03:02:15.205] LOG  : General      f:0> CPU: AMD Ryzen 7 7800X3D 8-Core Processor           , vendor: AuthenticAMD, cores: 8, threads: 16.
[14-09-26 03:02:15.209] LOG  : General      f:0> RAM: 31905 Mb.
[14-09-26 03:02:15.219] LOG  : General      f:0> Base board: MAG B650 TOMAHAWK WIFI (MS-7D75), vendor: Micro-Star International Co., Ltd..
[14-09-26 03:02:15.221] LOG  : General      f:0> GPU: AMD Radeon(TM) Graphics, vendor: Advanced Micro Devices, Inc., video memory: 512 Mb, driver: 31.0.24002.92.
[14-09-26 03:02:15.223] LOG  : General      f:0> GPU: NVIDIA GeForce RTX 4070, vendor: NVIDIA, video memory: 12282 Mb, driver: 32.0.15.9186.
[14-09-26 03:02:15.225] LOG  : General      f:0> Disk info: 1863.00 Gb, free space: 239.30 Gb, usable space: 239.30 Gb.
[14-09-26 03:02:15.316] LOG  : General      f:0> OS: Windows 11, version: 10.0, arch: amd64, build: 26200.
[14-09-26 03:02:15.317] LOG  : General      f:0> JVM (free: 474 Mb, max: 2048 Mb, total available: 502 Mb).
[14-09-26 03:02:15.317] LOG  : General      f:0> ========================.
[14-09-26 03:02:15.317] LOG  : General      f:0> java.specification.version=25.
[14-09-26 03:02:15.318] LOG  : General      f:0> sun.cpu.isalist=amd64.
[14-09-26 03:02:15.318] LOG  : General      f:0> sun.jnu.encoding=Cp1252.
[14-09-26 03:02:15.318] LOG  : General      f:0> java.vm.vendor=Azul Systems, Inc..
[14-09-26 03:02:15.318] LOG  : General      f:0> sun.arch.data.model=64.
[14-09-26 03:02:15.318] LOG  : General      f:0> java.vendor.url=http://www.azul.com/.
[14-09-26 03:02:15.318] LOG  : General      f:0> zomboid.steam=0.
[14-09-26 03:02:15.318] LOG  : General      f:0> java.vm.specification.version=25.
[14-09-26 03:02:15.319] LOG  : General      f:0> os.name=Windows 11.
[14-09-26 03:02:15.319] LOG  : General      f:0> sun.java.launcher=SUN_STANDARD.
[14-09-26 03:02:15.319] LOG  : General      f:0> sun.java.command=zombie.gameStates.MainScreenState -ca....
[14-09-26 03:02:15.319] LOG  : General      f:0> slf4j.provider=zombie.core.logger.Slf4jBridge.
[14-09-26 03:02:15.319] LOG  : General      f:0> jdk.debug=release.
[14-09-26 03:02:15.319] LOG  : General      f:0> sun.cpu.endian=little.
[14-09-26 03:02:15.319] LOG  : General      f:0> java.specification.vendor=Oracle Corporation.
[14-09-26 03:02:15.319] LOG  : General      f:0> java.version.date=2025-10-21.
[14-09-26 03:02:15.320] LOG  : General      f:0> java.home=E:\SteamLibrary\steamapps\common\Proj....
[14-09-26 03:02:15.320] LOG  : General      f:0> file.separator=\.
[14-09-26 03:02:15.320] LOG  : General      f:0> java.vm.compressedOopsMode=32-bit.
[14-09-26 03:02:15.320] LOG  : General      f:0> line.separator=.
[14-09-26 03:02:15.320] LOG  : General      f:0> java.vm.specification.vendor=Oracle Corporation.
[14-09-26 03:02:15.320] LOG  : General      f:0> java.specification.name=Java Platform API Specification.
[14-09-26 03:02:15.320] LOG  : General      f:0> java.awt.headless=true.
[14-09-26 03:02:15.321] LOG  : General      f:0> sun.management.compiler=HotSpot 64-Bit Tiered Compilers.
[14-09-26 03:02:15.321] LOG  : General      f:0> java.runtime.version=25.0.1+8-LTS.
[14-09-26 03:02:15.321] LOG  : General      f:0> stdout.encoding=Cp1252.
[14-09-26 03:02:15.321] LOG  : General      f:0> os.version=10.0.
[14-09-26 03:02:15.321] LOG  : General      f:0> jna.nosys=false.
[14-09-26 03:02:15.322] LOG  : General      f:0> java.runtime.name=OpenJDK Runtime Environment.
[14-09-26 03:02:15.322] LOG  : General      f:0> file.encoding=UTF-8.
[14-09-26 03:02:15.322] LOG  : General      f:0> java.vm.name=OpenJDK 64-Bit Server VM.
[14-09-26 03:02:15.322] LOG  : General      f:0> java.vendor.version=Zulu25.30+17-CA.
[14-09-26 03:02:15.322] LOG  : General      f:0> jna.loaded=true.
[14-09-26 03:02:15.322] LOG  : General      f:0> java.vendor.url.bug=http://www.azul.com/support/.
[14-09-26 03:02:15.322] LOG  : General      f:0> java.version=25.0.1.
[14-09-26 03:02:15.323] LOG  : General      f:0> os.arch=amd64.
[14-09-26 03:02:15.323] LOG  : General      f:0> java.vm.specification.name=Java Virtual Machine Specification.
[14-09-26 03:02:15.323] LOG  : General      f:0> sun.os.patch.level=.
[14-09-26 03:02:15.323] LOG  : General      f:0> native.encoding=Cp1252.
[14-09-26 03:02:15.323] LOG  : General      f:0> java.vm.info=mixed mode, sharing.
[14-09-26 03:02:15.323] LOG  : General      f:0> stderr.encoding=Cp1252.
[14-09-26 03:02:15.323] LOG  : General      f:0> java.vendor=Azul Systems, Inc..
[14-09-26 03:02:15.323] LOG  : General      f:0> java.vm.version=25.0.1+8-LTS.
[14-09-26 03:02:15.324] LOG  : General      f:0> stdin.encoding=Cp1252.
[14-09-26 03:02:15.324] LOG  : General      f:0> sun.io.unicode.encoding=UnicodeLittle.
[14-09-26 03:02:15.324] LOG  : General      f:0> java.class.version=69.0.
[14-09-26 03:02:15.324] LOG  : General      f:0> -----.
[14-09-26 03:02:15.328] LOG  : General      f:0> version=42.20.4 b0bbce05d5 demo=false.
[14-09-26 03:02:15.328] LOG  : General      f:0> revision=b0bbce05d5 pzbullet=1.0.0.28.
[14-09-26 03:02:15.367] LOG  : General      f:0> Logs configuration:.
[14-09-26 03:02:15.368] LOG  : General      f:0>      General: General.
[14-09-26 03:02:15.369] LOG  : General      f:0>      Network: General.
[14-09-26 03:02:15.369] LOG  : General      f:0>          Lua: General.
[14-09-26 03:02:15.369] LOG  : General      f:0>          Mod: General.
[14-09-26 03:02:15.369] LOG  : General      f:0>  Multiplayer: General.
[14-09-26 03:02:15.369] LOG  : General      f:0>      Default: Off.
[14-09-26 03:02:15.376] LOG  : General      f:0> LightingFPS set to 15.
[14-09-26 03:02:15.869] LOG  : General      f:0> Display mode changed to 1280x720 freq=0 fullScreen=false.
[14-09-26 03:02:15.870] LOG  : General      f:0> GraphicsCard: NVIDIA Corporation NVIDIA GeForce RTX 4070/PCIe/SSE2.
[14-09-26 03:02:15.870] LOG  : General      f:0> OpenGL version: 4.6.0 NVIDIA 591.86.
[14-09-26 03:02:15.870] LOG  : General      f:0> Desktop resolution 2560x1440.
[14-09-26 03:02:15.871] LOG  : General      f:0> Initial resolution 1280x720 fullScreen=false.
[14-09-26 03:02:15.871] LOG  : General      f:0> OpenGL 1.5 buffer objects supported.
[14-09-26 03:02:15.872] LOG  : General      f:0> VSync: OFF.
[14-09-26 03:02:18.338] LOG  : Mod          f:0> refusing to list examplemod.
[14-09-26 03:02:18.680] LOG  : General      f:0> Loading networking libraries....
[14-09-26 03:02:18.680] LOG  : General      f:0> Loading RakNet64....
[14-09-26 03:02:18.682] LOG  : General      f:0> Loading ZNetNoSteam64....
[14-09-26 03:02:18.699] LOG  : General      f:0> SteamUtils started without Steam.
[14-09-26 03:02:18.720] LOG  : General      f:0> Loading Mods.
[14-09-26 03:02:18.721] LOG  : Mod          f:0> refusing to list examplemod.
[14-09-26 03:02:18.737] LOG  : Mod          f:0> loading NeighborhoodLifeHUD.
[14-09-26 03:02:18.740] LOG  : Mod          f:0> loading NeighborhoodQA.
[14-09-26 03:02:18.741] LOG  : General      f:0> Loading Translations.
[14-09-26 03:02:20.217] LOG  : General      f:0> texturepack: loading UI.
[14-09-26 03:02:20.217] LOG  : General      f:0> Loading UI texture pack.
[14-09-26 03:02:20.245] LOG  : General      f:0> texturepack: loading UI2.
[14-09-26 03:02:20.246] LOG  : General      f:0> Loading UI2 texture pack.
[14-09-26 03:02:20.252] LOG  : General      f:0> texturepack: loading IconsMoveables.
[14-09-26 03:02:20.252] LOG  : General      f:0> Loading IconsMoveables texture pack.
[14-09-26 03:02:20.253] LOG  : General      f:0> texturepack: loading RadioIcons.
[14-09-26 03:02:20.254] LOG  : General      f:0> Loading RadioIcons texture pack.
[14-09-26 03:02:20.254] LOG  : General      f:0> texturepack: loading ApComUI.
[14-09-26 03:02:20.254] LOG  : General      f:0> Loading ApComUI texture pack.
[14-09-26 03:02:20.255] LOG  : General      f:0> texturepack: loading Mechanics.
[14-09-26 03:02:20.255] LOG  : General      f:0> Loading Mechanics texture pack.
[14-09-26 03:02:20.262] LOG  : General      f:0> texturepack: loading WeatherFx.
[14-09-26 03:02:20.262] LOG  : General      f:0> Loading WeatherFx texture pack.
[14-09-26 03:02:20.286] LOG  : General      f:0> Loading Scripts.
[14-09-26 03:02:21.661] ERROR: General      f:0 at FluidContainerScript.load           > Sanitizing container name 'Large Bucket', name may not contain whitespaces..
[14-09-26 03:02:22.072] ERROR: General      f:0 at FluidContainerScript.load           > Sanitizing container name 'Fuel Pump', name may not contain whitespaces..
[14-09-26 03:02:22.148] WARN : General      f:0 at XuiSkin$EntityUiStyle.Load          > Could not find icon: Build_AnvilStone, script = Stone Anvil.
[14-09-26 03:02:22.148] WARN : General      f:0 at XuiSkin$EntityUiStyle.LoadComponentInfo> Could not find icon: Build_AnvilStone.
[14-09-26 03:02:22.151] WARN : General      f:0 at XuiSkin$EntityUiStyle.Load          > Could not find icon: Build_AnvilStone, script = Stone Anvil.
[14-09-26 03:02:22.151] WARN : General      f:0 at XuiSkin$EntityUiStyle.LoadComponentInfo> Could not find icon: Build_AnvilStone.
[14-09-26 03:02:22.152] WARN : General      f:0 at XuiSkin$EntityUiStyle.Load          > Could not find icon: Build_AnvilStone, script = Stone Anvil.
[14-09-26 03:02:22.153] WARN : General      f:0 at XuiSkin$EntityUiStyle.LoadComponentInfo> Could not find icon: Build_AnvilStone.
[14-09-26 03:02:22.154] WARN : General      f:0 at XuiSkin$EntityUiStyle.Load          > Could not find icon: Build_AnvilStone, script = Stone Anvil.
[14-09-26 03:02:22.154] WARN : General      f:0 at XuiSkin$EntityUiStyle.LoadComponentInfo> Could not find icon: Build_AnvilStone.
[14-09-26 03:02:22.195] WARN : General      f:0 at TaggedObjectManager.createTagBits   > manager-> new tag discovered that was not preprocessed, tag: keyduplicator.
[14-09-26 03:02:22.196] WARN : General      f:0 at TaggedObjectManager.createTagBits   > manager-> new tag discovered that was not preprocessed, tag: choppingblock.
[14-09-26 03:02:22.263] LOG  : General      f:0> Loading Clothing.
[14-09-26 03:02:22.542] LOG  : General      f:0> .
[14-09-26 03:02:25.167] LOG  : General      f:0> Loading Lua.
[14-09-26 03:02:26.423] WARN : Lua          f:0 at Lua(Vanilla).corpseStorageCheck     > require("ISUI/ISInventoryPaneContextMenu") failed.
[14-09-26 03:02:26.424] WARN : Lua          f:0 at Lua(Vanilla).corpseStorageCheck     > require("ISUI/ISVehicleMenu") failed.
[14-09-26 03:02:26.424] WARN : Lua          f:0 at Lua(Vanilla).corpseStorageCheck     > require("ISUI/ISContextMenu") failed.
[14-09-26 03:02:26.440] WARN : Lua          f:0 at Lua(Vanilla).ISCampingMenu          > require("Camping/CCampfireSystem") failed.
[14-09-26 03:02:26.777] WARN : Lua          f:0 at Lua(Vanilla).ISInventoryTransferUtil> require("TimedActions/ISInventoryTransferAction") failed.
[14-09-26 03:02:26.778] WARN : Lua          f:0 at Lua(Vanilla).ISInventoryTransferUtil> require("ISUI/PlayerData/ISPlayerData") failed.
[14-09-26 03:02:28.059] WARN : Lua          f:0 at Lua(Vanilla).ISAnimalContextMenu    > require("BuildingObjects/ISAnimalPickMateCursor") failed.
[14-09-26 03:02:28.139] WARN : Lua          f:0 at Lua(Vanilla).TakeSameType           > require("ISUI/InventoryWindow/ISLootWindowControlHandler") failed.
[14-09-26 03:02:28.141] WARN : Lua          f:0 at Lua(Vanilla).FloorTakeSameType      > require("ISUI/InventoryWindow/ISLootWindowControlHandler") failed.
[14-09-26 03:02:28.480] WARN : Lua          f:0 at Lua(Vanilla).testUI                 > require("pzapi/ui/ui") failed.
[14-09-26 03:02:28.643] LOG  : Lua          f:0> OnLoadSoundbanks.
[14-09-26 03:02:28.647] LOG  : General      f:0> texturepack: loading Tiles2x.
[14-09-26 03:02:28.647] LOG  : General      f:0> Loading Tiles2x texture pack.
[14-09-26 03:02:28.691] LOG  : General      f:0> texturepack: loading Overlays2x.
[14-09-26 03:02:28.691] LOG  : General      f:0> Loading Overlays2x texture pack.
[14-09-26 03:02:28.692] LOG  : General      f:0> texturepack: loading JumboTrees2x.
[14-09-26 03:02:28.692] LOG  : General      f:0> Loading JumboTrees2x texture pack.
[14-09-26 03:02:28.822] LOG  : General      f:0> texturepack: loading JumboTreesBigs2x.
[14-09-26 03:02:28.822] LOG  : General      f:0> Loading JumboTreesBigs2x texture pack.
[14-09-26 03:02:28.825] LOG  : General      f:0> texturepack: loading Tiles2x.floor.
[14-09-26 03:02:28.825] LOG  : General      f:0> Loading Tiles2x.floor texture pack.
[14-09-26 03:02:28.828] LOG  : General      f:0> texturepack: loading B42ChunkCaching2x.
[14-09-26 03:02:28.828] LOG  : General      f:0> Loading B42ChunkCaching2x texture pack.
[14-09-26 03:02:28.829] LOG  : General      f:0> texturepack: loading B42ChunkCaching2x.floor.
[14-09-26 03:02:28.829] LOG  : General      f:0> Loading B42ChunkCaching2x.floor texture pack.
[14-09-26 03:02:28.829] LOG  : General      f:0> texturepack: loading Clock2x.
[14-09-26 03:02:28.829] LOG  : General      f:0> Loading Clock2x texture pack.
[14-09-26 03:02:28.834] LOG  : General      f:0> Loading models and animations.
[14-09-26 03:02:29.632] LOG  : General      f:0> Game booting.
[14-09-26 03:02:35.219] LOG  : General      f:0> STATE: exit zombie.gameStates.TISLogoState.
[14-09-26 03:02:35.236] LOG  : General      f:0> STATE: exit zombie.gameStates.TermsOfServiceState.
[14-09-26 03:02:35.751] LOG  : General      f:0> binkId: 1.
[14-09-26 03:02:35.898] WARN : Lua          f:0 at Lua(Vanilla).namedColorToTable      > env.lua-> namedColorToTable color not found: ProgressYellow.
[14-09-26 03:02:36.185] LOG  : Lua          f:0> NLQA MP CONNECT ARMED: 127.0.0.1:16261.
[14-09-26 03:02:36.185] LOG  : Lua          f:0> NLQA STAT HUNGER 0..1.
[14-09-26 03:02:36.185] LOG  : Lua          f:0> NLQA STAT THIRST 0..1.
[14-09-26 03:02:36.185] LOG  : Lua          f:0> NLQA STAT FATIGUE 0..1.
[14-09-26 03:02:36.185] LOG  : Lua          f:0> NLQA STAT BOREDOM 0..100.
[14-09-26 03:02:36.186] LOG  : Lua          f:0> NLQA STAT STRESS 0..1.
[14-09-26 03:02:36.186] LOG  : Lua          f:0> NLQA STAT UNHAPPINESS 0..100.
[14-09-26 03:02:36.187] LOG  : Lua          f:0> NLQA PASS: actual item/perk/stat APIs and real ISPanel journal construction.
[14-09-26 03:02:36.209] LOG  : General      f:0> binkId: 2.
[14-09-26 03:02:38.289] LOG  : Lua          f:0> NLQA MP CONNECT REQUEST: nl-host -> 127.0.0.1:16261 accountPassword=true.
[14-09-26 03:02:38.588] LOG  : Network      f:0 st:0> Initialising RakNet....
[14-09-26 03:02:38.737] LOG  : General      f:0 st:0> LOGGED INTO : 107 millisecond.
[14-09-26 03:02:38.738] LOG  : General      f:0 st:0> ConnectToServerState: Start.
[14-09-26 03:02:38.752] LOG  : General      f:0 st:0> ConnectToServerState: TestTCP.
[14-09-26 03:02:38.785] LOG  : Lua          f:0 st:0> NLQA MP CONNECTION STATE: Connected message=nil arg=nil.
[14-09-26 03:02:40.866] LOG  : Mod          f:0 st:0> refusing to list examplemod.
[14-09-26 03:02:40.882] LOG  : Mod          f:0 st:0> loading NeighborhoodLifeHUD.
[14-09-26 03:02:40.884] LOG  : Mod          f:0 st:0> loading NeighborhoodQA.
[14-09-26 03:02:42.416] ERROR: General      f:0 st:0 at FluidContainerScript.load           > Sanitizing container name 'Large Bucket', name may not contain whitespaces..
[14-09-26 03:02:42.736] ERROR: General      f:0 st:0 at FluidContainerScript.load           > Sanitizing container name 'Fuel Pump', name may not contain whitespaces..
[14-09-26 03:02:42.789] WARN : General      f:0 st:0 at XuiSkin$EntityUiStyle.Load          > Could not find icon: Build_AnvilStone, script = Stone Anvil.
[14-09-26 03:02:42.789] WARN : General      f:0 st:0 at XuiSkin$EntityUiStyle.LoadComponentInfo> Could not find icon: Build_AnvilStone.
[14-09-26 03:02:42.791] WARN : General      f:0 st:0 at XuiSkin$EntityUiStyle.Load          > Could not find icon: Build_AnvilStone, script = Stone Anvil.
[14-09-26 03:02:42.792] WARN : General      f:0 st:0 at XuiSkin$EntityUiStyle.LoadComponentInfo> Could not find icon: Build_AnvilStone.
[14-09-26 03:02:42.793] WARN : General      f:0 st:0 at XuiSkin$EntityUiStyle.Load          > Could not find icon: Build_AnvilStone, script = Stone Anvil.
[14-09-26 03:02:42.793] WARN : General      f:0 st:0 at XuiSkin$EntityUiStyle.LoadComponentInfo> Could not find icon: Build_AnvilStone.
[14-09-26 03:02:42.794] WARN : General      f:0 st:0 at XuiSkin$EntityUiStyle.Load          > Could not find icon: Build_AnvilStone, script = Stone Anvil.
[14-09-26 03:02:42.795] WARN : General      f:0 st:0 at XuiSkin$EntityUiStyle.LoadComponentInfo> Could not find icon: Build_AnvilStone.
[14-09-26 03:02:42.810] WARN : General      f:0 st:0 at TaggedObjectManager.createTagBits   > manager-> new tag discovered that was not preprocessed, tag: keyduplicator.
[14-09-26 03:02:42.811] WARN : General      f:0 st:0 at TaggedObjectManager.createTagBits   > manager-> new tag discovered that was not preprocessed, tag: choppingblock.
[14-09-26 03:02:45.673] ERROR: General      f:0 st:0> AdvancedAnimator$1.visitFileFailed> Exception thrown
	java.nio.file.NoSuchFileException: E:\pzmod\test-profile\mp-host\mods\NeighborhoodLife\common\media\AnimSets at WindowsException.translateToIOException(null:-1).
	Stack trace:
		java.base/sun.nio.fs.WindowsException.translateToIOException(Unknown Source)
		java.base/sun.nio.fs.WindowsException.rethrowAsIOException(Unknown Source)
		java.base/sun.nio.fs.WindowsException.rethrowAsIOException(Unknown Source)
		java.base/sun.nio.fs.WindowsFileAttributeViews$Basic.readAttributes(Unknown Source)
		java.base/sun.nio.fs.WindowsFileAttributeViews$Basic.readAttributes(Unknown Source)
		java.base/sun.nio.fs.WindowsFileSystemProvider.readAttributes(Unknown Source)
		java.base/java.nio.file.Files.readAttributes(Unknown Source)
		java.base/java.nio.file.FileTreeWalker.getAttributes(Unknown Source)
		java.base/java.nio.file.FileTreeWalker.visit(Unknown Source)
		java.base/java.nio.file.FileTreeWalker.walk(Unknown Source)
		java.base/java.nio.file.Files.walkFileTree(Unknown Source)
		java.base/java.nio.file.Files.walkFileTree(Unknown Source)
		zombie.core.skinnedmodel.advancedanimation.AdvancedAnimator.searchFolders(AdvancedAnimator.java:805)
		zombie.core.skinnedmodel.advancedanimation.AdvancedAnimator.loadModMedia(AdvancedAnimator.java:868)
		zombie.core.skinnedmodel.advancedanimation.AdvancedAnimator.collectModFiles(AdvancedAnimator.java:888)
		zombie.core.skinnedmodel.advancedanimation.AdvancedAnimator.load(AdvancedAnimator.java:928)
		zombie.core.Core.ResetLua(Core.java:4193)
		zombie.gameStates.ConnectToServerState.receiveServerOptions(ConnectToServerState.java:135)
		zombie.gameStates.ConnectToServerState.Finish(ConnectToServerState.java:696)
		zombie.gameStates.ConnectToServerState.update(ConnectToServerState.java:104)
		zombie.gameStates.MainScreenState.update(MainScreenState.java:778)
		zombie.gameStates.GameStateMachine.update(GameStateMachine.java:65)
		zombie.GameWindow.logic(GameWindow.java:390)
		zombie.GameWindow.frameStep(GameWindow.java:790)
		zombie.GameWindow.mainThreadStep(GameWindow.java:567)
		zombie.MainThread.mainLoop(MainThread.java:69)
		java.base/java.lang.Thread.run(Unknown Source).
[14-09-26 03:02:45.673] ERROR: General      f:0 st:0> AdvancedAnimator$1.visitFileFailed> Exception thrown
	java.nio.file.NoSuchFileException: E:\pzmod\test-profile\mp-host\mods\NeighborhoodLife\common\media\actiongroups at WindowsException.translateToIOException(null:-1).
	Stack trace:
		java.base/sun.nio.fs.WindowsException.translateToIOException(Unknown Source)
		java.base/sun.nio.fs.WindowsException.rethrowAsIOException(Unknown Source)
		java.base/sun.nio.fs.WindowsException.rethrowAsIOException(Unknown Source)
		java.base/sun.nio.fs.WindowsFileAttributeViews$Basic.readAttributes(Unknown Source)
		java.base/sun.nio.fs.WindowsFileAttributeViews$Basic.readAttributes(Unknown Source)
		java.base/sun.nio.fs.WindowsFileSystemProvider.readAttributes(Unknown Source)
		java.base/java.nio.file.Files.readAttributes(Unknown Source)
		java.base/java.nio.file.FileTreeWalker.getAttributes(Unknown Source)
		java.base/java.nio.file.FileTreeWalker.visit(Unknown Source)
		java.base/java.nio.file.FileTreeWalker.walk(Unknown Source)
		java.base/java.nio.file.Files.walkFileTree(Unknown Source)
		java.base/java.nio.file.Files.walkFileTree(Unknown Source)
		zombie.core.skinnedmodel.advancedanimation.AdvancedAnimator.searchFolders(AdvancedAnimator.java:805)
		zombie.core.skinnedmodel.advancedanimation.AdvancedAnimator.loadModMedia(AdvancedAnimator.java:869)
		zombie.core.skinnedmodel.advancedanimation.AdvancedAnimator.collectModFiles(AdvancedAnimator.java:888)
		zombie.core.skinnedmodel.advancedanimation.AdvancedAnimator.load(AdvancedAnimator.java:928)
		zombie.core.Core.ResetLua(Core.java:4193)
		zombie.gameStates.ConnectToServerState.receiveServerOptions(ConnectToServerState.java:135)
		zombie.gameStates.ConnectToServerState.Finish(ConnectToServerState.java:696)
		zombie.gameStates.ConnectToServerState.update(ConnectToServerState.java:104)
		zombie.gameStates.MainScreenState.update(MainScreenState.java:778)
		zombie.gameStates.GameStateMachine.update(GameStateMachine.java:65)
		zombie.GameWindow.logic(GameWindow.java:390)
		zombie.GameWindow.frameStep(GameWindow.java:790)
		zombie.GameWindow.mainThreadStep(GameWindow.java:567)
		zombie.MainThread.mainLoop(MainThread.java:69)
		java.base/java.lang.Thread.run(Unknown Source).
[14-09-26 03:02:45.674] ERROR: General      f:0 st:0> AdvancedAnimator$1.visitFileFailed> Exception thrown
	java.nio.file.NoSuchFileException: E:\pzmod\test-profile\mp-host\mods\NeighborhoodLife\42\media\AnimSets at WindowsException.translateToIOException(null:-1).
	Stack trace:
		java.base/sun.nio.fs.WindowsException.translateToIOException(Unknown Source)
		java.base/sun.nio.fs.WindowsException.rethrowAsIOException(Unknown Source)
		java.base/sun.nio.fs.WindowsException.rethrowAsIOException(Unknown Source)
		java.base/sun.nio.fs.WindowsFileAttributeViews$Basic.readAttributes(Unknown Source)
		java.base/sun.nio.fs.WindowsFileAttributeViews$Basic.readAttributes(Unknown Source)
		java.base/sun.nio.fs.WindowsFileSystemProvider.readAttributes(Unknown Source)
		java.base/java.nio.file.Files.readAttributes(Unknown Source)
		java.base/java.nio.file.FileTreeWalker.getAttributes(Unknown Source)
		java.base/java.nio.file.FileTreeWalker.visit(Unknown Source)
		java.base/java.nio.file.FileTreeWalker.walk(Unknown Source)
		java.base/java.nio.file.Files.walkFileTree(Unknown Source)
		java.base/java.nio.file.Files.walkFileTree(Unknown Source)
		zombie.core.skinnedmodel.advancedanimation.AdvancedAnimator.searchFolders(AdvancedAnimator.java:805)
		zombie.core.skinnedmodel.advancedanimation.AdvancedAnimator.loadModMedia(AdvancedAnimator.java:868)
		zombie.core.skinnedmodel.advancedanimation.AdvancedAnimator.collectModFiles(AdvancedAnimator.java:889)
		zombie.core.skinnedmodel.advancedanimation.AdvancedAnimator.load(AdvancedAnimator.java:928)
		zombie.core.Core.ResetLua(Core.java:4193)
		zombie.gameStates.ConnectToServerState.receiveServerOptions(ConnectToServerState.java:135)
		zombie.gameStates.ConnectToServerState.Finish(ConnectToServerState.java:696)
		zombie.gameStates.ConnectToServerState.update(ConnectToServerState.java:104)
		zombie.gameStates.MainScreenState.update(MainScreenState.java:778)
		zombie.gameStates.GameStateMachine.update(GameStateMachine.java:65)
		zombie.GameWindow.logic(GameWindow.java:390)
		zombie.GameWindow.frameStep(GameWindow.java:790)
		zombie.GameWindow.mainThreadStep(GameWindow.java:567)
		zombie.MainThread.mainLoop(MainThread.java:69)
		java.base/java.lang.Thread.run(Unknown Source).
[14-09-26 03:02:45.675] ERROR: General      f:0 st:0> AdvancedAnimator$1.visitFileFailed> Exception thrown
	java.nio.file.NoSuchFileException: E:\pzmod\test-profile\mp-host\mods\NeighborhoodLife\42\media\actiongroups at WindowsException.translateToIOException(null:-1).
	Stack trace:
		java.base/sun.nio.fs.WindowsException.translateToIOException(Unknown Source)
		java.base/sun.nio.fs.WindowsException.rethrowAsIOException(Unknown Source)
		java.base/sun.nio.fs.WindowsException.rethrowAsIOException(Unknown Source)
		java.base/sun.nio.fs.WindowsFileAttributeViews$Basic.readAttributes(Unknown Source)
		java.base/sun.nio.fs.WindowsFileAttributeViews$Basic.readAttributes(Unknown Source)
		java.base/sun.nio.fs.WindowsFileSystemProvider.readAttributes(Unknown Source)
		java.base/java.nio.file.Files.readAttributes(Unknown Source)
		java.base/java.nio.file.FileTreeWalker.getAttributes(Unknown Source)
		java.base/java.nio.file.FileTreeWalker.visit(Unknown Source)
		java.base/java.nio.file.FileTreeWalker.walk(Unknown Source)
		java.base/java.nio.file.Files.walkFileTree(Unknown Source)
		java.base/java.nio.file.Files.walkFileTree(Unknown Source)
		zombie.core.skinnedmodel.advancedanimation.AdvancedAnimator.searchFolders(AdvancedAnimator.java:805)
		zombie.core.skinnedmodel.advancedanimation.AdvancedAnimator.loadModMedia(AdvancedAnimator.java:869)
		zombie.core.skinnedmodel.advancedanimation.AdvancedAnimator.collectModFiles(AdvancedAnimator.java:889)
		zombie.core.skinnedmodel.advancedanimation.AdvancedAnimator.load(AdvancedAnimator.java:928)
		zombie.core.Core.ResetLua(Core.java:4193)
		zombie.gameStates.ConnectToServerState.receiveServerOptions(ConnectToServerState.java:135)
		zombie.gameStates.ConnectToServerState.Finish(ConnectToServerState.java:696)
		zombie.gameStates.ConnectToServerState.update(ConnectToServerState.java:104)
		zombie.gameStates.MainScreenState.update(MainScreenState.java:778)
		zombie.gameStates.GameStateMachine.update(GameStateMachine.java:65)
		zombie.GameWindow.logic(GameWindow.java:390)
		zombie.GameWindow.frameStep(GameWindow.java:790)
		zombie.GameWindow.mainThreadStep(GameWindow.java:567)
		zombie.MainThread.mainLoop(MainThread.java:69)
		java.base/java.lang.Thread.run(Unknown Source).
[14-09-26 03:02:45.676] ERROR: General      f:0 st:0> AdvancedAnimator$1.visitFileFailed> Exception thrown
	java.nio.file.NoSuchFileException: E:\pzmod\test-profile\mp-host\mods\NeighborhoodQA\common\media\AnimSets at WindowsException.translateToIOException(null:-1).
	Stack trace:
		java.base/sun.nio.fs.WindowsException.translateToIOException(Unknown Source)
		java.base/sun.nio.fs.WindowsException.rethrowAsIOException(Unknown Source)
		java.base/sun.nio.fs.WindowsException.rethrowAsIOException(Unknown Source)
		java.base/sun.nio.fs.WindowsFileAttributeViews$Basic.readAttributes(Unknown Source)
		java.base/sun.nio.fs.WindowsFileAttributeViews$Basic.readAttributes(Unknown Source)
		java.base/sun.nio.fs.WindowsFileSystemProvider.readAttributes(Unknown Source)
		java.base/java.nio.file.Files.readAttributes(Unknown Source)
		java.base/java.nio.file.FileTreeWalker.getAttributes(Unknown Source)
		java.base/java.nio.file.FileTreeWalker.visit(Unknown Source)
		java.base/java.nio.file.FileTreeWalker.walk(Unknown Source)
		java.base/java.nio.file.Files.walkFileTree(Unknown Source)
		java.base/java.nio.file.Files.walkFileTree(Unknown Source)
		zombie.core.skinnedmodel.advancedanimation.AdvancedAnimator.searchFolders(AdvancedAnimator.java:805)
		zombie.core.skinnedmodel.advancedanimation.AdvancedAnimator.loadModMedia(AdvancedAnimator.java:868)
		zombie.core.skinnedmodel.advancedanimation.AdvancedAnimator.collectModFiles(AdvancedAnimator.java:888)
		zombie.core.skinnedmodel.advancedanimation.AdvancedAnimator.load(AdvancedAnimator.java:928)
		zombie.core.Core.ResetLua(Core.java:4193)
		zombie.gameStates.ConnectToServerState.receiveServerOptions(ConnectToServerState.java:135)
		zombie.gameStates.ConnectToServerState.Finish(ConnectToServerState.java:696)
		zombie.gameStates.ConnectToServerState.update(ConnectToServerState.java:104)
		zombie.gameStates.MainScreenState.update(MainScreenState.java:778)
		zombie.gameStates.GameStateMachine.update(GameStateMachine.java:65)
		zombie.GameWindow.logic(GameWindow.java:390)
		zombie.GameWindow.frameStep(GameWindow.java:790)
		zombie.GameWindow.mainThreadStep(GameWindow.java:567)
		zombie.MainThread.mainLoop(MainThread.java:69)
		java.base/java.lang.Thread.run(Unknown Source).
[14-09-26 03:02:45.676] ERROR: General      f:0 st:0> AdvancedAnimator$1.visitFileFailed> Exception thrown
	java.nio.file.NoSuchFileException: E:\pzmod\test-profile\mp-host\mods\NeighborhoodQA\common\media\actiongroups at WindowsException.translateToIOException(null:-1).
	Stack trace:
		java.base/sun.nio.fs.WindowsException.translateToIOException(Unknown Source)
		java.base/sun.nio.fs.WindowsException.rethrowAsIOException(Unknown Source)
		java.base/sun.nio.fs.WindowsException.rethrowAsIOException(Unknown Source)
		java.base/sun.nio.fs.WindowsFileAttributeViews$Basic.readAttributes(Unknown Source)
		java.base/sun.nio.fs.WindowsFileAttributeViews$Basic.readAttributes(Unknown Source)
		java.base/sun.nio.fs.WindowsFileSystemProvider.readAttributes(Unknown Source)
		java.base/java.nio.file.Files.readAttributes(Unknown Source)
		java.base/java.nio.file.FileTreeWalker.getAttributes(Unknown Source)
		java.base/java.nio.file.FileTreeWalker.visit(Unknown Source)
		java.base/java.nio.file.FileTreeWalker.walk(Unknown Source)
		java.base/java.nio.file.Files.walkFileTree(Unknown Source)
		java.base/java.nio.file.Files.walkFileTree(Unknown Source)
		zombie.core.skinnedmodel.advancedanimation.AdvancedAnimator.searchFolders(AdvancedAnimator.java:805)
		zombie.core.skinnedmodel.advancedanimation.AdvancedAnimator.loadModMedia(AdvancedAnimator.java:869)
		zombie.core.skinnedmodel.advancedanimation.AdvancedAnimator.collectModFiles(AdvancedAnimator.java:888)
		zombie.core.skinnedmodel.advancedanimation.AdvancedAnimator.load(AdvancedAnimator.java:928)
		zombie.core.Core.ResetLua(Core.java:4193)
		zombie.gameStates.ConnectToServerState.receiveServerOptions(ConnectToServerState.java:135)
		zombie.gameStates.ConnectToServerState.Finish(ConnectToServerState.java:696)
		zombie.gameStates.ConnectToServerState.update(ConnectToServerState.java:104)
		zombie.gameStates.MainScreenState.update(MainScreenState.java:778)
		zombie.gameStates.GameStateMachine.update(GameStateMachine.java:65)
		zombie.GameWindow.logic(GameWindow.java:390)
		zombie.GameWindow.frameStep(GameWindow.java:790)
		zombie.GameWindow.mainThreadStep(GameWindow.java:567)
		zombie.MainThread.mainLoop(MainThread.java:69)
		java.base/java.lang.Thread.run(Unknown Source).
[14-09-26 03:02:45.677] ERROR: General      f:0 st:0> AdvancedAnimator$1.visitFileFailed> Exception thrown
	java.nio.file.NoSuchFileException: E:\pzmod\test-profile\mp-host\mods\NeighborhoodQA\42\media\AnimSets at WindowsException.translateToIOException(null:-1).
	Stack trace:
		java.base/sun.nio.fs.WindowsException.translateToIOException(Unknown Source)
		java.base/sun.nio.fs.WindowsException.rethrowAsIOException(Unknown Source)
		java.base/sun.nio.fs.WindowsException.rethrowAsIOException(Unknown Source)
		java.base/sun.nio.fs.WindowsFileAttributeViews$Basic.readAttributes(Unknown Source)
		java.base/sun.nio.fs.WindowsFileAttributeViews$Basic.readAttributes(Unknown Source)
		java.base/sun.nio.fs.WindowsFileSystemProvider.readAttributes(Unknown Source)
		java.base/java.nio.file.Files.readAttributes(Unknown Source)
		java.base/java.nio.file.FileTreeWalker.getAttributes(Unknown Source)
		java.base/java.nio.file.FileTreeWalker.visit(Unknown Source)
		java.base/java.nio.file.FileTreeWalker.walk(Unknown Source)
		java.base/java.nio.file.Files.walkFileTree(Unknown Source)
		java.base/java.nio.file.Files.walkFileTree(Unknown Source)
		zombie.core.skinnedmodel.advancedanimation.AdvancedAnimator.searchFolders(AdvancedAnimator.java:805)
		zombie.core.skinnedmodel.advancedanimation.AdvancedAnimator.loadModMedia(AdvancedAnimator.java:868)
		zombie.core.skinnedmodel.advancedanimation.AdvancedAnimator.collectModFiles(AdvancedAnimator.java:889)
		zombie.core.skinnedmodel.advancedanimation.AdvancedAnimator.load(AdvancedAnimator.java:928)
		zombie.core.Core.ResetLua(Core.java:4193)
		zombie.gameStates.ConnectToServerState.receiveServerOptions(ConnectToServerState.java:135)
		zombie.gameStates.ConnectToServerState.Finish(ConnectToServerState.java:696)
		zombie.gameStates.ConnectToServerState.update(ConnectToServerState.java:104)
		zombie.gameStates.MainScreenState.update(MainScreenState.java:778)
		zombie.gameStates.GameStateMachine.update(GameStateMachine.java:65)
		zombie.GameWindow.logic(GameWindow.java:390)
		zombie.GameWindow.frameStep(GameWindow.java:790)
		zombie.GameWindow.mainThreadStep(GameWindow.java:567)
		zombie.MainThread.mainLoop(MainThread.java:69)
		java.base/java.lang.Thread.run(Unknown Source).
[14-09-26 03:02:45.678] ERROR: General      f:0 st:0> AdvancedAnimator$1.visitFileFailed> Exception thrown
	java.nio.file.NoSuchFileException: E:\pzmod\test-profile\mp-host\mods\NeighborhoodQA\42\media\actiongroups at WindowsException.translateToIOException(null:-1).
	Stack trace:
		java.base/sun.nio.fs.WindowsException.translateToIOException(Unknown Source)
		java.base/sun.nio.fs.WindowsException.rethrowAsIOException(Unknown Source)
		java.base/sun.nio.fs.WindowsException.rethrowAsIOException(Unknown Source)
		java.base/sun.nio.fs.WindowsFileAttributeViews$Basic.readAttributes(Unknown Source)
		java.base/sun.nio.fs.WindowsFileAttributeViews$Basic.readAttributes(Unknown Source)
		java.base/sun.nio.fs.WindowsFileSystemProvider.readAttributes(Unknown Source)
		java.base/java.nio.file.Files.readAttributes(Unknown Source)
		java.base/java.nio.file.FileTreeWalker.getAttributes(Unknown Source)
		java.base/java.nio.file.FileTreeWalker.visit(Unknown Source)
		java.base/java.nio.file.FileTreeWalker.walk(Unknown Source)
		java.base/java.nio.file.Files.walkFileTree(Unknown Source)
		java.base/java.nio.file.Files.walkFileTree(Unknown Source)
		zombie.core.skinnedmodel.advancedanimation.AdvancedAnimator.searchFolders(AdvancedAnimator.java:805)
		zombie.core.skinnedmodel.advancedanimation.AdvancedAnimator.loadModMedia(AdvancedAnimator.java:869)
		zombie.core.skinnedmodel.advancedanimation.AdvancedAnimator.collectModFiles(AdvancedAnimator.java:889)
		zombie.core.skinnedmodel.advancedanimation.AdvancedAnimator.load(AdvancedAnimator.java:928)
		zombie.core.Core.ResetLua(Core.java:4193)
		zombie.gameStates.ConnectToServerState.receiveServerOptions(ConnectToServerState.java:135)
		zombie.gameStates.ConnectToServerState.Finish(ConnectToServerState.java:696)
		zombie.gameStates.ConnectToServerState.update(ConnectToServerState.java:104)
		zombie.gameStates.MainScreenState.update(MainScreenState.java:778)
		zombie.gameStates.GameStateMachine.update(GameStateMachine.java:65)
		zombie.GameWindow.logic(GameWindow.java:390)
		zombie.GameWindow.frameStep(GameWindow.java:790)
		zombie.GameWindow.mainThreadStep(GameWindow.java:567)
		zombie.MainThread.mainLoop(MainThread.java:69)
		java.base/java.lang.Thread.run(Unknown Source).
[14-09-26 03:02:47.546] WARN : Lua          f:0 st:0 at Lua(Vanilla).corpseStorageCheck     > require("ISUI/ISInventoryPaneContextMenu") failed.
[14-09-26 03:02:47.547] WARN : Lua          f:0 st:0 at Lua(Vanilla).corpseStorageCheck     > require("ISUI/ISVehicleMenu") failed.
[14-09-26 03:02:47.547] WARN : Lua          f:0 st:0 at Lua(Vanilla).corpseStorageCheck     > require("ISUI/ISContextMenu") failed.
[14-09-26 03:02:47.555] WARN : Lua          f:0 st:0 at Lua(Vanilla).ISCampingMenu          > require("Camping/CCampfireSystem") failed.
[14-09-26 03:02:47.770] WARN : Lua          f:0 st:0 at Lua(Vanilla).ISInventoryTransferUtil> require("TimedActions/ISInventoryTransferAction") failed.
[14-09-26 03:02:47.771] WARN : Lua          f:0 st:0 at Lua(Vanilla).ISInventoryTransferUtil> require("ISUI/PlayerData/ISPlayerData") failed.
[14-09-26 03:02:48.824] WARN : Lua          f:0 st:0 at Lua(Vanilla).ISAnimalContextMenu    > require("BuildingObjects/ISAnimalPickMateCursor") failed.
[14-09-26 03:02:48.897] WARN : Lua          f:0 st:0 at Lua(Vanilla).TakeSameType           > require("ISUI/InventoryWindow/ISLootWindowControlHandler") failed.
[14-09-26 03:02:48.898] WARN : Lua          f:0 st:0 at Lua(Vanilla).FloorTakeSameType      > require("ISUI/InventoryWindow/ISLootWindowControlHandler") failed.
[14-09-26 03:02:49.128] LOG  : Lua          f:0 st:0> WARN:MISSING in SettingsTable: PVPLogToolChat.
[14-09-26 03:02:49.128] LOG  : Lua          f:0 st:0> WARN:MISSING in SettingsTable: PVPLogToolFile.
[14-09-26 03:02:49.128] LOG  : Lua          f:0 st:0> WARN:MISSING in SettingsTable: ChatStreams.
[14-09-26 03:02:49.128] LOG  : Lua          f:0 st:0> WARN:MISSING in SettingsTable: SwitchZombiesOwnershipEachUpdate.
[14-09-26 03:02:49.128] LOG  : Lua          f:0 st:0> WARN:MISSING in SettingsTable: SpawnPoint.
[14-09-26 03:02:49.128] LOG  : Lua          f:0 st:0> WARN:MISSING in SettingsTable: SafetyDisconnectDelay.
[14-09-26 03:02:49.128] LOG  : Lua          f:0 st:0> WARN:MISSING in SettingsTable: Mods.
[14-09-26 03:02:49.129] LOG  : Lua          f:0 st:0> WARN:MISSING in SettingsTable: Map.
[14-09-26 03:02:49.129] LOG  : Lua          f:0 st:0> WARN:MISSING in SettingsTable: DenyLoginOnOverloadedServer.
[14-09-26 03:02:49.129] LOG  : Lua          f:0 st:0> WARN:MISSING in SettingsTable: MaxSafezoneSize.
[14-09-26 03:02:49.129] LOG  : Lua          f:0 st:0> WARN:MISSING in SettingsTable: WebhookAddress.
[14-09-26 03:02:49.129] LOG  : Lua          f:0 st:0> WARN:MISSING in SettingsTable: KnockedDownAllowed.
[14-09-26 03:02:49.129] LOG  : Lua          f:0 st:0> WARN:MISSING in SettingsTable: SneakModeHideFromOtherPlayers.
[14-09-26 03:02:49.129] LOG  : Lua          f:0 st:0> WARN:MISSING in SettingsTable: UltraSpeedDoesnotAffectToAnimals.
[14-09-26 03:02:49.129] LOG  : Lua          f:0 st:0> WARN:MISSING in SettingsTable: WorkshopItems.
[14-09-26 03:02:49.129] LOG  : Lua          f:0 st:0> WARN:MISSING in SettingsTable: SteamVAC.
[14-09-26 03:02:49.130] LOG  : Lua          f:0 st:0> WARN:MISSING in SettingsTable: LoginQueueEnabled.
[14-09-26 03:02:49.130] LOG  : Lua          f:0 st:0> WARN:MISSING in SettingsTable: LoginQueueConnectTimeout.
[14-09-26 03:02:49.130] LOG  : Lua          f:0 st:0> WARN:MISSING in SettingsTable: server_browser_announced_ip.
[14-09-26 03:02:49.130] LOG  : Lua          f:0 st:0> WARN:MISSING in SettingsTable: BanKickGlobalSound.
[14-09-26 03:02:49.130] LOG  : Lua          f:0 st:0> WARN:MISSING in SettingsTable: CarEngineAttractionModifier.
[14-09-26 03:02:49.130] LOG  : Lua          f:0 st:0> WARN:MISSING in SettingsTable: DisableVehicleTowing.
[14-09-26 03:02:49.130] LOG  : Lua          f:0 st:0> WARN:MISSING in SettingsTable: DisableTrailerTowing.
[14-09-26 03:02:49.130] LOG  : Lua          f:0 st:0> WARN:MISSING in SettingsTable: DisableBurntTowing.
[14-09-26 03:02:49.131] LOG  : Lua          f:0 st:0> WARN:MISSING in SettingsTable: BadWordListFile.
[14-09-26 03:02:49.131] LOG  : Lua          f:0 st:0> WARN:MISSING in SettingsTable: GoodWordListFile.
[14-09-26 03:02:49.131] LOG  : Lua          f:0 st:0> WARN:MISSING in SettingsTable: BadWordPolicy.
[14-09-26 03:02:49.131] LOG  : Lua          f:0 st:0> WARN:MISSING in SettingsTable: BadWordReplacement.
[14-09-26 03:02:49.131] LOG  : Lua          f:0 st:0> WARN:MISSING in SettingsTable: AntiCheatSafety.
[14-09-26 03:02:49.131] LOG  : Lua          f:0 st:0> WARN:MISSING in SettingsTable: AntiCheatSpeed.
[14-09-26 03:02:49.131] LOG  : Lua          f:0 st:0> WARN:MISSING in SettingsTable: AntiCheatNoClip.
[14-09-26 03:02:49.131] LOG  : Lua          f:0 st:0> WARN:MISSING in SettingsTable: AntiCheatHit.
[14-09-26 03:02:49.132] LOG  : Lua          f:0 st:0> WARN:MISSING in SettingsTable: AntiCheatPacketException.
[14-09-26 03:02:49.132] LOG  : Lua          f:0 st:0> WARN:MISSING in SettingsTable: AntiCheatPermission.
[14-09-26 03:02:49.132] LOG  : Lua          f:0 st:0> WARN:MISSING in SettingsTable: AntiCheatXP.
[14-09-26 03:02:49.132] LOG  : Lua          f:0 st:0> WARN:MISSING in SettingsTable: AntiCheatSafeHouse.
[14-09-26 03:02:49.132] LOG  : Lua          f:0 st:0> WARN:MISSING in SettingsTable: AntiCheatPlayer.
[14-09-26 03:02:49.132] LOG  : Lua          f:0 st:0> WARN:MISSING in SettingsTable: AntiCheatChecksum.
[14-09-26 03:02:49.132] LOG  : Lua          f:0 st:0> WARN:MISSING in SettingsTable: MultiplayerStatisticsPeriod.
[14-09-26 03:02:49.132] LOG  : Lua          f:0 st:0> WARN:MISSING in SettingsTable: DisableScoreboard.
[14-09-26 03:02:49.134] LOG  : Lua          f:0 st:0> WARN:MISSING in SettingsTable: HideAdminsInPlayerList.
[14-09-26 03:02:49.134] LOG  : Lua          f:0 st:0> WARN:MISSING in SettingsTable: MaxPacketsPerSecond.
[14-09-26 03:02:49.134] LOG  : Lua          f:0 st:0> WARN:MISSING in SettingsTable: ShowCoordinates.
[14-09-26 03:02:49.134] LOG  : Lua          f:0 st:0> WARN:MISSING in SettingsTable: Seed.
[14-09-26 03:02:49.134] LOG  : Lua          f:0 st:0> WARN:MISSING in SettingsTable: UsePhysicsHitReaction.
[14-09-26 03:02:49.134] LOG  : Lua          f:0 st:0> WARN:MISSING in SettingsTable: StartYear.
[14-09-26 03:02:49.134] LOG  : Lua          f:0 st:0> WARN:MISSING in SettingsTable: AlarmDecayModifier.
[14-09-26 03:02:49.134] LOG  : Lua          f:0 st:0> WARN:MISSING in SettingsTable: InsaneLootFactor.
[14-09-26 03:02:49.134] LOG  : Lua          f:0 st:0> WARN:MISSING in SettingsTable: ExtremeLootFactor.
[14-09-26 03:02:49.134] LOG  : Lua          f:0 st:0> WARN:MISSING in SettingsTable: RareLootFactor.
[14-09-26 03:02:49.134] LOG  : Lua          f:0 st:0> WARN:MISSING in SettingsTable: NormalLootFactor.
[14-09-26 03:02:49.134] LOG  : Lua          f:0 st:0> WARN:MISSING in SettingsTable: CommonLootFactor.
[14-09-26 03:02:49.135] LOG  : Lua          f:0 st:0> WARN:MISSING in SettingsTable: AbundantLootFactor.
[14-09-26 03:02:49.135] LOG  : Lua          f:0 st:0> WARN:MISSING in SettingsTable: Farming.
[14-09-26 03:02:49.135] LOG  : Lua          f:0 st:0> WARN:MISSING in SettingsTable: PlantAbundance.
[14-09-26 03:02:49.135] LOG  : Lua          f:0 st:0> WARN:MISSING in SettingsTable: NightLength.
[14-09-26 03:02:49.135] LOG  : Lua          f:0 st:0> WARN:MISSING in SettingsTable: AnimalMetaStatsModifier.
[14-09-26 03:02:49.218] WARN : Lua          f:0 st:0 at Lua(Vanilla).testUI                 > require("pzapi/ui/ui") failed.
[14-09-26 03:02:49.487] WARN : Lua          f:0 st:0 at Lua(Vanilla).namedColorToTable      > env.lua-> namedColorToTable color not found: ProgressYellow.
[14-09-26 03:02:49.531] LOG  : Lua          f:0 st:0> NLQA STAT HUNGER 0..1.
[14-09-26 03:02:49.531] LOG  : Lua          f:0 st:0> NLQA STAT THIRST 0..1.
[14-09-26 03:02:49.531] LOG  : Lua          f:0 st:0> NLQA STAT FATIGUE 0..1.
[14-09-26 03:02:49.532] LOG  : Lua          f:0 st:0> NLQA STAT BOREDOM 0..100.
[14-09-26 03:02:49.532] LOG  : Lua          f:0 st:0> NLQA STAT STRESS 0..1.
[14-09-26 03:02:49.532] LOG  : Lua          f:0 st:0> NLQA STAT UNHAPPINESS 0..100.
[14-09-26 03:02:49.532] LOG  : Lua          f:0 st:0> NLQA PASS: actual item/perk/stat APIs and real ISPanel journal construction.
[14-09-26 03:02:49.595] LOG  : Lua          f:0 st:0> NLQA MP CONNECTED: nl-host.
[14-09-26 03:02:49.611] LOG  : General      f:0 st:0> STATE: exit zombie.gameStates.MainScreenState.
[14-09-26 03:02:49.611] LOG  : General      f:0 st:0> LOADED UP A TOTAL OF 613 TEXTURES.
[14-09-26 03:02:49.887] LOG  : General      f:0 st:0> STATE: exit zombie.gameStates.LoadingQueueState.
[14-09-26 03:02:50.332] LOG  : Lua          f:0 st:0> Initializing Randomized World Tabletop Clutter Tables.
[14-09-26 03:02:50.366] WARN : Lua          f:0 st:0 at Lua(Vanilla).Features               > recursive require(): E:/SteamLibrary/steamapps/common/ProjectZomboid/media/lua/server/WorldGen/WorldGen.lua.
[14-09-26 03:02:50.390] WARN : Lua          f:0 st:0 at Lua(Vanilla).Biomes                 > recursive require(): E:/SteamLibrary/steamapps/common/ProjectZomboid/media/lua/server/WorldGen/WorldGen.lua.
[14-09-26 03:02:50.402] WARN : Lua          f:0 st:0 at Lua(Vanilla).Selection              > recursive require(): E:/SteamLibrary/steamapps/common/ProjectZomboid/media/lua/server/WorldGen/WorldGen.lua.
[14-09-26 03:02:50.402] WARN : Lua          f:0 st:0 at Lua(Vanilla).Veins                  > recursive require(): E:/SteamLibrary/steamapps/common/ProjectZomboid/media/lua/server/WorldGen/WorldGen.lua.
[14-09-26 03:02:50.403] WARN : Lua          f:0 st:0 at Lua(Vanilla).Roads                  > recursive require(): E:/SteamLibrary/steamapps/common/ProjectZomboid/media/lua/server/WorldGen/WorldGen.lua.
[14-09-26 03:02:50.403] WARN : Lua          f:0 st:0 at Lua(Vanilla).WorldGen               > recursive require(): E:/SteamLibrary/steamapps/common/ProjectZomboid/media/lua/server/WorldGen/attachments/Priorities.lua.
[14-09-26 03:02:50.461] ERROR: General      f:0 st:0 at CraftRecipeComponentScript.getIconTexture> CraftRecipeComponentScript: Recipe Piano missing UiConfigScript - falling back to SpriteConfigScript first world object face for recipe icon..
[14-09-26 03:02:50.467] LOG  : General      f:0 st:0> SafeMode is off.
[14-09-26 03:02:50.683] LOG  : General      f:0 st:0> IsoMetaGrid.Create: begin scanning directories.
[14-09-26 03:02:50.684] LOG  : General      f:0 st:0> Looking in these map folders:.
[14-09-26 03:02:50.685] LOG  : General      f:0 st:0> <End of map-folders list>.
[14-09-26 03:02:50.713] LOG  : General      f:0 st:0> IsoMetaGrid.Create: X: [ -250 250 ], Y: [ -250 250 ].
[14-09-26 03:02:50.713] LOG  : General      f:0 st:0> World seed: EKmZOqFbqJdhJMRD -1583917821.
[14-09-26 03:02:50.715] LOG  : General      f:0 st:0> IsoMetaGrid.Create: finished scanning directories in 0.031 seconds.
[14-09-26 03:02:50.765] LOG  : General      f:0 st:0> IsoMetaGrid.Create: begin loading.
[14-09-26 03:02:50.767] LOG  : General      f:0 st:0> VehiclesDB2.init() start.
[14-09-26 03:02:50.775] LOG  : General      f:0 st:0> VehiclesDB2.init() end.
[14-09-26 03:02:50.775] LOG  : General      f:0 st:0> triggerEvent OnInitWorld.
[14-09-26 03:02:50.777] LOG  : General      f:0 st:0> ItemPickerJava.Parse() start.
[14-09-26 03:02:51.055] LOG  : General      f:0 st:0> ItemPickerJava.Parse() end.
[14-09-26 03:02:51.056] LOG  : General      f:0 st:0> LoadTileDefinitions start.
[14-09-26 03:02:52.204] LOG  : General      f:0 st:0> LoadTileDefinitions end.
[14-09-26 03:02:52.215] LOG  : General      f:0 st:0> triggerEvent OnLoadedTileDefinitions.
[14-09-26 03:02:52.345] LOG  : General      f:0 st:0> loadAnimalDefinitions start.
[14-09-26 03:02:52.899] LOG  : General      f:0 st:0> loadAnimalDefinitions end.
[14-09-26 03:02:52.907] LOG  : General      f:0 st:0> GameTime.init() and load() start.
[14-09-26 03:02:52.916] LOG  : General      f:0 st:0> GameTime.init() and load() end.
[14-09-26 03:02:52.916] LOG  : General      f:0 st:0> ZomboidRadio.Init() start.
[14-09-26 03:02:52.946] LOG  : General      f:0 st:0> ZomboidRadio.Init() end.
[14-09-26 03:02:52.946] LOG  : General      f:0 st:0> GlobalModData.init() start.
[14-09-26 03:02:52.947] LOG  : General      f:0 st:0> GlobalModData.init() end.
[14-09-26 03:02:52.947] LOG  : General      f:0 st:0> InstanceTracker.load() start.
[14-09-26 03:02:52.948] LOG  : General      f:0 st:0> InstanceTracker.load() end.
[14-09-26 03:02:52.948] LOG  : General      f:0 st:0> ErosionGlobals.Boot() start.
[14-09-26 03:02:52.974] LOG  : General      f:0 st:0> ErosionGlobals.Boot() end.
[14-09-26 03:02:52.974] LOG  : General      f:0 st:0> WorldDictionary.init() start.
[14-09-26 03:02:52.974] LOG  : General      f:0 st:0> WorldDictionary: Checking dictionary....
[14-09-26 03:02:53.073] LOG  : General      f:0 st:0> WorldDictionary.init() end.
[14-09-26 03:02:53.076] LOG  : General      f:0 st:0> GameEntityManager.Init() start.
[14-09-26 03:02:53.082] LOG  : General      f:0 st:0> GameEntityManager.Init() end.
[14-09-26 03:02:53.083] LOG  : General      f:0 st:0> PersistentOutfits.init() start.
[14-09-26 03:02:53.088] LOG  : General      f:0 st:0> PersistentOutfits.init() end.
[14-09-26 03:02:53.146] LOG  : General      f:0 st:0> IsoMetaGrid.Create: finished loading in 2.38 seconds.
[14-09-26 03:02:53.415] ERROR: Lua          f:0 st:0 at Lua(Vanilla).handleMannequinZone    > ERROR: Mannequin zone missing properties in media/maps/Muldraugh, KY/objects.lua coords: 13583, 1299, 0.
[14-09-26 03:02:54.117] ERROR: General      f:0 st:0 at Basements.mergeRoomsOntoMetaCell    > duplicate RoomDef.metaID for room at 10707,9484,0.
[14-09-26 03:02:54.190] LOG  : General      f:0 st:0> triggerEvent OnLoadedMapZones.
[14-09-26 03:02:54.386] LOG  : General      f:0 st:0> ItemConfigurator.Preprocess() start.
[14-09-26 03:02:54.431] LOG  : General      f:0 st:0> ItemConfigurator.Preprocess() end.
[14-09-26 03:02:54.431] LOG  : General      f:0 st:0> MapCollisionData.init() start.
[14-09-26 03:02:54.431] LOG  : General      f:0 st:0> MapCollisionData.init() end.
[14-09-26 03:02:54.431] LOG  : General      f:0 st:0> AnimalPopulationManager.init() start.
[14-09-26 03:02:54.432] LOG  : General      f:0 st:0> AnimalPopulationManager.init() end.
[14-09-26 03:02:54.432] LOG  : General      f:0 st:0> ZombiePopulationManager.init() start.
[14-09-26 03:02:54.432] LOG  : General      f:0 st:0> ZombiePopulationManager.init() end.
[14-09-26 03:02:54.432] LOG  : General      f:0 st:0> Pathfind init() start.
[14-09-26 03:02:54.445] LOG  : General      f:0 st:0> Pathfind init() end.
[14-09-26 03:02:54.450] LOG  : General      f:0 st:0> WorldStreamer.create() start.
[14-09-26 03:02:54.450] LOG  : General      f:0 st:0> WorldStreamer.create() end.
[14-09-26 03:02:54.450] LOG  : General      f:0 st:0> CellLoader.LoadCellBinaryChunk start.
[14-09-26 03:02:54.454] LOG  : General      f:0 st:0> CellLoader.LoadCellBinaryChunk start.
[14-09-26 03:02:54.454] LOG  : General      f:0 st:0> MapItem.LoadWorldMap() start.
[14-09-26 03:02:54.457] LOG  : General      f:0 st:0> MapItem.LoadWorldMap() start.
[14-09-26 03:02:54.458] LOG  : General      f:0 st:0> WorldStreamer.isBusy() loop start.
[14-09-26 03:02:55.612] ERROR: General      f:0 st:0> IsoChunk.LoadFromBuffer> Exception thrown
	java.lang.RuntimeException: SANITY CHECK FAIL! thread="World Streamer"
CRC mismatch save=2556718947 load=2558681042
save chunk=null
load wx,wy=1363,1248 thread="World Streamer"
 at IsoChunk$SanityCheck.log(IsoChunk.java:4583).
	Stack trace:
		zombie.iso.IsoChunk$SanityCheck.log(IsoChunk.java:4583)
		zombie.iso.IsoChunk$SanityCheck.checkCRC(IsoChunk.java:4531)
		zombie.iso.IsoChunk.LoadFromDiskOrBufferInternal(IsoChunk.java:3649)
		zombie.iso.IsoChunk.LoadFromDiskOrBuffer(IsoChunk.java:3595)
		zombie.iso.IsoChunk.LoadFromBuffer(IsoChunk.java:2381)
		zombie.iso.IsoChunk.LoadOrCreate(IsoChunk.java:2348)
		zombie.iso.IsoChunk.LoadChunk(IsoChunk.java:2332)
		zombie.iso.WorldStreamer.DoChunkAlways(WorldStreamer.java:543)
		zombie.iso.WorldStreamer.DoChunk(WorldStreamer.java:528)
		zombie.iso.WorldStreamer.loadReceivedChunks(WorldStreamer.java:334)
		zombie.iso.WorldStreamer.threadLoop(WorldStreamer.java:392)
		zombie.iso.WorldStreamer.lambda$create$0(WorldStreamer.java:485)
		java.base/java.lang.Thread.run(Unknown Source).
[14-09-26 03:02:55.773] ERROR: General      f:0 st:0> IsoChunk.LoadFromBuffer> Exception thrown
	java.lang.RuntimeException: SANITY CHECK FAIL! thread="World Streamer"
CRC mismatch save=1942377653 load=3257295736
save chunk=null
load wx,wy=1364,1251 thread="World Streamer"
 at IsoChunk$SanityCheck.log(IsoChunk.java:4583).
	Stack trace:
		zombie.iso.IsoChunk$SanityCheck.log(IsoChunk.java:4583)
		zombie.iso.IsoChunk$SanityCheck.checkCRC(IsoChunk.java:4531)
		zombie.iso.IsoChunk.LoadFromDiskOrBufferInternal(IsoChunk.java:3649)
		zombie.iso.IsoChunk.LoadFromDiskOrBuffer(IsoChunk.java:3595)
		zombie.iso.IsoChunk.LoadFromBuffer(IsoChunk.java:2381)
		zombie.iso.IsoChunk.LoadOrCreate(IsoChunk.java:2348)
		zombie.iso.IsoChunk.LoadChunk(IsoChunk.java:2332)
		zombie.iso.WorldStreamer.DoChunkAlways(WorldStreamer.java:543)
		zombie.iso.WorldStreamer.DoChunk(WorldStreamer.java:528)
		zombie.iso.WorldStreamer.loadReceivedChunks(WorldStreamer.java:334)
		zombie.iso.WorldStreamer.threadLoop(WorldStreamer.java:392)
		zombie.iso.WorldStreamer.lambda$create$0(WorldStreamer.java:485)
		java.base/java.lang.Thread.run(Unknown Source).
[14-09-26 03:02:56.070] LOG  : General      f:0 st:0> WorldStreamer.isBusy() loop end.
[14-09-26 03:02:58.248] LOG  : General      f:0 st:0> MetaTracker.load() start.
[14-09-26 03:02:58.248] LOG  : General      f:0 st:0> MetaTracker.load() end.
[14-09-26 03:02:58.294] LOG  : General      f:0 st:0> triggerEvent OnGameTimeLoaded.
[14-09-26 03:02:58.295] LOG  : Lua          f:0 st:0> LuaNet: Loading....
[14-09-26 03:02:58.295] LOG  : Lua          f:0 st:0> LuaNet: Registering client listener....
[14-09-26 03:02:58.295] LOG  : Lua          f:0 st:0> LuaNet: Initialization [DONE], triggering events for 'LuaNet.onInitAdd'..
[14-09-26 03:02:58.295] LOG  : General      f:0 st:0> GlobalObjects.initSystems() start.
[14-09-26 03:02:58.504] LOG  : General      f:0 st:0> GlobalObjects.initSystems() end.
[14-09-26 03:02:58.511] LOG  : General      f:0 st:0> GameWindow.save() start.
[14-09-26 03:02:58.511] LOG  : General      f:0 st:0> GameWindow.save() end.
[14-09-26 03:02:58.653] LOG  : General      f:0 st:0> bWaitForAssetLoadingToFinish2 start.
[14-09-26 03:03:14.771] LOG  : General      f:0 st:0> bWaitForAssetLoadingToFinish2 end.
[14-09-26 03:03:14.771] LOG  : General      f:0 st:0> FBORenderChunkManager.gameLoaded() start.
[14-09-26 03:03:14.773] LOG  : General      f:0 st:0> FBORenderChunkManager.gameLoaded() end.
[14-09-26 03:03:14.773] LOG  : General      f:0 st:0> Bullet.initPhysicsMeshes() start.
[14-09-26 03:03:14.777] LOG  : General      f:0 st:0> Bullet.initPhysicsMeshes() end.
[14-09-26 03:03:14.781] LOG  : General      f:0 st:0> game loading took 25 seconds.
[14-09-26 03:03:14.952] LOG  : General      f:0 st:0> STATE: exit zombie.gameStates.GameLoadingState.
[14-09-26 03:03:15.338] LOG  : Lua          f:0 st:0> 1 players found.
[14-09-26 03:03:15.338] LOG  : Lua          f:0 st:0> player 0 is mouse.
[14-09-26 03:03:15.363] LOG  : General      f:0 st:0> Game Mode: Multiplayer.
[14-09-26 03:03:15.363] LOG  : General      f:0 st:0> Sandbox Options:.
[14-09-26 03:03:15.363] LOG  : General      f:0 st:0> Zombies 4.
[14-09-26 03:03:15.363] LOG  : General      f:0 st:0> Distribution 1.
[14-09-26 03:03:15.363] LOG  : General      f:0 st:0> ZombieVoronoiNoise true.
[14-09-26 03:03:15.363] LOG  : General      f:0 st:0> ZombieRespawn 4.
[14-09-26 03:03:15.363] LOG  : General      f:0 st:0> ZombieMigrate true.
[14-09-26 03:03:15.363] LOG  : General      f:0 st:0> DayLength 4.
[14-09-26 03:03:15.363] LOG  : General      f:0 st:0> StartYear 1.
[14-09-26 03:03:15.363] LOG  : General      f:0 st:0> StartMonth 7.
[14-09-26 03:03:15.363] LOG  : General      f:0 st:0> StartDay 9.
[14-09-26 03:03:15.363] LOG  : General      f:0 st:0> StartTime 2.
[14-09-26 03:03:15.363] LOG  : General      f:0 st:0> DayNightCycle 1.
[14-09-26 03:03:15.363] LOG  : General      f:0 st:0> ClimateCycle 1.
[14-09-26 03:03:15.363] LOG  : General      f:0 st:0> FogCycle 1.
[14-09-26 03:03:15.363] LOG  : General      f:0 st:0> WaterShut 2.
[14-09-26 03:03:15.363] LOG  : General      f:0 st:0> ElecShut 2.
[14-09-26 03:03:15.364] LOG  : General      f:0 st:0> AlarmDecay 2.
[14-09-26 03:03:15.364] LOG  : General      f:0 st:0> WaterShutModifier 14.
[14-09-26 03:03:15.364] LOG  : General      f:0 st:0> ElecShutModifier 14.
[14-09-26 03:03:15.364] LOG  : General      f:0 st:0> AlarmDecayModifier 14.
[14-09-26 03:03:15.364] LOG  : General      f:0 st:0> FoodLootNew 0.8.
[14-09-26 03:03:15.364] LOG  : General      f:0 st:0> LiteratureLootNew 0.6.
[14-09-26 03:03:15.364] LOG  : General      f:0 st:0> SkillBookLoot 0.6.
[14-09-26 03:03:15.364] LOG  : General      f:0 st:0> RecipeResourceLoot 0.6.
[14-09-26 03:03:15.364] LOG  : General      f:0 st:0> MedicalLootNew 0.6.
[14-09-26 03:03:15.364] LOG  : General      f:0 st:0> SurvivalGearsLootNew 0.6.
[14-09-26 03:03:15.364] LOG  : General      f:0 st:0> CannedFoodLootNew 0.6.
[14-09-26 03:03:15.365] LOG  : General      f:0 st:0> WeaponLootNew 0.6.
[14-09-26 03:03:15.365] LOG  : General      f:0 st:0> RangedWeaponLootNew 1.2.
[14-09-26 03:03:15.365] LOG  : General      f:0 st:0> AmmoLootNew 0.6.
[14-09-26 03:03:15.365] LOG  : General      f:0 st:0> MechanicsLootNew 0.6.
[14-09-26 03:03:15.365] LOG  : General      f:0 st:0> OtherLootNew 0.8.
[14-09-26 03:03:15.365] LOG  : General      f:0 st:0> ClothingLootNew 0.6.
[14-09-26 03:03:15.365] LOG  : General      f:0 st:0> ContainerLootNew 0.6.
[14-09-26 03:03:15.365] LOG  : General      f:0 st:0> KeyLootNew 0.4.
[14-09-26 03:03:15.365] LOG  : General      f:0 st:0> MediaLootNew 0.6.
[14-09-26 03:03:15.365] LOG  : General      f:0 st:0> MementoLootNew 0.6.
[14-09-26 03:03:15.366] LOG  : General      f:0 st:0> CookwareLootNew 0.6.
[14-09-26 03:03:15.366] LOG  : General      f:0 st:0> MaterialLootNew 0.6.
[14-09-26 03:03:15.366] LOG  : General      f:0 st:0> FarmingLootNew 0.6.
[14-09-26 03:03:15.366] LOG  : General      f:0 st:0> ToolLootNew 0.6.
[14-09-26 03:03:15.366] LOG  : General      f:0 st:0> RollsMultiplier 1.0.
[14-09-26 03:03:15.366] LOG  : General      f:0 st:0> LootItemRemovalList .
[14-09-26 03:03:15.366] LOG  : General      f:0 st:0> RemoveStoryLoot false.
[14-09-26 03:03:15.366] LOG  : General      f:0 st:0> RemoveZombieLoot false.
[14-09-26 03:03:15.366] LOG  : General      f:0 st:0> ZombiePopLootEffect 0.
[14-09-26 03:03:15.366] LOG  : General      f:0 st:0> InsaneLootFactor 0.05.
[14-09-26 03:03:15.366] LOG  : General      f:0 st:0> ExtremeLootFactor 0.2.
[14-09-26 03:03:15.366] LOG  : General      f:0 st:0> RareLootFactor 0.6.
[14-09-26 03:03:15.367] LOG  : General      f:0 st:0> NormalLootFactor 1.0.
[14-09-26 03:03:15.367] LOG  : General      f:0 st:0> CommonLootFactor 2.0.
[14-09-26 03:03:15.367] LOG  : General      f:0 st:0> AbundantLootFactor 3.0.
[14-09-26 03:03:15.367] LOG  : General      f:0 st:0> Temperature 3.
[14-09-26 03:03:15.367] LOG  : General      f:0 st:0> Rain 3.
[14-09-26 03:03:15.367] LOG  : General      f:0 st:0> ErosionSpeed 4.
[14-09-26 03:03:15.367] LOG  : General      f:0 st:0> ErosionDays 0.
[14-09-26 03:03:15.367] LOG  : General      f:0 st:0> Farming 3.
[14-09-26 03:03:15.367] LOG  : General      f:0 st:0> CompostTime 2.
[14-09-26 03:03:15.367] LOG  : General      f:0 st:0> StatsDecrease 3.
[14-09-26 03:03:15.367] LOG  : General      f:0 st:0> NatureAbundance 3.
[14-09-26 03:03:15.367] LOG  : General      f:0 st:0> Alarm 4.
[14-09-26 03:03:15.367] LOG  : General      f:0 st:0> LockedHouses 6.
[14-09-26 03:03:15.367] LOG  : General      f:0 st:0> StarterKit false.
[14-09-26 03:03:15.368] LOG  : General      f:0 st:0> Nutrition true.
[14-09-26 03:03:15.368] LOG  : General      f:0 st:0> FoodRotSpeed 3.
[14-09-26 03:03:15.368] LOG  : General      f:0 st:0> FridgeFactor 3.
[14-09-26 03:03:15.368] LOG  : General      f:0 st:0> SeenHoursPreventLootRespawn 0.
[14-09-26 03:03:15.368] LOG  : General      f:0 st:0> HoursForLootRespawn 0.
[14-09-26 03:03:15.368] LOG  : General      f:0 st:0> MaxItemsForLootRespawn 5.
[14-09-26 03:03:15.368] LOG  : General      f:0 st:0> ConstructionPreventsLootRespawn true.
[14-09-26 03:03:15.368] LOG  : General      f:0 st:0> WorldItemRemovalList Base.Hat, Base.Glasses, Base.Maggots, Base.Slug, Base.Slug2, Base.Snail, Base.Worm, Base.Dung_Mouse, Base.Dung_Rat.
[14-09-26 03:03:15.368] LOG  : General      f:0 st:0> HoursForWorldItemRemoval 24.0.
[14-09-26 03:03:15.368] LOG  : General      f:0 st:0> ItemRemovalListBlacklistToggle false.
[14-09-26 03:03:15.368] LOG  : General      f:0 st:0> TimeSinceApo 1.
[14-09-26 03:03:15.368] LOG  : General      f:0 st:0> PlantResilience 3.
[14-09-26 03:03:15.368] LOG  : General      f:0 st:0> PlantAbundance 3.
[14-09-26 03:03:15.368] LOG  : General      f:0 st:0> EndRegen 3.
[14-09-26 03:03:15.368] LOG  : General      f:0 st:0> Helicopter 2.
[14-09-26 03:03:15.370] LOG  : General      f:0 st:0> MetaEvent 2.
[14-09-26 03:03:15.370] LOG  : General      f:0 st:0> SleepingEvent 1.
[14-09-26 03:03:15.370] LOG  : General      f:0 st:0> GeneratorFuelConsumption 0.1.
[14-09-26 03:03:15.370] LOG  : General      f:0 st:0> GeneratorSpawning 4.
[14-09-26 03:03:15.370] LOG  : General      f:0 st:0> AnnotatedMapChance 4.
[14-09-26 03:03:15.370] LOG  : General      f:0 st:0> CharacterFreePoints 0.
[14-09-26 03:03:15.370] LOG  : General      f:0 st:0> ConstructionBonusPoints 3.
[14-09-26 03:03:15.370] LOG  : General      f:0 st:0> NightDarkness 3.
[14-09-26 03:03:15.370] LOG  : General      f:0 st:0> NightLength 3.
[14-09-26 03:03:15.370] LOG  : General      f:0 st:0> BoneFracture true.
[14-09-26 03:03:15.370] LOG  : General      f:0 st:0> InjurySeverity 2.
[14-09-26 03:03:15.370] LOG  : General      f:0 st:0> HoursForCorpseRemoval 216.0.
[14-09-26 03:03:15.370] LOG  : General      f:0 st:0> DecayingCorpseHealthImpact 3.
[14-09-26 03:03:15.370] LOG  : General      f:0 st:0> ZombieHealthImpact false.
[14-09-26 03:03:15.370] LOG  : General      f:0 st:0> BloodLevel 3.
[14-09-26 03:03:15.370] LOG  : General      f:0 st:0> ClothingDegradation 3.
[14-09-26 03:03:15.371] LOG  : General      f:0 st:0> FireSpread true.
[14-09-26 03:03:15.371] LOG  : General      f:0 st:0> DaysForRottenFoodRemoval -1.
[14-09-26 03:03:15.371] LOG  : General      f:0 st:0> AllowExteriorGenerator true.
[14-09-26 03:03:15.371] LOG  : General      f:0 st:0> MaxFogIntensity 1.
[14-09-26 03:03:15.371] LOG  : General      f:0 st:0> MaxRainFxIntensity 1.
[14-09-26 03:03:15.371] LOG  : General      f:0 st:0> EnableSnowOnGround true.
[14-09-26 03:03:15.371] LOG  : General      f:0 st:0> AttackBlockMovements true.
[14-09-26 03:03:15.371] LOG  : General      f:0 st:0> SurvivorHouseChance 3.
[14-09-26 03:03:15.371] LOG  : General      f:0 st:0> VehicleStoryChance 3.
[14-09-26 03:03:15.371] LOG  : General      f:0 st:0> ZoneStoryChance 3.
[14-09-26 03:03:15.371] LOG  : General      f:0 st:0> AllClothesUnlocked false.
[14-09-26 03:03:15.371] LOG  : General      f:0 st:0> EnableTaintedWaterText true.
[14-09-26 03:03:15.371] LOG  : General      f:0 st:0> EnableVehicles true.
[14-09-26 03:03:15.371] LOG  : General      f:0 st:0> CarSpawnRate 3.
[14-09-26 03:03:15.371] LOG  : General      f:0 st:0> ZombieAttractionMultiplier 1.0.
[14-09-26 03:03:15.371] LOG  : General      f:0 st:0> VehicleEasyUse false.
[14-09-26 03:03:15.371] LOG  : General      f:0 st:0> InitialGas 2.
[14-09-26 03:03:15.371] LOG  : General      f:0 st:0> FuelStationGasInfinite false.
[14-09-26 03:03:15.371] LOG  : General      f:0 st:0> FuelStationGasMin 0.0.
[14-09-26 03:03:15.371] LOG  : General      f:0 st:0> FuelStationGasMax 0.8.
[14-09-26 03:03:15.371] LOG  : General      f:0 st:0> FuelStationGasEmptyChance 20.
[14-09-26 03:03:15.371] LOG  : General      f:0 st:0> LockedCar 4.
[14-09-26 03:03:15.372] LOG  : General      f:0 st:0> CarGasConsumption 1.0.
[14-09-26 03:03:15.372] LOG  : General      f:0 st:0> CarGeneralCondition 3.
[14-09-26 03:03:15.372] LOG  : General      f:0 st:0> CarDamageOnImpact 3.
[14-09-26 03:03:15.372] LOG  : General      f:0 st:0> DamageToPlayerFromHitByACar 1.
[14-09-26 03:03:15.372] LOG  : General      f:0 st:0> TrafficJam true.
[14-09-26 03:03:15.372] LOG  : General      f:0 st:0> CarAlarm 3.
[14-09-26 03:03:15.372] LOG  : General      f:0 st:0> PlayerDamageFromCrash true.
[14-09-26 03:03:15.372] LOG  : General      f:0 st:0> SirenShutoffHours 0.0.
[14-09-26 03:03:15.372] LOG  : General      f:0 st:0> ChanceHasGas 2.
[14-09-26 03:03:15.372] LOG  : General      f:0 st:0> RecentlySurvivorVehicles 2.
[14-09-26 03:03:15.372] LOG  : General      f:0 st:0> MultiHitZombies false.
[14-09-26 03:03:15.372] LOG  : General      f:0 st:0> RearVulnerability 3.
[14-09-26 03:03:15.372] LOG  : General      f:0 st:0> SirenEffectsZombies true.
[14-09-26 03:03:15.372] LOG  : General      f:0 st:0> AnimalStatsModifier 4.
[14-09-26 03:03:15.372] LOG  : General      f:0 st:0> AnimalMetaStatsModifier 4.
[14-09-26 03:03:15.373] LOG  : General      f:0 st:0> AnimalPregnancyTime 4.
[14-09-26 03:03:15.373] LOG  : General      f:0 st:0> AnimalAgeModifier 4.
[14-09-26 03:03:15.373] LOG  : General      f:0 st:0> AnimalMilkIncModifier 4.
[14-09-26 03:03:15.373] LOG  : General      f:0 st:0> AnimalWoolIncModifier 4.
[14-09-26 03:03:15.373] LOG  : General      f:0 st:0> AnimalRanchChance 5.
[14-09-26 03:03:15.373] LOG  : General      f:0 st:0> AnimalGrassRegrowTime 240.
[14-09-26 03:03:15.373] LOG  : General      f:0 st:0> AnimalMetaPredator false.
[14-09-26 03:03:15.373] LOG  : General      f:0 st:0> AnimalMatingSeason true.
[14-09-26 03:03:15.373] LOG  : General      f:0 st:0> AnimalEggHatch 4.
[14-09-26 03:03:15.373] LOG  : General      f:0 st:0> AnimalSoundAttractZombies true.
[14-09-26 03:03:15.373] LOG  : General      f:0 st:0> AnimalTrackChance 4.
[14-09-26 03:03:15.373] LOG  : General      f:0 st:0> AnimalPathChance 4.
[14-09-26 03:03:15.373] LOG  : General      f:0 st:0> MaximumRatIndex 25.
[14-09-26 03:03:15.374] LOG  : General      f:0 st:0> DaysUntilMaximumRatIndex 90.
[14-09-26 03:03:15.374] LOG  : General      f:0 st:0> MetaKnowledge 3.
[14-09-26 03:03:15.374] LOG  : General      f:0 st:0> SeeNotLearntRecipe true.
[14-09-26 03:03:15.374] LOG  : General      f:0 st:0> MaximumLootedBuildingRooms 50.
[14-09-26 03:03:15.374] LOG  : General      f:0 st:0> EnablePoisoning 1.
[14-09-26 03:03:15.374] LOG  : General      f:0 st:0> MaggotSpawn 1.
[14-09-26 03:03:15.374] LOG  : General      f:0 st:0> LightBulbLifespan 2.0.
[14-09-26 03:03:15.374] LOG  : General      f:0 st:0> FishAbundance 2.
[14-09-26 03:03:15.374] LOG  : General      f:0 st:0> LevelForMediaXPCutoff 3.
[14-09-26 03:03:15.374] LOG  : General      f:0 st:0> LevelForDismantleXPCutoff 0.
[14-09-26 03:03:15.374] LOG  : General      f:0 st:0> BloodSplatLifespanDays 0.
[14-09-26 03:03:15.374] LOG  : General      f:0 st:0> LiteratureCooldown 45.
[14-09-26 03:03:15.374] LOG  : General      f:0 st:0> NegativeTraitsPenalty 1.
[14-09-26 03:03:15.374] LOG  : General      f:0 st:0> MinutesPerPage 2.0.
[14-09-26 03:03:15.374] LOG  : General      f:0 st:0> KillInsideCrops true.
[14-09-26 03:03:15.374] LOG  : General      f:0 st:0> PlantGrowingSeasons true.
[14-09-26 03:03:15.374] LOG  : General      f:0 st:0> PlaceDirtAboveground false.
[14-09-26 03:03:15.374] LOG  : General      f:0 st:0> FarmingSpeedNew 1.0.
[14-09-26 03:03:15.374] LOG  : General      f:0 st:0> FarmingAmountNew 1.0.
[14-09-26 03:03:15.374] LOG  : General      f:0 st:0> MaximumLooted 25.
[14-09-26 03:03:15.374] LOG  : General      f:0 st:0> DaysUntilMaximumLooted 90.
[14-09-26 03:03:15.375] LOG  : General      f:0 st:0> RuralLooted 0.5.
[14-09-26 03:03:15.375] LOG  : General      f:0 st:0> MaximumDiminishedLoot 20.
[14-09-26 03:03:15.375] LOG  : General      f:0 st:0> DaysUntilMaximumDiminishedLoot 3650.
[14-09-26 03:03:15.375] LOG  : General      f:0 st:0> MuscleStrainFactor 0.7.
[14-09-26 03:03:15.375] LOG  : General      f:0 st:0> DiscomfortFactor 0.8.
[14-09-26 03:03:15.375] LOG  : General      f:0 st:0> WoundInfectionFactor 1.0.
[14-09-26 03:03:15.375] LOG  : General      f:0 st:0> NoBlackClothes true.
[14-09-26 03:03:15.375] LOG  : General      f:0 st:0> EasyClimbing false.
[14-09-26 03:03:15.375] LOG  : General      f:0 st:0> MaximumFireFuelHours 8.
[14-09-26 03:03:15.375] LOG  : General      f:0 st:0> FirearmUseDamageChance 2.
[14-09-26 03:03:15.375] LOG  : General      f:0 st:0> FirearmNoiseMultiplier 1.0.
[14-09-26 03:03:15.375] LOG  : General      f:0 st:0> FirearmJamMultiplier 1.0.
[14-09-26 03:03:15.375] LOG  : General      f:0 st:0> FirearmMoodleMultiplier 1.0.
[14-09-26 03:03:15.375] LOG  : General      f:0 st:0> FirearmWeatherMultiplier 1.0.
[14-09-26 03:03:15.376] LOG  : General      f:0 st:0> FirearmHeadGearEffect true.
[14-09-26 03:03:15.376] LOG  : General      f:0 st:0> ClayLakeChance 0.05.
[14-09-26 03:03:15.376] LOG  : General      f:0 st:0> ClayRiverChance 0.05.
[14-09-26 03:03:15.376] LOG  : General      f:0 st:0> GeneratorTileRange 20.
[14-09-26 03:03:15.376] LOG  : General      f:0 st:0> GeneratorVerticalPowerRange 3.
[14-09-26 03:03:15.376] LOG  : General      f:0 st:0> SpawnFrequency 4.
[14-09-26 03:03:15.376] LOG  : General      f:0 st:0> AllowMiniMap false.
[14-09-26 03:03:15.376] LOG  : General      f:0 st:0> AllowWorldMap true.
[14-09-26 03:03:15.376] LOG  : General      f:0 st:0> MapAllKnown false.
[14-09-26 03:03:15.376] LOG  : General      f:0 st:0> MapNeedsLight true.
[14-09-26 03:03:15.376] LOG  : General      f:0 st:0> Speed 4.
[14-09-26 03:03:15.376] LOG  : General      f:0 st:0> SprinterPercentage 0.
[14-09-26 03:03:15.376] LOG  : General      f:0 st:0> Strength 2.
[14-09-26 03:03:15.376] LOG  : General      f:0 st:0> Toughness 4.
[14-09-26 03:03:15.376] LOG  : General      f:0 st:0> Transmission 1.
[14-09-26 03:03:15.377] LOG  : General      f:0 st:0> Mortality 5.
[14-09-26 03:03:15.377] LOG  : General      f:0 st:0> Reanimate 3.
[14-09-26 03:03:15.377] LOG  : General      f:0 st:0> Cognition 3.
[14-09-26 03:03:15.377] LOG  : General      f:0 st:0> DoorOpeningPercentage 0.
[14-09-26 03:03:15.377] LOG  : General      f:0 st:0> CrawlUnderVehicle 5.
[14-09-26 03:03:15.377] LOG  : General      f:0 st:0> Memory 2.
[14-09-26 03:03:15.377] LOG  : General      f:0 st:0> Sight 5.
[14-09-26 03:03:15.377] LOG  : General      f:0 st:0> Hearing 5.
[14-09-26 03:03:15.377] LOG  : General      f:0 st:0> SpottedLogic true.
[14-09-26 03:03:15.377] LOG  : General      f:0 st:0> ThumpNoChasing false.
[14-09-26 03:03:15.377] LOG  : General      f:0 st:0> ThumpOnConstruction true.
[14-09-26 03:03:15.377] LOG  : General      f:0 st:0> ActiveOnly 1.
[14-09-26 03:03:15.377] LOG  : General      f:0 st:0> TriggerHouseAlarm true.
[14-09-26 03:03:15.377] LOG  : General      f:0 st:0> ZombiesDragDown true.
[14-09-26 03:03:15.377] LOG  : General      f:0 st:0> ZombiesCrawlersDragDown false.
[14-09-26 03:03:15.378] LOG  : General      f:0 st:0> ZombiesFenceLunge true.
[14-09-26 03:03:15.378] LOG  : General      f:0 st:0> ZombiesArmorFactor 2.0.
[14-09-26 03:03:15.378] LOG  : General      f:0 st:0> ZombiesMaxDefense 85.
[14-09-26 03:03:15.378] LOG  : General      f:0 st:0> ChanceOfAttachedWeapon 6.
[14-09-26 03:03:15.378] LOG  : General      f:0 st:0> ZombiesFallDamage 1.0.
[14-09-26 03:03:15.378] LOG  : General      f:0 st:0> DisableFakeDead 1.
[14-09-26 03:03:15.378] LOG  : General      f:0 st:0> PlayerSpawnZombieRemoval 1.
[14-09-26 03:03:15.378] LOG  : General      f:0 st:0> FenceThumpersRequired 25.
[14-09-26 03:03:15.378] LOG  : General      f:0 st:0> FenceDamageMultiplier 1.0.
[14-09-26 03:03:15.378] LOG  : General      f:0 st:0> PopulationMultiplier 0.65.
[14-09-26 03:03:15.378] LOG  : General      f:0 st:0> PopulationStartMultiplier 1.0.
[14-09-26 03:03:15.378] LOG  : General      f:0 st:0> PopulationPeakMultiplier 1.5.
[14-09-26 03:03:15.378] LOG  : General      f:0 st:0> PopulationPeakDay 28.
[14-09-26 03:03:15.378] LOG  : General      f:0 st:0> RespawnHours 0.0.
[14-09-26 03:03:15.379] LOG  : General      f:0 st:0> RespawnUnseenHours 0.0.
[14-09-26 03:03:15.379] LOG  : General      f:0 st:0> RespawnMultiplier 0.0.
[14-09-26 03:03:15.379] LOG  : General      f:0 st:0> RedistributeHours 12.0.
[14-09-26 03:03:15.379] LOG  : General      f:0 st:0> FollowSoundDistance 100.
[14-09-26 03:03:15.379] LOG  : General      f:0 st:0> RallyGroupSize 20.
[14-09-26 03:03:15.379] LOG  : General      f:0 st:0> RallyGroupSizeVariance 50.
[14-09-26 03:03:15.379] LOG  : General      f:0 st:0> RallyTravelDistance 20.
[14-09-26 03:03:15.379] LOG  : General      f:0 st:0> RallyGroupSeparation 15.
[14-09-26 03:03:15.379] LOG  : General      f:0 st:0> RallyGroupRadius 3.
[14-09-26 03:03:15.379] LOG  : General      f:0 st:0> ZombiesCountBeforeDelete 300.
[14-09-26 03:03:15.379] LOG  : General      f:0 st:0> Global 1.0.
[14-09-26 03:03:15.379] LOG  : General      f:0 st:0> GlobalToggle true.
[14-09-26 03:03:15.379] LOG  : General      f:0 st:0> Fitness 1.0.
[14-09-26 03:03:15.379] LOG  : General      f:0 st:0> Strength 1.0.
[14-09-26 03:03:15.379] LOG  : General      f:0 st:0> Sprinting 1.0.
[14-09-26 03:03:15.381] LOG  : General      f:0 st:0> Lightfoot 1.0.
[14-09-26 03:03:15.381] LOG  : General      f:0 st:0> Nimble 1.0.
[14-09-26 03:03:15.381] LOG  : General      f:0 st:0> Sneak 1.0.
[14-09-26 03:03:15.381] LOG  : General      f:0 st:0> Axe 1.0.
[14-09-26 03:03:15.381] LOG  : General      f:0 st:0> Blunt 1.0.
[14-09-26 03:03:15.381] LOG  : General      f:0 st:0> SmallBlunt 1.0.
[14-09-26 03:03:15.381] LOG  : General      f:0 st:0> LongBlade 1.0.
[14-09-26 03:03:15.381] LOG  : General      f:0 st:0> SmallBlade 1.0.
[14-09-26 03:03:15.381] LOG  : General      f:0 st:0> Spear 1.0.
[14-09-26 03:03:15.381] LOG  : General      f:0 st:0> Maintenance 1.0.
[14-09-26 03:03:15.381] LOG  : General      f:0 st:0> Woodwork 1.0.
[14-09-26 03:03:15.381] LOG  : General      f:0 st:0> Cooking 1.0.
[14-09-26 03:03:15.381] LOG  : General      f:0 st:0> Farming 1.0.
[14-09-26 03:03:15.381] LOG  : General      f:0 st:0> Doctor 1.0.
[14-09-26 03:03:15.382] LOG  : General      f:0 st:0> Electricity 1.0.
[14-09-26 03:03:15.382] LOG  : General      f:0 st:0> MetalWelding 1.0.
[14-09-26 03:03:15.382] LOG  : General      f:0 st:0> Mechanics 1.0.
[14-09-26 03:03:15.382] LOG  : General      f:0 st:0> Tailoring 1.0.
[14-09-26 03:03:15.382] LOG  : General      f:0 st:0> Aiming 1.0.
[14-09-26 03:03:15.382] LOG  : General      f:0 st:0> Reloading 1.0.
[14-09-26 03:03:15.382] LOG  : General      f:0 st:0> Fishing 1.0.
[14-09-26 03:03:15.382] LOG  : General      f:0 st:0> Trapping 1.0.
[14-09-26 03:03:15.382] LOG  : General      f:0 st:0> PlantScavenging 1.0.
[14-09-26 03:03:15.382] LOG  : General      f:0 st:0> FlintKnapping 1.0.
[14-09-26 03:03:15.382] LOG  : General      f:0 st:0> Masonry 1.0.
[14-09-26 03:03:15.382] LOG  : General      f:0 st:0> Pottery 1.0.
[14-09-26 03:03:15.382] LOG  : General      f:0 st:0> Carving 1.0.
[14-09-26 03:03:15.382] LOG  : General      f:0 st:0> Husbandry 1.0.
[14-09-26 03:03:15.383] LOG  : General      f:0 st:0> Tracking 1.0.
[14-09-26 03:03:15.383] LOG  : General      f:0 st:0> Blacksmith 1.0.
[14-09-26 03:03:15.383] LOG  : General      f:0 st:0> Butchering 1.0.
[14-09-26 03:03:15.383] LOG  : General      f:0 st:0> Glassmaking 1.0.
[14-09-26 03:03:15.888] LOG  : General      f:0 st:0> binkId: 3.
[14-09-26 03:03:15.888] LOG  : Lua          f:0 st:0> NLQA MP CLIENT START: username=nl-host isClient=true isServer=false.
[14-09-26 03:03:15.892] LOG  : General      f:0 st:0> Waiting for player-connect response from server.
[14-09-26 03:03:15.903] LOG  : Network      f:0 st:0> Processing delayed packets....
[14-09-26 03:03:16.120] LOG  : Lua          f:0 st:221,312,170> LuaNet: Loading....
[14-09-26 03:03:16.121] WARN : General      f:0 st:221,312,170 at ConnectedPacket.parse               > ReceivePlayerConnect: guid=756604958625114786 mtu=1492.
[14-09-26 03:03:16.311] LOG  : Lua          f:0 st:221,312,361> NLQA MP HOUSEHOLD RESET: isolated QA setup.
[14-09-26 03:03:16.312] LOG  : Lua          f:0 st:221,312,362> NLQA MP PLUMBOB SIZE: player:0=6x10 texture=16x22.
[14-09-26 03:03:17.178] WARN : Multiplayer  f:5 st:221,313,227 at ObjectModDataPacket.parse           > ObjectModDataPacket.parse: object is null ({ "MovingObject": { "objectType" : 1, "objectId" : 1, "squareX" : 10885, "squareY" : 10101, "squareZ" : 0 }  }).
[14-09-26 03:03:17.178] WARN : Multiplayer  f:5 st:221,313,227 at ObjectModDataPacket.parse           > ObjectModDataPacket.parse: object is null ({ "MovingObject": { "objectType" : 1, "objectId" : 1, "squareX" : 10885, "squareY" : 10102, "squareZ" : 0 }  }).
[14-09-26 03:03:17.179] WARN : Multiplayer  f:5 st:221,313,228 at ObjectModDataPacket.parse           > ObjectModDataPacket.parse: object is null ({ "MovingObject": { "objectType" : 1, "objectId" : 1, "squareX" : 10886, "squareY" : 10101, "squareZ" : 0 }  }).
[14-09-26 03:03:17.179] WARN : Multiplayer  f:5 st:221,313,228 at ObjectModDataPacket.parse           > ObjectModDataPacket.parse: object is null ({ "MovingObject": { "objectType" : 1, "objectId" : 1, "squareX" : 10886, "squareY" : 10102, "squareZ" : 0 }  }).
[14-09-26 03:03:19.159] LOG  : Lua          f:119 st:221,315,209> NLQA MP REFRESH SENT: attempt=1 player=nl-host.
[14-09-26 03:03:19.185] LOG  : Lua          f:120 st:221,315,235> NLQA MP SNAPSHOT: username=nl-host revision=70 snapshotCount=1 message=Updated.
[14-09-26 03:03:19.186] LOG  : Lua          f:120 st:221,315,235> NLQA MP PRESENCE: revision=1789369399167 players=1 names=nl-host@10910.00,10038.00,0.
[14-09-26 03:03:19.186] LOG  : Lua          f:120 st:221,315,235> NLQA MP NPC PRESENCE: revision=1789369399167 count=0 entries=.
[14-09-26 03:03:22.162] LOG  : Lua          f:299 st:221,318,212> NLQA MP REMOTE SCAN: IsoPlayerCount=4 [local=nl-host] GameClient=unavailable RemoteSurvivorsCount=0 [] ObjectListForLuaCount=33 [local=nl-host | username=nl-guest x=7910.00 y=11412.00 z=0] productionNpcReplicas=0 productionRemoteReplicas=0 productionHouseholdFurnishings=0 productionHouseholdFurnishingClient=0 productionHouseholdFurnishingPending=0 OnlinePlayersCount=2 [local=nl-host | username=nl-guest x=7910.00 y=11412.00 z=0] productionRemoteMarkers=1 productionPresenceMarkers=0 productionNpcNativePaths=0 productionNpcFallbackReplicas=0.
[14-09-26 03:03:22.189] LOG  : Lua          f:300 st:221,318,239> NLQA MP PRESENCE: revision=1789369402168 players=2 names=nl-host@10910.00,10038.00,0,nl-guest@7910.00,11412.00,0.
[14-09-26 03:03:22.202] LOG  : Lua          f:300 st:221,318,252> NLQA MP NPC PRESENCE: revision=1789369402168 count=3 entries=marisol@10909.78,10039.22,0/w1,kenji@10911.78,10037.22,0/w1,amara@10912.50,10039.50,0/w2.
[14-09-26 03:03:24.459] LOG  : Lua          f:419 st:221,320,508> NLQA MP MOVE QUEUED: from=10910.00,10038.00 to=10912,10037.
[14-09-26 03:03:24.985] LOG  : Lua          f:450 st:221,321,035> NLQA MP PRESENCE: revision=1789369404973 players=2 names=nl-host@10910.28,10037.94,0,nl-guest@7910.00,11412.00,0.
[14-09-26 03:03:24.986] LOG  : Lua          f:450 st:221,321,035> NLQA MP NPC PRESENCE: revision=1789369404973 count=3 entries=marisol@10909.84,10039.16,0/w1,kenji@10911.84,10037.16,0/w1,amara@10912.50,10039.58,0/w2.
[14-09-26 03:03:27.459] LOG  : Lua          f:599 st:221,323,508> NLQA MP REMOTE SCAN: IsoPlayerCount=4 [local=nl-host] GameClient=unavailable RemoteSurvivorsCount=0 [] ObjectListForLuaCount=34 [username=Amara Okonkwo [Neighborhood Life] x=10912.50 y=10039.58 z=0 | username=Kenji Arakawa [Neighborhood Life] x=10911.50 y=10037.50 z=0 | local=nl-host | username=Marisol Vega [Neighborhood Life] x=10909.50 y=10039.50 z=0] productionNpcReplicas=3 productionRemoteReplicas=0 productionHouseholdFurnishings=0 productionHouseholdFurnishingClient=0 productionHouseholdFurnishingPending=0 OnlinePlayersCount=1 [local=nl-host] productionRemoteMarkers=0 productionPresenceMarkers=1 productionNpcNativePaths=3 productionNpcFallbackReplicas=0.
[14-09-26 03:03:27.487] LOG  : Lua          f:600 st:221,323,536> NLQA MP PRESENCE: revision=1789369407471 players=2 names=nl-host@10912.50,10037.50,0,nl-guest@7910.00,11412.00,0.
[14-09-26 03:03:27.487] LOG  : Lua          f:600 st:221,323,536> NLQA MP NPC PRESENCE: revision=1789369407471 count=3 entries=marisol@10909.90,10039.10,0/w1,kenji@10911.90,10037.10,0/w1,amara@10912.50,10039.66,0/w2.
[14-09-26 03:03:27.985] LOG  : Lua          f:630 st:221,324,035> NLQA MP PRESENCE: revision=1789369407969 players=2 names=nl-host@10912.50,10037.50,0,nl-guest@7910.00,11412.00,0.
[14-09-26 03:03:27.985] LOG  : Lua          f:630 st:221,324,035> NLQA MP NPC PRESENCE: revision=1789369407969 count=3 entries=marisol@10909.90,10039.10,0/w1,kenji@10911.90,10037.10,0/w1,amara@10912.50,10039.66,0/w2.
[14-09-26 03:03:31.457] LOG  : Lua          f:839 st:221,327,507> NLQA MP SOCIAL VIEWPOINT CHECK: target=marisol square=10908,10039,0 canSee=true.
[14-09-26 03:03:31.458] LOG  : Lua          f:839 st:221,327,507> NLQA MP SOCIAL VIEWPOINT: nl-host beside marisol at 10908,10039,0.
[14-09-26 03:03:32.301] LOG  : Lua          f:889 st:221,328,352> NLQA MP NPC PRESENCE: revision=1789369412280 count=3 entries=marisol@10909.95,10039.05,0/w1,kenji@10911.95,10037.05,0/w1,amara@10912.50,10039.74,0/w2.
[14-09-26 03:03:32.458] LOG  : Lua          f:899 st:221,328,507> NLQA MP SOCIAL REFRESH: nl-host.
[14-09-26 03:03:32.459] LOG  : Lua          f:899 st:221,328,508> NLQA MP REMOTE SCAN: IsoPlayerCount=4 [local=nl-host] GameClient=unavailable RemoteSurvivorsCount=0 [] ObjectListForLuaCount=35 [username=nl-guest x=7910.00 y=11412.00 z=0 | username=Amara Okonkwo [Neighborhood Life] x=10912.50 y=10039.54 z=0 | username=Kenji Arakawa [Neighborhood Life] x=10911.63 y=10037.37 z=0 | local=nl-host | username=Marisol Vega [Neighborhood Life] x=10909.63 y=10039.37 z=0] productionNpcReplicas=3 productionRemoteReplicas=1 productionHouseholdFurnishings=0 productionHouseholdFurnishingClient=0 productionHouseholdFurnishingPending=0 OnlinePlayersCount=1 [local=nl-host] productionRemoteMarkers=0 productionPresenceMarkers=1 productionNpcNativePaths=3 productionNpcFallbackReplicas=0.
[14-09-26 03:03:32.485] LOG  : Lua          f:900 st:221,328,535> NLQA MP PRESENCE: revision=1789369412472 players=2 names=nl-host@10908.00,10039.00,0,nl-guest@7910.00,11412.00,0.
[14-09-26 03:03:32.485] LOG  : Lua          f:900 st:221,328,535> NLQA MP NPC PRESENCE: revision=1789369412472 count=3 entries=marisol@10909.95,10039.05,0/w1,kenji@10911.95,10037.05,0/w1,amara@10912.50,10039.74,0/w2.
[14-09-26 03:03:32.485] LOG  : Lua          f:900 st:221,328,535> NLQA MP SOCIAL SNAPSHOT: message=Updated username=nl-host entries=marisol/canInteract=true/met=true/friendship=38,kenji/canInteract=false/met=false/friendship=0,amara/canInteract=false/met=false/friendship=0.
[14-09-26 03:03:32.491] LOG  : Lua          f:901 st:221,328,541> NLQA MP SOCIAL ACTION SCHEDULED: chat id=marisol.
[14-09-26 03:03:32.986] LOG  : Lua          f:930 st:221,329,035> NLQA MP PRESENCE: revision=1789369412969 players=2 names=nl-host@10908.00,10039.00,0,nl-guest@7910.00,11412.00,0.
[14-09-26 03:03:32.986] LOG  : Lua          f:930 st:221,329,035> NLQA MP NPC PRESENCE: revision=1789369412969 count=3 entries=marisol@10910.01,10038.99,0/w1,kenji@10912.01,10036.99,0/w1,amara@10912.50,10039.82,0/w2.
[14-09-26 03:03:33.103] WARN : Multiplayer  f:937 st:221,329,152 at ObjectModDataPacket.parse           > ObjectModDataPacket.parse: object is null ({ "MovingObject": { "objectType" : 1, "objectId" : 1, "squareX" : 10885, "squareY" : 10101, "squareZ" : 0 }  }).
[14-09-26 03:03:33.103] WARN : Multiplayer  f:937 st:221,329,152 at ObjectModDataPacket.parse           > ObjectModDataPacket.parse: object is null ({ "MovingObject": { "objectType" : 1, "objectId" : 1, "squareX" : 10885, "squareY" : 10102, "squareZ" : 0 }  }).
[14-09-26 03:03:33.103] WARN : Multiplayer  f:937 st:221,329,152 at ObjectModDataPacket.parse           > ObjectModDataPacket.parse: object is null ({ "MovingObject": { "objectType" : 1, "objectId" : 1, "squareX" : 10885, "squareY" : 10103, "squareZ" : 0 }  }).
[14-09-26 03:03:33.104] WARN : Multiplayer  f:937 st:221,329,153 at ObjectModDataPacket.parse           > ObjectModDataPacket.parse: object is null ({ "MovingObject": { "objectType" : 1, "objectId" : 1, "squareX" : 10886, "squareY" : 10101, "squareZ" : 0 }  }).
[14-09-26 03:03:33.104] WARN : Multiplayer  f:937 st:221,329,153 at ObjectModDataPacket.parse           > ObjectModDataPacket.parse: object is null ({ "MovingObject": { "objectType" : 1, "objectId" : 1, "squareX" : 10886, "squareY" : 10102, "squareZ" : 0 }  }).
[14-09-26 03:03:33.104] WARN : Multiplayer  f:937 st:221,329,153 at ObjectModDataPacket.parse           > ObjectModDataPacket.parse: object is null ({ "MovingObject": { "objectType" : 1, "objectId" : 1, "squareX" : 10886, "squareY" : 10103, "squareZ" : 0 }  }).
[14-09-26 03:03:37.459] LOG  : Lua          f:1199 st:221,333,509> NLQA MP REMOTE SCAN: IsoPlayerCount=4 [local=nl-host] GameClient=unavailable RemoteSurvivorsCount=0 [] ObjectListForLuaCount=37 [username=nl-guest x=7910.00 y=11412.00 z=0 | username=nl-guest x=7910.00 y=11412.00 z=0 | username=Amara Okonkwo [Neighborhood Life] x=10912.50 y=10039.68 z=0 | username=Kenji Arakawa [Neighborhood Life] x=10912.01 y=10036.99 z=0 | local=nl-host | username=Marisol Vega [Neighborhood Life] x=10909.58 y=10036.02 z=0] productionNpcReplicas=3 productionRemoteReplicas=1 productionHouseholdFurnishings=0 productionHouseholdFurnishingClient=0 productionHouseholdFurnishingPending=0 OnlinePlayersCount=2 [local=nl-host | username=nl-guest x=7910.00 y=11412.00 z=0] productionRemoteMarkers=1 productionPresenceMarkers=0 productionNpcNativePaths=2 productionNpcFallbackReplicas=1.
[14-09-26 03:03:37.569] LOG  : Lua          f:1205 st:221,333,619> NLQA MP PRESENCE: revision=1789369417556 players=2 names=nl-host@10908.00,10039.00,0,nl-guest@10912.00,10037.00,0.
[14-09-26 03:03:37.569] LOG  : Lua          f:1205 st:221,333,619> NLQA MP NPC PRESENCE: revision=1789369417557 count=3 entries=marisol@10910.07,10038.93,0/w1,kenji@10912.07,10036.93,0/w1,amara@10912.50,10039.90,0/w2.
[14-09-26 03:03:38.246] LOG  : Lua          f:1244 st:221,334,295> NLQA MP PRESENCE: revision=1789369418200 players=2 names=nl-host@10908.00,10039.00,0,nl-guest@10912.00,10037.00,0.
[14-09-26 03:03:38.246] LOG  : Lua          f:1244 st:221,334,296> NLQA MP NPC PRESENCE: revision=1789369418200 count=3 entries=marisol@10910.07,10038.93,0/w1,kenji@10912.07,10036.93,0/w1,amara@10912.50,10039.90,0/w2.
[14-09-26 03:03:42.510] LOG  : Lua          f:1499 st:221,338,560> NLQA MP REMOTE SCAN: IsoPlayerCount=4 [local=nl-host] GameClient=unavailable RemoteSurvivorsCount=0 [] ObjectListForLuaCount=36 [username=nl-guest x=10912.00 y=10037.00 z=0 | username=Amara Okonkwo [Neighborhood Life] x=10912.50 y=10039.50 z=0 | username=Kenji Arakawa [Neighborhood Life] x=10912.07 y=10036.93 z=0 | local=nl-host | username=Marisol Vega [Neighborhood Life] x=10909.62 y=10036.00 z=0] productionNpcReplicas=3 productionRemoteReplicas=0 productionHouseholdFurnishings=0 productionHouseholdFurnishingClient=0 productionHouseholdFurnishingPending=0 OnlinePlayersCount=2 [local=nl-host | username=nl-guest x=10912.00 y=10037.00 z=0] productionRemoteMarkers=1 productionPresenceMarkers=0 productionNpcNativePaths=3 productionNpcFallbackReplicas=0.
[14-09-26 03:03:42.535] LOG  : Lua          f:1500 st:221,338,585> NLQA MP PRESENCE: revision=1789369422515 players=2 names=nl-host@10908.00,10039.00,0,nl-guest@10912.00,10037.00,0.
[14-09-26 03:03:42.535] LOG  : Lua          f:1500 st:221,338,585> NLQA MP NPC PRESENCE: revision=1789369422515 count=3 entries=marisol@10910.18,10038.82,0/w1,kenji@10912.18,10036.82,0/w1,amara@10912.50,10040.06,0/w2.
[14-09-26 03:03:43.418] LOG  : Lua          f:1553 st:221,339,468> NLQA MP PRESENCE: revision=1789369423399 players=2 names=nl-host@10908.00,10039.00,0,nl-guest@10912.00,10037.00,0.
[14-09-26 03:03:43.419] LOG  : Lua          f:1553 st:221,339,468> NLQA MP NPC PRESENCE: revision=1789369423399 count=3 entries=marisol@10910.18,10038.82,0/w1,kenji@10912.18,10036.82,0/w1,amara@10912.50,10040.06,0/w2.
[14-09-26 03:03:44.686] LOG  : Lua          f:1629 st:221,340,735> NLQA MP NPC PRESENCE: revision=1789369424663 count=3 entries=marisol@10910.18,10038.82,0/w1,kenji@10912.18,10036.82,0/w1,amara@10912.50,10040.06,0/w2.
[14-09-26 03:03:47.508] LOG  : Lua          f:1799 st:221,343,557> NLQA MP REMOTE SCAN: IsoPlayerCount=4 [local=nl-host] GameClient=unavailable RemoteSurvivorsCount=0 [] ObjectListForLuaCount=36 [username=nl-guest x=10912.00 y=10037.00 z=0 | username=Amara Okonkwo [Neighborhood Life] x=10912.50 y=10040.06 z=0 | username=Kenji Arakawa [Neighborhood Life] x=10912.18 y=10036.82 z=0 | local=nl-host | username=Marisol Vega [Neighborhood Life] x=10909.62 y=10035.93 z=0] productionNpcReplicas=3 productionRemoteReplicas=0 productionHouseholdFurnishings=0 productionHouseholdFurnishingClient=0 productionHouseholdFurnishingPending=0 OnlinePlayersCount=2 [local=nl-host | username=nl-guest x=10912.00 y=10037.00 z=0] productionRemoteMarkers=1 productionPresenceMarkers=0 productionNpcNativePaths=3 productionNpcFallbackReplicas=0.
[14-09-26 03:03:47.536] LOG  : Lua          f:1800 st:221,343,585> NLQA MP PRESENCE: revision=1789369427522 players=2 names=nl-host@10908.00,10039.00,0,nl-guest@10912.00,10037.00,0.
[14-09-26 03:03:47.536] LOG  : Lua          f:1800 st:221,343,585> NLQA MP NPC PRESENCE: revision=1789369427522 count=3 entries=marisol@10910.24,10038.76,0/w1,kenji@10912.24,10036.76,0/w1,amara@10912.50,10040.14,0/w2.
[14-09-26 03:03:48.419] LOG  : Lua          f:1853 st:221,344,468> NLQA MP PRESENCE: revision=1789369428402 players=2 names=nl-host@10908.00,10039.00,0,nl-guest@10912.00,10037.00,0.
[14-09-26 03:03:48.419] LOG  : Lua          f:1853 st:221,344,468> NLQA MP NPC PRESENCE: revision=1789369428402 count=3 entries=marisol@10910.24,10038.76,0/w1,kenji@10912.24,10036.76,0/w1,amara@10912.50,10040.14,0/w2.
[14-09-26 03:03:52.508] LOG  : Lua          f:2099 st:221,348,558> NLQA MP REMOTE SCAN: IsoPlayerCount=4 [local=nl-host] GameClient=unavailable RemoteSurvivorsCount=0 [] ObjectListForLuaCount=36 [username=nl-guest x=10912.00 y=10037.00 z=0 | username=Amara Okonkwo [Neighborhood Life] x=10912.50 y=10040.14 z=0 | username=Kenji Arakawa [Neighborhood Life] x=10912.24 y=10036.76 z=0 | local=nl-host | username=Marisol Vega [Neighborhood Life] x=10909.50 y=10035.52 z=0] productionNpcReplicas=3 productionRemoteReplicas=0 productionHouseholdFurnishings=0 productionHouseholdFurnishingClient=0 productionHouseholdFurnishingPending=0 OnlinePlayersCount=2 [local=nl-host | username=nl-guest x=10912.00 y=10037.00 z=0] productionRemoteMarkers=1 productionPresenceMarkers=0 productionNpcNativePaths=3 productionNpcFallbackReplicas=0.
[14-09-26 03:03:52.536] LOG  : Lua          f:2100 st:221,348,585> NLQA MP PRESENCE: revision=1789369432518 players=2 names=nl-host@10908.00,10039.00,0,nl-guest@10912.00,10037.00,0.
[14-09-26 03:03:52.536] LOG  : Lua          f:2100 st:221,348,585> NLQA MP NPC PRESENCE: revision=1789369432518 count=3 entries=marisol@10910.35,10038.65,0/w1,kenji@10912.35,10036.65,0/w1,amara@10912.50,10040.30,0/w2.
[14-09-26 03:03:53.419] LOG  : Lua          f:2153 st:221,349,468> NLQA MP PRESENCE: revision=1789369433401 players=2 names=nl-host@10908.00,10039.00,0,nl-guest@10912.00,10037.00,0.
[14-09-26 03:03:53.419] LOG  : Lua          f:2153 st:221,349,468> NLQA MP NPC PRESENCE: revision=1789369433401 count=3 entries=marisol@10910.35,10038.65,0/w1,kenji@10912.35,10036.65,0/w1,amara@10912.50,10040.30,0/w2.
[14-09-26 03:03:56.685] LOG  : Lua          f:2349 st:221,352,735> NLQA MP NPC PRESENCE: revision=1789369436662 count=3 entries=marisol@10910.41,10038.59,0/w1,kenji@10912.41,10036.59,0/w1,amara@10912.50,10040.38,0/w2.
[14-09-26 03:03:57.506] LOG  : Lua          f:2399 st:221,353,556> NLQA MP REMOTE SCAN: IsoPlayerCount=4 [local=nl-host] GameClient=unavailable RemoteSurvivorsCount=0 [] ObjectListForLuaCount=36 [username=nl-guest x=10912.00 y=10037.00 z=0 | username=Amara Okonkwo [Neighborhood Life] x=10912.50 y=10040.38 z=0 | username=Kenji Arakawa [Neighborhood Life] x=10912.41 y=10036.59 z=0 | local=nl-host | username=Marisol Vega [Neighborhood Life] x=10909.53 y=10035.58 z=0] productionNpcReplicas=3 productionRemoteReplicas=0 productionHouseholdFurnishings=0 productionHouseholdFurnishingClient=0 productionHouseholdFurnishingPending=0 OnlinePlayersCount=2 [local=nl-host | username=nl-guest x=10912.00 y=10037.00 z=0] productionRemoteMarkers=1 productionPresenceMarkers=0 productionNpcNativePaths=3 productionNpcFallbackReplicas=0.
[14-09-26 03:03:57.535] LOG  : Lua          f:2400 st:221,353,585> NLQA MP PRESENCE: revision=1789369437520 players=2 names=nl-host@10908.00,10039.00,0,nl-guest@10912.00,10037.00,0.
[14-09-26 03:03:57.535] LOG  : Lua          f:2400 st:221,353,585> NLQA MP NPC PRESENCE: revision=1789369437520 count=3 entries=marisol@10910.41,10038.59,0/w1,kenji@10912.41,10036.59,0/w1,amara@10912.50,10040.38,0/w2.
[14-09-26 03:03:58.418] LOG  : Lua          f:2453 st:221,354,468> NLQA MP PRESENCE: revision=1789369438402 players=2 names=nl-host@10908.00,10039.00,0,nl-guest@10912.00,10037.00,0.
[14-09-26 03:03:58.418] LOG  : Lua          f:2453 st:221,354,468> NLQA MP NPC PRESENCE: revision=1789369438402 count=3 entries=marisol@10910.46,10038.54,0/w1,kenji@10912.46,10036.54,0/w1,amara@10912.50,10040.46,0/w2.
[14-09-26 03:04:02.535] LOG  : Lua          f:2700 st:221,358,585> NLQA MP PRESENCE: revision=1789369442516 players=2 names=nl-host@10908.00,10039.00,0,nl-guest@10912.00,10037.00,0.
[14-09-26 03:04:02.535] LOG  : Lua          f:2700 st:221,358,585> NLQA MP NPC PRESENCE: revision=1789369442516 count=3 entries=marisol@10910.52,10038.48,0/w1,kenji@10912.52,10036.48,0/w1,amara@10912.50,10040.54,0/w2.
[14-09-26 03:04:03.419] LOG  : Lua          f:2753 st:221,359,468> NLQA MP PRESENCE: revision=1789369443397 players=2 names=nl-host@10908.00,10039.00,0,nl-guest@10912.00,10037.00,0.
[14-09-26 03:04:03.419] LOG  : Lua          f:2753 st:221,359,468> NLQA MP NPC PRESENCE: revision=1789369443397 count=3 entries=marisol@10910.52,10038.48,0/w1,kenji@10912.52,10036.48,0/w1,amara@10912.50,10040.54,0/w2.
[14-09-26 03:04:07.535] LOG  : Lua          f:3000 st:221,363,585> NLQA MP PRESENCE: revision=1789369447523 players=2 names=nl-host@10908.00,10039.00,0,nl-guest@10912.00,10037.00,0.
[14-09-26 03:04:07.536] LOG  : Lua          f:3000 st:221,363,585> NLQA MP NPC PRESENCE: revision=1789369447523 count=3 entries=marisol@10910.63,10038.37,0/w1,kenji@10912.63,10036.37,0/w1,amara@10912.50,10040.70,0/w2.
[14-09-26 03:04:08.419] LOG  : Lua          f:3053 st:221,364,468> NLQA MP PRESENCE: revision=1789369448402 players=2 names=nl-host@10908.00,10039.00,0,nl-guest@10912.00,10037.00,0.
[14-09-26 03:04:08.419] LOG  : Lua          f:3053 st:221,364,468> NLQA MP NPC PRESENCE: revision=1789369448402 count=3 entries=marisol@10910.63,10038.37,0/w1,kenji@10912.63,10036.37,0/w1,amara@10912.50,10040.70,0/w2.
[14-09-26 03:04:08.669] LOG  : Lua          f:3068 st:221,364,718> NLQA MP NPC PRESENCE: revision=1789369448659 count=3 entries=marisol@10910.63,10038.37,0/w1,kenji@10912.63,10036.37,0/w1,amara@10912.50,10040.70,0/w2.
[14-09-26 03:04:11.086] WARN : Multiplayer  f:3213 st:221,367,135 at ObjectModDataPacket.parse           > ObjectModDataPacket.parse: object is null ({ "MovingObject": { "objectType" : 1, "objectId" : 1, "squareX" : 10885, "squareY" : 10101, "squareZ" : 0 }  }).
[14-09-26 03:04:11.086] WARN : Multiplayer  f:3213 st:221,367,135 at ObjectModDataPacket.parse           > ObjectModDataPacket.parse: object is null ({ "MovingObject": { "objectType" : 1, "objectId" : 1, "squareX" : 10885, "squareY" : 10102, "squareZ" : 0 }  }).
[14-09-26 03:04:11.086] WARN : Multiplayer  f:3213 st:221,367,136 at ObjectModDataPacket.parse           > ObjectModDataPacket.parse: object is null ({ "MovingObject": { "objectType" : 1, "objectId" : 1, "squareX" : 10885, "squareY" : 10103, "squareZ" : 0 }  }).
[14-09-26 03:04:11.086] WARN : Multiplayer  f:3213 st:221,367,136 at ObjectModDataPacket.parse           > ObjectModDataPacket.parse: object is null ({ "MovingObject": { "objectType" : 1, "objectId" : 1, "squareX" : 10886, "squareY" : 10101, "squareZ" : 0 }  }).
[14-09-26 03:04:11.086] WARN : Multiplayer  f:3213 st:221,367,136 at ObjectModDataPacket.parse           > ObjectModDataPacket.parse: object is null ({ "MovingObject": { "objectType" : 1, "objectId" : 1, "squareX" : 10886, "squareY" : 10102, "squareZ" : 0 }  }).
[14-09-26 03:04:11.086] WARN : Multiplayer  f:3213 st:221,367,136 at ObjectModDataPacket.parse           > ObjectModDataPacket.parse: object is null ({ "MovingObject": { "objectType" : 1, "objectId" : 1, "squareX" : 10886, "squareY" : 10103, "squareZ" : 0 }  }).
[14-09-26 03:04:12.669] LOG  : Lua          f:3308 st:221,368,718> NLQA MP PRESENCE: revision=1789369452652 players=2 names=nl-host@10908.00,10039.00,0,nl-guest@10912.00,10037.00,0.
[14-09-26 03:04:12.669] LOG  : Lua          f:3308 st:221,368,719> NLQA MP NPC PRESENCE: revision=1789369452653 count=3 entries=marisol@10910.69,10038.31,0/w1,kenji@10912.69,10036.31,0/w1,amara@10912.50,10040.78,0/w2.
[14-09-26 03:04:13.419] LOG  : Lua          f:3353 st:221,369,468> NLQA MP PRESENCE: revision=1789369453392 players=2 names=nl-host@10908.00,10039.00,0,nl-guest@10912.00,10037.00,0.
[14-09-26 03:04:13.419] LOG  : Lua          f:3353 st:221,369,468> NLQA MP NPC PRESENCE: revision=1789369453392 count=3 entries=marisol@10910.75,10038.25,0/w1,kenji@10912.75,10036.25,0/w1,amara@10912.50,10040.86,0/w2.
[14-09-26 03:04:17.535] LOG  : Lua          f:3600 st:221,373,585> NLQA MP PRESENCE: revision=1789369457514 players=2 names=nl-host@10908.00,10039.00,0,nl-guest@10912.00,10037.00,0.
[14-09-26 03:04:17.535] LOG  : Lua          f:3600 st:221,373,585> NLQA MP NPC PRESENCE: revision=1789369457514 count=3 entries=marisol@10910.80,10038.20,0/w1,kenji@10912.80,10036.20,0/w1,amara@10912.50,10040.94,0/w2.
[14-09-26 03:04:18.419] LOG  : Lua          f:3653 st:221,374,468> NLQA MP PRESENCE: revision=1789369458399 players=2 names=nl-host@10908.00,10039.00,0,nl-guest@10912.00,10037.00,0.
[14-09-26 03:04:18.419] LOG  : Lua          f:3653 st:221,374,468> NLQA MP NPC PRESENCE: revision=1789369458399 count=3 entries=marisol@10910.80,10038.20,0/w1,kenji@10912.80,10036.20,0/w1,amara@10912.50,10040.94,0/w2.
[14-09-26 03:04:20.685] LOG  : Lua          f:3789 st:221,376,735> NLQA MP NPC PRESENCE: revision=1789369460662 count=3 entries=marisol@10910.86,10038.14,0/w1,kenji@10912.86,10036.14,0/w1,amara@10912.50,10041.02,0/w2.
[14-09-26 03:04:22.535] LOG  : Lua          f:3900 st:221,378,585> NLQA MP PRESENCE: revision=1789369462520 players=2 names=nl-host@10908.00,10039.00,0,nl-guest@10912.00,10037.00,0.
[14-09-26 03:04:22.535] LOG  : Lua          f:3900 st:221,378,585> NLQA MP NPC PRESENCE: revision=1789369462520 count=3 entries=marisol@10910.86,10038.14,0/w1,kenji@10912.86,10036.14,0/w1,amara@10912.50,10041.02,0/w2.
[14-09-26 03:04:23.419] LOG  : Lua          f:3953 st:221,379,468> NLQA MP PRESENCE: revision=1789369463402 players=2 names=nl-host@10908.00,10039.00,0,nl-guest@10912.00,10037.00,0.
[14-09-26 03:04:23.419] LOG  : Lua          f:3953 st:221,379,468> NLQA MP NPC PRESENCE: revision=1789369463402 count=3 entries=marisol@10910.92,10038.08,0/w1,kenji@10912.92,10036.08,0/w1,amara@10912.50,10041.10,0/w2.
[14-09-26 03:04:27.535] LOG  : Lua          f:4200 st:221,383,585> NLQA MP PRESENCE: revision=1789369467517 players=2 names=nl-host@10908.00,10039.00,0,nl-guest@10912.00,10037.00,0.
[14-09-26 03:04:27.536] LOG  : Lua          f:4200 st:221,383,585> NLQA MP NPC PRESENCE: revision=1789369467517 count=3 entries=marisol@10910.97,10038.03,0/w1,kenji@10912.97,10036.03,0/w1,amara@10912.50,10041.18,0/w2.
[14-09-26 03:04:28.418] LOG  : Lua          f:4253 st:221,384,468> NLQA MP PRESENCE: revision=1789369468403 players=2 names=nl-host@10908.00,10039.00,0,nl-guest@10912.00,10037.00,0.
[14-09-26 03:04:28.419] LOG  : Lua          f:4253 st:221,384,468> NLQA MP NPC PRESENCE: revision=1789369468403 count=3 entries=marisol@10910.97,10038.03,0/w1,kenji@10912.97,10036.03,0/w1,amara@10912.50,10041.18,0/w2.
[14-09-26 03:04:31.542] LOG  : Lua          f:4441 st:221,387,591> NLQA MP SOCIAL VIEWPOINT CHECK: target=marisol square=10910,10035,0 canSee=true.
[14-09-26 03:04:31.542] LOG  : Lua          f:4441 st:221,387,591> NLQA MP SOCIAL VIEWPOINT: nl-host beside marisol at 10910,10035,0.
[14-09-26 03:04:32.535] LOG  : Lua          f:4500 st:221,388,585> NLQA MP PRESENCE: revision=1789369472520 players=2 names=nl-host@10910.00,10035.00,0,nl-guest@10912.00,10037.00,0.
[14-09-26 03:04:32.535] LOG  : Lua          f:4500 st:221,388,585> NLQA MP NPC PRESENCE: revision=1789369472520 count=3 entries=marisol@10911.09,10037.91,0/w1,kenji@10913.09,10035.91,0/w1,amara@10912.50,10041.34,0/w2.
[14-09-26 03:04:32.542] LOG  : Lua          f:4501 st:221,388,592> NLQA MP SOCIAL ACTION: chat id=marisol step=1.
[14-09-26 03:04:32.569] LOG  : Lua          f:4502 st:221,388,618> NLQA MP SOCIAL SNAPSHOT: message=I'd like to hear how you've been getting on. username=nl-host entries=marisol/canInteract=true/met=true/friendship=44,kenji/canInteract=false/met=false/friendship=0,amara/canInteract=false/met=false/friendship=0.
[14-09-26 03:04:32.569] LOG  : Lua          f:4502 st:221,388,618> NLQA MP SOCIAL STEP RESULT: chat friendship=44 trust=17.
[14-09-26 03:04:32.569] LOG  : Lua          f:4502 st:221,388,618> NLQA MP SOCIAL ACTION SCHEDULED: joke id=marisol.
[14-09-26 03:04:32.569] LOG  : Lua          f:4502 st:221,388,618> NLQA MP SOCIAL EVENT: actor=nl-host action=chat npc=marisol message=I'd like to hear how you've been getting on..
[14-09-26 03:04:32.685] LOG  : Lua          f:4509 st:221,388,735> NLQA MP NPC PRESENCE: revision=1789369472660 count=3 entries=marisol@10911.09,10037.91,0/w1,kenji@10913.09,10035.91,0/w1,amara@10912.50,10041.34,0/w2.
[14-09-26 03:04:33.419] LOG  : Lua          f:4553 st:221,389,468> NLQA MP PRESENCE: revision=1789369473397 players=2 names=nl-host@10910.00,10035.00,0,nl-guest@10912.00,10037.00,0.
[14-09-26 03:04:33.419] LOG  : Lua          f:4553 st:221,389,468> NLQA MP NPC PRESENCE: revision=1789369473397 count=3 entries=marisol@10911.09,10037.91,0/w1,kenji@10913.09,10035.91,0/w1,amara@10912.50,10041.34,0/w2.
[14-09-26 03:04:37.535] LOG  : Lua          f:4800 st:221,393,585> NLQA MP PRESENCE: revision=1789369477512 players=2 names=nl-host@10910.00,10035.00,0,nl-guest@10912.00,10037.00,0.
[14-09-26 03:04:37.535] LOG  : Lua          f:4800 st:221,393,585> NLQA MP NPC PRESENCE: revision=1789369477512 count=3 entries=marisol@10911.14,10037.86,0/w1,kenji@10913.14,10035.86,0/w1,amara@10912.50,10041.42,0/w2.
[14-09-26 03:04:38.419] LOG  : Lua          f:4853 st:221,394,468> NLQA MP PRESENCE: revision=1789369478402 players=2 names=nl-host@10910.00,10035.00,0,nl-guest@10913.00,10034.00,0.
[14-09-26 03:04:38.419] LOG  : Lua          f:4853 st:221,394,468> NLQA MP NPC PRESENCE: revision=1789369478402 count=3 entries=marisol@10911.20,10037.80,0/w1,kenji@10913.20,10035.80,0/w1,amara@10912.50,10041.50,0/w1.
[14-09-26 03:04:38.468] LOG  : Lua          f:4856 st:221,394,518> NLQA MP SOCIAL EVENT: actor=nl-guest action=introduce npc=kenji message=I'm Kenji Arakawa. It's good to meet another survivor..
[14-09-26 03:04:42.535] LOG  : Lua          f:5100 st:221,398,585> NLQA MP PRESENCE: revision=1789369482522 players=2 names=nl-host@10910.00,10035.00,0,nl-guest@10913.00,10034.00,0.
[14-09-26 03:04:42.535] LOG  : Lua          f:5100 st:221,398,585> NLQA MP NPC PRESENCE: revision=1789369482522 count=3 entries=marisol@10911.26,10037.74,0/w1,kenji@10913.26,10035.74,0/w1,amara@10912.56,10041.44,0/w1.
[14-09-26 03:04:43.419] LOG  : Lua          f:5153 st:221,399,468> NLQA MP PRESENCE: revision=1789369483406 players=2 names=nl-host@10910.00,10035.00,0,nl-guest@10913.00,10034.00,0.
[14-09-26 03:04:43.419] LOG  : Lua          f:5153 st:221,399,468> NLQA MP NPC PRESENCE: revision=1789369483406 count=3 entries=marisol@10911.26,10037.74,0/w1,kenji@10913.26,10035.74,0/w1,amara@10912.56,10041.44,0/w1.
[14-09-26 03:04:44.686] LOG  : Lua          f:5229 st:221,400,735> NLQA MP NPC PRESENCE: revision=1789369484661 count=3 entries=marisol@10911.31,10037.69,0/w1,kenji@10913.31,10035.69,0/w1,amara@10912.61,10041.39,0/w1.
[14-09-26 03:04:47.535] LOG  : Lua          f:5400 st:221,403,585> NLQA MP PRESENCE: revision=1789369487514 players=2 names=nl-host@10910.00,10035.00,0,nl-guest@10913.00,10034.00,0.
[14-09-26 03:04:47.535] LOG  : Lua          f:5400 st:221,403,585> NLQA MP NPC PRESENCE: revision=1789369487514 count=3 entries=marisol@10911.37,10037.63,0/w1,kenji@10913.37,10035.63,0/w1,amara@10912.67,10041.33,0/w1.
[14-09-26 03:04:48.418] LOG  : Lua          f:5453 st:221,404,468> NLQA MP PRESENCE: revision=1789369488401 players=2 names=nl-host@10910.00,10035.00,0,nl-guest@10913.00,10034.00,0.
[14-09-26 03:04:48.418] LOG  : Lua          f:5453 st:221,404,468> NLQA MP NPC PRESENCE: revision=1789369488401 count=3 entries=marisol@10911.37,10037.63,0/w1,kenji@10913.37,10035.63,0/w1,amara@10912.67,10041.33,0/w1.
[14-09-26 03:04:52.536] LOG  : Lua          f:5700 st:221,408,585> NLQA MP PRESENCE: revision=1789369492518 players=2 names=nl-host@10910.00,10035.00,0,nl-guest@10913.00,10034.00,0.
[14-09-26 03:04:52.536] LOG  : Lua          f:5700 st:221,408,585> NLQA MP NPC PRESENCE: revision=1789369492518 count=3 entries=marisol@10911.43,10037.57,0/w1,kenji@10913.43,10035.57,0/w1,amara@10912.73,10041.27,0/w1.
[14-09-26 03:04:53.418] LOG  : Lua          f:5753 st:221,409,468> NLQA MP PRESENCE: revision=1789369493403 players=2 names=nl-host@10910.00,10035.00,0,nl-guest@10913.00,10034.00,0.
[14-09-26 03:04:53.418] LOG  : Lua          f:5753 st:221,409,468> NLQA MP NPC PRESENCE: revision=1789369493403 count=3 entries=marisol@10911.43,10037.57,0/w1,kenji@10913.43,10035.57,0/w1,amara@10912.73,10041.27,0/w1.
[14-09-26 03:04:56.685] LOG  : Lua          f:5949 st:221,412,735> NLQA MP NPC PRESENCE: revision=1789369496663 count=3 entries=marisol@10911.43,10037.57,0/w2,kenji@10913.43,10035.57,0/w2,amara@10912.84,10041.16,0/w1.
[14-09-26 03:04:57.535] LOG  : Lua          f:6000 st:221,413,585> NLQA MP PRESENCE: revision=1789369497512 players=2 names=nl-host@10910.00,10035.00,0,nl-guest@10913.00,10034.00,0.
[14-09-26 03:04:57.536] LOG  : Lua          f:6000 st:221,413,585> NLQA MP NPC PRESENCE: revision=1789369497512 count=3 entries=marisol@10911.43,10037.57,0/w2,kenji@10913.43,10035.57,0/w2,amara@10912.84,10041.16,0/w1.
[14-09-26 03:04:58.419] LOG  : Lua          f:6053 st:221,414,468> NLQA MP PRESENCE: revision=1789369498401 players=2 names=nl-host@10910.00,10035.00,0,nl-guest@10913.00,10034.00,0.
[14-09-26 03:04:58.419] LOG  : Lua          f:6053 st:221,414,468> NLQA MP NPC PRESENCE: revision=1789369498401 count=3 entries=marisol@10911.43,10037.57,0/w2,kenji@10913.43,10035.57,0/w2,amara@10912.84,10041.16,0/w1.
[14-09-26 03:05:02.535] LOG  : Lua          f:6300 st:221,418,585> NLQA MP PRESENCE: revision=1789369502520 players=2 names=nl-host@10910.00,10035.00,0,nl-guest@10913.00,10034.00,0.
[14-09-26 03:05:02.536] LOG  : Lua          f:6300 st:221,418,585> NLQA MP NPC PRESENCE: revision=1789369502520 count=3 entries=marisol@10911.37,10037.63,0/w2,kenji@10913.37,10035.63,0/w2,amara@10912.90,10041.10,0/w1.
[14-09-26 03:05:03.419] LOG  : Lua          f:6353 st:221,419,468> NLQA MP PRESENCE: revision=1789369503396 players=2 names=nl-host@10910.00,10035.00,0,nl-guest@10913.00,10034.00,0.
[14-09-26 03:05:03.419] LOG  : Lua          f:6353 st:221,419,468> NLQA MP NPC PRESENCE: revision=1789369503396 count=3 entries=marisol@10911.31,10037.69,0/w2,kenji@10913.31,10035.69,0/w2,amara@10912.95,10041.05,0/w1.
[14-09-26 03:05:07.535] LOG  : Lua          f:6600 st:221,423,585> NLQA MP PRESENCE: revision=1789369507520 players=2 names=nl-host@10910.00,10035.00,0,nl-guest@10913.00,10034.00,0.
[14-09-26 03:05:07.535] LOG  : Lua          f:6600 st:221,423,585> NLQA MP NPC PRESENCE: revision=1789369507520 count=3 entries=marisol@10911.26,10037.74,0/w2,kenji@10913.26,10035.74,0/w2,amara@10913.01,10040.99,0/w1.
[14-09-26 03:05:08.419] LOG  : Lua          f:6653 st:221,424,468> NLQA MP PRESENCE: revision=1789369508403 players=2 names=nl-host@10910.00,10035.00,0,nl-guest@10913.00,10034.00,0.
[14-09-26 03:05:08.419] LOG  : Lua          f:6653 st:221,424,468> NLQA MP NPC PRESENCE: revision=1789369508403 count=3 entries=marisol@10911.26,10037.74,0/w2,kenji@10913.26,10035.74,0/w2,amara@10913.01,10040.99,0/w1.
[14-09-26 03:05:08.685] LOG  : Lua          f:6669 st:221,424,735> NLQA MP NPC PRESENCE: revision=1789369508661 count=3 entries=marisol@10911.26,10037.74,0/w2,kenji@10913.26,10035.74,0/w2,amara@10913.01,10040.99,0/w1.
[14-09-26 03:05:12.601] LOG  : Lua          f:6904 st:221,428,651> NLQA MP PRESENCE: revision=1789369512574 players=2 names=nl-host@10910.00,10035.00,0,nl-guest@10913.00,10034.00,0.
[14-09-26 03:05:12.603] LOG  : Lua          f:6904 st:221,428,652> NLQA MP NPC PRESENCE: revision=1789369512574 count=3 entries=marisol@10911.14,10037.86,0/w2,kenji@10913.14,10035.86,0/w2,amara@10913.12,10040.88,0/w1.
[14-09-26 03:05:13.419] LOG  : Lua          f:6953 st:221,429,468> NLQA MP PRESENCE: revision=1789369513398 players=2 names=nl-host@10910.00,10035.00,0,nl-guest@10913.00,10034.00,0.
[14-09-26 03:05:13.419] LOG  : Lua          f:6953 st:221,429,468> NLQA MP NPC PRESENCE: revision=1789369513398 count=3 entries=marisol@10911.14,10037.86,0/w2,kenji@10913.14,10035.86,0/w2,amara@10913.12,10040.88,0/w1.
