LOG  : General      f:0> 14-09-2026 05:02:31
LOG  : General      f:0> SLF4J(I): Attempting to load provider "zombie.core.logger.Slf4jBridge" specified via "slf4j.provider" system property
LOG  : General      f:0> ===== System specs =====
LOG  : General      f:0> CPU: AMD Ryzen 7 7800X3D 8-Core Processor           , vendor: AuthenticAMD, cores: 8, threads: 16
LOG  : General      f:0> RAM: 31905 Mb
LOG  : General      f:0> Base board: MAG B650 TOMAHAWK WIFI (MS-7D75), vendor: Micro-Star International Co., Ltd.
LOG  : General      f:0> GPU: AMD Radeon(TM) Graphics, vendor: Advanced Micro Devices, Inc., video memory: 512 Mb, driver: 31.0.24002.92
LOG  : General      f:0> GPU: NVIDIA GeForce RTX 4070, vendor: NVIDIA, video memory: 12282 Mb, driver: 32.0.15.9186
LOG  : General      f:0> Disk info: 1863.00 Gb, free space: 241.39 Gb, usable space: 241.39 Gb
LOG  : General      f:0> OS: Windows 11, version: 10.0, arch: amd64, build: 26200
LOG  : General      f:0> JVM (free: 473 Mb, max: 2048 Mb, total available: 502 Mb)
LOG  : General      f:0> ========================
LOG  : General      f:0> java.specification.version=25
LOG  : General      f:0> sun.cpu.isalist=amd64
LOG  : General      f:0> sun.jnu.encoding=Cp1252
LOG  : General      f:0> java.vm.vendor=Azul Systems, Inc.
LOG  : General      f:0> sun.arch.data.model=64
LOG  : General      f:0> java.vendor.url=http://www.azul.com/
LOG  : General      f:0> zomboid.steam=0
LOG  : General      f:0> java.vm.specification.version=25
LOG  : General      f:0> os.name=Windows 11
LOG  : General      f:0> sun.java.launcher=SUN_STANDARD
LOG  : General      f:0> sun.java.command=zombie.gameStates.MainScreenState -ca...
LOG  : General      f:0> slf4j.provider=zombie.core.logger.Slf4jBridge
LOG  : General      f:0> jdk.debug=release
LOG  : General      f:0> sun.cpu.endian=little
LOG  : General      f:0> java.specification.vendor=Oracle Corporation
LOG  : General      f:0> java.version.date=2025-10-21
LOG  : General      f:0> java.home=E:\SteamLibrary\steamapps\common\Proj...
LOG  : General      f:0> file.separator=\
LOG  : General      f:0> java.vm.compressedOopsMode=32-bit
LOG  : General      f:0> line.separator=

LOG  : General      f:0> java.vm.specification.vendor=Oracle Corporation
LOG  : General      f:0> java.specification.name=Java Platform API Specification
LOG  : General      f:0> java.awt.headless=true
LOG  : General      f:0> sun.management.compiler=HotSpot 64-Bit Tiered Compilers
LOG  : General      f:0> java.runtime.version=25.0.1+8-LTS
LOG  : General      f:0> stdout.encoding=Cp1252
LOG  : General      f:0> os.version=10.0
LOG  : General      f:0> jna.nosys=false
LOG  : General      f:0> java.runtime.name=OpenJDK Runtime Environment
LOG  : General      f:0> file.encoding=UTF-8
LOG  : General      f:0> java.vm.name=OpenJDK 64-Bit Server VM
LOG  : General      f:0> java.vendor.version=Zulu25.30+17-CA
LOG  : General      f:0> jna.loaded=true
LOG  : General      f:0> java.vendor.url.bug=http://www.azul.com/support/
LOG  : General      f:0> java.version=25.0.1
LOG  : General      f:0> os.arch=amd64
LOG  : General      f:0> java.vm.specification.name=Java Virtual Machine Specification
LOG  : General      f:0> sun.os.patch.level=
LOG  : General      f:0> native.encoding=Cp1252
LOG  : General      f:0> java.vm.info=mixed mode, sharing
LOG  : General      f:0> stderr.encoding=Cp1252
LOG  : General      f:0> java.vendor=Azul Systems, Inc.
LOG  : General      f:0> java.vm.version=25.0.1+8-LTS
LOG  : General      f:0> stdin.encoding=Cp1252
LOG  : General      f:0> sun.io.unicode.encoding=UnicodeLittle
LOG  : General      f:0> java.class.version=69.0
LOG  : General      f:0> -----
LOG  : General      f:0> version=42.20.4 b0bbce05d5 demo=false
LOG  : General      f:0> revision=b0bbce05d5 pzbullet=1.0.0.28
LOG  : General      f:0> Logs configuration:
LOG  : General      f:0>      General: General
LOG  : General      f:0>      Network: General
LOG  : General      f:0>          Lua: General
LOG  : General      f:0>          Mod: General
LOG  : General      f:0>  Multiplayer: General
LOG  : General      f:0>      Default: Off
LOG  : General      f:0> LightingFPS set to 15
LOG  : General      f:0> Display mode changed to 1280x720 freq=0 fullScreen=false
LOG  : General      f:0> GraphicsCard: NVIDIA Corporation NVIDIA GeForce RTX 4070/PCIe/SSE2
LOG  : General      f:0> OpenGL version: 4.6.0 NVIDIA 591.86
LOG  : General      f:0> Desktop resolution 2560x1440
LOG  : General      f:0> Initial resolution 1280x720 fullScreen=false
LOG  : General      f:0> OpenGL 1.5 buffer objects supported
LOG  : General      f:0> VSync: OFF
LOG  : Mod          f:0> refusing to list examplemod
LOG  : General      f:0> Loading networking libraries...
LOG  : General      f:0> Loading RakNet64...
LOG  : General      f:0> Loading ZNetNoSteam64...
LOG  : General      f:0> SteamUtils started without Steam
LOG  : General      f:0> Loading Mods
LOG  : Mod          f:0> refusing to list examplemod
LOG  : Mod          f:0> loading NeighborhoodLifeHUD
LOG  : Mod          f:0> loading NeighborhoodQA
LOG  : General      f:0> Loading Translations
LOG  : General      f:0> texturepack: loading UI
LOG  : General      f:0> Loading UI texture pack
LOG  : General      f:0> texturepack: loading UI2
LOG  : General      f:0> Loading UI2 texture pack
LOG  : General      f:0> texturepack: loading IconsMoveables
LOG  : General      f:0> Loading IconsMoveables texture pack
LOG  : General      f:0> texturepack: loading RadioIcons
LOG  : General      f:0> Loading RadioIcons texture pack
LOG  : General      f:0> texturepack: loading ApComUI
LOG  : General      f:0> Loading ApComUI texture pack
LOG  : General      f:0> texturepack: loading Mechanics
LOG  : General      f:0> Loading Mechanics texture pack
LOG  : General      f:0> texturepack: loading WeatherFx
LOG  : General      f:0> Loading WeatherFx texture pack
LOG  : General      f:0> Loading Scripts
ERROR: General      f:0 at FluidContainerScript.load           > Sanitizing container name 'Large Bucket', name may not contain whitespaces.
ERROR: General      f:0 at FluidContainerScript.load           > Sanitizing container name 'Fuel Pump', name may not contain whitespaces.
WARN : General      f:0 at XuiSkin$EntityUiStyle.Load          > Could not find icon: Build_AnvilStone, script = Stone Anvil
WARN : General      f:0 at XuiSkin$EntityUiStyle.LoadComponentInfo> Could not find icon: Build_AnvilStone
WARN : General      f:0 at XuiSkin$EntityUiStyle.Load          > Could not find icon: Build_AnvilStone, script = Stone Anvil
WARN : General      f:0 at XuiSkin$EntityUiStyle.LoadComponentInfo> Could not find icon: Build_AnvilStone
WARN : General      f:0 at XuiSkin$EntityUiStyle.Load          > Could not find icon: Build_AnvilStone, script = Stone Anvil
WARN : General      f:0 at XuiSkin$EntityUiStyle.LoadComponentInfo> Could not find icon: Build_AnvilStone
WARN : General      f:0 at XuiSkin$EntityUiStyle.Load          > Could not find icon: Build_AnvilStone, script = Stone Anvil
WARN : General      f:0 at XuiSkin$EntityUiStyle.LoadComponentInfo> Could not find icon: Build_AnvilStone
WARN : General      f:0 at TaggedObjectManager.createTagBits   > manager-> new tag discovered that was not preprocessed, tag: keyduplicator
WARN : General      f:0 at TaggedObjectManager.createTagBits   > manager-> new tag discovered that was not preprocessed, tag: choppingblock
LOG  : General      f:0> Loading Clothing
LOG  : General      f:0> 
LOG  : General      f:0> Loading Lua
WARN : Lua          f:0 at Lua(Vanilla).corpseStorageCheck     > require("ISUI/ISInventoryPaneContextMenu") failed
WARN : Lua          f:0 at Lua(Vanilla).corpseStorageCheck     > require("ISUI/ISVehicleMenu") failed
WARN : Lua          f:0 at Lua(Vanilla).corpseStorageCheck     > require("ISUI/ISContextMenu") failed
WARN : Lua          f:0 at Lua(Vanilla).ISCampingMenu          > require("Camping/CCampfireSystem") failed
WARN : Lua          f:0 at Lua(Vanilla).ISInventoryTransferUtil> require("TimedActions/ISInventoryTransferAction") failed
WARN : Lua          f:0 at Lua(Vanilla).ISInventoryTransferUtil> require("ISUI/PlayerData/ISPlayerData") failed
WARN : Lua          f:0 at Lua(Vanilla).ISAnimalContextMenu    > require("BuildingObjects/ISAnimalPickMateCursor") failed
WARN : Lua          f:0 at Lua(Vanilla).TakeSameType           > require("ISUI/InventoryWindow/ISLootWindowControlHandler") failed
WARN : Lua          f:0 at Lua(Vanilla).FloorTakeSameType      > require("ISUI/InventoryWindow/ISLootWindowControlHandler") failed
WARN : Lua          f:0 at Lua(Vanilla).testUI                 > require("pzapi/ui/ui") failed
LOG  : Lua          f:0> OnLoadSoundbanks
LOG  : General      f:0> texturepack: loading Tiles2x
LOG  : General      f:0> Loading Tiles2x texture pack
LOG  : General      f:0> texturepack: loading Overlays2x
LOG  : General      f:0> Loading Overlays2x texture pack
LOG  : General      f:0> texturepack: loading JumboTrees2x
LOG  : General      f:0> Loading JumboTrees2x texture pack
LOG  : General      f:0> texturepack: loading JumboTreesBigs2x
LOG  : General      f:0> Loading JumboTreesBigs2x texture pack
LOG  : General      f:0> texturepack: loading Tiles2x.floor
LOG  : General      f:0> Loading Tiles2x.floor texture pack
LOG  : General      f:0> texturepack: loading B42ChunkCaching2x
LOG  : General      f:0> Loading B42ChunkCaching2x texture pack
LOG  : General      f:0> texturepack: loading B42ChunkCaching2x.floor
LOG  : General      f:0> Loading B42ChunkCaching2x.floor texture pack
LOG  : General      f:0> texturepack: loading Clock2x
LOG  : General      f:0> Loading Clock2x texture pack
LOG  : General      f:0> Loading models and animations
LOG  : General      f:0> Game booting
LOG  : General      f:0> STATE: exit zombie.gameStates.TISLogoState
LOG  : General      f:0> STATE: exit zombie.gameStates.TermsOfServiceState
LOG  : General      f:0> binkId: 1
WARN : Lua          f:0 at Lua(Vanilla).namedColorToTable      > env.lua-> namedColorToTable color not found: ProgressYellow
LOG  : Lua          f:0> NLQA MP CONNECT ARMED: 127.0.0.1:16261
LOG  : Lua          f:0> NLQA STAT HUNGER 0..1
LOG  : Lua          f:0> NLQA STAT THIRST 0..1
LOG  : Lua          f:0> NLQA STAT FATIGUE 0..1
LOG  : Lua          f:0> NLQA STAT BOREDOM 0..100
LOG  : Lua          f:0> NLQA STAT STRESS 0..1
LOG  : Lua          f:0> NLQA STAT UNHAPPINESS 0..100
LOG  : Lua          f:0> NLQA PASS: actual item/perk/stat APIs and real ISPanel journal construction
LOG  : General      f:0> binkId: 2
LOG  : Lua          f:0> NLQA MP CONNECT REQUEST: nl-host -> 127.0.0.1:16261 accountPassword=true
LOG  : Network      f:0 st:0> Initialising RakNet...
LOG  : General      f:0 st:0> LOGGED INTO : 95 millisecond
LOG  : General      f:0 st:0> ConnectToServerState: Start
LOG  : General      f:0 st:0> ConnectToServerState: TestTCP
LOG  : Lua          f:0 st:0> NLQA MP CONNECTION STATE: Connected message=nil arg=nil
LOG  : Mod          f:0 st:0> refusing to list examplemod
LOG  : Mod          f:0 st:0> loading NeighborhoodLifeHUD
LOG  : Mod          f:0 st:0> loading NeighborhoodQA
ERROR: General      f:0 st:0 at FluidContainerScript.load           > Sanitizing container name 'Large Bucket', name may not contain whitespaces.
ERROR: General      f:0 st:0 at FluidContainerScript.load           > Sanitizing container name 'Fuel Pump', name may not contain whitespaces.
WARN : General      f:0 st:0 at XuiSkin$EntityUiStyle.Load          > Could not find icon: Build_AnvilStone, script = Stone Anvil
WARN : General      f:0 st:0 at XuiSkin$EntityUiStyle.LoadComponentInfo> Could not find icon: Build_AnvilStone
WARN : General      f:0 st:0 at XuiSkin$EntityUiStyle.Load          > Could not find icon: Build_AnvilStone, script = Stone Anvil
WARN : General      f:0 st:0 at XuiSkin$EntityUiStyle.LoadComponentInfo> Could not find icon: Build_AnvilStone
WARN : General      f:0 st:0 at XuiSkin$EntityUiStyle.Load          > Could not find icon: Build_AnvilStone, script = Stone Anvil
WARN : General      f:0 st:0 at XuiSkin$EntityUiStyle.LoadComponentInfo> Could not find icon: Build_AnvilStone
WARN : General      f:0 st:0 at XuiSkin$EntityUiStyle.Load          > Could not find icon: Build_AnvilStone, script = Stone Anvil
WARN : General      f:0 st:0 at XuiSkin$EntityUiStyle.LoadComponentInfo> Could not find icon: Build_AnvilStone
WARN : General      f:0 st:0 at TaggedObjectManager.createTagBits   > manager-> new tag discovered that was not preprocessed, tag: keyduplicator
WARN : General      f:0 st:0 at TaggedObjectManager.createTagBits   > manager-> new tag discovered that was not preprocessed, tag: choppingblock
ERROR: General      f:0 st:0> AdvancedAnimator$1.visitFileFailed> Exception thrown
	java.nio.file.NoSuchFileException: E:\pzmod\test-profile\mp-host\mods\NeighborhoodLife\common\media\AnimSets at WindowsException.translateToIOException(null:-1).
	Stack trace:
		java.base/sun.nio.fs.WindowsException.translateToIOException(Unknown Source)
		java.base/sun.nio.fs.WindowsException.rethrowAsIOException(Unknown Source)
		java.base/sun.nio.fs.WindowsException.rethrowAsIOException(Unknown Source)
		java.base/sun.nio.fs.WindowsFileAttributeViews$Basic.readAttributes(Unknown Source)
		java.base/sun.nio.fs.WindowsFileAttributeViews$Basic.readAttributes(Unknown Source)
		java.base/sun.nio.fs.WindowsFileSystemProvider.readAttributes(Unknown Source)
		java.base/java.nio.file.Files.readAttributes(Unknown Source)
		java.base/java.nio.file.FileTreeWalker.getAttributes(Unknown Source)
		java.base/java.nio.file.FileTreeWalker.visit(Unknown Source)
		java.base/java.nio.file.FileTreeWalker.walk(Unknown Source)
		java.base/java.nio.file.Files.walkFileTree(Unknown Source)
		java.base/java.nio.file.Files.walkFileTree(Unknown Source)
		zombie.core.skinnedmodel.advancedanimation.AdvancedAnimator.searchFolders(AdvancedAnimator.java:805)
		zombie.core.skinnedmodel.advancedanimation.AdvancedAnimator.loadModMedia(AdvancedAnimator.java:868)
		zombie.core.skinnedmodel.advancedanimation.AdvancedAnimator.collectModFiles(AdvancedAnimator.java:888)
		zombie.core.skinnedmodel.advancedanimation.AdvancedAnimator.load(AdvancedAnimator.java:928)
		zombie.core.Core.ResetLua(Core.java:4193)
		zombie.gameStates.ConnectToServerState.receiveServerOptions(ConnectToServerState.java:135)
		zombie.gameStates.ConnectToServerState.Finish(ConnectToServerState.java:696)
		zombie.gameStates.ConnectToServerState.update(ConnectToServerState.java:104)
		zombie.gameStates.MainScreenState.update(MainScreenState.java:778)
		zombie.gameStates.GameStateMachine.update(GameStateMachine.java:65)
		zombie.GameWindow.logic(GameWindow.java:390)
		zombie.GameWindow.frameStep(GameWindow.java:790)
		zombie.GameWindow.mainThreadStep(GameWindow.java:567)
		zombie.MainThread.mainLoop(MainThread.java:69)
		java.base/java.lang.Thread.run(Unknown Source)
ERROR: General      f:0 st:0> AdvancedAnimator$1.visitFileFailed> Exception thrown
	java.nio.file.NoSuchFileException: E:\pzmod\test-profile\mp-host\mods\NeighborhoodLife\common\media\actiongroups at WindowsException.translateToIOException(null:-1).
	Stack trace:
		java.base/sun.nio.fs.WindowsException.translateToIOException(Unknown Source)
		java.base/sun.nio.fs.WindowsException.rethrowAsIOException(Unknown Source)
		java.base/sun.nio.fs.WindowsException.rethrowAsIOException(Unknown Source)
		java.base/sun.nio.fs.WindowsFileAttributeViews$Basic.readAttributes(Unknown Source)
		java.base/sun.nio.fs.WindowsFileAttributeViews$Basic.readAttributes(Unknown Source)
		java.base/sun.nio.fs.WindowsFileSystemProvider.readAttributes(Unknown Source)
		java.base/java.nio.file.Files.readAttributes(Unknown Source)
		java.base/java.nio.file.FileTreeWalker.getAttributes(Unknown Source)
		java.base/java.nio.file.FileTreeWalker.visit(Unknown Source)
		java.base/java.nio.file.FileTreeWalker.walk(Unknown Source)
		java.base/java.nio.file.Files.walkFileTree(Unknown Source)
		java.base/java.nio.file.Files.walkFileTree(Unknown Source)
		zombie.core.skinnedmodel.advancedanimation.AdvancedAnimator.searchFolders(AdvancedAnimator.java:805)
		zombie.core.skinnedmodel.advancedanimation.AdvancedAnimator.loadModMedia(AdvancedAnimator.java:869)
		zombie.core.skinnedmodel.advancedanimation.AdvancedAnimator.collectModFiles(AdvancedAnimator.java:888)
		zombie.core.skinnedmodel.advancedanimation.AdvancedAnimator.load(AdvancedAnimator.java:928)
		zombie.core.Core.ResetLua(Core.java:4193)
		zombie.gameStates.ConnectToServerState.receiveServerOptions(ConnectToServerState.java:135)
		zombie.gameStates.ConnectToServerState.Finish(ConnectToServerState.java:696)
		zombie.gameStates.ConnectToServerState.update(ConnectToServerState.java:104)
		zombie.gameStates.MainScreenState.update(MainScreenState.java:778)
		zombie.gameStates.GameStateMachine.update(GameStateMachine.java:65)
		zombie.GameWindow.logic(GameWindow.java:390)
		zombie.GameWindow.frameStep(GameWindow.java:790)
		zombie.GameWindow.mainThreadStep(GameWindow.java:567)
		zombie.MainThread.mainLoop(MainThread.java:69)
		java.base/java.lang.Thread.run(Unknown Source)
ERROR: General      f:0 st:0> AdvancedAnimator$1.visitFileFailed> Exception thrown
	java.nio.file.NoSuchFileException: E:\pzmod\test-profile\mp-host\mods\NeighborhoodLife\42\media\AnimSets at WindowsException.translateToIOException(null:-1).
	Stack trace:
		java.base/sun.nio.fs.WindowsException.translateToIOException(Unknown Source)
		java.base/sun.nio.fs.WindowsException.rethrowAsIOException(Unknown Source)
		java.base/sun.nio.fs.WindowsException.rethrowAsIOException(Unknown Source)
		java.base/sun.nio.fs.WindowsFileAttributeViews$Basic.readAttributes(Unknown Source)
		java.base/sun.nio.fs.WindowsFileAttributeViews$Basic.readAttributes(Unknown Source)
		java.base/sun.nio.fs.WindowsFileSystemProvider.readAttributes(Unknown Source)
		java.base/java.nio.file.Files.readAttributes(Unknown Source)
		java.base/java.nio.file.FileTreeWalker.getAttributes(Unknown Source)
		java.base/java.nio.file.FileTreeWalker.visit(Unknown Source)
		java.base/java.nio.file.FileTreeWalker.walk(Unknown Source)
		java.base/java.nio.file.Files.walkFileTree(Unknown Source)
		java.base/java.nio.file.Files.walkFileTree(Unknown Source)
		zombie.core.skinnedmodel.advancedanimation.AdvancedAnimator.searchFolders(AdvancedAnimator.java:805)
		zombie.core.skinnedmodel.advancedanimation.AdvancedAnimator.loadModMedia(AdvancedAnimator.java:868)
		zombie.core.skinnedmodel.advancedanimation.AdvancedAnimator.collectModFiles(AdvancedAnimator.java:889)
		zombie.core.skinnedmodel.advancedanimation.AdvancedAnimator.load(AdvancedAnimator.java:928)
		zombie.core.Core.ResetLua(Core.java:4193)
		zombie.gameStates.ConnectToServerState.receiveServerOptions(ConnectToServerState.java:135)
		zombie.gameStates.ConnectToServerState.Finish(ConnectToServerState.java:696)
		zombie.gameStates.ConnectToServerState.update(ConnectToServerState.java:104)
		zombie.gameStates.MainScreenState.update(MainScreenState.java:778)
		zombie.gameStates.GameStateMachine.update(GameStateMachine.java:65)
		zombie.GameWindow.logic(GameWindow.java:390)
		zombie.GameWindow.frameStep(GameWindow.java:790)
		zombie.GameWindow.mainThreadStep(GameWindow.java:567)
		zombie.MainThread.mainLoop(MainThread.java:69)
		java.base/java.lang.Thread.run(Unknown Source)
ERROR: General      f:0 st:0> AdvancedAnimator$1.visitFileFailed> Exception thrown
	java.nio.file.NoSuchFileException: E:\pzmod\test-profile\mp-host\mods\NeighborhoodLife\42\media\actiongroups at WindowsException.translateToIOException(null:-1).
	Stack trace:
		java.base/sun.nio.fs.WindowsException.translateToIOException(Unknown Source)
		java.base/sun.nio.fs.WindowsException.rethrowAsIOException(Unknown Source)
		java.base/sun.nio.fs.WindowsException.rethrowAsIOException(Unknown Source)
		java.base/sun.nio.fs.WindowsFileAttributeViews$Basic.readAttributes(Unknown Source)
		java.base/sun.nio.fs.WindowsFileAttributeViews$Basic.readAttributes(Unknown Source)
		java.base/sun.nio.fs.WindowsFileSystemProvider.readAttributes(Unknown Source)
		java.base/java.nio.file.Files.readAttributes(Unknown Source)
		java.base/java.nio.file.FileTreeWalker.getAttributes(Unknown Source)
		java.base/java.nio.file.FileTreeWalker.visit(Unknown Source)
		java.base/java.nio.file.FileTreeWalker.walk(Unknown Source)
		java.base/java.nio.file.Files.walkFileTree(Unknown Source)
		java.base/java.nio.file.Files.walkFileTree(Unknown Source)
		zombie.core.skinnedmodel.advancedanimation.AdvancedAnimator.searchFolders(AdvancedAnimator.java:805)
		zombie.core.skinnedmodel.advancedanimation.AdvancedAnimator.loadModMedia(AdvancedAnimator.java:869)
		zombie.core.skinnedmodel.advancedanimation.AdvancedAnimator.collectModFiles(AdvancedAnimator.java:889)
		zombie.core.skinnedmodel.advancedanimation.AdvancedAnimator.load(AdvancedAnimator.java:928)
		zombie.core.Core.ResetLua(Core.java:4193)
		zombie.gameStates.ConnectToServerState.receiveServerOptions(ConnectToServerState.java:135)
		zombie.gameStates.ConnectToServerState.Finish(ConnectToServerState.java:696)
		zombie.gameStates.ConnectToServerState.update(ConnectToServerState.java:104)
		zombie.gameStates.MainScreenState.update(MainScreenState.java:778)
		zombie.gameStates.GameStateMachine.update(GameStateMachine.java:65)
		zombie.GameWindow.logic(GameWindow.java:390)
		zombie.GameWindow.frameStep(GameWindow.java:790)
		zombie.GameWindow.mainThreadStep(GameWindow.java:567)
		zombie.MainThread.mainLoop(MainThread.java:69)
		java.base/java.lang.Thread.run(Unknown Source)
ERROR: General      f:0 st:0> AdvancedAnimator$1.visitFileFailed> Exception thrown
	java.nio.file.NoSuchFileException: E:\pzmod\test-profile\mp-host\mods\NeighborhoodQA\common\media\AnimSets at WindowsException.translateToIOException(null:-1).
	Stack trace:
		java.base/sun.nio.fs.WindowsException.translateToIOException(Unknown Source)
		java.base/sun.nio.fs.WindowsException.rethrowAsIOException(Unknown Source)
		java.base/sun.nio.fs.WindowsException.rethrowAsIOException(Unknown Source)
		java.base/sun.nio.fs.WindowsFileAttributeViews$Basic.readAttributes(Unknown Source)
		java.base/sun.nio.fs.WindowsFileAttributeViews$Basic.readAttributes(Unknown Source)
		java.base/sun.nio.fs.WindowsFileSystemProvider.readAttributes(Unknown Source)
		java.base/java.nio.file.Files.readAttributes(Unknown Source)
		java.base/java.nio.file.FileTreeWalker.getAttributes(Unknown Source)
		java.base/java.nio.file.FileTreeWalker.visit(Unknown Source)
		java.base/java.nio.file.FileTreeWalker.walk(Unknown Source)
		java.base/java.nio.file.Files.walkFileTree(Unknown Source)
		java.base/java.nio.file.Files.walkFileTree(Unknown Source)
		zombie.core.skinnedmodel.advancedanimation.AdvancedAnimator.searchFolders(AdvancedAnimator.java:805)
		zombie.core.skinnedmodel.advancedanimation.AdvancedAnimator.loadModMedia(AdvancedAnimator.java:868)
		zombie.core.skinnedmodel.advancedanimation.AdvancedAnimator.collectModFiles(AdvancedAnimator.java:888)
		zombie.core.skinnedmodel.advancedanimation.AdvancedAnimator.load(AdvancedAnimator.java:928)
		zombie.core.Core.ResetLua(Core.java:4193)
		zombie.gameStates.ConnectToServerState.receiveServerOptions(ConnectToServerState.java:135)
		zombie.gameStates.ConnectToServerState.Finish(ConnectToServerState.java:696)
		zombie.gameStates.ConnectToServerState.update(ConnectToServerState.java:104)
		zombie.gameStates.MainScreenState.update(MainScreenState.java:778)
		zombie.gameStates.GameStateMachine.update(GameStateMachine.java:65)
		zombie.GameWindow.logic(GameWindow.java:390)
		zombie.GameWindow.frameStep(GameWindow.java:790)
		zombie.GameWindow.mainThreadStep(GameWindow.java:567)
		zombie.MainThread.mainLoop(MainThread.java:69)
		java.base/java.lang.Thread.run(Unknown Source)
ERROR: General      f:0 st:0> AdvancedAnimator$1.visitFileFailed> Exception thrown
	java.nio.file.NoSuchFileException: E:\pzmod\test-profile\mp-host\mods\NeighborhoodQA\common\media\actiongroups at WindowsException.translateToIOException(null:-1).
	Stack trace:
		java.base/sun.nio.fs.WindowsException.translateToIOException(Unknown Source)
		java.base/sun.nio.fs.WindowsException.rethrowAsIOException(Unknown Source)
		java.base/sun.nio.fs.WindowsException.rethrowAsIOException(Unknown Source)
		java.base/sun.nio.fs.WindowsFileAttributeViews$Basic.readAttributes(Unknown Source)
		java.base/sun.nio.fs.WindowsFileAttributeViews$Basic.readAttributes(Unknown Source)
		java.base/sun.nio.fs.WindowsFileSystemProvider.readAttributes(Unknown Source)
		java.base/java.nio.file.Files.readAttributes(Unknown Source)
		java.base/java.nio.file.FileTreeWalker.getAttributes(Unknown Source)
		java.base/java.nio.file.FileTreeWalker.visit(Unknown Source)
		java.base/java.nio.file.FileTreeWalker.walk(Unknown Source)
		java.base/java.nio.file.Files.walkFileTree(Unknown Source)
		java.base/java.nio.file.Files.walkFileTree(Unknown Source)
		zombie.core.skinnedmodel.advancedanimation.AdvancedAnimator.searchFolders(AdvancedAnimator.java:805)
		zombie.core.skinnedmodel.advancedanimation.AdvancedAnimator.loadModMedia(AdvancedAnimator.java:869)
		zombie.core.skinnedmodel.advancedanimation.AdvancedAnimator.collectModFiles(AdvancedAnimator.java:888)
		zombie.core.skinnedmodel.advancedanimation.AdvancedAnimator.load(AdvancedAnimator.java:928)
		zombie.core.Core.ResetLua(Core.java:4193)
		zombie.gameStates.ConnectToServerState.receiveServerOptions(ConnectToServerState.java:135)
		zombie.gameStates.ConnectToServerState.Finish(ConnectToServerState.java:696)
		zombie.gameStates.ConnectToServerState.update(ConnectToServerState.java:104)
		zombie.gameStates.MainScreenState.update(MainScreenState.java:778)
		zombie.gameStates.GameStateMachine.update(GameStateMachine.java:65)
		zombie.GameWindow.logic(GameWindow.java:390)
		zombie.GameWindow.frameStep(GameWindow.java:790)
		zombie.GameWindow.mainThreadStep(GameWindow.java:567)
		zombie.MainThread.mainLoop(MainThread.java:69)
		java.base/java.lang.Thread.run(Unknown Source)
ERROR: General      f:0 st:0> AdvancedAnimator$1.visitFileFailed> Exception thrown
	java.nio.file.NoSuchFileException: E:\pzmod\test-profile\mp-host\mods\NeighborhoodQA\42\media\AnimSets at WindowsException.translateToIOException(null:-1).
	Stack trace:
		java.base/sun.nio.fs.WindowsException.translateToIOException(Unknown Source)
		java.base/sun.nio.fs.WindowsException.rethrowAsIOException(Unknown Source)
		java.base/sun.nio.fs.WindowsException.rethrowAsIOException(Unknown Source)
		java.base/sun.nio.fs.WindowsFileAttributeViews$Basic.readAttributes(Unknown Source)
		java.base/sun.nio.fs.WindowsFileAttributeViews$Basic.readAttributes(Unknown Source)
		java.base/sun.nio.fs.WindowsFileSystemProvider.readAttributes(Unknown Source)
		java.base/java.nio.file.Files.readAttributes(Unknown Source)
		java.base/java.nio.file.FileTreeWalker.getAttributes(Unknown Source)
		java.base/java.nio.file.FileTreeWalker.visit(Unknown Source)
		java.base/java.nio.file.FileTreeWalker.walk(Unknown Source)
		java.base/java.nio.file.Files.walkFileTree(Unknown Source)
		java.base/java.nio.file.Files.walkFileTree(Unknown Source)
		zombie.core.skinnedmodel.advancedanimation.AdvancedAnimator.searchFolders(AdvancedAnimator.java:805)
		zombie.core.skinnedmodel.advancedanimation.AdvancedAnimator.loadModMedia(AdvancedAnimator.java:868)
		zombie.core.skinnedmodel.advancedanimation.AdvancedAnimator.collectModFiles(AdvancedAnimator.java:889)
		zombie.core.skinnedmodel.advancedanimation.AdvancedAnimator.load(AdvancedAnimator.java:928)
		zombie.core.Core.ResetLua(Core.java:4193)
		zombie.gameStates.ConnectToServerState.receiveServerOptions(ConnectToServerState.java:135)
		zombie.gameStates.ConnectToServerState.Finish(ConnectToServerState.java:696)
		zombie.gameStates.ConnectToServerState.update(ConnectToServerState.java:104)
		zombie.gameStates.MainScreenState.update(MainScreenState.java:778)
		zombie.gameStates.GameStateMachine.update(GameStateMachine.java:65)
		zombie.GameWindow.logic(GameWindow.java:390)
		zombie.GameWindow.frameStep(GameWindow.java:790)
		zombie.GameWindow.mainThreadStep(GameWindow.java:567)
		zombie.MainThread.mainLoop(MainThread.java:69)
		java.base/java.lang.Thread.run(Unknown Source)
ERROR: General      f:0 st:0> AdvancedAnimator$1.visitFileFailed> Exception thrown
	java.nio.file.NoSuchFileException: E:\pzmod\test-profile\mp-host\mods\NeighborhoodQA\42\media\actiongroups at WindowsException.translateToIOException(null:-1).
	Stack trace:
		java.base/sun.nio.fs.WindowsException.translateToIOException(Unknown Source)
		java.base/sun.nio.fs.WindowsException.rethrowAsIOException(Unknown Source)
		java.base/sun.nio.fs.WindowsException.rethrowAsIOException(Unknown Source)
		java.base/sun.nio.fs.WindowsFileAttributeViews$Basic.readAttributes(Unknown Source)
		java.base/sun.nio.fs.WindowsFileAttributeViews$Basic.readAttributes(Unknown Source)
		java.base/sun.nio.fs.WindowsFileSystemProvider.readAttributes(Unknown Source)
		java.base/java.nio.file.Files.readAttributes(Unknown Source)
		java.base/java.nio.file.FileTreeWalker.getAttributes(Unknown Source)
		java.base/java.nio.file.FileTreeWalker.visit(Unknown Source)
		java.base/java.nio.file.FileTreeWalker.walk(Unknown Source)
		java.base/java.nio.file.Files.walkFileTree(Unknown Source)
		java.base/java.nio.file.Files.walkFileTree(Unknown Source)
		zombie.core.skinnedmodel.advancedanimation.AdvancedAnimator.searchFolders(AdvancedAnimator.java:805)
		zombie.core.skinnedmodel.advancedanimation.AdvancedAnimator.loadModMedia(AdvancedAnimator.java:869)
		zombie.core.skinnedmodel.advancedanimation.AdvancedAnimator.collectModFiles(AdvancedAnimator.java:889)
		zombie.core.skinnedmodel.advancedanimation.AdvancedAnimator.load(AdvancedAnimator.java:928)
		zombie.core.Core.ResetLua(Core.java:4193)
		zombie.gameStates.ConnectToServerState.receiveServerOptions(ConnectToServerState.java:135)
		zombie.gameStates.ConnectToServerState.Finish(ConnectToServerState.java:696)
		zombie.gameStates.ConnectToServerState.update(ConnectToServerState.java:104)
		zombie.gameStates.MainScreenState.update(MainScreenState.java:778)
		zombie.gameStates.GameStateMachine.update(GameStateMachine.java:65)
		zombie.GameWindow.logic(GameWindow.java:390)
		zombie.GameWindow.frameStep(GameWindow.java:790)
		zombie.GameWindow.mainThreadStep(GameWindow.java:567)
		zombie.MainThread.mainLoop(MainThread.java:69)
		java.base/java.lang.Thread.run(Unknown Source)
WARN : Lua          f:0 st:0 at Lua(Vanilla).corpseStorageCheck     > require("ISUI/ISInventoryPaneContextMenu") failed
WARN : Lua          f:0 st:0 at Lua(Vanilla).corpseStorageCheck     > require("ISUI/ISVehicleMenu") failed
WARN : Lua          f:0 st:0 at Lua(Vanilla).corpseStorageCheck     > require("ISUI/ISContextMenu") failed
WARN : Lua          f:0 st:0 at Lua(Vanilla).ISCampingMenu          > require("Camping/CCampfireSystem") failed
WARN : Lua          f:0 st:0 at Lua(Vanilla).ISInventoryTransferUtil> require("TimedActions/ISInventoryTransferAction") failed
WARN : Lua          f:0 st:0 at Lua(Vanilla).ISInventoryTransferUtil> require("ISUI/PlayerData/ISPlayerData") failed
WARN : Lua          f:0 st:0 at Lua(Vanilla).ISAnimalContextMenu    > require("BuildingObjects/ISAnimalPickMateCursor") failed
WARN : Lua          f:0 st:0 at Lua(Vanilla).TakeSameType           > require("ISUI/InventoryWindow/ISLootWindowControlHandler") failed
WARN : Lua          f:0 st:0 at Lua(Vanilla).FloorTakeSameType      > require("ISUI/InventoryWindow/ISLootWindowControlHandler") failed
LOG  : Lua          f:0 st:0> WARN:MISSING in SettingsTable: PVPLogToolChat
LOG  : Lua          f:0 st:0> WARN:MISSING in SettingsTable: PVPLogToolFile
LOG  : Lua          f:0 st:0> WARN:MISSING in SettingsTable: ChatStreams
LOG  : Lua          f:0 st:0> WARN:MISSING in SettingsTable: SwitchZombiesOwnershipEachUpdate
LOG  : Lua          f:0 st:0> WARN:MISSING in SettingsTable: SpawnPoint
LOG  : Lua          f:0 st:0> WARN:MISSING in SettingsTable: SafetyDisconnectDelay
LOG  : Lua          f:0 st:0> WARN:MISSING in SettingsTable: Mods
LOG  : Lua          f:0 st:0> WARN:MISSING in SettingsTable: Map
LOG  : Lua          f:0 st:0> WARN:MISSING in SettingsTable: DenyLoginOnOverloadedServer
LOG  : Lua          f:0 st:0> WARN:MISSING in SettingsTable: MaxSafezoneSize
LOG  : Lua          f:0 st:0> WARN:MISSING in SettingsTable: WebhookAddress
LOG  : Lua          f:0 st:0> WARN:MISSING in SettingsTable: KnockedDownAllowed
LOG  : Lua          f:0 st:0> WARN:MISSING in SettingsTable: SneakModeHideFromOtherPlayers
LOG  : Lua          f:0 st:0> WARN:MISSING in SettingsTable: UltraSpeedDoesnotAffectToAnimals
LOG  : Lua          f:0 st:0> WARN:MISSING in SettingsTable: WorkshopItems
LOG  : Lua          f:0 st:0> WARN:MISSING in SettingsTable: SteamVAC
LOG  : Lua          f:0 st:0> WARN:MISSING in SettingsTable: LoginQueueEnabled
LOG  : Lua          f:0 st:0> WARN:MISSING in SettingsTable: LoginQueueConnectTimeout
LOG  : Lua          f:0 st:0> WARN:MISSING in SettingsTable: server_browser_announced_ip
LOG  : Lua          f:0 st:0> WARN:MISSING in SettingsTable: BanKickGlobalSound
LOG  : Lua          f:0 st:0> WARN:MISSING in SettingsTable: CarEngineAttractionModifier
LOG  : Lua          f:0 st:0> WARN:MISSING in SettingsTable: DisableVehicleTowing
LOG  : Lua          f:0 st:0> WARN:MISSING in SettingsTable: DisableTrailerTowing
LOG  : Lua          f:0 st:0> WARN:MISSING in SettingsTable: DisableBurntTowing
LOG  : Lua          f:0 st:0> WARN:MISSING in SettingsTable: BadWordListFile
LOG  : Lua          f:0 st:0> WARN:MISSING in SettingsTable: GoodWordListFile
LOG  : Lua          f:0 st:0> WARN:MISSING in SettingsTable: BadWordPolicy
LOG  : Lua          f:0 st:0> WARN:MISSING in SettingsTable: BadWordReplacement
LOG  : Lua          f:0 st:0> WARN:MISSING in SettingsTable: AntiCheatSafety
LOG  : Lua          f:0 st:0> WARN:MISSING in SettingsTable: AntiCheatSpeed
LOG  : Lua          f:0 st:0> WARN:MISSING in SettingsTable: AntiCheatNoClip
LOG  : Lua          f:0 st:0> WARN:MISSING in SettingsTable: AntiCheatHit
LOG  : Lua          f:0 st:0> WARN:MISSING in SettingsTable: AntiCheatPacketException
LOG  : Lua          f:0 st:0> WARN:MISSING in SettingsTable: AntiCheatPermission
LOG  : Lua          f:0 st:0> WARN:MISSING in SettingsTable: AntiCheatXP
LOG  : Lua          f:0 st:0> WARN:MISSING in SettingsTable: AntiCheatSafeHouse
LOG  : Lua          f:0 st:0> WARN:MISSING in SettingsTable: AntiCheatPlayer
LOG  : Lua          f:0 st:0> WARN:MISSING in SettingsTable: AntiCheatChecksum
LOG  : Lua          f:0 st:0> WARN:MISSING in SettingsTable: MultiplayerStatisticsPeriod
LOG  : Lua          f:0 st:0> WARN:MISSING in SettingsTable: DisableScoreboard
LOG  : Lua          f:0 st:0> WARN:MISSING in SettingsTable: HideAdminsInPlayerList
LOG  : Lua          f:0 st:0> WARN:MISSING in SettingsTable: MaxPacketsPerSecond
LOG  : Lua          f:0 st:0> WARN:MISSING in SettingsTable: ShowCoordinates
LOG  : Lua          f:0 st:0> WARN:MISSING in SettingsTable: Seed
LOG  : Lua          f:0 st:0> WARN:MISSING in SettingsTable: UsePhysicsHitReaction
LOG  : Lua          f:0 st:0> WARN:MISSING in SettingsTable: StartYear
LOG  : Lua          f:0 st:0> WARN:MISSING in SettingsTable: AlarmDecayModifier
LOG  : Lua          f:0 st:0> WARN:MISSING in SettingsTable: InsaneLootFactor
LOG  : Lua          f:0 st:0> WARN:MISSING in SettingsTable: ExtremeLootFactor
LOG  : Lua          f:0 st:0> WARN:MISSING in SettingsTable: RareLootFactor
LOG  : Lua          f:0 st:0> WARN:MISSING in SettingsTable: NormalLootFactor
LOG  : Lua          f:0 st:0> WARN:MISSING in SettingsTable: CommonLootFactor
LOG  : Lua          f:0 st:0> WARN:MISSING in SettingsTable: AbundantLootFactor
LOG  : Lua          f:0 st:0> WARN:MISSING in SettingsTable: Farming
LOG  : Lua          f:0 st:0> WARN:MISSING in SettingsTable: PlantAbundance
LOG  : Lua          f:0 st:0> WARN:MISSING in SettingsTable: NightLength
LOG  : Lua          f:0 st:0> WARN:MISSING in SettingsTable: AnimalMetaStatsModifier
WARN : Lua          f:0 st:0 at Lua(Vanilla).testUI                 > require("pzapi/ui/ui") failed
WARN : Lua          f:0 st:0 at Lua(Vanilla).namedColorToTable      > env.lua-> namedColorToTable color not found: ProgressYellow
LOG  : Lua          f:0 st:0> NLQA STAT HUNGER 0..1
LOG  : Lua          f:0 st:0> NLQA STAT THIRST 0..1
LOG  : Lua          f:0 st:0> NLQA STAT FATIGUE 0..1
LOG  : Lua          f:0 st:0> NLQA STAT BOREDOM 0..100
LOG  : Lua          f:0 st:0> NLQA STAT STRESS 0..1
LOG  : Lua          f:0 st:0> NLQA STAT UNHAPPINESS 0..100
LOG  : Lua          f:0 st:0> NLQA PASS: actual item/perk/stat APIs and real ISPanel journal construction
LOG  : Lua          f:0 st:0> NLQA MP CONNECTED: nl-host
LOG  : General      f:0 st:0> STATE: exit zombie.gameStates.MainScreenState
LOG  : General      f:0 st:0> LOADED UP A TOTAL OF 613 TEXTURES
LOG  : General      f:0 st:0> STATE: exit zombie.gameStates.LoadingQueueState
LOG  : Lua          f:0 st:0> Initializing Randomized World Tabletop Clutter Tables
WARN : Lua          f:0 st:0 at Lua(Vanilla).Features               > recursive require(): E:/SteamLibrary/steamapps/common/ProjectZomboid/media/lua/server/WorldGen/WorldGen.lua
WARN : Lua          f:0 st:0 at Lua(Vanilla).Biomes                 > recursive require(): E:/SteamLibrary/steamapps/common/ProjectZomboid/media/lua/server/WorldGen/WorldGen.lua
WARN : Lua          f:0 st:0 at Lua(Vanilla).Selection              > recursive require(): E:/SteamLibrary/steamapps/common/ProjectZomboid/media/lua/server/WorldGen/WorldGen.lua
WARN : Lua          f:0 st:0 at Lua(Vanilla).Veins                  > recursive require(): E:/SteamLibrary/steamapps/common/ProjectZomboid/media/lua/server/WorldGen/WorldGen.lua
WARN : Lua          f:0 st:0 at Lua(Vanilla).Roads                  > recursive require(): E:/SteamLibrary/steamapps/common/ProjectZomboid/media/lua/server/WorldGen/WorldGen.lua
WARN : Lua          f:0 st:0 at Lua(Vanilla).WorldGen               > recursive require(): E:/SteamLibrary/steamapps/common/ProjectZomboid/media/lua/server/WorldGen/attachments/Priorities.lua
ERROR: General      f:0 st:0 at CraftRecipeComponentScript.getIconTexture> CraftRecipeComponentScript: Recipe Piano missing UiConfigScript - falling back to SpriteConfigScript first world object face for recipe icon.
LOG  : General      f:0 st:0> SafeMode is off
LOG  : General      f:0 st:0> IsoMetaGrid.Create: begin scanning directories
LOG  : General      f:0 st:0> Looking in these map folders:
LOG  : General      f:0 st:0> <End of map-folders list>
LOG  : General      f:0 st:0> IsoMetaGrid.Create: X: [ -250 250 ], Y: [ -250 250 ]
LOG  : General      f:0 st:0> World seed: eOKnRYprSHangYmE -1122776158
LOG  : General      f:0 st:0> IsoMetaGrid.Create: finished scanning directories in 0.032 seconds
LOG  : General      f:0 st:0> IsoMetaGrid.Create: begin loading
LOG  : General      f:0 st:0> VehiclesDB2.init() start
LOG  : General      f:0 st:0> VehiclesDB2.init() end
LOG  : General      f:0 st:0> triggerEvent OnInitWorld
LOG  : General      f:0 st:0> ItemPickerJava.Parse() start
LOG  : General      f:0 st:0> ItemPickerJava.Parse() end
LOG  : General      f:0 st:0> LoadTileDefinitions start
LOG  : General      f:0 st:0> LoadTileDefinitions end
LOG  : General      f:0 st:0> triggerEvent OnLoadedTileDefinitions
LOG  : General      f:0 st:0> loadAnimalDefinitions start
LOG  : General      f:0 st:0> loadAnimalDefinitions end
LOG  : General      f:0 st:0> GameTime.init() and load() start
LOG  : General      f:0 st:0> GameTime.init() and load() end
LOG  : General      f:0 st:0> ZomboidRadio.Init() start
LOG  : General      f:0 st:0> ZomboidRadio.Init() end
LOG  : General      f:0 st:0> GlobalModData.init() start
LOG  : General      f:0 st:0> GlobalModData.init() end
LOG  : General      f:0 st:0> InstanceTracker.load() start
LOG  : General      f:0 st:0> InstanceTracker.load() end
LOG  : General      f:0 st:0> ErosionGlobals.Boot() start
LOG  : General      f:0 st:0> ErosionGlobals.Boot() end
LOG  : General      f:0 st:0> WorldDictionary.init() start
LOG  : General      f:0 st:0> WorldDictionary: Checking dictionary...
LOG  : General      f:0 st:0> WorldDictionary.init() end
LOG  : General      f:0 st:0> GameEntityManager.Init() start
LOG  : General      f:0 st:0> GameEntityManager.Init() end
LOG  : General      f:0 st:0> PersistentOutfits.init() start
LOG  : General      f:0 st:0> PersistentOutfits.init() end
LOG  : General      f:0 st:0> IsoMetaGrid.Create: finished loading in 2.257 seconds
ERROR: Lua          f:0 st:0 at Lua(Vanilla).handleMannequinZone    > ERROR: Mannequin zone missing properties in media/maps/Muldraugh, KY/objects.lua coords: 13583, 1299, 0
ERROR: General      f:0 st:0 at Basements.mergeRoomsOntoMetaCell    > duplicate RoomDef.metaID for room at 10707,9484,0
LOG  : General      f:0 st:0> triggerEvent OnLoadedMapZones
LOG  : General      f:0 st:0> ItemConfigurator.Preprocess() start
LOG  : General      f:0 st:0> ItemConfigurator.Preprocess() end
LOG  : General      f:0 st:0> MapCollisionData.init() start
LOG  : General      f:0 st:0> MapCollisionData.init() end
LOG  : General      f:0 st:0> AnimalPopulationManager.init() start
LOG  : General      f:0 st:0> AnimalPopulationManager.init() end
LOG  : General      f:0 st:0> ZombiePopulationManager.init() start
LOG  : General      f:0 st:0> ZombiePopulationManager.init() end
LOG  : General      f:0 st:0> Pathfind init() start
LOG  : General      f:0 st:0> Pathfind init() end
LOG  : General      f:0 st:0> WorldStreamer.create() start
LOG  : General      f:0 st:0> WorldStreamer.create() end
LOG  : General      f:0 st:0> CellLoader.LoadCellBinaryChunk start
LOG  : General      f:0 st:0> CellLoader.LoadCellBinaryChunk start
LOG  : General      f:0 st:0> MapItem.LoadWorldMap() start
LOG  : General      f:0 st:0> MapItem.LoadWorldMap() start
LOG  : General      f:0 st:0> WorldStreamer.isBusy() loop start
WARN : General      f:0 st:0 at SpriteConfig.initObjectInfo         > Invalid SpriteConfig object! scripted object = Wooden_Windows
LOG  : General      f:0 st:0> WorldStreamer.isBusy() loop end
LOG  : General      f:0 st:0> MetaTracker.load() start
LOG  : General      f:0 st:0> MetaTracker.load() end
LOG  : General      f:0 st:0> triggerEvent OnGameTimeLoaded
LOG  : Lua          f:0 st:0> LuaNet: Loading...
LOG  : Lua          f:0 st:0> LuaNet: Registering client listener...
LOG  : Lua          f:0 st:0> LuaNet: Initialization [DONE], triggering events for 'LuaNet.onInitAdd'.
LOG  : General      f:0 st:0> GlobalObjects.initSystems() start
LOG  : General      f:0 st:0> GlobalObjects.initSystems() end
LOG  : General      f:0 st:0> GameWindow.save() start
LOG  : General      f:0 st:0> GameWindow.save() end
LOG  : General      f:0 st:0> bWaitForAssetLoadingToFinish2 start
LOG  : General      f:0 st:0> bWaitForAssetLoadingToFinish2 end
LOG  : General      f:0 st:0> FBORenderChunkManager.gameLoaded() start
LOG  : General      f:0 st:0> FBORenderChunkManager.gameLoaded() end
LOG  : General      f:0 st:0> Bullet.initPhysicsMeshes() start
LOG  : General      f:0 st:0> Bullet.initPhysicsMeshes() end
LOG  : General      f:0 st:0> game loading took 25 seconds
LOG  : General      f:0 st:0> STATE: exit zombie.gameStates.GameLoadingState
LOG  : Lua          f:0 st:0> 1 players found
LOG  : Lua          f:0 st:0> player 0 is mouse
LOG  : General      f:0 st:0> Game Mode: Multiplayer
LOG  : General      f:0 st:0> Sandbox Options:
LOG  : General      f:0 st:0> Zombies 4
LOG  : General      f:0 st:0> Distribution 1
LOG  : General      f:0 st:0> ZombieVoronoiNoise true
LOG  : General      f:0 st:0> ZombieRespawn 4
LOG  : General      f:0 st:0> ZombieMigrate true
LOG  : General      f:0 st:0> DayLength 4
LOG  : General      f:0 st:0> StartYear 1
LOG  : General      f:0 st:0> StartMonth 7
LOG  : General      f:0 st:0> StartDay 9
LOG  : General      f:0 st:0> StartTime 2
LOG  : General      f:0 st:0> DayNightCycle 1
LOG  : General      f:0 st:0> ClimateCycle 1
LOG  : General      f:0 st:0> FogCycle 1
LOG  : General      f:0 st:0> WaterShut 2
LOG  : General      f:0 st:0> ElecShut 2
LOG  : General      f:0 st:0> AlarmDecay 2
LOG  : General      f:0 st:0> WaterShutModifier 14
LOG  : General      f:0 st:0> ElecShutModifier 14
LOG  : General      f:0 st:0> AlarmDecayModifier 14
LOG  : General      f:0 st:0> FoodLootNew 0.8
LOG  : General      f:0 st:0> LiteratureLootNew 0.6
LOG  : General      f:0 st:0> SkillBookLoot 0.6
LOG  : General      f:0 st:0> RecipeResourceLoot 0.6
LOG  : General      f:0 st:0> MedicalLootNew 0.6
LOG  : General      f:0 st:0> SurvivalGearsLootNew 0.6
LOG  : General      f:0 st:0> CannedFoodLootNew 0.6
LOG  : General      f:0 st:0> WeaponLootNew 0.6
LOG  : General      f:0 st:0> RangedWeaponLootNew 1.2
LOG  : General      f:0 st:0> AmmoLootNew 0.6
LOG  : General      f:0 st:0> MechanicsLootNew 0.6
LOG  : General      f:0 st:0> OtherLootNew 0.8
LOG  : General      f:0 st:0> ClothingLootNew 0.6
LOG  : General      f:0 st:0> ContainerLootNew 0.6
LOG  : General      f:0 st:0> KeyLootNew 0.4
LOG  : General      f:0 st:0> MediaLootNew 0.6
LOG  : General      f:0 st:0> MementoLootNew 0.6
LOG  : General      f:0 st:0> CookwareLootNew 0.6
LOG  : General      f:0 st:0> MaterialLootNew 0.6
LOG  : General      f:0 st:0> FarmingLootNew 0.6
LOG  : General      f:0 st:0> ToolLootNew 0.6
LOG  : General      f:0 st:0> RollsMultiplier 1.0
LOG  : General      f:0 st:0> LootItemRemovalList 
LOG  : General      f:0 st:0> RemoveStoryLoot false
LOG  : General      f:0 st:0> RemoveZombieLoot false
LOG  : General      f:0 st:0> ZombiePopLootEffect 0
LOG  : General      f:0 st:0> InsaneLootFactor 0.05
LOG  : General      f:0 st:0> ExtremeLootFactor 0.2
LOG  : General      f:0 st:0> RareLootFactor 0.6
LOG  : General      f:0 st:0> NormalLootFactor 1.0
LOG  : General      f:0 st:0> CommonLootFactor 2.0
LOG  : General      f:0 st:0> AbundantLootFactor 3.0
LOG  : General      f:0 st:0> Temperature 3
LOG  : General      f:0 st:0> Rain 3
LOG  : General      f:0 st:0> ErosionSpeed 4
LOG  : General      f:0 st:0> ErosionDays 0
LOG  : General      f:0 st:0> Farming 3
LOG  : General      f:0 st:0> CompostTime 2
LOG  : General      f:0 st:0> StatsDecrease 3
LOG  : General      f:0 st:0> NatureAbundance 3
LOG  : General      f:0 st:0> Alarm 4
LOG  : General      f:0 st:0> LockedHouses 6
LOG  : General      f:0 st:0> StarterKit false
LOG  : General      f:0 st:0> Nutrition true
LOG  : General      f:0 st:0> FoodRotSpeed 3
LOG  : General      f:0 st:0> FridgeFactor 3
LOG  : General      f:0 st:0> SeenHoursPreventLootRespawn 0
LOG  : General      f:0 st:0> HoursForLootRespawn 0
LOG  : General      f:0 st:0> MaxItemsForLootRespawn 5
LOG  : General      f:0 st:0> ConstructionPreventsLootRespawn true
LOG  : General      f:0 st:0> WorldItemRemovalList Base.Hat, Base.Glasses, Base.Maggots, Base.Slug, Base.Slug2, Base.Snail, Base.Worm, Base.Dung_Mouse, Base.Dung_Rat
LOG  : General      f:0 st:0> HoursForWorldItemRemoval 24.0
LOG  : General      f:0 st:0> ItemRemovalListBlacklistToggle false
LOG  : General      f:0 st:0> TimeSinceApo 1
LOG  : General      f:0 st:0> PlantResilience 3
LOG  : General      f:0 st:0> PlantAbundance 3
LOG  : General      f:0 st:0> EndRegen 3
LOG  : General      f:0 st:0> Helicopter 2
LOG  : General      f:0 st:0> MetaEvent 2
LOG  : General      f:0 st:0> SleepingEvent 1
LOG  : General      f:0 st:0> GeneratorFuelConsumption 0.1
LOG  : General      f:0 st:0> GeneratorSpawning 4
LOG  : General      f:0 st:0> AnnotatedMapChance 4
LOG  : General      f:0 st:0> CharacterFreePoints 0
LOG  : General      f:0 st:0> ConstructionBonusPoints 3
LOG  : General      f:0 st:0> NightDarkness 3
LOG  : General      f:0 st:0> NightLength 3
LOG  : General      f:0 st:0> BoneFracture true
LOG  : General      f:0 st:0> InjurySeverity 2
LOG  : General      f:0 st:0> HoursForCorpseRemoval 216.0
LOG  : General      f:0 st:0> DecayingCorpseHealthImpact 3
LOG  : General      f:0 st:0> ZombieHealthImpact false
LOG  : General      f:0 st:0> BloodLevel 3
LOG  : General      f:0 st:0> ClothingDegradation 3
LOG  : General      f:0 st:0> FireSpread true
LOG  : General      f:0 st:0> DaysForRottenFoodRemoval -1
LOG  : General      f:0 st:0> AllowExteriorGenerator true
LOG  : General      f:0 st:0> MaxFogIntensity 1
LOG  : General      f:0 st:0> MaxRainFxIntensity 1
LOG  : General      f:0 st:0> EnableSnowOnGround true
LOG  : General      f:0 st:0> AttackBlockMovements true
LOG  : General      f:0 st:0> SurvivorHouseChance 3
LOG  : General      f:0 st:0> VehicleStoryChance 3
LOG  : General      f:0 st:0> ZoneStoryChance 3
LOG  : General      f:0 st:0> AllClothesUnlocked false
LOG  : General      f:0 st:0> EnableTaintedWaterText true
LOG  : General      f:0 st:0> EnableVehicles true
LOG  : General      f:0 st:0> CarSpawnRate 3
LOG  : General      f:0 st:0> ZombieAttractionMultiplier 1.0
LOG  : General      f:0 st:0> VehicleEasyUse false
LOG  : General      f:0 st:0> InitialGas 2
LOG  : General      f:0 st:0> FuelStationGasInfinite false
LOG  : General      f:0 st:0> FuelStationGasMin 0.0
LOG  : General      f:0 st:0> FuelStationGasMax 0.8
LOG  : General      f:0 st:0> FuelStationGasEmptyChance 20
LOG  : General      f:0 st:0> LockedCar 4
LOG  : General      f:0 st:0> CarGasConsumption 1.0
LOG  : General      f:0 st:0> CarGeneralCondition 3
LOG  : General      f:0 st:0> CarDamageOnImpact 3
LOG  : General      f:0 st:0> DamageToPlayerFromHitByACar 1
LOG  : General      f:0 st:0> TrafficJam true
LOG  : General      f:0 st:0> CarAlarm 3
LOG  : General      f:0 st:0> PlayerDamageFromCrash true
LOG  : General      f:0 st:0> SirenShutoffHours 0.0
LOG  : General      f:0 st:0> ChanceHasGas 2
LOG  : General      f:0 st:0> RecentlySurvivorVehicles 2
LOG  : General      f:0 st:0> MultiHitZombies false
LOG  : General      f:0 st:0> RearVulnerability 3
LOG  : General      f:0 st:0> SirenEffectsZombies true
LOG  : General      f:0 st:0> AnimalStatsModifier 4
LOG  : General      f:0 st:0> AnimalMetaStatsModifier 4
LOG  : General      f:0 st:0> AnimalPregnancyTime 4
LOG  : General      f:0 st:0> AnimalAgeModifier 4
LOG  : General      f:0 st:0> AnimalMilkIncModifier 4
LOG  : General      f:0 st:0> AnimalWoolIncModifier 4
LOG  : General      f:0 st:0> AnimalRanchChance 5
LOG  : General      f:0 st:0> AnimalGrassRegrowTime 240
LOG  : General      f:0 st:0> AnimalMetaPredator false
LOG  : General      f:0 st:0> AnimalMatingSeason true
LOG  : General      f:0 st:0> AnimalEggHatch 4
LOG  : General      f:0 st:0> AnimalSoundAttractZombies true
LOG  : General      f:0 st:0> AnimalTrackChance 4
LOG  : General      f:0 st:0> AnimalPathChance 4
LOG  : General      f:0 st:0> MaximumRatIndex 25
LOG  : General      f:0 st:0> DaysUntilMaximumRatIndex 90
LOG  : General      f:0 st:0> MetaKnowledge 3
LOG  : General      f:0 st:0> SeeNotLearntRecipe true
LOG  : General      f:0 st:0> MaximumLootedBuildingRooms 50
LOG  : General      f:0 st:0> EnablePoisoning 1
LOG  : General      f:0 st:0> MaggotSpawn 1
LOG  : General      f:0 st:0> LightBulbLifespan 2.0
LOG  : General      f:0 st:0> FishAbundance 2
LOG  : General      f:0 st:0> LevelForMediaXPCutoff 3
LOG  : General      f:0 st:0> LevelForDismantleXPCutoff 0
LOG  : General      f:0 st:0> BloodSplatLifespanDays 0
LOG  : General      f:0 st:0> LiteratureCooldown 45
LOG  : General      f:0 st:0> NegativeTraitsPenalty 1
LOG  : General      f:0 st:0> MinutesPerPage 2.0
LOG  : General      f:0 st:0> KillInsideCrops true
LOG  : General      f:0 st:0> PlantGrowingSeasons true
LOG  : General      f:0 st:0> PlaceDirtAboveground false
LOG  : General      f:0 st:0> FarmingSpeedNew 1.0
LOG  : General      f:0 st:0> FarmingAmountNew 1.0
LOG  : General      f:0 st:0> MaximumLooted 25
LOG  : General      f:0 st:0> DaysUntilMaximumLooted 90
LOG  : General      f:0 st:0> RuralLooted 0.5
LOG  : General      f:0 st:0> MaximumDiminishedLoot 20
LOG  : General      f:0 st:0> DaysUntilMaximumDiminishedLoot 3650
LOG  : General      f:0 st:0> MuscleStrainFactor 0.7
LOG  : General      f:0 st:0> DiscomfortFactor 0.8
LOG  : General      f:0 st:0> WoundInfectionFactor 1.0
LOG  : General      f:0 st:0> NoBlackClothes true
LOG  : General      f:0 st:0> EasyClimbing false
LOG  : General      f:0 st:0> MaximumFireFuelHours 8
LOG  : General      f:0 st:0> FirearmUseDamageChance 2
LOG  : General      f:0 st:0> FirearmNoiseMultiplier 1.0
LOG  : General      f:0 st:0> FirearmJamMultiplier 1.0
LOG  : General      f:0 st:0> FirearmMoodleMultiplier 1.0
LOG  : General      f:0 st:0> FirearmWeatherMultiplier 1.0
LOG  : General      f:0 st:0> FirearmHeadGearEffect true
LOG  : General      f:0 st:0> ClayLakeChance 0.05
LOG  : General      f:0 st:0> ClayRiverChance 0.05
LOG  : General      f:0 st:0> GeneratorTileRange 20
LOG  : General      f:0 st:0> GeneratorVerticalPowerRange 3
LOG  : General      f:0 st:0> SpawnFrequency 4
LOG  : General      f:0 st:0> AllowMiniMap false
LOG  : General      f:0 st:0> AllowWorldMap true
LOG  : General      f:0 st:0> MapAllKnown false
LOG  : General      f:0 st:0> MapNeedsLight true
LOG  : General      f:0 st:0> Speed 4
LOG  : General      f:0 st:0> SprinterPercentage 0
LOG  : General      f:0 st:0> Strength 2
LOG  : General      f:0 st:0> Toughness 4
LOG  : General      f:0 st:0> Transmission 1
LOG  : General      f:0 st:0> Mortality 5
LOG  : General      f:0 st:0> Reanimate 3
LOG  : General      f:0 st:0> Cognition 3
LOG  : General      f:0 st:0> DoorOpeningPercentage 0
LOG  : General      f:0 st:0> CrawlUnderVehicle 5
LOG  : General      f:0 st:0> Memory 2
LOG  : General      f:0 st:0> Sight 5
LOG  : General      f:0 st:0> Hearing 5
LOG  : General      f:0 st:0> SpottedLogic true
LOG  : General      f:0 st:0> ThumpNoChasing false
LOG  : General      f:0 st:0> ThumpOnConstruction true
LOG  : General      f:0 st:0> ActiveOnly 1
LOG  : General      f:0 st:0> TriggerHouseAlarm true
LOG  : General      f:0 st:0> ZombiesDragDown true
LOG  : General      f:0 st:0> ZombiesCrawlersDragDown false
LOG  : General      f:0 st:0> ZombiesFenceLunge true
LOG  : General      f:0 st:0> ZombiesArmorFactor 2.0
LOG  : General      f:0 st:0> ZombiesMaxDefense 85
LOG  : General      f:0 st:0> ChanceOfAttachedWeapon 6
LOG  : General      f:0 st:0> ZombiesFallDamage 1.0
LOG  : General      f:0 st:0> DisableFakeDead 1
LOG  : General      f:0 st:0> PlayerSpawnZombieRemoval 1
LOG  : General      f:0 st:0> FenceThumpersRequired 25
LOG  : General      f:0 st:0> FenceDamageMultiplier 1.0
LOG  : General      f:0 st:0> PopulationMultiplier 0.65
LOG  : General      f:0 st:0> PopulationStartMultiplier 1.0
LOG  : General      f:0 st:0> PopulationPeakMultiplier 1.5
LOG  : General      f:0 st:0> PopulationPeakDay 28
LOG  : General      f:0 st:0> RespawnHours 0.0
LOG  : General      f:0 st:0> RespawnUnseenHours 0.0
LOG  : General      f:0 st:0> RespawnMultiplier 0.0
LOG  : General      f:0 st:0> RedistributeHours 12.0
LOG  : General      f:0 st:0> FollowSoundDistance 100
LOG  : General      f:0 st:0> RallyGroupSize 20
LOG  : General      f:0 st:0> RallyGroupSizeVariance 50
LOG  : General      f:0 st:0> RallyTravelDistance 20
LOG  : General      f:0 st:0> RallyGroupSeparation 15
LOG  : General      f:0 st:0> RallyGroupRadius 3
LOG  : General      f:0 st:0> ZombiesCountBeforeDelete 300
LOG  : General      f:0 st:0> Global 1.0
LOG  : General      f:0 st:0> GlobalToggle true
LOG  : General      f:0 st:0> Fitness 1.0
LOG  : General      f:0 st:0> Strength 1.0
LOG  : General      f:0 st:0> Sprinting 1.0
LOG  : General      f:0 st:0> Lightfoot 1.0
LOG  : General      f:0 st:0> Nimble 1.0
LOG  : General      f:0 st:0> Sneak 1.0
LOG  : General      f:0 st:0> Axe 1.0
LOG  : General      f:0 st:0> Blunt 1.0
LOG  : General      f:0 st:0> SmallBlunt 1.0
LOG  : General      f:0 st:0> LongBlade 1.0
LOG  : General      f:0 st:0> SmallBlade 1.0
LOG  : General      f:0 st:0> Spear 1.0
LOG  : General      f:0 st:0> Maintenance 1.0
LOG  : General      f:0 st:0> Woodwork 1.0
LOG  : General      f:0 st:0> Cooking 1.0
LOG  : General      f:0 st:0> Farming 1.0
LOG  : General      f:0 st:0> Doctor 1.0
LOG  : General      f:0 st:0> Electricity 1.0
LOG  : General      f:0 st:0> MetalWelding 1.0
LOG  : General      f:0 st:0> Mechanics 1.0
LOG  : General      f:0 st:0> Tailoring 1.0
LOG  : General      f:0 st:0> Aiming 1.0
LOG  : General      f:0 st:0> Reloading 1.0
LOG  : General      f:0 st:0> Fishing 1.0
LOG  : General      f:0 st:0> Trapping 1.0
LOG  : General      f:0 st:0> PlantScavenging 1.0
LOG  : General      f:0 st:0> FlintKnapping 1.0
LOG  : General      f:0 st:0> Masonry 1.0
LOG  : General      f:0 st:0> Pottery 1.0
LOG  : General      f:0 st:0> Carving 1.0
LOG  : General      f:0 st:0> Husbandry 1.0
LOG  : General      f:0 st:0> Tracking 1.0
LOG  : General      f:0 st:0> Blacksmith 1.0
LOG  : General      f:0 st:0> Butchering 1.0
LOG  : General      f:0 st:0> Glassmaking 1.0
LOG  : General      f:0 st:0> binkId: 3
LOG  : Lua          f:0 st:0> NLQA MP CLIENT START: username=nl-host isClient=true isServer=false
LOG  : General      f:0 st:0> Waiting for player-connect response from server
LOG  : Network      f:0 st:0> Processing delayed packets...
LOG  : Lua          f:0 st:228,529,185> LuaNet: Loading...
WARN : General      f:0 st:228,529,185 at ConnectedPacket.parse               > ReceivePlayerConnect: guid=18014626953034527 mtu=1492
LOG  : Lua          f:0 st:228,529,490> NLQA MP HOUSEHOLD RESET: isolated QA setup
LOG  : Lua          f:0 st:228,529,491> NLQA MP PLUMBOB SIZE: player:0=6x10 texture=16x22
WARN : Multiplayer  f:3 st:228,529,869 at ObjectModDataPacket.parse           > ObjectModDataPacket.parse: object is null ({ "MovingObject": { "objectType" : 1, "objectId" : 2, "squareX" : 11961, "squareY" : 7042, "squareZ" : 0 }  })
WARN : Multiplayer  f:3 st:228,529,870 at ObjectModDataPacket.parse           > ObjectModDataPacket.parse: object is null ({ "MovingObject": { "objectType" : 1, "objectId" : 1, "squareX" : 11961, "squareY" : 7075, "squareZ" : 0 }  })
WARN : Multiplayer  f:3 st:228,529,870 at ObjectModDataPacket.parse           > ObjectModDataPacket.parse: object is null ({ "MovingObject": { "objectType" : 1, "objectId" : 1, "squareX" : 11963, "squareY" : 7075, "squareZ" : 0 }  })
WARN : Multiplayer  f:12 st:228,530,508 at ObjectModDataPacket.parse           > ObjectModDataPacket.parse: object is null ({ "MovingObject": { "objectType" : 1, "objectId" : 2, "squareX" : 11847, "squareY" : 7026, "squareZ" : 0 }  })
WARN : Multiplayer  f:12 st:228,530,508 at ObjectModDataPacket.parse           > ObjectModDataPacket.parse: object is null ({ "MovingObject": { "objectType" : 1, "objectId" : 1, "squareX" : 11847, "squareY" : 7027, "squareZ" : 0 }  })
WARN : Multiplayer  f:12 st:228,530,508 at ObjectModDataPacket.parse           > ObjectModDataPacket.parse: object is null ({ "MovingObject": { "objectType" : 1, "objectId" : 1, "squareX" : 11847, "squareY" : 7029, "squareZ" : 0 }  })
WARN : Multiplayer  f:12 st:228,530,508 at ObjectModDataPacket.parse           > ObjectModDataPacket.parse: object is null ({ "MovingObject": { "objectType" : 1, "objectId" : 1, "squareX" : 11847, "squareY" : 7030, "squareZ" : 0 }  })
WARN : Multiplayer  f:12 st:228,530,509 at ObjectModDataPacket.parse           > ObjectModDataPacket.parse: object is null ({ "MovingObject": { "objectType" : 1, "objectId" : 1, "squareX" : 11854, "squareY" : 7017, "squareZ" : 0 }  })
WARN : Multiplayer  f:12 st:228,530,509 at ObjectModDataPacket.parse           > ObjectModDataPacket.parse: object is null ({ "MovingObject": { "objectType" : 1, "objectId" : 1, "squareX" : 11854, "squareY" : 7019, "squareZ" : 0 }  })
WARN : Multiplayer  f:12 st:228,530,509 at ObjectModDataPacket.parse           > ObjectModDataPacket.parse: object is null ({ "MovingObject": { "objectType" : 1, "objectId" : 1, "squareX" : 11854, "squareY" : 7021, "squareZ" : 0 }  })
WARN : Multiplayer  f:12 st:228,530,509 at ObjectModDataPacket.parse           > ObjectModDataPacket.parse: object is null ({ "MovingObject": { "objectType" : 1, "objectId" : 1, "squareX" : 11854, "squareY" : 7023, "squareZ" : 0 }  })
WARN : Multiplayer  f:12 st:228,530,510 at ObjectModDataPacket.parse           > ObjectModDataPacket.parse: object is null ({ "MovingObject": { "objectType" : 1, "objectId" : 1, "squareX" : 11855, "squareY" : 7017, "squareZ" : 0 }  })
WARN : Multiplayer  f:12 st:228,530,510 at ObjectModDataPacket.parse           > ObjectModDataPacket.parse: object is null ({ "MovingObject": { "objectType" : 1, "objectId" : 1, "squareX" : 11855, "squareY" : 7019, "squareZ" : 0 }  })
WARN : Multiplayer  f:12 st:228,530,510 at ObjectModDataPacket.parse           > ObjectModDataPacket.parse: object is null ({ "MovingObject": { "objectType" : 1, "objectId" : 1, "squareX" : 11855, "squareY" : 7021, "squareZ" : 0 }  })
WARN : Multiplayer  f:12 st:228,530,510 at ObjectModDataPacket.parse           > ObjectModDataPacket.parse: object is null ({ "MovingObject": { "objectType" : 1, "objectId" : 1, "squareX" : 11855, "squareY" : 7023, "squareZ" : 0 }  })
WARN : Multiplayer  f:12 st:228,530,510 at ObjectModDataPacket.parse           > ObjectModDataPacket.parse: object is null ({ "MovingObject": { "objectType" : 1, "objectId" : 2, "squareX" : 11848, "squareY" : 7026, "squareZ" : 0 }  })
WARN : Multiplayer  f:12 st:228,530,511 at ObjectModDataPacket.parse           > ObjectModDataPacket.parse: object is null ({ "MovingObject": { "objectType" : 1, "objectId" : 1, "squareX" : 11848, "squareY" : 7027, "squareZ" : 0 }  })
WARN : Multiplayer  f:12 st:228,530,511 at ObjectModDataPacket.parse           > ObjectModDataPacket.parse: object is null ({ "MovingObject": { "objectType" : 1, "objectId" : 1, "squareX" : 11848, "squareY" : 7029, "squareZ" : 0 }  })
WARN : Multiplayer  f:12 st:228,530,511 at ObjectModDataPacket.parse           > ObjectModDataPacket.parse: object is null ({ "MovingObject": { "objectType" : 1, "objectId" : 1, "squareX" : 11848, "squareY" : 7030, "squareZ" : 0 }  })
WARN : Multiplayer  f:12 st:228,530,511 at ObjectModDataPacket.parse           > ObjectModDataPacket.parse: object is null ({ "MovingObject": { "objectType" : 1, "objectId" : 2, "squareX" : 11849, "squareY" : 7026, "squareZ" : 0 }  })
WARN : Multiplayer  f:12 st:228,530,512 at ObjectModDataPacket.parse           > ObjectModDataPacket.parse: object is null ({ "MovingObject": { "objectType" : 1, "objectId" : 1, "squareX" : 11849, "squareY" : 7027, "squareZ" : 0 }  })
WARN : Multiplayer  f:12 st:228,530,512 at ObjectModDataPacket.parse           > ObjectModDataPacket.parse: object is null ({ "MovingObject": { "objectType" : 1, "objectId" : 1, "squareX" : 11849, "squareY" : 7029, "squareZ" : 0 }  })
WARN : Multiplayer  f:12 st:228,530,512 at ObjectModDataPacket.parse           > ObjectModDataPacket.parse: object is null ({ "MovingObject": { "objectType" : 1, "objectId" : 1, "squareX" : 11849, "squareY" : 7030, "squareZ" : 0 }  })
WARN : Multiplayer  f:12 st:228,530,513 at ObjectModDataPacket.parse           > ObjectModDataPacket.parse: object is null ({ "MovingObject": { "objectType" : 1, "objectId" : 2, "squareX" : 11850, "squareY" : 7026, "squareZ" : 0 }  })
WARN : Multiplayer  f:12 st:228,530,513 at ObjectModDataPacket.parse           > ObjectModDataPacket.parse: object is null ({ "MovingObject": { "objectType" : 1, "objectId" : 1, "squareX" : 11850, "squareY" : 7027, "squareZ" : 0 }  })
WARN : Multiplayer  f:12 st:228,530,513 at ObjectModDataPacket.parse           > ObjectModDataPacket.parse: object is null ({ "MovingObject": { "objectType" : 1, "objectId" : 1, "squareX" : 11850, "squareY" : 7029, "squareZ" : 0 }  })
WARN : Multiplayer  f:12 st:228,530,513 at ObjectModDataPacket.parse           > ObjectModDataPacket.parse: object is null ({ "MovingObject": { "objectType" : 1, "objectId" : 1, "squareX" : 11850, "squareY" : 7030, "squareZ" : 0 }  })
WARN : Multiplayer  f:12 st:228,530,513 at ObjectModDataPacket.parse           > ObjectModDataPacket.parse: object is null ({ "MovingObject": { "objectType" : 1, "objectId" : 2, "squareX" : 11851, "squareY" : 7026, "squareZ" : 0 }  })
WARN : Multiplayer  f:12 st:228,530,514 at ObjectModDataPacket.parse           > ObjectModDataPacket.parse: object is null ({ "MovingObject": { "objectType" : 1, "objectId" : 1, "squareX" : 11851, "squareY" : 7027, "squareZ" : 0 }  })
WARN : Multiplayer  f:12 st:228,530,514 at ObjectModDataPacket.parse           > ObjectModDataPacket.parse: object is null ({ "MovingObject": { "objectType" : 1, "objectId" : 1, "squareX" : 11851, "squareY" : 7029, "squareZ" : 0 }  })
WARN : Multiplayer  f:12 st:228,530,514 at ObjectModDataPacket.parse           > ObjectModDataPacket.parse: object is null ({ "MovingObject": { "objectType" : 1, "objectId" : 1, "squareX" : 11851, "squareY" : 7030, "squareZ" : 0 }  })
WARN : Multiplayer  f:12 st:228,530,514 at ObjectModDataPacket.parse           > ObjectModDataPacket.parse: object is null ({ "MovingObject": { "objectType" : 1, "objectId" : 2, "squareX" : 11852, "squareY" : 7026, "squareZ" : 0 }  })
WARN : Multiplayer  f:12 st:228,530,515 at ObjectModDataPacket.parse           > ObjectModDataPacket.parse: object is null ({ "MovingObject": { "objectType" : 1, "objectId" : 1, "squareX" : 11852, "squareY" : 7027, "squareZ" : 0 }  })
WARN : Multiplayer  f:12 st:228,530,515 at ObjectModDataPacket.parse           > ObjectModDataPacket.parse: object is null ({ "MovingObject": { "objectType" : 1, "objectId" : 1, "squareX" : 11852, "squareY" : 7029, "squareZ" : 0 }  })
WARN : Multiplayer  f:12 st:228,530,516 at ObjectModDataPacket.parse           > ObjectModDataPacket.parse: object is null ({ "MovingObject": { "objectType" : 1, "objectId" : 1, "squareX" : 11852, "squareY" : 7030, "squareZ" : 0 }  })
LOG  : Lua          f:119 st:228,532,361> NLQA MP REFRESH SENT: attempt=1 player=nl-host
LOG  : Lua          f:120 st:228,532,386> NLQA MP SNAPSHOT: username=nl-host revision=87 snapshotCount=1 message=Updated
LOG  : Lua          f:120 st:228,532,387> NLQA MP WARDROBE SNAPSHOT: slot=1 pieces=2 revision=87
LOG  : Lua          f:120 st:228,532,387> NLQA MP PRESENCE: revision=1789376616321 players=1 names=nl-host@11911.00,7071.00,0
LOG  : Lua          f:120 st:228,532,387> NLQA MP NPC PRESENCE: revision=1789376616321 count=0 entries=
LOG  : Lua          f:121 st:228,532,392> NLQA MP WARDROBE SEED REQUEST: vanilla clothing on current square
LOG  : Lua          f:121 st:228,532,395> NLQA MP WARDROBE UNEQUIP QUEUED: expected=2 queued=2
LOG  : Lua          f:122 st:228,532,425> NLQA MP WARDROBE PICKUP QUEUED: expected=2 queued=0
LOG  : Lua          f:122 st:228,532,425> NLQA MP WARDROBE SEED ACK: items=Base.Shirt_FormalWhite,Base.Trousers_Denim
LOG  : Lua          f:123 st:228,532,437> NLQA MP WARDROBE PICKUP COMPLETE: Base.Shirt_FormalWhite=1,Base.Trousers_Denim=1 source=world-transfer-action
LOG  : Lua          f:153 st:228,532,926> NLQA MP WARDROBE WEAR QUEUED: expected=2 queued=2
LOG  : Lua          f:153 st:228,532,926> NLQA MP WARDROBE WORN COMPLETE: Base.Shirt_FormalWhite=1,Base.Trousers_Denim=1 source=vanilla-wear-action
LOG  : Lua          f:181 st:228,533,393> NLQA MP WARDROBE UNEQUIP QUEUED: expected=2 queued=2
LOG  : Lua          f:183 st:228,533,426> NLQA MP WARDROBE SAVE: slot=1 source=server-authoritative-worn-items
LOG  : Lua          f:183 st:228,533,426> NLQA MP WARDROBE UI: visible=true x=345 y=135 width=590 height=450
LOG  : Lua          f:184 st:228,533,453> NLQA MP SNAPSHOT: username=nl-host revision=88 snapshotCount=2 message=Outfit 1 saved (2 pieces).
LOG  : Lua          f:184 st:228,533,453> NLQA MP WARDROBE SNAPSHOT: slot=1 pieces=2 revision=88
LOG  : Lua          f:184 st:228,533,453> NLQA MP PRESENCE: revision=1789376617384 players=1 names=nl-host@11911.00,7071.00,0
LOG  : Lua          f:184 st:228,533,460> NLQA MP NPC PRESENCE: revision=1789376617384 count=3 entries=marisol@11911.73,7072.27,0/w2,kenji@11913.73,7070.27,0/w2,amara@11912.98,7075.58,0/w1
LOG  : Lua          f:241 st:228,534,411> NLQA MP WARDROBE UNEQUIP QUEUED: expected=2 queued=1
LOG  : Lua          f:253 st:228,534,616> NLQA MP WARDROBE UNEQUIP COMPLETE: Base.Shirt_FormalWhite=0,Base.Trousers_Denim=0 source=vanilla-unequip-action
LOG  : Lua          f:283 st:228,535,121> NLQA MP WARDROBE REPLACEMENT REQUEST: slot=1 source=production-NLWardrobe.wear
LOG  : Lua          f:299 st:228,535,384> NLQA MP REMOTE SCAN: IsoPlayerCount=4 [local=nl-host] GameClient=unavailable RemoteSurvivorsCount=0 [] ObjectListForLuaCount=43 [local=nl-host | username=Marisol Vega [Neighborhood Life] x=11911.73 y=7072.27 z=0 | username=Amara Okonkwo [Neighborhood Life] x=11912.98 y=7075.58 z=0 | username=Kenji Arakawa [Neighborhood Life] x=11913.73 y=7070.27 z=0 | username=nl-guest x=11915.00 y=7069.00 z=0] productionNpcReplicas=3 productionRemoteReplicas=0 productionHouseholdFurnishings=0 productionHouseholdFurnishingClient=0 productionHouseholdFurnishingPending=0 OnlinePlayersCount=2 [local=nl-host | username=nl-guest x=11915.00 y=7069.00 z=0] productionRemoteMarkers=1 productionPresenceMarkers=0 productionNpcNativePaths=3 productionNpcFallbackReplicas=0
LOG  : Lua          f:300 st:228,535,409> NLQA MP PRESENCE: revision=1789376619338 players=2 names=nl-host@11911.00,7071.00,0,nl-guest@11915.00,7069.00,0
LOG  : Lua          f:300 st:228,535,410> NLQA MP NPC PRESENCE: revision=1789376619339 count=3 entries=marisol@11911.73,7072.27,0/w2,kenji@11913.73,7070.27,0/w2,amara@11912.98,7075.58,0/w1
LOG  : Lua          f:385 st:228,536,813> NLQA MP WARDROBE REPLACEMENT COMPLETE: Base.Shirt_FormalWhite=1,Base.Trousers_Denim=1 source=production-NLWardrobe.wear
LOG  : Lua          f:411 st:228,537,253> NLQA MP PRESENCE: revision=1789376621175 players=2 names=nl-host@11911.00,7071.00,0,nl-guest@11915.00,7069.00,0
LOG  : Lua          f:411 st:228,537,253> NLQA MP NPC PRESENCE: revision=1789376621175 count=3 entries=marisol@11911.67,7072.33,0/w2,kenji@11913.67,7070.33,0/w2,amara@11912.98,7075.50,0/w1
LOG  : Lua          f:419 st:228,537,381> NLQA MP MOVE QUEUED: from=11911.00,7071.00 to=11914,7070
LOG  : Lua          f:590 st:228,540,237> NLQA MP PRESENCE: revision=1789376624168 players=2 names=nl-host@11911.00,7071.00,0,nl-guest@11915.00,7069.00,0
LOG  : Lua          f:590 st:228,540,238> NLQA MP NPC PRESENCE: revision=1789376624168 count=3 entries=marisol@11911.61,7072.39,0/w2,kenji@11913.61,7070.39,0/w2,amara@11912.98,7075.58,0/w1
LOG  : Lua          f:599 st:228,540,377> NLQA MP REMOTE SCAN: IsoPlayerCount=4 [local=nl-host] GameClient=unavailable RemoteSurvivorsCount=0 [] ObjectListForLuaCount=43 [local=nl-host | username=Marisol Vega [Neighborhood Life] x=11911.61 y=7072.39 z=0 | username=Amara Okonkwo [Neighborhood Life] x=11912.98 y=7075.50 z=0 | username=Kenji Arakawa [Neighborhood Life] x=11913.61 y=7070.39 z=0 | username=nl-guest x=11915.00 y=7069.00 z=0] productionNpcReplicas=3 productionRemoteReplicas=0 productionHouseholdFurnishings=0 productionHouseholdFurnishingClient=0 productionHouseholdFurnishingPending=0 OnlinePlayersCount=2 [local=nl-host | username=nl-guest x=11915.00 y=7069.00 z=0] productionRemoteMarkers=1 productionPresenceMarkers=0 productionNpcNativePaths=3 productionNpcFallbackReplicas=0
LOG  : Lua          f:600 st:228,540,403> NLQA MP PRESENCE: revision=1789376624338 players=2 names=nl-host@11911.00,7071.00,0,nl-guest@11915.00,7069.00,0
LOG  : Lua          f:600 st:228,540,404> NLQA MP NPC PRESENCE: revision=1789376624338 count=3 entries=marisol@11911.61,7072.39,0/w2,kenji@11913.61,7070.39,0/w2,amara@11912.98,7075.58,0/w1
LOG  : Lua          f:839 st:228,544,378> NLQA MP SOCIAL VIEWPOINT CHECK: target=marisol square=11912,7072,0 canSee=true
LOG  : Lua          f:839 st:228,544,379> NLQA MP SOCIAL VIEWPOINT: nl-host beside marisol at 11912,7072,0
LOG  : Lua          f:858 st:228,544,703> NLQA MP NPC PRESENCE: revision=1789376628626 count=3 entries=marisol@11911.56,7072.44,0/w1,kenji@11913.56,7070.44,0/w1,amara@11912.98,7075.50,0/w1
LOG  : Lua          f:890 st:228,545,237> NLQA MP PRESENCE: revision=1789376629163 players=2 names=nl-host@11912.26,7071.23,0,nl-guest@11915.00,7069.00,0
LOG  : Lua          f:890 st:228,545,237> NLQA MP NPC PRESENCE: revision=1789376629163 count=3 entries=marisol@11911.61,7072.39,0/w1,kenji@11913.61,7070.39,0/w1,amara@11912.98,7075.58,0/w1
LOG  : Lua          f:899 st:228,545,379> NLQA MP SOCIAL REFRESH: nl-host
LOG  : Lua          f:899 st:228,545,380> NLQA MP REMOTE SCAN: IsoPlayerCount=4 [local=nl-host] GameClient=unavailable RemoteSurvivorsCount=0 [] ObjectListForLuaCount=42 [local=nl-host | username=Marisol Vega [Neighborhood Life] x=11911.52 y=7072.48 z=0 | username=Amara Okonkwo [Neighborhood Life] x=11912.50 y=7075.50 z=0 | username=Kenji Arakawa [Neighborhood Life] x=11913.52 y=7070.48 z=0 | username=nl-guest x=11915.00 y=7069.00 z=0] productionNpcReplicas=3 productionRemoteReplicas=0 productionHouseholdFurnishings=0 productionHouseholdFurnishingClient=0 productionHouseholdFurnishingPending=0 OnlinePlayersCount=2 [local=nl-host | username=nl-guest x=11915.00 y=7069.00 z=0] productionRemoteMarkers=1 productionPresenceMarkers=0 productionNpcNativePaths=3 productionNpcFallbackReplicas=0
LOG  : Lua          f:900 st:228,545,403> NLQA MP PRESENCE: revision=1789376629334 players=2 names=nl-host@11912.53,7070.50,0,nl-guest@11915.00,7069.00,0
LOG  : Lua          f:900 st:228,545,403> NLQA MP NPC PRESENCE: revision=1789376629334 count=3 entries=marisol@11911.61,7072.39,0/w1,kenji@11913.61,7070.39,0/w1,amara@11912.98,7075.58,0/w1
LOG  : Lua          f:900 st:228,545,404> NLQA MP SOCIAL SNAPSHOT: message=Updated username=nl-host entries=marisol/canInteract=true/met=true/friendship=60,kenji/canInteract=true/met=false/friendship=0,amara/canInteract=false/met=false/friendship=0
LOG  : Lua          f:901 st:228,545,411> NLQA MP SOCIAL ACTION SCHEDULED: chat id=marisol
LOG  : Lua          f:1190 st:228,550,237> NLQA MP PRESENCE: revision=1789376634171 players=2 names=nl-host@11914.50,7070.50,0,nl-guest@11914.00,7070.00,0
LOG  : Lua          f:1190 st:228,550,237> NLQA MP NPC PRESENCE: revision=1789376634171 count=3 entries=marisol@11911.67,7072.33,0/w1,kenji@11913.67,7070.33,0/w1,amara@11912.98,7075.50,0/w1
LOG  : Lua          f:1199 st:228,550,374> NLQA MP REMOTE SCAN: IsoPlayerCount=4 [local=nl-host] GameClient=unavailable RemoteSurvivorsCount=0 [] ObjectListForLuaCount=42 [local=nl-host | username=Marisol Vega [Neighborhood Life] x=11911.58 y=7072.42 z=0 | username=Amara Okonkwo [Neighborhood Life] x=11912.50 y=7075.50 z=0 | username=Kenji Arakawa [Neighborhood Life] x=11913.58 y=7070.42 z=0 | username=nl-guest x=11914.00 y=7070.00 z=0] productionNpcReplicas=3 productionRemoteReplicas=0 productionHouseholdFurnishings=0 productionHouseholdFurnishingClient=0 productionHouseholdFurnishingPending=0 OnlinePlayersCount=2 [local=nl-host | username=nl-guest x=11914.00 y=7070.00 z=0] productionRemoteMarkers=1 productionPresenceMarkers=0 productionNpcNativePaths=3 productionNpcFallbackReplicas=0
LOG  : Lua          f:1200 st:228,550,403> NLQA MP PRESENCE: revision=1789376634332 players=2 names=nl-host@11914.50,7070.50,0,nl-guest@11914.00,7070.00,0
LOG  : Lua          f:1200 st:228,550,403> NLQA MP NPC PRESENCE: revision=1789376634332 count=3 entries=marisol@11911.67,7072.33,0/w1,kenji@11913.67,7070.33,0/w1,amara@11912.98,7075.50,0/w1
LOG  : Lua          f:1490 st:228,555,236> NLQA MP PRESENCE: revision=1789376639165 players=2 names=nl-host@11914.50,7070.50,0,nl-guest@11914.00,7070.00,0
LOG  : Lua          f:1490 st:228,555,237> NLQA MP NPC PRESENCE: revision=1789376639165 count=3 entries=marisol@11911.78,7072.22,0/w1,kenji@11913.78,7070.22,0/w1,amara@11912.98,7075.50,0/w1
LOG  : Lua          f:1499 st:228,555,375> NLQA MP REMOTE SCAN: IsoPlayerCount=4 [local=nl-host] GameClient=unavailable RemoteSurvivorsCount=0 [] ObjectListForLuaCount=42 [local=nl-host | username=Marisol Vega [Neighborhood Life] x=11911.59 y=7072.41 z=0 | username=Amara Okonkwo [Neighborhood Life] x=11912.50 y=7075.50 z=0 | username=Kenji Arakawa [Neighborhood Life] x=11913.59 y=7070.41 z=0 | username=nl-guest x=11914.00 y=7070.00 z=0] productionNpcReplicas=3 productionRemoteReplicas=0 productionHouseholdFurnishings=0 productionHouseholdFurnishingClient=0 productionHouseholdFurnishingPending=0 OnlinePlayersCount=2 [local=nl-host | username=nl-guest x=11914.00 y=7070.00 z=0] productionRemoteMarkers=1 productionPresenceMarkers=0 productionNpcNativePaths=3 productionNpcFallbackReplicas=0
LOG  : Lua          f:1500 st:228,555,403> NLQA MP PRESENCE: revision=1789376639330 players=2 names=nl-host@11914.50,7070.50,0,nl-guest@11914.00,7070.00,0
LOG  : Lua          f:1500 st:228,555,403> NLQA MP NPC PRESENCE: revision=1789376639330 count=3 entries=marisol@11911.78,7072.22,0/w1,kenji@11913.78,7070.22,0/w1,amara@11912.98,7075.50,0/w1
WARN : Multiplayer  f:1554 st:228,556,303 at ObjectModDataPacket.parse           > ObjectModDataPacket.parse: object is null ({ "MovingObject": { "objectType" : 1, "objectId" : 1, "squareX" : 11854, "squareY" : 7017, "squareZ" : 0 }  })
WARN : Multiplayer  f:1554 st:228,556,303 at ObjectModDataPacket.parse           > ObjectModDataPacket.parse: object is null ({ "MovingObject": { "objectType" : 1, "objectId" : 1, "squareX" : 11854, "squareY" : 7019, "squareZ" : 0 }  })
WARN : Multiplayer  f:1554 st:228,556,304 at ObjectModDataPacket.parse           > ObjectModDataPacket.parse: object is null ({ "MovingObject": { "objectType" : 1, "objectId" : 1, "squareX" : 11854, "squareY" : 7021, "squareZ" : 0 }  })
WARN : Multiplayer  f:1554 st:228,556,304 at ObjectModDataPacket.parse           > ObjectModDataPacket.parse: object is null ({ "MovingObject": { "objectType" : 1, "objectId" : 1, "squareX" : 11854, "squareY" : 7023, "squareZ" : 0 }  })
WARN : Multiplayer  f:1554 st:228,556,304 at ObjectModDataPacket.parse           > ObjectModDataPacket.parse: object is null ({ "MovingObject": { "objectType" : 1, "objectId" : 1, "squareX" : 11855, "squareY" : 7017, "squareZ" : 0 }  })
WARN : Multiplayer  f:1554 st:228,556,304 at ObjectModDataPacket.parse           > ObjectModDataPacket.parse: object is null ({ "MovingObject": { "objectType" : 1, "objectId" : 1, "squareX" : 11855, "squareY" : 7019, "squareZ" : 0 }  })
WARN : Multiplayer  f:1554 st:228,556,304 at ObjectModDataPacket.parse           > ObjectModDataPacket.parse: object is null ({ "MovingObject": { "objectType" : 1, "objectId" : 1, "squareX" : 11855, "squareY" : 7021, "squareZ" : 0 }  })
WARN : Multiplayer  f:1554 st:228,556,304 at ObjectModDataPacket.parse           > ObjectModDataPacket.parse: object is null ({ "MovingObject": { "objectType" : 1, "objectId" : 1, "squareX" : 11855, "squareY" : 7023, "squareZ" : 0 }  })
WARN : Multiplayer  f:1554 st:228,556,304 at ObjectModDataPacket.parse           > ObjectModDataPacket.parse: object is null ({ "MovingObject": { "objectType" : 1, "objectId" : 2, "squareX" : 11851, "squareY" : 7026, "squareZ" : 0 }  })
WARN : Multiplayer  f:1554 st:228,556,304 at ObjectModDataPacket.parse           > ObjectModDataPacket.parse: object is null ({ "MovingObject": { "objectType" : 1, "objectId" : 1, "squareX" : 11851, "squareY" : 7027, "squareZ" : 0 }  })
WARN : Multiplayer  f:1554 st:228,556,304 at ObjectModDataPacket.parse           > ObjectModDataPacket.parse: object is null ({ "MovingObject": { "objectType" : 1, "objectId" : 1, "squareX" : 11851, "squareY" : 7029, "squareZ" : 0 }  })
WARN : Multiplayer  f:1554 st:228,556,304 at ObjectModDataPacket.parse           > ObjectModDataPacket.parse: object is null ({ "MovingObject": { "objectType" : 1, "objectId" : 1, "squareX" : 11851, "squareY" : 7030, "squareZ" : 0 }  })
WARN : Multiplayer  f:1554 st:228,556,304 at ObjectModDataPacket.parse           > ObjectModDataPacket.parse: object is null ({ "MovingObject": { "objectType" : 1, "objectId" : 2, "squareX" : 11852, "squareY" : 7026, "squareZ" : 0 }  })
WARN : Multiplayer  f:1554 st:228,556,305 at ObjectModDataPacket.parse           > ObjectModDataPacket.parse: object is null ({ "MovingObject": { "objectType" : 1, "objectId" : 1, "squareX" : 11852, "squareY" : 7027, "squareZ" : 0 }  })
WARN : Multiplayer  f:1554 st:228,556,305 at ObjectModDataPacket.parse           > ObjectModDataPacket.parse: object is null ({ "MovingObject": { "objectType" : 1, "objectId" : 1, "squareX" : 11852, "squareY" : 7029, "squareZ" : 0 }  })
WARN : Multiplayer  f:1554 st:228,556,305 at ObjectModDataPacket.parse           > ObjectModDataPacket.parse: object is null ({ "MovingObject": { "objectType" : 1, "objectId" : 1, "squareX" : 11852, "squareY" : 7030, "squareZ" : 0 }  })
WARN : Multiplayer  f:1554 st:228,556,305 at ObjectModDataPacket.parse           > ObjectModDataPacket.parse: object is null ({ "MovingObject": { "objectType" : 1, "objectId" : 1, "squareX" : 11856, "squareY" : 7017, "squareZ" : 0 }  })
WARN : Multiplayer  f:1554 st:228,556,305 at ObjectModDataPacket.parse           > ObjectModDataPacket.parse: object is null ({ "MovingObject": { "objectType" : 1, "objectId" : 1, "squareX" : 11856, "squareY" : 7019, "squareZ" : 0 }  })
WARN : Multiplayer  f:1554 st:228,556,305 at ObjectModDataPacket.parse           > ObjectModDataPacket.parse: object is null ({ "MovingObject": { "objectType" : 1, "objectId" : 1, "squareX" : 11856, "squareY" : 7021, "squareZ" : 0 }  })
WARN : Multiplayer  f:1554 st:228,556,305 at ObjectModDataPacket.parse           > ObjectModDataPacket.parse: object is null ({ "MovingObject": { "objectType" : 1, "objectId" : 1, "squareX" : 11856, "squareY" : 7023, "squareZ" : 0 }  })
WARN : Multiplayer  f:1554 st:228,556,305 at ObjectModDataPacket.parse           > ObjectModDataPacket.parse: object is null ({ "MovingObject": { "objectType" : 1, "objectId" : 1, "squareX" : 11857, "squareY" : 7017, "squareZ" : 0 }  })
WARN : Multiplayer  f:1554 st:228,556,305 at ObjectModDataPacket.parse           > ObjectModDataPacket.parse: object is null ({ "MovingObject": { "objectType" : 1, "objectId" : 1, "squareX" : 11857, "squareY" : 7019, "squareZ" : 0 }  })
WARN : Multiplayer  f:1554 st:228,556,305 at ObjectModDataPacket.parse           > ObjectModDataPacket.parse: object is null ({ "MovingObject": { "objectType" : 1, "objectId" : 1, "squareX" : 11857, "squareY" : 7021, "squareZ" : 0 }  })
WARN : Multiplayer  f:1554 st:228,556,305 at ObjectModDataPacket.parse           > ObjectModDataPacket.parse: object is null ({ "MovingObject": { "objectType" : 1, "objectId" : 1, "squareX" : 11857, "squareY" : 7023, "squareZ" : 0 }  })
WARN : Multiplayer  f:1554 st:228,556,306 at ObjectModDataPacket.parse           > ObjectModDataPacket.parse: object is null ({ "MovingObject": { "objectType" : 1, "objectId" : 1, "squareX" : 11858, "squareY" : 7017, "squareZ" : 0 }  })
WARN : Multiplayer  f:1554 st:228,556,306 at ObjectModDataPacket.parse           > ObjectModDataPacket.parse: object is null ({ "MovingObject": { "objectType" : 1, "objectId" : 1, "squareX" : 11858, "squareY" : 7019, "squareZ" : 0 }  })
WARN : Multiplayer  f:1554 st:228,556,306 at ObjectModDataPacket.parse           > ObjectModDataPacket.parse: object is null ({ "MovingObject": { "objectType" : 1, "objectId" : 1, "squareX" : 11858, "squareY" : 7021, "squareZ" : 0 }  })
WARN : Multiplayer  f:1554 st:228,556,306 at ObjectModDataPacket.parse           > ObjectModDataPacket.parse: object is null ({ "MovingObject": { "objectType" : 1, "objectId" : 1, "squareX" : 11858, "squareY" : 7023, "squareZ" : 0 }  })
WARN : Multiplayer  f:1554 st:228,556,306 at ObjectModDataPacket.parse           > ObjectModDataPacket.parse: object is null ({ "MovingObject": { "objectType" : 1, "objectId" : 1, "squareX" : 11859, "squareY" : 7017, "squareZ" : 0 }  })
WARN : Multiplayer  f:1554 st:228,556,306 at ObjectModDataPacket.parse           > ObjectModDataPacket.parse: object is null ({ "MovingObject": { "objectType" : 1, "objectId" : 1, "squareX" : 11859, "squareY" : 7019, "squareZ" : 0 }  })
WARN : Multiplayer  f:1554 st:228,556,307 at ObjectModDataPacket.parse           > ObjectModDataPacket.parse: object is null ({ "MovingObject": { "objectType" : 1, "objectId" : 1, "squareX" : 11859, "squareY" : 7021, "squareZ" : 0 }  })
WARN : Multiplayer  f:1554 st:228,556,307 at ObjectModDataPacket.parse           > ObjectModDataPacket.parse: object is null ({ "MovingObject": { "objectType" : 1, "objectId" : 1, "squareX" : 11859, "squareY" : 7023, "squareZ" : 0 }  })
WARN : Multiplayer  f:1554 st:228,556,307 at ObjectModDataPacket.parse           > ObjectModDataPacket.parse: object is null ({ "MovingObject": { "objectType" : 1, "objectId" : 1, "squareX" : 11860, "squareY" : 7017, "squareZ" : 0 }  })
WARN : Multiplayer  f:1554 st:228,556,307 at ObjectModDataPacket.parse           > ObjectModDataPacket.parse: object is null ({ "MovingObject": { "objectType" : 1, "objectId" : 1, "squareX" : 11860, "squareY" : 7019, "squareZ" : 0 }  })
WARN : Multiplayer  f:1554 st:228,556,307 at ObjectModDataPacket.parse           > ObjectModDataPacket.parse: object is null ({ "MovingObject": { "objectType" : 1, "objectId" : 1, "squareX" : 11860, "squareY" : 7021, "squareZ" : 0 }  })
WARN : Multiplayer  f:1554 st:228,556,307 at ObjectModDataPacket.parse           > ObjectModDataPacket.parse: object is null ({ "MovingObject": { "objectType" : 1, "objectId" : 1, "squareX" : 11860, "squareY" : 7023, "squareZ" : 0 }  })
WARN : Multiplayer  f:1554 st:228,556,307 at ObjectModDataPacket.parse           > ObjectModDataPacket.parse: object is null ({ "MovingObject": { "objectType" : 1, "objectId" : 1, "squareX" : 11861, "squareY" : 7017, "squareZ" : 0 }  })
WARN : Multiplayer  f:1554 st:228,556,307 at ObjectModDataPacket.parse           > ObjectModDataPacket.parse: object is null ({ "MovingObject": { "objectType" : 1, "objectId" : 1, "squareX" : 11861, "squareY" : 7019, "squareZ" : 0 }  })
WARN : Multiplayer  f:1554 st:228,556,307 at ObjectModDataPacket.parse           > ObjectModDataPacket.parse: object is null ({ "MovingObject": { "objectType" : 1, "objectId" : 1, "squareX" : 11861, "squareY" : 7021, "squareZ" : 0 }  })
WARN : Multiplayer  f:1554 st:228,556,307 at ObjectModDataPacket.parse           > ObjectModDataPacket.parse: object is null ({ "MovingObject": { "objectType" : 1, "objectId" : 1, "squareX" : 11861, "squareY" : 7023, "squareZ" : 0 }  })
WARN : Multiplayer  f:1554 st:228,556,307 at ObjectModDataPacket.parse           > ObjectModDataPacket.parse: object is null ({ "MovingObject": { "objectType" : 1, "objectId" : 1, "squareX" : 11862, "squareY" : 7017, "squareZ" : 0 }  })
WARN : Multiplayer  f:1554 st:228,556,308 at ObjectModDataPacket.parse           > ObjectModDataPacket.parse: object is null ({ "MovingObject": { "objectType" : 1, "objectId" : 1, "squareX" : 11862, "squareY" : 7019, "squareZ" : 0 }  })
WARN : Multiplayer  f:1554 st:228,556,308 at ObjectModDataPacket.parse           > ObjectModDataPacket.parse: object is null ({ "MovingObject": { "objectType" : 1, "objectId" : 1, "squareX" : 11862, "squareY" : 7021, "squareZ" : 0 }  })
WARN : Multiplayer  f:1554 st:228,556,308 at ObjectModDataPacket.parse           > ObjectModDataPacket.parse: object is null ({ "MovingObject": { "objectType" : 1, "objectId" : 1, "squareX" : 11862, "squareY" : 7023, "squareZ" : 0 }  })
LOG  : Lua          f:1578 st:228,556,703> NLQA MP NPC PRESENCE: revision=1789376640624 count=3 entries=marisol@11911.78,7072.22,0/w1,kenji@11913.78,7070.22,0/w1,amara@11912.98,7075.50,0/w1
LOG  : Lua          f:1790 st:228,560,237> NLQA MP PRESENCE: revision=1789376644171 players=2 names=nl-host@11914.50,7070.50,0,nl-guest@11914.00,7070.00,0
LOG  : Lua          f:1790 st:228,560,237> NLQA MP NPC PRESENCE: revision=1789376644171 count=3 entries=marisol@11911.84,7072.16,0/w1,kenji@11913.84,7070.16,0/w1,amara@11912.98,7075.58,0/w1
LOG  : Lua          f:1799 st:228,560,375> NLQA MP REMOTE SCAN: IsoPlayerCount=4 [local=nl-host] GameClient=unavailable RemoteSurvivorsCount=0 [] ObjectListForLuaCount=42 [local=nl-host | username=Marisol Vega [Neighborhood Life] x=11911.50 y=7072.50 z=0 | username=Amara Okonkwo [Neighborhood Life] x=11912.50 y=7075.50 z=0 | username=Kenji Arakawa [Neighborhood Life] x=11913.50 y=7070.50 z=0 | username=nl-guest x=11914.00 y=7070.00 z=0] productionNpcReplicas=3 productionRemoteReplicas=0 productionHouseholdFurnishings=0 productionHouseholdFurnishingClient=0 productionHouseholdFurnishingPending=0 OnlinePlayersCount=2 [local=nl-host | username=nl-guest x=11914.00 y=7070.00 z=0] productionRemoteMarkers=1 productionPresenceMarkers=0 productionNpcNativePaths=3 productionNpcFallbackReplicas=0
LOG  : Lua          f:1800 st:228,560,403> NLQA MP PRESENCE: revision=1789376644331 players=2 names=nl-host@11914.50,7070.50,0,nl-guest@11914.00,7070.00,0
LOG  : Lua          f:1800 st:228,560,404> NLQA MP NPC PRESENCE: revision=1789376644331 count=3 entries=marisol@11911.90,7072.10,0/w1,kenji@11913.90,7070.10,0/w1,amara@11912.98,7075.58,0/w1
LOG  : Lua          f:2090 st:228,565,236> NLQA MP PRESENCE: revision=1789376649166 players=2 names=nl-host@11914.50,7070.50,0,nl-guest@11914.00,7070.00,0
LOG  : Lua          f:2090 st:228,565,237> NLQA MP NPC PRESENCE: revision=1789376649166 count=3 entries=marisol@11911.95,7072.05,0/w1,kenji@11913.95,7070.05,0/w1,amara@11912.98,7075.58,0/w1
LOG  : Lua          f:2099 st:228,565,375> NLQA MP REMOTE SCAN: IsoPlayerCount=4 [local=nl-host] GameClient=unavailable RemoteSurvivorsCount=0 [] ObjectListForLuaCount=42 [local=nl-host | username=Marisol Vega [Neighborhood Life] x=11911.50 y=7072.50 z=0 | username=Amara Okonkwo [Neighborhood Life] x=11912.68 y=7075.53 z=0 | username=Kenji Arakawa [Neighborhood Life] x=11913.50 y=7070.50 z=0 | username=nl-guest x=11914.00 y=7070.00 z=0] productionNpcReplicas=3 productionRemoteReplicas=0 productionHouseholdFurnishings=0 productionHouseholdFurnishingClient=0 productionHouseholdFurnishingPending=0 OnlinePlayersCount=2 [local=nl-host | username=nl-guest x=11914.00 y=7070.00 z=0] productionRemoteMarkers=1 productionPresenceMarkers=0 productionNpcNativePaths=3 productionNpcFallbackReplicas=0
LOG  : Lua          f:2100 st:228,565,403> NLQA MP PRESENCE: revision=1789376649336 players=2 names=nl-host@11914.50,7070.50,0,nl-guest@11914.00,7070.00,0
LOG  : Lua          f:2100 st:228,565,403> NLQA MP NPC PRESENCE: revision=1789376649336 count=3 entries=marisol@11911.95,7072.05,0/w1,kenji@11913.95,7070.05,0/w1,amara@11912.98,7075.58,0/w1
LOG  : Lua          f:2298 st:228,568,703> NLQA MP NPC PRESENCE: revision=1789376652624 count=3 entries=marisol@11912.01,7071.99,0/w1,kenji@11914.01,7069.99,0/w1,amara@11912.98,7075.50,0/w1
LOG  : Lua          f:2390 st:228,570,236> NLQA MP PRESENCE: revision=1789376654166 players=2 names=nl-host@11914.50,7070.50,0,nl-guest@11914.00,7070.00,0
LOG  : Lua          f:2390 st:228,570,237> NLQA MP NPC PRESENCE: revision=1789376654166 count=3 entries=marisol@11912.07,7071.93,0/w1,kenji@11914.07,7069.93,0/w1,amara@11912.98,7075.58,0/w1
LOG  : Lua          f:2399 st:228,570,374> NLQA MP REMOTE SCAN: IsoPlayerCount=4 [local=nl-host] GameClient=unavailable RemoteSurvivorsCount=0 [] ObjectListForLuaCount=42 [local=nl-host | username=Marisol Vega [Neighborhood Life] x=11912.07 y=7071.93 z=0 | username=Amara Okonkwo [Neighborhood Life] x=11912.51 y=7075.50 z=0 | username=Kenji Arakawa [Neighborhood Life] x=11914.07 y=7069.93 z=0 | username=nl-guest x=11914.00 y=7070.00 z=0] productionNpcReplicas=3 productionRemoteReplicas=0 productionHouseholdFurnishings=0 productionHouseholdFurnishingClient=0 productionHouseholdFurnishingPending=0 OnlinePlayersCount=2 [local=nl-host | username=nl-guest x=11914.00 y=7070.00 z=0] productionRemoteMarkers=1 productionPresenceMarkers=0 productionNpcNativePaths=3 productionNpcFallbackReplicas=0
LOG  : Lua          f:2400 st:228,570,403> NLQA MP PRESENCE: revision=1789376654337 players=2 names=nl-host@11914.50,7070.50,0,nl-guest@11914.00,7070.00,0
LOG  : Lua          f:2400 st:228,570,403> NLQA MP NPC PRESENCE: revision=1789376654337 count=3 entries=marisol@11912.07,7071.93,0/w1,kenji@11914.07,7069.93,0/w1,amara@11912.98,7075.58,0/w1
LOG  : Lua          f:2690 st:228,575,236> NLQA MP PRESENCE: revision=1789376659171 players=2 names=nl-host@11914.50,7070.50,0,nl-guest@11914.00,7070.00,0
LOG  : Lua          f:2690 st:228,575,237> NLQA MP NPC PRESENCE: revision=1789376659171 count=3 entries=marisol@11912.12,7071.88,0/w1,kenji@11914.12,7069.88,0/w1,amara@11912.98,7075.50,0/w1
LOG  : Lua          f:2700 st:228,575,403> NLQA MP PRESENCE: revision=1789376659328 players=2 names=nl-host@11914.50,7070.50,0,nl-guest@11914.00,7070.00,0
LOG  : Lua          f:2700 st:228,575,403> NLQA MP NPC PRESENCE: revision=1789376659328 count=3 entries=marisol@11912.12,7071.88,0/w1,kenji@11914.12,7069.88,0/w1,amara@11912.98,7075.50,0/w1
LOG  : Lua          f:2990 st:228,580,237> NLQA MP PRESENCE: revision=1789376664167 players=2 names=nl-host@11914.50,7070.50,0,nl-guest@11914.00,7070.00,0
LOG  : Lua          f:2990 st:228,580,237> NLQA MP NPC PRESENCE: revision=1789376664167 count=3 entries=marisol@11912.24,7071.76,0/w1,kenji@11914.24,7069.76,0/w1,amara@11912.98,7075.50,0/w1
LOG  : Lua          f:3000 st:228,580,403> NLQA MP PRESENCE: revision=1789376664332 players=2 names=nl-host@11914.50,7070.50,0,nl-guest@11914.00,7070.00,0
LOG  : Lua          f:3000 st:228,580,403> NLQA MP NPC PRESENCE: revision=1789376664332 count=3 entries=marisol@11912.24,7071.76,0/w1,kenji@11914.24,7069.76,0/w1,amara@11912.98,7075.50,0/w1
LOG  : Lua          f:3018 st:228,580,703> NLQA MP NPC PRESENCE: revision=1789376664625 count=3 entries=marisol@11912.24,7071.76,0/w1,kenji@11914.24,7069.76,0/w1,amara@11912.98,7075.50,0/w1
LOG  : Lua          f:3291 st:228,585,253> NLQA MP PRESENCE: revision=1789376669171 players=2 names=nl-host@11914.50,7070.50,0,nl-guest@11914.00,7070.00,0
LOG  : Lua          f:3291 st:228,585,253> NLQA MP NPC PRESENCE: revision=1789376669171 count=3 entries=marisol@11912.29,7071.71,0/w1,kenji@11914.29,7069.71,0/w1,amara@11912.98,7075.58,0/w1
LOG  : Lua          f:3300 st:228,585,403> NLQA MP PRESENCE: revision=1789376669337 players=2 names=nl-host@11914.50,7070.50,0,nl-guest@11914.00,7070.00,0
LOG  : Lua          f:3300 st:228,585,403> NLQA MP NPC PRESENCE: revision=1789376669337 count=3 entries=marisol@11912.35,7071.65,0/w1,kenji@11914.35,7069.65,0/w1,amara@11912.98,7075.50,0/w1
LOG  : Lua          f:3590 st:228,590,236> NLQA MP PRESENCE: revision=1789376674165 players=2 names=nl-host@11914.50,7070.50,0,nl-guest@11914.00,7070.00,0
LOG  : Lua          f:3590 st:228,590,237> NLQA MP NPC PRESENCE: revision=1789376674165 count=3 entries=marisol@11912.41,7071.59,0/w1,kenji@11914.41,7069.59,0/w1,amara@11912.98,7075.58,0/w1
LOG  : Lua          f:3600 st:228,590,403> NLQA MP PRESENCE: revision=1789376674335 players=2 names=nl-host@11914.50,7070.50,0,nl-guest@11914.00,7070.00,0
LOG  : Lua          f:3600 st:228,590,403> NLQA MP NPC PRESENCE: revision=1789376674335 count=3 entries=marisol@11912.41,7071.59,0/w1,kenji@11914.41,7069.59,0/w1,amara@11912.98,7075.58,0/w1
LOG  : Lua          f:3738 st:228,592,703> NLQA MP NPC PRESENCE: revision=1789376676628 count=3 entries=marisol@11912.46,7071.54,0/w1,kenji@11914.46,7069.54,0/w1,amara@11912.98,7075.50,0/w1
WARN : Multiplayer  f:3817 st:228,594,020 at ObjectModDataPacket.parse           > ObjectModDataPacket.parse: object is null ({ "MovingObject": { "objectType" : 1, "objectId" : 1, "squareX" : 11854, "squareY" : 7017, "squareZ" : 0 }  })
WARN : Multiplayer  f:3817 st:228,594,020 at ObjectModDataPacket.parse           > ObjectModDataPacket.parse: object is null ({ "MovingObject": { "objectType" : 1, "objectId" : 1, "squareX" : 11854, "squareY" : 7019, "squareZ" : 0 }  })
WARN : Multiplayer  f:3817 st:228,594,020 at ObjectModDataPacket.parse           > ObjectModDataPacket.parse: object is null ({ "MovingObject": { "objectType" : 1, "objectId" : 1, "squareX" : 11854, "squareY" : 7021, "squareZ" : 0 }  })
WARN : Multiplayer  f:3817 st:228,594,020 at ObjectModDataPacket.parse           > ObjectModDataPacket.parse: object is null ({ "MovingObject": { "objectType" : 1, "objectId" : 1, "squareX" : 11854, "squareY" : 7023, "squareZ" : 0 }  })
WARN : Multiplayer  f:3817 st:228,594,020 at ObjectModDataPacket.parse           > ObjectModDataPacket.parse: object is null ({ "MovingObject": { "objectType" : 1, "objectId" : 1, "squareX" : 11855, "squareY" : 7017, "squareZ" : 0 }  })
WARN : Multiplayer  f:3817 st:228,594,020 at ObjectModDataPacket.parse           > ObjectModDataPacket.parse: object is null ({ "MovingObject": { "objectType" : 1, "objectId" : 1, "squareX" : 11855, "squareY" : 7019, "squareZ" : 0 }  })
WARN : Multiplayer  f:3817 st:228,594,020 at ObjectModDataPacket.parse           > ObjectModDataPacket.parse: object is null ({ "MovingObject": { "objectType" : 1, "objectId" : 1, "squareX" : 11855, "squareY" : 7021, "squareZ" : 0 }  })
WARN : Multiplayer  f:3817 st:228,594,021 at ObjectModDataPacket.parse           > ObjectModDataPacket.parse: object is null ({ "MovingObject": { "objectType" : 1, "objectId" : 1, "squareX" : 11855, "squareY" : 7023, "squareZ" : 0 }  })
WARN : Multiplayer  f:3817 st:228,594,021 at ObjectModDataPacket.parse           > ObjectModDataPacket.parse: object is null ({ "MovingObject": { "objectType" : 1, "objectId" : 2, "squareX" : 11851, "squareY" : 7026, "squareZ" : 0 }  })
WARN : Multiplayer  f:3817 st:228,594,021 at ObjectModDataPacket.parse           > ObjectModDataPacket.parse: object is null ({ "MovingObject": { "objectType" : 1, "objectId" : 1, "squareX" : 11851, "squareY" : 7027, "squareZ" : 0 }  })
WARN : Multiplayer  f:3817 st:228,594,021 at ObjectModDataPacket.parse           > ObjectModDataPacket.parse: object is null ({ "MovingObject": { "objectType" : 1, "objectId" : 1, "squareX" : 11851, "squareY" : 7029, "squareZ" : 0 }  })
WARN : Multiplayer  f:3817 st:228,594,021 at ObjectModDataPacket.parse           > ObjectModDataPacket.parse: object is null ({ "MovingObject": { "objectType" : 1, "objectId" : 1, "squareX" : 11851, "squareY" : 7030, "squareZ" : 0 }  })
WARN : Multiplayer  f:3817 st:228,594,021 at ObjectModDataPacket.parse           > ObjectModDataPacket.parse: object is null ({ "MovingObject": { "objectType" : 1, "objectId" : 2, "squareX" : 11852, "squareY" : 7026, "squareZ" : 0 }  })
WARN : Multiplayer  f:3817 st:228,594,021 at ObjectModDataPacket.parse           > ObjectModDataPacket.parse: object is null ({ "MovingObject": { "objectType" : 1, "objectId" : 1, "squareX" : 11852, "squareY" : 7027, "squareZ" : 0 }  })
WARN : Multiplayer  f:3817 st:228,594,021 at ObjectModDataPacket.parse           > ObjectModDataPacket.parse: object is null ({ "MovingObject": { "objectType" : 1, "objectId" : 1, "squareX" : 11852, "squareY" : 7029, "squareZ" : 0 }  })
WARN : Multiplayer  f:3817 st:228,594,021 at ObjectModDataPacket.parse           > ObjectModDataPacket.parse: object is null ({ "MovingObject": { "objectType" : 1, "objectId" : 1, "squareX" : 11852, "squareY" : 7030, "squareZ" : 0 }  })
WARN : Multiplayer  f:3817 st:228,594,021 at ObjectModDataPacket.parse           > ObjectModDataPacket.parse: object is null ({ "MovingObject": { "objectType" : 1, "objectId" : 1, "squareX" : 11856, "squareY" : 7017, "squareZ" : 0 }  })
WARN : Multiplayer  f:3817 st:228,594,021 at ObjectModDataPacket.parse           > ObjectModDataPacket.parse: object is null ({ "MovingObject": { "objectType" : 1, "objectId" : 1, "squareX" : 11856, "squareY" : 7019, "squareZ" : 0 }  })
WARN : Multiplayer  f:3817 st:228,594,021 at ObjectModDataPacket.parse           > ObjectModDataPacket.parse: object is null ({ "MovingObject": { "objectType" : 1, "objectId" : 1, "squareX" : 11856, "squareY" : 7021, "squareZ" : 0 }  })
WARN : Multiplayer  f:3817 st:228,594,021 at ObjectModDataPacket.parse           > ObjectModDataPacket.parse: object is null ({ "MovingObject": { "objectType" : 1, "objectId" : 1, "squareX" : 11856, "squareY" : 7023, "squareZ" : 0 }  })
WARN : Multiplayer  f:3817 st:228,594,022 at ObjectModDataPacket.parse           > ObjectModDataPacket.parse: object is null ({ "MovingObject": { "objectType" : 1, "objectId" : 1, "squareX" : 11857, "squareY" : 7017, "squareZ" : 0 }  })
WARN : Multiplayer  f:3817 st:228,594,022 at ObjectModDataPacket.parse           > ObjectModDataPacket.parse: object is null ({ "MovingObject": { "objectType" : 1, "objectId" : 1, "squareX" : 11857, "squareY" : 7019, "squareZ" : 0 }  })
WARN : Multiplayer  f:3817 st:228,594,022 at ObjectModDataPacket.parse           > ObjectModDataPacket.parse: object is null ({ "MovingObject": { "objectType" : 1, "objectId" : 1, "squareX" : 11857, "squareY" : 7021, "squareZ" : 0 }  })
WARN : Multiplayer  f:3817 st:228,594,022 at ObjectModDataPacket.parse           > ObjectModDataPacket.parse: object is null ({ "MovingObject": { "objectType" : 1, "objectId" : 1, "squareX" : 11857, "squareY" : 7023, "squareZ" : 0 }  })
WARN : Multiplayer  f:3817 st:228,594,022 at ObjectModDataPacket.parse           > ObjectModDataPacket.parse: object is null ({ "MovingObject": { "objectType" : 1, "objectId" : 1, "squareX" : 11858, "squareY" : 7017, "squareZ" : 0 }  })
WARN : Multiplayer  f:3817 st:228,594,022 at ObjectModDataPacket.parse           > ObjectModDataPacket.parse: object is null ({ "MovingObject": { "objectType" : 1, "objectId" : 1, "squareX" : 11858, "squareY" : 7019, "squareZ" : 0 }  })
WARN : Multiplayer  f:3817 st:228,594,022 at ObjectModDataPacket.parse           > ObjectModDataPacket.parse: object is null ({ "MovingObject": { "objectType" : 1, "objectId" : 1, "squareX" : 11858, "squareY" : 7021, "squareZ" : 0 }  })
WARN : Multiplayer  f:3817 st:228,594,022 at ObjectModDataPacket.parse           > ObjectModDataPacket.parse: object is null ({ "MovingObject": { "objectType" : 1, "objectId" : 1, "squareX" : 11858, "squareY" : 7023, "squareZ" : 0 }  })
WARN : Multiplayer  f:3817 st:228,594,022 at ObjectModDataPacket.parse           > ObjectModDataPacket.parse: object is null ({ "MovingObject": { "objectType" : 1, "objectId" : 1, "squareX" : 11859, "squareY" : 7017, "squareZ" : 0 }  })
WARN : Multiplayer  f:3817 st:228,594,022 at ObjectModDataPacket.parse           > ObjectModDataPacket.parse: object is null ({ "MovingObject": { "objectType" : 1, "objectId" : 1, "squareX" : 11859, "squareY" : 7019, "squareZ" : 0 }  })
WARN : Multiplayer  f:3817 st:228,594,022 at ObjectModDataPacket.parse           > ObjectModDataPacket.parse: object is null ({ "MovingObject": { "objectType" : 1, "objectId" : 1, "squareX" : 11859, "squareY" : 7021, "squareZ" : 0 }  })
WARN : Multiplayer  f:3817 st:228,594,022 at ObjectModDataPacket.parse           > ObjectModDataPacket.parse: object is null ({ "MovingObject": { "objectType" : 1, "objectId" : 1, "squareX" : 11859, "squareY" : 7023, "squareZ" : 0 }  })
WARN : Multiplayer  f:3817 st:228,594,022 at ObjectModDataPacket.parse           > ObjectModDataPacket.parse: object is null ({ "MovingObject": { "objectType" : 1, "objectId" : 1, "squareX" : 11860, "squareY" : 7017, "squareZ" : 0 }  })
WARN : Multiplayer  f:3817 st:228,594,023 at ObjectModDataPacket.parse           > ObjectModDataPacket.parse: object is null ({ "MovingObject": { "objectType" : 1, "objectId" : 1, "squareX" : 11860, "squareY" : 7019, "squareZ" : 0 }  })
WARN : Multiplayer  f:3817 st:228,594,023 at ObjectModDataPacket.parse           > ObjectModDataPacket.parse: object is null ({ "MovingObject": { "objectType" : 1, "objectId" : 1, "squareX" : 11860, "squareY" : 7021, "squareZ" : 0 }  })
WARN : Multiplayer  f:3817 st:228,594,023 at ObjectModDataPacket.parse           > ObjectModDataPacket.parse: object is null ({ "MovingObject": { "objectType" : 1, "objectId" : 1, "squareX" : 11860, "squareY" : 7023, "squareZ" : 0 }  })
WARN : Multiplayer  f:3817 st:228,594,023 at ObjectModDataPacket.parse           > ObjectModDataPacket.parse: object is null ({ "MovingObject": { "objectType" : 1, "objectId" : 1, "squareX" : 11861, "squareY" : 7017, "squareZ" : 0 }  })
WARN : Multiplayer  f:3817 st:228,594,023 at ObjectModDataPacket.parse           > ObjectModDataPacket.parse: object is null ({ "MovingObject": { "objectType" : 1, "objectId" : 1, "squareX" : 11861, "squareY" : 7019, "squareZ" : 0 }  })
WARN : Multiplayer  f:3817 st:228,594,023 at ObjectModDataPacket.parse           > ObjectModDataPacket.parse: object is null ({ "MovingObject": { "objectType" : 1, "objectId" : 1, "squareX" : 11861, "squareY" : 7021, "squareZ" : 0 }  })
WARN : Multiplayer  f:3817 st:228,594,023 at ObjectModDataPacket.parse           > ObjectModDataPacket.parse: object is null ({ "MovingObject": { "objectType" : 1, "objectId" : 1, "squareX" : 11861, "squareY" : 7023, "squareZ" : 0 }  })
WARN : Multiplayer  f:3817 st:228,594,023 at ObjectModDataPacket.parse           > ObjectModDataPacket.parse: object is null ({ "MovingObject": { "objectType" : 1, "objectId" : 1, "squareX" : 11862, "squareY" : 7017, "squareZ" : 0 }  })
WARN : Multiplayer  f:3817 st:228,594,023 at ObjectModDataPacket.parse           > ObjectModDataPacket.parse: object is null ({ "MovingObject": { "objectType" : 1, "objectId" : 1, "squareX" : 11862, "squareY" : 7019, "squareZ" : 0 }  })
WARN : Multiplayer  f:3817 st:228,594,023 at ObjectModDataPacket.parse           > ObjectModDataPacket.parse: object is null ({ "MovingObject": { "objectType" : 1, "objectId" : 1, "squareX" : 11862, "squareY" : 7021, "squareZ" : 0 }  })
WARN : Multiplayer  f:3817 st:228,594,023 at ObjectModDataPacket.parse           > ObjectModDataPacket.parse: object is null ({ "MovingObject": { "objectType" : 1, "objectId" : 1, "squareX" : 11862, "squareY" : 7023, "squareZ" : 0 }  })
LOG  : Lua          f:3890 st:228,595,236> NLQA MP PRESENCE: revision=1789376679166 players=2 names=nl-host@11914.50,7070.50,0,nl-guest@11914.00,7070.00,0
LOG  : Lua          f:3890 st:228,595,237> NLQA MP NPC PRESENCE: revision=1789376679166 count=3 entries=marisol@11912.52,7071.48,0/w1,kenji@11914.52,7069.48,0/w1,amara@11912.98,7075.58,0/w1
LOG  : Lua          f:3900 st:228,595,403> NLQA MP PRESENCE: revision=1789376679335 players=2 names=nl-host@11914.50,7070.50,0,nl-guest@11914.00,7070.00,0
LOG  : Lua          f:3900 st:228,595,403> NLQA MP NPC PRESENCE: revision=1789376679335 count=3 entries=marisol@11912.52,7071.48,0/w1,kenji@11914.52,7069.48,0/w1,amara@11912.98,7075.58,0/w1
LOG  : Lua          f:4190 st:228,600,237> NLQA MP PRESENCE: revision=1789376684167 players=2 names=nl-host@11914.50,7070.50,0,nl-guest@11914.00,7070.00,0
LOG  : Lua          f:4190 st:228,600,237> NLQA MP NPC PRESENCE: revision=1789376684167 count=3 entries=marisol@11912.58,7071.42,0/w1,kenji@11914.58,7069.42,0/w1,amara@11912.98,7075.50,0/w1
LOG  : Lua          f:4200 st:228,600,403> NLQA MP PRESENCE: revision=1789376684335 players=2 names=nl-host@11914.50,7070.50,0,nl-guest@11914.00,7070.00,0
LOG  : Lua          f:4200 st:228,600,403> NLQA MP NPC PRESENCE: revision=1789376684335 count=3 entries=marisol@11912.58,7071.42,0/w1,kenji@11914.58,7069.42,0/w1,amara@11912.98,7075.50,0/w1
LOG  : Lua          f:4441 st:228,604,409> NLQA MP SOCIAL VIEWPOINT CHECK: target=marisol square=11911,7071,0 canSee=true
LOG  : Lua          f:4441 st:228,604,410> NLQA MP SOCIAL VIEWPOINT: nl-host beside marisol at 11911,7071,0
LOG  : Lua          f:4457 st:228,604,686> NLQA MP NPC PRESENCE: revision=1789376688625 count=3 entries=marisol@11912.69,7071.31,0/w1,kenji@11914.69,7069.31,0/w1,amara@11912.98,7075.50,0/w1
LOG  : Lua          f:4490 st:228,605,236> NLQA MP PRESENCE: revision=1789376689160 players=2 names=nl-host@11911.00,7071.00,0,nl-guest@11914.00,7070.00,0
LOG  : Lua          f:4490 st:228,605,237> NLQA MP NPC PRESENCE: revision=1789376689160 count=3 entries=marisol@11912.69,7071.31,0/w1,kenji@11914.69,7069.31,0/w1,amara@11912.98,7075.50,0/w1
LOG  : Lua          f:4500 st:228,605,403> NLQA MP PRESENCE: revision=1789376689330 players=2 names=nl-host@11911.00,7071.00,0,nl-guest@11914.00,7070.00,0
LOG  : Lua          f:4500 st:228,605,403> NLQA MP NPC PRESENCE: revision=1789376689330 count=3 entries=marisol@11912.69,7071.31,0/w1,kenji@11914.69,7069.31,0/w1,amara@11912.98,7075.50,0/w1
LOG  : Lua          f:4501 st:228,605,409> NLQA MP SOCIAL ACTION: chat id=marisol step=1
LOG  : Lua          f:4502 st:228,605,436> NLQA MP SOCIAL SNAPSHOT: message=I'd like to hear how you've been getting on. username=nl-host entries=marisol/canInteract=true/met=true/friendship=66,kenji/canInteract=false/met=false/friendship=0,amara/canInteract=false/met=false/friendship=0
LOG  : Lua          f:4502 st:228,605,437> NLQA MP SOCIAL STEP RESULT: chat friendship=66 trust=26
LOG  : Lua          f:4502 st:228,605,437> NLQA MP SOCIAL ACTION SCHEDULED: joke id=marisol
LOG  : Lua          f:4502 st:228,605,437> NLQA MP SOCIAL EVENT: actor=nl-host action=chat npc=marisol message=I'd like to hear how you've been getting on.
LOG  : Lua          f:4789 st:228,610,236> NLQA MP PRESENCE: revision=1789376694165 players=2 names=nl-host@11911.00,7071.00,0,nl-guest@11915.00,7069.00,0
LOG  : Lua          f:4789 st:228,610,237> NLQA MP NPC PRESENCE: revision=1789376694165 count=3 entries=marisol@11912.80,7071.20,0/w1,kenji@11914.80,7069.20,0/w1,amara@11912.98,7075.50,0/w1
LOG  : Lua          f:4792 st:228,610,286> NLQA MP SOCIAL EVENT: actor=nl-guest action=chat npc=kenji message=I'd like to hear how you've been getting on.
LOG  : Lua          f:4800 st:228,610,420> NLQA MP PRESENCE: revision=1789376694349 players=2 names=nl-host@11911.00,7071.00,0,nl-guest@11915.00,7069.00,0
LOG  : Lua          f:4800 st:228,610,420> NLQA MP NPC PRESENCE: revision=1789376694349 count=3 entries=marisol@11912.80,7071.20,0/w1,kenji@11914.80,7069.20,0/w1,amara@11912.98,7075.50,0/w1
LOG  : Lua          f:5089 st:228,615,236> NLQA MP PRESENCE: revision=1789376699167 players=2 names=nl-host@11911.00,7071.00,0,nl-guest@11915.00,7069.00,0
LOG  : Lua          f:5089 st:228,615,237> NLQA MP NPC PRESENCE: revision=1789376699167 count=3 entries=marisol@11912.86,7071.14,0/w1,kenji@11914.86,7069.14,0/w1,amara@11912.98,7075.58,0/w1
LOG  : Lua          f:5100 st:228,615,420> NLQA MP PRESENCE: revision=1789376699353 players=2 names=nl-host@11911.00,7071.00,0,nl-guest@11915.00,7069.00,0
LOG  : Lua          f:5100 st:228,615,420> NLQA MP NPC PRESENCE: revision=1789376699353 count=3 entries=marisol@11912.86,7071.14,0/w1,kenji@11914.86,7069.14,0/w1,amara@11912.98,7075.58,0/w1
LOG  : Lua          f:5177 st:228,616,703> NLQA MP NPC PRESENCE: revision=1789376700627 count=3 entries=marisol@11912.92,7071.08,0/w1,kenji@11914.92,7069.08,0/w1,amara@11912.98,7075.50,0/w1
LOG  : Lua          f:5389 st:228,620,236> NLQA MP PRESENCE: revision=1789376704169 players=2 names=nl-host@11911.00,7071.00,0,nl-guest@11915.00,7069.00,0
LOG  : Lua          f:5389 st:228,620,238> NLQA MP NPC PRESENCE: revision=1789376704169 count=3 entries=marisol@11912.97,7071.03,0/w1,kenji@11914.97,7069.03,0/w1,amara@11912.98,7075.58,0/w1
LOG  : Lua          f:5400 st:228,620,420> NLQA MP PRESENCE: revision=1789376704345 players=2 names=nl-host@11911.00,7071.00,0,nl-guest@11915.00,7069.00,0
LOG  : Lua          f:5400 st:228,620,420> NLQA MP NPC PRESENCE: revision=1789376704345 count=3 entries=marisol@11912.97,7071.03,0/w1,kenji@11914.97,7069.03,0/w1,amara@11912.98,7075.58,0/w1
LOG  : Lua          f:5689 st:228,625,236> NLQA MP PRESENCE: revision=1789376709167 players=2 names=nl-host@11911.00,7071.00,0,nl-guest@11915.00,7069.00,0
LOG  : Lua          f:5689 st:228,625,237> NLQA MP NPC PRESENCE: revision=1789376709167 count=3 entries=marisol@11913.03,7070.97,0/w1,kenji@11915.03,7068.97,0/w1,amara@11912.98,7075.50,0/w1
LOG  : Lua          f:5700 st:228,625,420> NLQA MP PRESENCE: revision=1789376709351 players=2 names=nl-host@11911.00,7071.00,0,nl-guest@11915.00,7069.00,0
LOG  : Lua          f:5700 st:228,625,420> NLQA MP NPC PRESENCE: revision=1789376709351 count=3 entries=marisol@11913.03,7070.97,0/w1,kenji@11915.03,7068.97,0/w1,amara@11912.98,7075.50,0/w1
LOG  : Lua          f:5897 st:228,628,703> NLQA MP NPC PRESENCE: revision=1789376712628 count=3 entries=marisol@11913.14,7070.86,0/w1,kenji@11915.14,7068.86,0/w1,amara@11912.98,7075.50,0/w1
LOG  : Lua          f:5989 st:228,630,236> NLQA MP PRESENCE: revision=1789376714168 players=2 names=nl-host@11911.00,7071.00,0,nl-guest@11915.00,7069.00,0
LOG  : Lua          f:5989 st:228,630,237> NLQA MP NPC PRESENCE: revision=1789376714168 count=3 entries=marisol@11913.14,7070.86,0/w1,kenji@11915.14,7068.86,0/w1,amara@11912.98,7075.50,0/w1
LOG  : Lua          f:6000 st:228,630,420> NLQA MP PRESENCE: revision=1789376714348 players=2 names=nl-host@11911.00,7071.00,0,nl-guest@11915.00,7069.00,0
LOG  : Lua          f:6000 st:228,630,420> NLQA MP NPC PRESENCE: revision=1789376714348 count=3 entries=marisol@11913.14,7070.86,0/w1,kenji@11915.14,7068.86,0/w1,amara@11912.98,7075.50,0/w1
WARN : Multiplayer  f:6065 st:228,631,503 at ObjectModDataPacket.parse           > ObjectModDataPacket.parse: object is null ({ "MovingObject": { "objectType" : 1, "objectId" : 1, "squareX" : 11961, "squareY" : 7075, "squareZ" : 0 }  })
WARN : Multiplayer  f:6065 st:228,631,503 at ObjectModDataPacket.parse           > ObjectModDataPacket.parse: object is null ({ "MovingObject": { "objectType" : 1, "objectId" : 1, "squareX" : 11963, "squareY" : 7075, "squareZ" : 0 }  })
WARN : Multiplayer  f:6065 st:228,631,503 at ObjectModDataPacket.parse           > ObjectModDataPacket.parse: object is null ({ "MovingObject": { "objectType" : 1, "objectId" : 2, "squareX" : 11847, "squareY" : 7026, "squareZ" : 0 }  })
WARN : Multiplayer  f:6065 st:228,631,504 at ObjectModDataPacket.parse           > ObjectModDataPacket.parse: object is null ({ "MovingObject": { "objectType" : 1, "objectId" : 1, "squareX" : 11847, "squareY" : 7027, "squareZ" : 0 }  })
WARN : Multiplayer  f:6065 st:228,631,504 at ObjectModDataPacket.parse           > ObjectModDataPacket.parse: object is null ({ "MovingObject": { "objectType" : 1, "objectId" : 1, "squareX" : 11847, "squareY" : 7029, "squareZ" : 0 }  })
WARN : Multiplayer  f:6065 st:228,631,504 at ObjectModDataPacket.parse           > ObjectModDataPacket.parse: object is null ({ "MovingObject": { "objectType" : 1, "objectId" : 1, "squareX" : 11847, "squareY" : 7030, "squareZ" : 0 }  })
WARN : Multiplayer  f:6065 st:228,631,504 at ObjectModDataPacket.parse           > ObjectModDataPacket.parse: object is null ({ "MovingObject": { "objectType" : 1, "objectId" : 1, "squareX" : 11854, "squareY" : 7017, "squareZ" : 0 }  })
WARN : Multiplayer  f:6065 st:228,631,504 at ObjectModDataPacket.parse           > ObjectModDataPacket.parse: object is null ({ "MovingObject": { "objectType" : 1, "objectId" : 1, "squareX" : 11854, "squareY" : 7019, "squareZ" : 0 }  })
WARN : Multiplayer  f:6065 st:228,631,504 at ObjectModDataPacket.parse           > ObjectModDataPacket.parse: object is null ({ "MovingObject": { "objectType" : 1, "objectId" : 1, "squareX" : 11854, "squareY" : 7021, "squareZ" : 0 }  })
WARN : Multiplayer  f:6065 st:228,631,504 at ObjectModDataPacket.parse           > ObjectModDataPacket.parse: object is null ({ "MovingObject": { "objectType" : 1, "objectId" : 1, "squareX" : 11854, "squareY" : 7023, "squareZ" : 0 }  })
WARN : Multiplayer  f:6065 st:228,631,504 at ObjectModDataPacket.parse           > ObjectModDataPacket.parse: object is null ({ "MovingObject": { "objectType" : 1, "objectId" : 1, "squareX" : 11855, "squareY" : 7017, "squareZ" : 0 }  })
WARN : Multiplayer  f:6065 st:228,631,504 at ObjectModDataPacket.parse           > ObjectModDataPacket.parse: object is null ({ "MovingObject": { "objectType" : 1, "objectId" : 1, "squareX" : 11855, "squareY" : 7019, "squareZ" : 0 }  })
WARN : Multiplayer  f:6065 st:228,631,505 at ObjectModDataPacket.parse           > ObjectModDataPacket.parse: object is null ({ "MovingObject": { "objectType" : 1, "objectId" : 1, "squareX" : 11855, "squareY" : 7021, "squareZ" : 0 }  })
WARN : Multiplayer  f:6065 st:228,631,505 at ObjectModDataPacket.parse           > ObjectModDataPacket.parse: object is null ({ "MovingObject": { "objectType" : 1, "objectId" : 1, "squareX" : 11855, "squareY" : 7023, "squareZ" : 0 }  })
WARN : Multiplayer  f:6065 st:228,631,505 at ObjectModDataPacket.parse           > ObjectModDataPacket.parse: object is null ({ "MovingObject": { "objectType" : 1, "objectId" : 2, "squareX" : 11848, "squareY" : 7026, "squareZ" : 0 }  })
WARN : Multiplayer  f:6065 st:228,631,505 at ObjectModDataPacket.parse           > ObjectModDataPacket.parse: object is null ({ "MovingObject": { "objectType" : 1, "objectId" : 1, "squareX" : 11848, "squareY" : 7027, "squareZ" : 0 }  })
WARN : Multiplayer  f:6065 st:228,631,505 at ObjectModDataPacket.parse           > ObjectModDataPacket.parse: object is null ({ "MovingObject": { "objectType" : 1, "objectId" : 1, "squareX" : 11848, "squareY" : 7029, "squareZ" : 0 }  })
WARN : Multiplayer  f:6065 st:228,631,505 at ObjectModDataPacket.parse           > ObjectModDataPacket.parse: object is null ({ "MovingObject": { "objectType" : 1, "objectId" : 1, "squareX" : 11848, "squareY" : 7030, "squareZ" : 0 }  })
WARN : Multiplayer  f:6065 st:228,631,505 at ObjectModDataPacket.parse           > ObjectModDataPacket.parse: object is null ({ "MovingObject": { "objectType" : 1, "objectId" : 2, "squareX" : 11849, "squareY" : 7026, "squareZ" : 0 }  })
WARN : Multiplayer  f:6065 st:228,631,505 at ObjectModDataPacket.parse           > ObjectModDataPacket.parse: object is null ({ "MovingObject": { "objectType" : 1, "objectId" : 1, "squareX" : 11849, "squareY" : 7027, "squareZ" : 0 }  })
WARN : Multiplayer  f:6065 st:228,631,505 at ObjectModDataPacket.parse           > ObjectModDataPacket.parse: object is null ({ "MovingObject": { "objectType" : 1, "objectId" : 1, "squareX" : 11849, "squareY" : 7029, "squareZ" : 0 }  })
WARN : Multiplayer  f:6065 st:228,631,505 at ObjectModDataPacket.parse           > ObjectModDataPacket.parse: object is null ({ "MovingObject": { "objectType" : 1, "objectId" : 1, "squareX" : 11849, "squareY" : 7030, "squareZ" : 0 }  })
WARN : Multiplayer  f:6065 st:228,631,505 at ObjectModDataPacket.parse           > ObjectModDataPacket.parse: object is null ({ "MovingObject": { "objectType" : 1, "objectId" : 2, "squareX" : 11850, "squareY" : 7026, "squareZ" : 0 }  })
WARN : Multiplayer  f:6065 st:228,631,505 at ObjectModDataPacket.parse           > ObjectModDataPacket.parse: object is null ({ "MovingObject": { "objectType" : 1, "objectId" : 1, "squareX" : 11850, "squareY" : 7027, "squareZ" : 0 }  })
WARN : Multiplayer  f:6065 st:228,631,505 at ObjectModDataPacket.parse           > ObjectModDataPacket.parse: object is null ({ "MovingObject": { "objectType" : 1, "objectId" : 1, "squareX" : 11850, "squareY" : 7029, "squareZ" : 0 }  })
WARN : Multiplayer  f:6065 st:228,631,506 at ObjectModDataPacket.parse           > ObjectModDataPacket.parse: object is null ({ "MovingObject": { "objectType" : 1, "objectId" : 1, "squareX" : 11850, "squareY" : 7030, "squareZ" : 0 }  })
WARN : Multiplayer  f:6065 st:228,631,506 at ObjectModDataPacket.parse           > ObjectModDataPacket.parse: object is null ({ "MovingObject": { "objectType" : 1, "objectId" : 2, "squareX" : 11851, "squareY" : 7026, "squareZ" : 0 }  })
WARN : Multiplayer  f:6065 st:228,631,506 at ObjectModDataPacket.parse           > ObjectModDataPacket.parse: object is null ({ "MovingObject": { "objectType" : 1, "objectId" : 1, "squareX" : 11851, "squareY" : 7027, "squareZ" : 0 }  })
WARN : Multiplayer  f:6065 st:228,631,506 at ObjectModDataPacket.parse           > ObjectModDataPacket.parse: object is null ({ "MovingObject": { "objectType" : 1, "objectId" : 1, "squareX" : 11851, "squareY" : 7029, "squareZ" : 0 }  })
WARN : Multiplayer  f:6065 st:228,631,506 at ObjectModDataPacket.parse           > ObjectModDataPacket.parse: object is null ({ "MovingObject": { "objectType" : 1, "objectId" : 1, "squareX" : 11851, "squareY" : 7030, "squareZ" : 0 }  })
WARN : Multiplayer  f:6065 st:228,631,506 at ObjectModDataPacket.parse           > ObjectModDataPacket.parse: object is null ({ "MovingObject": { "objectType" : 1, "objectId" : 2, "squareX" : 11852, "squareY" : 7026, "squareZ" : 0 }  })
WARN : Multiplayer  f:6065 st:228,631,506 at ObjectModDataPacket.parse           > ObjectModDataPacket.parse: object is null ({ "MovingObject": { "objectType" : 1, "objectId" : 1, "squareX" : 11852, "squareY" : 7027, "squareZ" : 0 }  })
WARN : Multiplayer  f:6065 st:228,631,506 at ObjectModDataPacket.parse           > ObjectModDataPacket.parse: object is null ({ "MovingObject": { "objectType" : 1, "objectId" : 1, "squareX" : 11852, "squareY" : 7029, "squareZ" : 0 }  })
WARN : Multiplayer  f:6065 st:228,631,506 at ObjectModDataPacket.parse           > ObjectModDataPacket.parse: object is null ({ "MovingObject": { "objectType" : 1, "objectId" : 1, "squareX" : 11852, "squareY" : 7030, "squareZ" : 0 }  })
LOG  : Lua          f:6289 st:228,635,236> NLQA MP PRESENCE: revision=1789376719163 players=2 names=nl-host@11911.00,7071.00,0,nl-guest@11915.00,7069.00,0
LOG  : Lua          f:6289 st:228,635,237> NLQA MP NPC PRESENCE: revision=1789376719163 count=3 entries=marisol@11913.26,7070.74,0/w1,kenji@11915.26,7068.74,0/w1,amara@11912.98,7075.50,0/w1
LOG  : Lua          f:6300 st:228,635,420> NLQA MP PRESENCE: revision=1789376719350 players=2 names=nl-host@11911.00,7071.00,0,nl-guest@11915.00,7069.00,0
LOG  : Lua          f:6300 st:228,635,420> NLQA MP NPC PRESENCE: revision=1789376719350 count=3 entries=marisol@11913.26,7070.74,0/w1,kenji@11915.26,7068.74,0/w1,amara@11912.98,7075.50,0/w1
LOG  : Lua          f:6589 st:228,640,236> NLQA MP PRESENCE: revision=1789376724163 players=2 names=nl-host@11911.00,7071.00,0,nl-guest@11915.00,7069.00,0
LOG  : Lua          f:6589 st:228,640,237> NLQA MP NPC PRESENCE: revision=1789376724163 count=3 entries=marisol@11913.31,7070.69,0/w1,kenji@11915.31,7068.69,0/w1,amara@11912.98,7075.58,0/w1
LOG  : Lua          f:6600 st:228,640,420> NLQA MP PRESENCE: revision=1789376724345 players=2 names=nl-host@11911.00,7071.00,0,nl-guest@11915.00,7069.00,0
LOG  : Lua          f:6600 st:228,640,420> NLQA MP NPC PRESENCE: revision=1789376724345 count=3 entries=marisol@11913.31,7070.69,0/w1,kenji@11915.31,7068.69,0/w1,amara@11912.98,7075.58,0/w1
LOG  : Lua          f:6617 st:228,640,703> NLQA MP NPC PRESENCE: revision=1789376724627 count=3 entries=marisol@11913.31,7070.69,0/w1,kenji@11915.31,7068.69,0/w1,amara@11912.98,7075.58,0/w1
LOG  : General      f:6875 st:228,645,003> shared-descriptor: registered id=1000
LOG  : Lua          f:6900 st:228,645,420> NLQA MP PRESENCE: revision=1789376729352 players=2 names=nl-host@11911.00,7071.00,0,nl-guest@11914.79,7068.80,0
LOG  : Lua          f:6900 st:228,645,420> NLQA MP NPC PRESENCE: revision=1789376729352 count=3 entries=marisol@11913.43,7070.57,0/w1,kenji@11915.43,7068.57,0/w1,amara@11912.98,7075.58,0/w1
LOG  : Lua          f:7201 st:228,650,438> NLQA MP PRESENCE: revision=1789376734361 players=2 names=nl-host@11911.00,7071.00,0,nl-guest@11914.79,7068.80,0
LOG  : Lua          f:7201 st:228,650,439> NLQA MP NPC PRESENCE: revision=1789376734361 count=3 entries=marisol@11913.43,7070.57,0/w2,kenji@11915.43,7068.57,0/w2,amara@11912.98,7075.58,0/w1
LOG  : Lua          f:7337 st:228,652,703> NLQA MP NPC PRESENCE: revision=1789376736629 count=3 entries=marisol@11913.43,7070.57,0/w2,kenji@11915.43,7068.57,0/w2,amara@11912.98,7075.58,0/w1
LOG  : Lua          f:7500 st:228,655,420> NLQA MP PRESENCE: revision=1789376739350 players=2 names=nl-host@11911.00,7071.00,0,nl-guest@11914.79,7068.80,0
LOG  : Lua          f:7500 st:228,655,420> NLQA MP NPC PRESENCE: revision=1789376739350 count=3 entries=marisol@11913.37,7070.63,0/w2,kenji@11915.37,7068.63,0/w2,amara@11912.98,7075.50,0/w1
LOG  : Lua          f:7800 st:228,660,420> NLQA MP PRESENCE: revision=1789376744354 players=2 names=nl-host@11911.00,7071.00,0,nl-guest@11914.79,7068.80,0
LOG  : Lua          f:7800 st:228,660,420> NLQA MP NPC PRESENCE: revision=1789376744354 count=3 entries=marisol@11913.26,7070.74,0/w2,kenji@11915.26,7068.74,0/w2,amara@11912.98,7075.50,0/w1
