[14-09-26 02:23:07.554] LOG  : General      f:0 st:218,903,607> SLF4J(W): No SLF4J providers were found..
[14-09-26 02:23:07.556] LOG  : General      f:0 st:218,903,608> SLF4J(W): Defaulting to no-operation (NOP) logger implementation.
[14-09-26 02:23:07.556] LOG  : General      f:0 st:218,903,608> SLF4J(W): See https://www.slf4j.org/codes.html#noProviders for further details..
[14-09-26 02:23:07.598] LOG  : General      f:0 st:218,903,651> Logs configuration:.
[14-09-26 02:23:07.600] LOG  : General      f:0 st:218,903,653>      General: General.
[14-09-26 02:23:07.601] LOG  : General      f:0 st:218,903,653>      Network: General.
[14-09-26 02:23:07.601] LOG  : General      f:0 st:218,903,653>          Lua: General.
[14-09-26 02:23:07.602] LOG  : General      f:0 st:218,903,654>          Mod: General.
[14-09-26 02:23:07.602] LOG  : General      f:0 st:218,903,654>  Multiplayer: General.
[14-09-26 02:23:07.602] LOG  : General      f:0 st:218,903,654>       Packet: Warning.
[14-09-26 02:23:07.602] LOG  : General      f:0 st:218,903,655> NetworkFileDebug: Warning.
[14-09-26 02:23:07.603] LOG  : General      f:0 st:218,903,655>         ZNet: Warning.
[14-09-26 02:23:07.603] LOG  : General      f:0 st:218,903,655> DetailedInfo: Warning.
[14-09-26 02:23:07.603] LOG  : General      f:0 st:218,903,656>    LuaObject: Warning.
[14-09-26 02:23:07.603] LOG  : General      f:0 st:218,903,656>   GameOption: Warning.
[14-09-26 02:23:07.604] LOG  : General      f:0 st:218,903,656>        Sound: Warning.
[14-09-26 02:23:07.604] LOG  : General      f:0 st:218,903,657>       Zombie: Warning.
[14-09-26 02:23:07.605] LOG  : General      f:0 st:218,903,657>       Combat: Warning.
[14-09-26 02:23:07.605] LOG  : General      f:0 st:218,903,658>      Objects: Warning.
[14-09-26 02:23:07.605] LOG  : General      f:0 st:218,903,658>    Fireplace: Warning.
[14-09-26 02:23:07.606] LOG  : General      f:0 st:218,903,658>        Radio: Warning.
[14-09-26 02:23:07.606] LOG  : General      f:0 st:218,903,659>   MapLoading: Warning.
[14-09-26 02:23:07.606] LOG  : General      f:0 st:218,903,659>     Clothing: Warning.
[14-09-26 02:23:07.607] LOG  : General      f:0 st:218,903,659>    Animation: Warning.
[14-09-26 02:23:07.607] LOG  : General      f:0 st:218,903,660> AnimationDetailed: Warning.
[14-09-26 02:23:07.608] LOG  : General      f:0 st:218,903,660> AnimationLayers: Warning.
[14-09-26 02:23:07.608] LOG  : General      f:0 st:218,903,661>        Asset: Warning.
[14-09-26 02:23:07.608] LOG  : General      f:0 st:218,903,661>       Script: Warning.
[14-09-26 02:23:07.609] LOG  : General      f:0 st:218,903,661>       Shader: Warning.
[14-09-26 02:23:07.609] LOG  : General      f:0 st:218,903,662>       Sprite: Warning.
[14-09-26 02:23:07.609] LOG  : General      f:0 st:218,903,662>        Input: Warning.
[14-09-26 02:23:07.610] LOG  : General      f:0 st:218,903,663>       Recipe: Warning.
[14-09-26 02:23:07.610] LOG  : General      f:0 st:218,903,663> ActionSystem: Warning.
[14-09-26 02:23:07.610] LOG  : General      f:0 st:218,903,663> ActionSystemEvents: Warning.
[14-09-26 02:23:07.611] LOG  : General      f:0 st:218,903,664>    IsoRegion: Warning.
[14-09-26 02:23:07.611] LOG  : General      f:0 st:218,903,664>       FileIO: Warning.
[14-09-26 02:23:07.612] LOG  : General      f:0 st:218,903,665>       Damage: Warning.
[14-09-26 02:23:07.612] LOG  : General      f:0 st:218,903,665>        Death: Warning.
[14-09-26 02:23:07.613] LOG  : General      f:0 st:218,903,665>      Discord: Warning.
[14-09-26 02:23:07.613] LOG  : General      f:0 st:218,903,666>    Statistic: Warning.
[14-09-26 02:23:07.614] LOG  : General      f:0 st:218,903,666>      Vehicle: Warning.
[14-09-26 02:23:07.614] LOG  : General      f:0 st:218,903,666>   VehicleHit: Warning.
[14-09-26 02:23:07.615] LOG  : General      f:0 st:218,903,667>        Voice: Warning.
[14-09-26 02:23:07.615] LOG  : General      f:0 st:218,903,667>     Checksum: Warning.
[14-09-26 02:23:07.615] LOG  : General      f:0 st:218,903,668>       Animal: Warning.
[14-09-26 02:23:07.616] LOG  : General      f:0 st:218,903,668>   ItemPicker: Warning.
[14-09-26 02:23:07.616] LOG  : General      f:0 st:218,903,669>   CraftLogic: Warning.
[14-09-26 02:23:07.617] LOG  : General      f:0 st:218,903,669>       Action: Warning.
[14-09-26 02:23:07.617] LOG  : General      f:0 st:218,903,670>       Entity: Warning.
[14-09-26 02:23:07.617] LOG  : General      f:0 st:218,903,670>    Lightning: Warning.
[14-09-26 02:23:07.618] LOG  : General      f:0 st:218,903,670>      Grapple: Warning.
[14-09-26 02:23:07.618] LOG  : General      f:0 st:218,903,671>    ExitDebug: Warning.
[14-09-26 02:23:07.618] LOG  : General      f:0 st:218,903,671>   BodyDamage: Warning.
[14-09-26 02:23:07.619] LOG  : General      f:0 st:218,903,671>          Xml: Warning.
[14-09-26 02:23:07.619] LOG  : General      f:0 st:218,903,672>      Physics: Warning.
[14-09-26 02:23:07.619] LOG  : General      f:0 st:218,903,672>   Ballistics: Warning.
[14-09-26 02:23:07.620] LOG  : General      f:0 st:218,903,672>      Ragdoll: Warning.
[14-09-26 02:23:07.620] LOG  : General      f:0 st:218,903,672>     PZBullet: Warning.
[14-09-26 02:23:07.620] LOG  : General      f:0 st:218,903,673> ModelManager: Warning.
[14-09-26 02:23:07.621] LOG  : General      f:0 st:218,903,673> LoadAnimation: Warning.
[14-09-26 02:23:07.621] LOG  : General      f:0 st:218,903,674>         Zone: Warning.
[14-09-26 02:23:07.621] LOG  : General      f:0 st:218,903,674>     WorldGen: Warning.
[14-09-26 02:23:07.622] LOG  : General      f:0 st:218,903,674>     Foraging: Warning.
[14-09-26 02:23:07.622] LOG  : General      f:0 st:218,903,675>       Saving: Warning.
[14-09-26 02:23:07.623] LOG  : General      f:0 st:218,903,675>        Fluid: Warning.
[14-09-26 02:23:07.623] LOG  : General      f:0 st:218,903,676>       Energy: Warning.
[14-09-26 02:23:07.623] LOG  : General      f:0 st:218,903,676>  Translation: Warning.
[14-09-26 02:23:07.623] LOG  : General      f:0 st:218,903,676>     Moveable: Warning.
[14-09-26 02:23:07.624] LOG  : General      f:0 st:218,903,677>     Basement: Warning.
[14-09-26 02:23:07.624] LOG  : General      f:0 st:218,903,677>   FallDamage: Warning.
[14-09-26 02:23:07.624] LOG  : General      f:0 st:218,903,677>        ImGui: Warning.
[14-09-26 02:23:07.625] LOG  : General      f:0 st:218,903,678> CharacterTrait: Warning.
[14-09-26 02:23:07.625] LOG  : General      f:0 st:218,903,678>         ISUI: Warning.
[14-09-26 02:23:07.625] LOG  : General      f:0 st:218,903,678> ISUIStackTrace: Warning.
[14-09-26 02:23:07.626] LOG  : General      f:0 st:218,903,678> FaceLocationFix: Warning.
[14-09-26 02:23:07.626] LOG  : General      f:0 st:218,903,679>      Context: Warning.
[14-09-26 02:23:07.626] LOG  : General      f:0 st:218,903,679> AnimationRecorder: Warning.
[14-09-26 02:23:07.626] LOG  : General      f:0 st:218,903,679>      Default: Warning.
[14-09-26 02:23:07.627] LOG  : General      f:0 st:218,903,680> version=42.20.4 b0bbce05d5 demo=false.
[14-09-26 02:23:07.627] LOG  : General      f:0 st:218,903,680> revision=b0bbce05d5.
[14-09-26 02:23:07.631] LOG  : General      f:0 st:218,903,684> unknown option "-debug".
[14-09-26 02:23:07.633] LOG  : General      f:0 st:218,903,686> checking server WorldVersion in map_t.bin.
[14-09-26 02:23:07.639] LOG  : General      f:0 st:218,903,691> Loading networking libraries....
[14-09-26 02:23:07.639] LOG  : General      f:0 st:218,903,692> Loading RakNet64....
[14-09-26 02:23:07.641] LOG  : General      f:0 st:218,903,694> Loading ZNetNoSteam64....
[14-09-26 02:23:07.657] LOG  : General      f:0 st:218,903,709> SteamUtils started without Steam.
[14-09-26 02:23:09.394] LOG  : General      f:0 st:218,905,446> LightingFPS set to 15.
[14-09-26 02:23:10.065] LOG  : General      f:0 st:218,906,117> compressionElapsed=415ms, mergingElapsed=240ms.
[14-09-26 02:23:10.091] LOG  : General      f:0 st:218,906,143> Backup made in 680 ms.
[14-09-26 02:23:10.472] LOG  : General      f:0 st:218,906,524> admin password changed via -adminpassword option.
[14-09-26 02:23:10.474] LOG  : Network      f:0 st:218,906,527> Initialising Server Systems....
[14-09-26 02:23:10.790] LOG  : Mod          f:0 st:218,906,842> refusing to list examplemod.
[14-09-26 02:23:10.812] LOG  : Mod          f:0 st:218,906,865> loading NeighborhoodLifeHUD.
[14-09-26 02:23:10.815] LOG  : Mod          f:0 st:218,906,867> loading NeighborhoodQA.
[14-09-26 02:23:12.653] LOG  : General      f:0 st:218,908,706> scriptChecksum: 96412105bed4585e5d2a315edcd208c3.
[14-09-26 02:23:13.156] ERROR: General      f:0 st:218,909,208 at FluidContainerScript.load           > Sanitizing container name 'Large Bucket', name may not contain whitespaces..
[14-09-26 02:23:13.389] WARN : Script       f:0 st:218,909,441 at VehicleScript.Loaded                > vehicle "RaceCar58" extents != physicsChassisShape.
[14-09-26 02:23:13.414] WARN : Script       f:0 st:218,909,466 at VehicleScript.Loaded                > vehicle "AmbulanceBurnt" extents != physicsChassisShape.
[14-09-26 02:23:13.420] WARN : Script       f:0 st:218,909,472 at VehicleScript.Loaded                > vehicle "PickUpVanLightsBurnt" extents != physicsChassisShape.
[14-09-26 02:23:13.427] WARN : Script       f:0 st:218,909,479 at VehicleScript.Loaded                > vehicle "Trailer_Horsebox" extents != physicsChassisShape.
[14-09-26 02:23:13.438] WARN : Script       f:0 st:218,909,491 at VehicleScript.Loaded                > vehicle "ModernCar02Burnt" extents != physicsChassisShape.
[14-09-26 02:23:13.441] WARN : Script       f:0 st:218,909,494 at VehicleScript.Loaded                > vehicle "RaceCarBurnt" extents != physicsChassisShape.
[14-09-26 02:23:13.444] WARN : Script       f:0 st:218,909,496 at VehicleScript.Loaded                > vehicle "Trailer_Livestock" extents != physicsChassisShape.
[14-09-26 02:23:13.446] WARN : Script       f:0 st:218,909,499 at VehicleScript.Loaded                > vehicle "RaceCar34" extents != physicsChassisShape.
[14-09-26 02:23:13.455] WARN : Script       f:0 st:218,909,508 at VehicleScript.Loaded                > vehicle "RaceCar12" extents != physicsChassisShape.
[14-09-26 02:23:13.464] ERROR: General      f:0 st:218,909,517 at FluidContainerScript.load           > Sanitizing container name 'Fuel Pump', name may not contain whitespaces..
[14-09-26 02:23:13.526] WARN : General      f:0 st:218,909,579 at XuiSkin$EntityUiStyle.Load          > Could not find icon: Item_Dice, script = Entity_DisplayName_Default.
[14-09-26 02:23:13.526] WARN : General      f:0 st:218,909,579 at XuiSkin$EntityUiStyle.LoadComponentInfo> Could not find icon: Item_Dice.
[14-09-26 02:23:13.527] WARN : General      f:0 st:218,909,580 at XuiSkin$EntityUiStyle.LoadComponentInfo> Could not find icon: Item_Dice.
[14-09-26 02:23:13.527] WARN : General      f:0 st:218,909,580 at XuiSkin$EntityUiStyle.LoadComponentInfo> Could not find icon: Item_Dice.
[14-09-26 02:23:13.527] WARN : General      f:0 st:218,909,580 at XuiSkin$EntityUiStyle.LoadComponentInfo> Could not find icon: Item_Dice.
[14-09-26 02:23:13.528] WARN : General      f:0 st:218,909,581 at XuiSkin$EntityUiStyle.Load          > Could not find icon: Build_FloorDirt, script = Dirt Floor.
[14-09-26 02:23:13.529] WARN : General      f:0 st:218,909,582 at XuiSkin$EntityUiStyle.Load          > Could not find icon: Build_DoorframeStone, script = Stone Doorframe.
[14-09-26 02:23:13.529] WARN : General      f:0 st:218,909,582 at XuiSkin$EntityUiStyle.Load          > Could not find icon: Build_PotteryBench, script = Pottery Bench.
[14-09-26 02:23:13.529] WARN : General      f:0 st:218,909,583 at XuiSkin$EntityUiStyle.LoadComponentInfo> Could not find icon: Build_PotteryBench.
[14-09-26 02:23:13.530] WARN : General      f:0 st:218,909,583 at XuiSkin$EntityUiStyle.Load          > Could not find icon: Build_Cairn, script = Stone Cairn.
[14-09-26 02:23:13.530] WARN : General      f:0 st:218,909,583 at XuiSkin$EntityUiStyle.Load          > Could not find icon: Build_WallWood, script = Wooden Wall (Advanced).
[14-09-26 02:23:13.530] WARN : General      f:0 st:218,909,583 at XuiSkin$EntityUiStyle.Load          > Could not find icon: Build_WallWood, script = Wooden Wall (Basic).
[14-09-26 02:23:13.531] WARN : General      f:0 st:218,909,584 at XuiSkin$EntityUiStyle.Load          > Could not find icon: Build_LeanToShelterSticks, script = Lean-to Shelter.
[14-09-26 02:23:13.531] WARN : General      f:0 st:218,909,584 at XuiSkin$EntityUiStyle.Load          > Could not find icon: Build_PotteryWheel, script = Pottery Wheel.
[14-09-26 02:23:13.531] WARN : General      f:0 st:218,909,584 at XuiSkin$EntityUiStyle.LoadComponentInfo> Could not find icon: Build_PotteryWheel.
[14-09-26 02:23:13.531] WARN : General      f:0 st:218,909,585 at XuiSkin$EntityUiStyle.Load          > Could not find icon: Build_CabinetStone, script = Stone Cabinet.
[14-09-26 02:23:13.531] WARN : General      f:0 st:218,909,585 at XuiSkin$EntityUiStyle.Load          > Could not find icon: Build_WallWood, script = Wooden Wall (Craftsman).
[14-09-26 02:23:13.533] WARN : General      f:0 st:218,909,585 at XuiSkin$EntityUiStyle.Load          > Could not find icon: Build_WoodSign_Left, script = Paint Sign - Left Arrow.
[14-09-26 02:23:13.533] WARN : General      f:0 st:218,909,586 at XuiSkin$EntityUiStyle.Load          > Could not find icon: Build_PrimitiveFurnace, script = Primitive Furnace.
[14-09-26 02:23:13.533] WARN : General      f:0 st:218,909,586 at XuiSkin$EntityUiStyle.Load          > Could not find icon: Build_DoorframeWood, script = Wooden Doorframe (Craftsman).
[14-09-26 02:23:13.534] WARN : General      f:0 st:218,909,586 at XuiSkin$EntityUiStyle.Load          > Could not find icon: Build_DoorframeWood, script = Wooden Doorframe (Advanced).
[14-09-26 02:23:13.534] WARN : General      f:0 st:218,909,587 at XuiSkin$EntityUiStyle.Load          > Could not find icon: Build_DoorframeWood, script = Wooden Doorframe (Basic).
[14-09-26 02:23:13.535] WARN : General      f:0 st:218,909,587 at XuiSkin$EntityUiStyle.Load          > Could not find icon: Build_WindowframeLogs, script = Log Window Frame.
[14-09-26 02:23:13.535] WARN : General      f:0 st:218,909,587 at XuiSkin$EntityUiStyle.Load          > Could not find icon: Build_FloorGravel, script = Gravel Floor.
[14-09-26 02:23:13.535] WARN : General      f:0 st:218,909,588 at XuiSkin$EntityUiStyle.Load          > Could not find icon: Item_WaterBottle, script = Bottling Machine.
[14-09-26 02:23:13.536] WARN : General      f:0 st:218,909,588 at XuiSkin$EntityUiStyle.Load          > Could not find icon: Build_WallBrick, script = Brick Wall (Basic).
[14-09-26 02:23:13.536] WARN : General      f:0 st:218,909,588 at XuiSkin$EntityUiStyle.Load          > Could not find icon: Build_WallBrick, script = Brick Wall (Craftsman).
[14-09-26 02:23:13.536] WARN : General      f:0 st:218,909,589 at XuiSkin$EntityUiStyle.Load          > Could not find icon: Build_DryingFrameLarge, script = Large Leather Drying Rack.
[14-09-26 02:23:13.536] WARN : General      f:0 st:218,909,589 at XuiSkin$EntityUiStyle.Load          > Could not find icon: Build_RippleComb, script = Ripple Comb.
[14-09-26 02:23:13.537] WARN : General      f:0 st:218,909,589 at XuiSkin$EntityUiStyle.Load          > Could not find icon: Build_Wall_Paint, script = Paint Wall / Item.
[14-09-26 02:23:13.537] WARN : General      f:0 st:218,909,589 at XuiSkin$EntityUiStyle.Load          > Could not find icon: Build_FenceWood, script = Wooden Fence (Craftsman).
[14-09-26 02:23:13.537] WARN : General      f:0 st:218,909,590 at XuiSkin$EntityUiStyle.Load          > Could not find icon: Build_FenceWood, script = Wooden Fence (Advanced).
[14-09-26 02:23:13.537] WARN : General      f:0 st:218,909,590 at XuiSkin$EntityUiStyle.Load          > Could not find icon: Build_LogTable, script = Log Table.
[14-09-26 02:23:13.538] WARN : General      f:0 st:218,909,590 at XuiSkin$EntityUiStyle.Load          > Could not find icon: Build_FenceWood, script = Wooden Fence (Basic).
[14-09-26 02:23:13.538] WARN : General      f:0 st:218,909,590 at XuiSkin$EntityUiStyle.Load          > Could not find icon: Build_ForgeAdvanced, script = Advanced Forge.
[14-09-26 02:23:13.538] WARN : General      f:0 st:218,909,591 at XuiSkin$EntityUiStyle.Load          > Could not find icon: Build_GunLocker, script = Small Metal Locker (Craftsman).
[14-09-26 02:23:13.538] WARN : General      f:0 st:218,909,591 at XuiSkin$EntityUiStyle.Load          > Could not find icon: Build_GunLocker, script = Small Metal Locker (Basic).
[14-09-26 02:23:13.538] WARN : General      f:0 st:218,909,591 at XuiSkin$EntityUiStyle.Load          > Could not find icon: Build_RainCollectorCrate, script = Rain Collector Crate (Tarp).
[14-09-26 02:23:13.539] WARN : General      f:0 st:218,909,591 at XuiSkin$EntityUiStyle.Load          > Could not find icon: Build_ButterChurn, script = Butter Churn.
[14-09-26 02:23:13.539] WARN : General      f:0 st:218,909,592 at XuiSkin$EntityUiStyle.Load          > Could not find icon: Build_Stake_SkullCow, script = Cow Skull Pole.
[14-09-26 02:23:13.539] WARN : General      f:0 st:218,909,592 at XuiSkin$EntityUiStyle.Load          > Could not find icon: Build_FloorTileMetal, script = Metal Floor.
[14-09-26 02:23:13.540] WARN : General      f:0 st:218,909,592 at XuiSkin$EntityUiStyle.Load          > Could not find icon: Build_Handpress, script = Hand-Operated Press.
[14-09-26 02:23:13.540] WARN : General      f:0 st:218,909,593 at XuiSkin$EntityUiStyle.LoadComponentInfo> Could not find icon: Build_Handpress.
[14-09-26 02:23:13.540] WARN : General      f:0 st:218,909,593 at XuiSkin$EntityUiStyle.Load          > Could not find icon: Build_MetalCounterCorner, script = Metal Counter Corner (Craftsman).
[14-09-26 02:23:13.541] WARN : General      f:0 st:218,909,593 at XuiSkin$EntityUiStyle.Load          > Could not find icon: Build_MetalCounterCorner, script = Metal Counter Corner (Basic).
[14-09-26 02:23:13.541] WARN : General      f:0 st:218,909,593 at XuiSkin$EntityUiStyle.Load          > Could not find icon: Build_WoodCounterCorner, script = Wooden Counter Corner (Basic).
[14-09-26 02:23:13.541] WARN : General      f:0 st:218,909,594 at XuiSkin$EntityUiStyle.Load          > Could not find icon: Build_HeckleComb, script = Heckle Comb.
[14-09-26 02:23:13.541] WARN : General      f:0 st:218,909,594 at XuiSkin$EntityUiStyle.Load          > Could not find icon: Build_Stake_SkullPig, script = Pig Skull Pole.
[14-09-26 02:23:13.542] WARN : General      f:0 st:218,909,594 at XuiSkin$EntityUiStyle.Load          > Could not find icon: Build_ScutchingBoard, script = Scutching Board.
[14-09-26 02:23:13.542] WARN : General      f:0 st:218,909,595 at XuiSkin$EntityUiStyle.Load          > Could not find icon: Build_FenceMetalPosts, script = Metal Pole Fence Gate.
[14-09-26 02:23:13.542] WARN : General      f:0 st:218,909,595 at XuiSkin$EntityUiStyle.Load          > Could not find icon: Build_DoublePoleGate, script = Double Tall Metal Pole Gate.
[14-09-26 02:23:13.543] WARN : General      f:0 st:218,909,595 at XuiSkin$EntityUiStyle.Load          > Could not find icon: Build_WoodCounter, script = Wooden Counter (Advanced).
[14-09-26 02:23:13.543] WARN : General      f:0 st:218,909,595 at XuiSkin$EntityUiStyle.Load          > Could not find icon: Build_WoodCounterCorner, script = Wooden Counter Corner (Craftsman).
[14-09-26 02:23:13.543] WARN : General      f:0 st:218,909,596 at XuiSkin$EntityUiStyle.Load          > Could not find icon: Build_WoodCounter, script = Wooden Counter (Basic).
[14-09-26 02:23:13.543] WARN : General      f:0 st:218,909,596 at XuiSkin$EntityUiStyle.Load          > Could not find icon: Build_WoodCounterCorner, script = Wooden Counter Corner (Advanced).
[14-09-26 02:23:13.543] WARN : General      f:0 st:218,909,596 at XuiSkin$EntityUiStyle.Load          > Could not find icon: Build_WoodCounter, script = Wooden Counter (Craftsman).
[14-09-26 02:23:13.543] WARN : General      f:0 st:218,909,596 at XuiSkin$EntityUiStyle.Load          > Could not find icon: Build_RainCollectorBarrel2, script = Rain Collector Barrel (Garbage Bags).
[14-09-26 02:23:13.544] WARN : General      f:0 st:218,909,597 at XuiSkin$EntityUiStyle.Load          > Could not find icon: Build_WoodSign_Up, script = Paint Sign - Up Arrow.
[14-09-26 02:23:13.544] WARN : General      f:0 st:218,909,597 at XuiSkin$EntityUiStyle.Load          > Could not find icon: Build_WoodSign_Right, script = Paint Sign - Right Arrow.
[14-09-26 02:23:13.544] WARN : General      f:0 st:218,909,597 at XuiSkin$EntityUiStyle.Load          > Could not find icon: Item_SheetMetal, script = Hydraulic Press.
[14-09-26 02:23:13.544] WARN : General      f:0 st:218,909,597 at XuiSkin$EntityUiStyle.Load          > Could not find icon: Build_FenceMetal, script = Metal Fence (Craftsman).
[14-09-26 02:23:13.545] WARN : General      f:0 st:218,909,598 at XuiSkin$EntityUiStyle.Load          > Could not find icon: Build_FenceLogs, script = Log Fence.
[14-09-26 02:23:13.545] WARN : General      f:0 st:218,909,598 at XuiSkin$EntityUiStyle.Load          > Could not find icon: Build_FenceMetal, script = Metal Fence (Basic).
[14-09-26 02:23:13.545] WARN : General      f:0 st:218,909,598 at XuiSkin$EntityUiStyle.Load          > Could not find icon: Item_Orange, script = Juice Maker.
[14-09-26 02:23:13.545] WARN : General      f:0 st:218,909,598 at XuiSkin$EntityUiStyle.Load          > Could not find icon: Build_Campfire, script = Campfire.
[14-09-26 02:23:13.546] WARN : General      f:0 st:218,909,599 at XuiSkin$EntityUiStyle.LoadComponentInfo> Could not find icon: Build_Campfire.
[14-09-26 02:23:13.546] WARN : General      f:0 st:218,909,599 at XuiSkin$EntityUiStyle.Load          > Could not find icon: Build_StairsMetal, script = Metal Stairs.
[14-09-26 02:23:13.546] WARN : General      f:0 st:218,909,599 at XuiSkin$EntityUiStyle.Load          > Could not find icon: Build_TroughWoodShort, script = Short Wooden Feeding Trough.
[14-09-26 02:23:13.546] WARN : General      f:0 st:218,909,600 at XuiSkin$EntityUiStyle.Load          > Could not find icon: Item_Anvil_Forged, script = Advanced Makeshift Electric Blower Forge.
[14-09-26 02:23:13.547] WARN : General      f:0 st:218,909,600 at XuiSkin$EntityUiStyle.LoadComponentInfo> Could not find icon: Item_Anvil_Forged.
[14-09-26 02:23:13.547] WARN : General      f:0 st:218,909,600 at XuiSkin$EntityUiStyle.Load          > Could not find icon: Build_WallStone, script = Stone Wall.
[14-09-26 02:23:13.547] WARN : General      f:0 st:218,909,600 at XuiSkin$EntityUiStyle.Load          > Could not find icon: Build_Stake_SkullDoe, script = Doe Skull Pole.
[14-09-26 02:23:13.549] WARN : General      f:0 st:218,909,601 at XuiSkin$EntityUiStyle.Load          > Could not find icon: Build_WindowBlack, script = Wooden Windows.
[14-09-26 02:23:13.549] WARN : General      f:0 st:218,909,601 at XuiSkin$EntityUiStyle.Load          > Could not find icon: Item_Clamp_Forged, script = Standing Drill Press.
[14-09-26 02:23:13.549] WARN : General      f:0 st:218,909,601 at XuiSkin$EntityUiStyle.LoadComponentInfo> Could not find icon: Item_Clamp_Forged.
[14-09-26 02:23:13.551] WARN : General      f:0 st:218,909,603 at XuiSkin$EntityUiStyle.Load          > Could not find icon: Build_KilnSmall, script = Primitive Kiln.
[14-09-26 02:23:13.551] WARN : General      f:0 st:218,909,604 at XuiSkin$EntityUiStyle.Load          > Could not find icon: Build_ShelvesMetal, script = Metal Shelves (Basic).
[14-09-26 02:23:13.551] WARN : General      f:0 st:218,909,604 at XuiSkin$EntityUiStyle.Load          > Could not find icon: Build_ShelvesMetal, script = Metal Shelves (Craftsman).
[14-09-26 02:23:13.551] WARN : General      f:0 st:218,909,604 at XuiSkin$EntityUiStyle.Load          > Could not find icon: Build_DomeKiln, script = Dome Kiln.
[14-09-26 02:23:13.552] WARN : General      f:0 st:218,909,604 at XuiSkin$EntityUiStyle.Load          > Could not find icon: Build_Loom, script = Loom.
[14-09-26 02:23:13.552] WARN : General      f:0 st:218,909,605 at XuiSkin$EntityUiStyle.Load          > Could not find icon: Build_BarricadeWindow_Sheet, script = Metal Sheet Barricade.
[14-09-26 02:23:13.553] WARN : General      f:0 st:218,909,605 at XuiSkin$EntityUiStyle.Load          > Could not find icon: Build_DoubleWoodGate, script = Double Tall Wooden Gate.
[14-09-26 02:23:13.553] WARN : General      f:0 st:218,909,605 at XuiSkin$EntityUiStyle.Load          > Could not find icon: Build_StoneMill, script = Stone Mill.
[14-09-26 02:23:13.553] WARN : General      f:0 st:218,909,606 at XuiSkin$EntityUiStyle.LoadComponentInfo> Could not find icon: Build_StoneMill.
[14-09-26 02:23:13.553] WARN : General      f:0 st:218,909,606 at XuiSkin$EntityUiStyle.Load          > Could not find icon: Build_WallMetal, script = Metal Wall (Craftsman).
[14-09-26 02:23:13.554] WARN : General      f:0 st:218,909,606 at XuiSkin$EntityUiStyle.Load          > Could not find icon: Item_ClayMold_Shingle, script = Well.
[14-09-26 02:23:13.554] WARN : General      f:0 st:218,909,606 at XuiSkin$EntityUiStyle.Load          > Could not find icon: Item_Boulder, script = Boulder.
[14-09-26 02:23:13.554] WARN : General      f:0 st:218,909,607 at XuiSkin$EntityUiStyle.LoadComponentInfo> Could not find icon: Item_Boulder.
[14-09-26 02:23:13.554] WARN : General      f:0 st:218,909,607 at XuiSkin$EntityUiStyle.Load          > Could not find icon: Build_WindowframeWood, script = Wooden Window Frame (Advanced).
[14-09-26 02:23:13.555] WARN : General      f:0 st:218,909,607 at XuiSkin$EntityUiStyle.Load          > Could not find icon: Build_WindowframeWood, script = Wooden Window Frame (Craftsman).
[14-09-26 02:23:13.555] WARN : General      f:0 st:218,909,607 at XuiSkin$EntityUiStyle.Load          > Could not find icon: Build_StickBookcase, script = Crude Wooden Bookcase.
[14-09-26 02:23:13.555] WARN : General      f:0 st:218,909,608 at XuiSkin$EntityUiStyle.Load          > Could not find icon: Build_CabinetMetal, script = Big Metal Locker (Basic).
[14-09-26 02:23:13.555] WARN : General      f:0 st:218,909,608 at XuiSkin$EntityUiStyle.Load          > Could not find icon: Build_ChoppingBlock, script = Chopping Block.
[14-09-26 02:23:13.556] WARN : General      f:0 st:218,909,608 at XuiSkin$EntityUiStyle.LoadComponentInfo> Could not find icon: Build_ChoppingBlock.
[14-09-26 02:23:13.556] WARN : General      f:0 st:218,909,608 at XuiSkin$EntityUiStyle.Load          > Could not find icon: Build_WallMetal, script = Metal Wall (Basic).
[14-09-26 02:23:13.556] WARN : General      f:0 st:218,909,609 at XuiSkin$EntityUiStyle.Load          > Could not find icon: Item_Logs, script = Sawmill.
[14-09-26 02:23:13.556] WARN : General      f:0 st:218,909,609 at XuiSkin$EntityUiStyle.Load          > Could not find icon: Build_WindowframeWood, script = Wooden Window Frame (Basic).
[14-09-26 02:23:13.556] WARN : General      f:0 st:218,909,609 at XuiSkin$EntityUiStyle.Load          > Could not find icon: Build_CabinetMetal, script = Big Metal Locker (Craftsman).
[14-09-26 02:23:13.557] WARN : General      f:0 st:218,909,609 at XuiSkin$EntityUiStyle.Load          > Could not find icon: Build_WindowframeBrick, script = Brick Window Frame (Craftsman).
[14-09-26 02:23:13.557] WARN : General      f:0 st:218,909,609 at XuiSkin$EntityUiStyle.Load          > Could not find icon: Build_WindowframeBrick, script = Brick Window Frame (Basic).
[14-09-26 02:23:13.557] WARN : General      f:0 st:218,909,610 at XuiSkin$EntityUiStyle.Load          > Could not find icon: Build_CookingPitSimple, script = Fire Pit (Stones).
[14-09-26 02:23:13.557] WARN : General      f:0 st:218,909,610 at XuiSkin$EntityUiStyle.Load          > Could not find icon: Build_FenceWire, script = Barbed Wire Fence.
[14-09-26 02:23:13.558] WARN : General      f:0 st:218,909,610 at XuiSkin$EntityUiStyle.Load          > Could not find icon: Build_CrateMetal, script = Metal Crate (Craftsman).
[14-09-26 02:23:13.558] WARN : General      f:0 st:218,909,610 at XuiSkin$EntityUiStyle.Load          > Could not find icon: Build_CrateMetal, script = Metal Crate (Basic).
[14-09-26 02:23:13.558] WARN : General      f:0 st:218,909,611 at XuiSkin$EntityUiStyle.Load          > Could not find icon: Build_AnvilStone, script = Stone Anvil.
[14-09-26 02:23:13.558] WARN : General      f:0 st:218,909,611 at XuiSkin$EntityUiStyle.LoadComponentInfo> Could not find icon: Build_AnvilStone.
[14-09-26 02:23:13.559] WARN : General      f:0 st:218,909,611 at XuiSkin$EntityUiStyle.Load          > Could not find icon: Item_WaterTank, script = Water Dispenser.
[14-09-26 02:23:13.559] WARN : General      f:0 st:218,909,611 at XuiSkin$EntityUiStyle.Load          > Could not find icon: Build_DoorframeMetal, script = Metal Doorframe (Basic).
[14-09-26 02:23:13.559] WARN : General      f:0 st:218,909,612 at XuiSkin$EntityUiStyle.Load          > Could not find icon: Build_LeanToShelterLeather, script = Leather Shelter.
[14-09-26 02:23:13.559] WARN : General      f:0 st:218,909,612 at XuiSkin$EntityUiStyle.Load          > Could not find icon: Build_DoorframeMetal, script = Metal Doorframe (Craftsman).
[14-09-26 02:23:13.560] WARN : General      f:0 st:218,909,612 at XuiSkin$EntityUiStyle.Load          > Could not find icon: Build_TableLargeWood, script = Wooden Table (Advanced).
[14-09-26 02:23:13.560] WARN : General      f:0 st:218,909,612 at XuiSkin$EntityUiStyle.LoadComponentInfo> Could not find icon: Build_TableLargeWood.
[14-09-26 02:23:13.560] WARN : General      f:0 st:218,909,612 at XuiSkin$EntityUiStyle.Load          > Could not find icon: Build_LogSeat2, script = Crude Wooden Stool.
[14-09-26 02:23:13.560] WARN : General      f:0 st:218,909,613 at XuiSkin$EntityUiStyle.Load          > Could not find icon: Build_TableLargeWood, script = Wooden Table (Basic).
[14-09-26 02:23:13.560] WARN : General      f:0 st:218,909,613 at XuiSkin$EntityUiStyle.LoadComponentInfo> Could not find icon: Build_TableLargeWood.
[14-09-26 02:23:13.561] WARN : General      f:0 st:218,909,613 at XuiSkin$EntityUiStyle.Load          > Could not find icon: Build_TableLargeWood, script = Wooden Table (Craftsman).
[14-09-26 02:23:13.561] WARN : General      f:0 st:218,909,613 at XuiSkin$EntityUiStyle.LoadComponentInfo> Could not find icon: Build_TableLargeWood.
[14-09-26 02:23:13.561] WARN : General      f:0 st:218,909,614 at XuiSkin$EntityUiStyle.Load          > Could not find icon: Build_HerbDryerSmall, script = Simple Small Plant Drying Rack.
[14-09-26 02:23:13.561] WARN : General      f:0 st:218,909,614 at XuiSkin$EntityUiStyle.Load          > Could not find icon: Build_DoorframeBrick, script = Brick Doorframe (Basic).
[14-09-26 02:23:13.562] WARN : General      f:0 st:218,909,614 at XuiSkin$EntityUiStyle.Load          > Could not find icon: Build_DoorframeBrick, script = Brick Doorframe (Craftsman).
[14-09-26 02:23:13.562] WARN : General      f:0 st:218,909,614 at XuiSkin$EntityUiStyle.Load          > Could not find icon: Item_Key_Blank, script = Key Duplicator.
[14-09-26 02:23:13.562] WARN : General      f:0 st:218,909,615 at XuiSkin$EntityUiStyle.Load          > Could not find icon: Build_MetalCounter, script = Metal Counter (Basic).
[14-09-26 02:23:13.562] WARN : General      f:0 st:218,909,615 at XuiSkin$EntityUiStyle.Load          > Could not find icon: Build_MetalCounter, script = Metal Counter (Craftsman).
[14-09-26 02:23:13.563] WARN : General      f:0 st:218,909,615 at XuiSkin$EntityUiStyle.Load          > Could not find icon: Build_WallLogs, script = Log Wall.
[14-09-26 02:23:13.563] WARN : General      f:0 st:218,909,615 at XuiSkin$EntityUiStyle.Load          > Could not find icon: Item_Anvil_Forged, script = Electric Blower Forge.
[14-09-26 02:23:13.563] WARN : General      f:0 st:218,909,616 at XuiSkin$EntityUiStyle.LoadComponentInfo> Could not find icon: Item_Anvil_Forged.
[14-09-26 02:23:13.563] WARN : General      f:0 st:218,909,616 at XuiSkin$EntityUiStyle.Load          > Could not find icon: Build_DryingFrameSmall, script = Small Leather Drying Rack.
[14-09-26 02:23:13.564] WARN : General      f:0 st:218,909,616 at XuiSkin$EntityUiStyle.Load          > Could not find icon: Build_WindowframeStone, script = Stone Window Frame.
[14-09-26 02:23:13.564] WARN : General      f:0 st:218,909,616 at XuiSkin$EntityUiStyle.Load          > Could not find icon: Build_FurnaceAdvanced, script = Advanced Furnace.
[14-09-26 02:23:13.564] WARN : General      f:0 st:218,909,617 at XuiSkin$EntityUiStyle.Load          > Could not find icon: Build_DryingFrameSmall, script = Medium Leather Drying Rack.
[14-09-26 02:23:13.564] WARN : General      f:0 st:218,909,617 at XuiSkin$EntityUiStyle.Load          > Could not find icon: Item_Rock, script = Grinding Slab.
[14-09-26 02:23:13.565] WARN : General      f:0 st:218,909,617 at XuiSkin$EntityUiStyle.LoadComponentInfo> Could not find icon: Item_Rock.
[14-09-26 02:23:13.565] WARN : General      f:0 st:218,909,617 at XuiSkin$EntityUiStyle.Load          > Could not find icon: Build_BarrelOven, script = Metal Barrel Oven.
[14-09-26 02:23:13.565] WARN : General      f:0 st:218,909,618 at XuiSkin$EntityUiStyle.Load          > Could not find icon: Build_CharcoalDrum, script = Charcoal Burning Barrel.
[14-09-26 02:23:13.565] WARN : General      f:0 st:218,909,618 at XuiSkin$EntityUiStyle.Load          > Could not find icon: Build_StairsWood, script = Wooden Stairs.
[14-09-26 02:23:13.566] WARN : General      f:0 st:218,909,618 at XuiSkin$EntityUiStyle.Load          > Could not find icon: Item_Ingot_Steel, script = Arc Furnace.
[14-09-26 02:23:13.566] WARN : General      f:0 st:218,909,619 at XuiSkin$EntityUiStyle.LoadComponentInfo> Could not find icon: Item_Ingot_Steel.
[14-09-26 02:23:13.566] WARN : General      f:0 st:218,909,619 at XuiSkin$EntityUiStyle.Load          > Could not find icon: Build_TroughMetal, script = Long Metal Feeding Trough.
[14-09-26 02:23:13.567] WARN : General      f:0 st:218,909,619 at XuiSkin$EntityUiStyle.Load          > Could not find icon: Build_KilnLarge, script = Advanced Kiln.
[14-09-26 02:23:13.567] WARN : General      f:0 st:218,909,619 at XuiSkin$EntityUiStyle.Load          > Could not find icon: Build_ShelfWood, script = Wooden Shelf (Basic).
[14-09-26 02:23:13.567] WARN : General      f:0 st:218,909,620 at XuiSkin$EntityUiStyle.Load          > Could not find icon: Build_RainCollectorCrate2, script = Rain Collector Crate (Garbage Bags).
[14-09-26 02:23:13.567] WARN : General      f:0 st:218,909,620 at XuiSkin$EntityUiStyle.Load          > Could not find icon: Build_HerbDryerLarge, script = Simple Large Plant Drying Rack.
[14-09-26 02:23:13.568] WARN : General      f:0 st:218,909,620 at XuiSkin$EntityUiStyle.Load          > Could not find icon: Build_WoodPicket, script = Wooden Marker.
[14-09-26 02:23:13.568] WARN : General      f:0 st:218,909,620 at XuiSkin$EntityUiStyle.Load          > Could not find icon: Build_ShelfWood, script = Wooden Shelf (Craftsman).
[14-09-26 02:23:13.568] WARN : General      f:0 st:218,909,621 at XuiSkin$EntityUiStyle.Load          > Could not find icon: Build_FloorSand, script = Sand Floor.
[14-09-26 02:23:13.569] WARN : General      f:0 st:218,909,621 at XuiSkin$EntityUiStyle.Load          > Could not find icon: Build_Sidetable, script = Wood Table with Drawer.
[14-09-26 02:23:13.569] WARN : General      f:0 st:218,909,621 at XuiSkin$EntityUiStyle.Load          > Could not find icon: Build_TanningBarrel, script = Tannin Barrel.
[14-09-26 02:23:13.569] WARN : General      f:0 st:218,909,622 at XuiSkin$EntityUiStyle.Load          > Could not find icon: Build_Sidetable, script = Wooden Table with Drawer (Craftsman).
[14-09-26 02:23:13.569] WARN : General      f:0 st:218,909,622 at XuiSkin$EntityUiStyle.Load          > Could not find icon: Build_Sidetable, script = Wooden Table with Drawer (Basic).
[14-09-26 02:23:13.570] WARN : General      f:0 st:218,909,622 at XuiSkin$EntityUiStyle.Load          > Could not find icon: Build_Bed, script = Wooden Bed.
[14-09-26 02:23:13.570] WARN : General      f:0 st:218,909,623 at XuiSkin$EntityUiStyle.Load          > Could not find icon: Build_SmeltingFurnace, script = Simple Forge.
[14-09-26 02:23:13.571] WARN : General      f:0 st:218,909,623 at XuiSkin$EntityUiStyle.Load          > Could not find icon: Build_LogBench, script = Log Bench.
[14-09-26 02:23:13.571] WARN : General      f:0 st:218,909,624 at XuiSkin$EntityUiStyle.Load          > Could not find icon: Build_StickBookcaseSmall, script = Crude Small Wooden Bookcase.
[14-09-26 02:23:13.571] WARN : General      f:0 st:218,909,624 at XuiSkin$EntityUiStyle.Load          > Could not find icon: Item_WaterDrop, script = Water Pump.
[14-09-26 02:23:13.571] WARN : General      f:0 st:218,909,624 at XuiSkin$EntityUiStyle.Load          > Could not find icon: Build_Grindstone, script = Grindstone.
[14-09-26 02:23:13.572] WARN : General      f:0 st:218,909,624 at XuiSkin$EntityUiStyle.Load          > Could not find icon: Item_Hacksaw, script = Metal Bandsaw.
[14-09-26 02:23:13.572] WARN : General      f:0 st:218,909,625 at XuiSkin$EntityUiStyle.Load          > Could not find icon: Build_BookcaseShort, script = Small Wooden Bookcase (Craftsman).
[14-09-26 02:23:13.572] WARN : General      f:0 st:218,909,625 at XuiSkin$EntityUiStyle.Load          > Could not find icon: Build_MetalworkBench, script = Metalworkbench.
[14-09-26 02:23:13.573] WARN : General      f:0 st:218,909,625 at XuiSkin$EntityUiStyle.LoadComponentInfo> Could not find icon: Build_MetalworkBench.
[14-09-26 02:23:13.573] WARN : General      f:0 st:218,909,626 at XuiSkin$EntityUiStyle.Load          > Could not find icon: Item_Handle, script = Wooden Fence Post.
[14-09-26 02:23:13.573] WARN : General      f:0 st:218,909,626 at XuiSkin$EntityUiStyle.LoadComponentInfo> Could not find icon: Item_Handle.
[14-09-26 02:23:13.573] WARN : General      f:0 st:218,909,626 at XuiSkin$EntityUiStyle.Load          > Could not find icon: Build_BookcaseShort, script = Small Wooden Bookcase (Basic).
[14-09-26 02:23:13.573] WARN : General      f:0 st:218,909,626 at XuiSkin$EntityUiStyle.Load          > Could not find icon: Build_Composter, script = Composter (Basic).
[14-09-26 02:23:13.573] WARN : General      f:0 st:218,909,626 at XuiSkin$EntityUiStyle.Load          > Could not find icon: Build_FenceStakes, script = Crude Wooden Fence.
[14-09-26 02:23:13.574] WARN : General      f:0 st:218,909,627 at XuiSkin$EntityUiStyle.Load          > Could not find icon: Build_DoorframeLogs, script = Log Doorframe.
[14-09-26 02:23:13.574] WARN : General      f:0 st:218,909,627 at XuiSkin$EntityUiStyle.Load          > Could not find icon: Build_DoorFenceWood, script = Wooden Fence Gate.
[14-09-26 02:23:13.574] WARN : General      f:0 st:218,909,627 at XuiSkin$EntityUiStyle.Load          > Could not find icon: Build_SofteningBeam, script = Softening Beam.
[14-09-26 02:23:13.574] WARN : General      f:0 st:218,909,627 at XuiSkin$EntityUiStyle.Load          > Could not find icon: Build_ShortWireFence, script = Small Metal Wire Fence.
[14-09-26 02:23:13.574] WARN : General      f:0 st:218,909,628 at XuiSkin$EntityUiStyle.Load          > Could not find icon: Build_Stake_SkullStag, script = Deer Skull Pole.
[14-09-26 02:23:13.575] WARN : General      f:0 st:218,909,628 at XuiSkin$EntityUiStyle.Load          > Could not find icon: Item_Charcoal, script = Pit of Coals.
[14-09-26 02:23:13.575] WARN : General      f:0 st:218,909,628 at XuiSkin$EntityUiStyle.Load          > Could not find icon: Build_HerbDryerSmall, script = Small Plant Drying Rack.
[14-09-26 02:23:13.575] WARN : General      f:0 st:218,909,628 at XuiSkin$EntityUiStyle.Load          > Could not find icon: Item_BlowTorch, script = Metalwork Lathe.
[14-09-26 02:23:13.576] WARN : General      f:0 st:218,909,629 at XuiSkin$EntityUiStyle.LoadComponentInfo> Could not find icon: Item_BlowTorch.
[14-09-26 02:23:13.576] WARN : General      f:0 st:218,909,629 at XuiSkin$EntityUiStyle.Load          > Could not find icon: Build_LogTable2, script = Crude Wooden Table.
[14-09-26 02:23:13.576] WARN : General      f:0 st:218,909,629 at XuiSkin$EntityUiStyle.Load          > Could not find icon: Build_Coffin, script = Wooden Coffin.
[14-09-26 02:23:13.576] WARN : General      f:0 st:218,909,629 at XuiSkin$EntityUiStyle.Load          > Could not find icon: Build_Stake_Antlers, script = Antlers Pole.
[14-09-26 02:23:13.577] WARN : General      f:0 st:218,909,630 at XuiSkin$EntityUiStyle.Load          > Could not find icon: Build_Stake_SkullSheep, script = Sheep Skull Pole.
[14-09-26 02:23:13.577] WARN : General      f:0 st:218,909,630 at XuiSkin$EntityUiStyle.Load          > Could not find icon: Item_WaterDrop, script = Steam Turbine.
[14-09-26 02:23:13.577] WARN : General      f:0 st:218,909,630 at XuiSkin$EntityUiStyle.Load          > Could not find icon: Build_Coop2, script = Chicken Hutch (Dark Wood).
[14-09-26 02:23:13.577] WARN : General      f:0 st:218,909,630 at XuiSkin$EntityUiStyle.Load          > Could not find icon: Build_FenceOpenLogs, script = Wide Log Gate.
[14-09-26 02:23:13.578] WARN : General      f:0 st:218,909,631 at XuiSkin$EntityUiStyle.Load          > Could not find icon: Build_PoleGate, script = Big Pole Fence Gate.
[14-09-26 02:23:13.578] WARN : General      f:0 st:218,909,631 at XuiSkin$EntityUiStyle.Load          > Could not find icon: Build_StairsLogs, script = Log Stairs.
[14-09-26 02:23:13.578] WARN : General      f:0 st:218,909,631 at XuiSkin$EntityUiStyle.Load          > Could not find icon: Item_Toast, script = Toaster.
[14-09-26 02:23:13.578] WARN : General      f:0 st:218,909,631 at XuiSkin$EntityUiStyle.Load          > Could not find icon: Build_FloorTilePorcelain, script = Tile Floor.
[14-09-26 02:23:13.578] WARN : General      f:0 st:218,909,631 at XuiSkin$EntityUiStyle.Load          > Could not find icon: Build_CrossSimple, script = Crude Wooden Cross.
[14-09-26 02:23:13.579] WARN : General      f:0 st:218,909,632 at XuiSkin$EntityUiStyle.Load          > Could not find icon: Item_Charcoal, script = Large Pit of Coals.
[14-09-26 02:23:13.579] WARN : General      f:0 st:218,909,632 at XuiSkin$EntityUiStyle.Load          > Could not find icon: Build_ButcherHook, script = Butcher Hook.
[14-09-26 02:23:13.579] WARN : General      f:0 st:218,909,632 at XuiSkin$EntityUiStyle.Load          > Could not find icon: Build_SpinningWheel, script = Spinning Wheel.
[14-09-26 02:23:13.579] WARN : General      f:0 st:218,909,632 at XuiSkin$EntityUiStyle.Load          > Could not find icon: Build_Coop, script = Chicken Hutch (Light Wood).
[14-09-26 02:23:13.579] WARN : General      f:0 st:218,909,633 at XuiSkin$EntityUiStyle.Load          > Could not find icon: Build_Bookcase, script = Wooden Bookcase (Basic).
[14-09-26 02:23:13.580] WARN : General      f:0 st:218,909,633 at XuiSkin$EntityUiStyle.LoadComponentInfo> Could not find icon: Build_Bookcase.
[14-09-26 02:23:13.580] WARN : General      f:0 st:218,909,633 at XuiSkin$EntityUiStyle.Load          > Could not find icon: Item_Petrol, script = Generator Maintenance.
[14-09-26 02:23:13.580] WARN : General      f:0 st:218,909,633 at XuiSkin$EntityUiStyle.Load          > Could not find icon: Build_Bookcase, script = Wooden Bookcase (Craftsman).
[14-09-26 02:23:13.580] WARN : General      f:0 st:218,909,633 at XuiSkin$EntityUiStyle.Load          > Could not find icon: Build_BarricadeWindow_Bars, script = Metal Bar Barricade.
[14-09-26 02:23:13.580] WARN : General      f:0 st:218,909,634 at XuiSkin$EntityUiStyle.Load          > Could not find icon: Build_Stake_SkullBull, script = Bull Skull Pole.
[14-09-26 02:23:13.580] WARN : General      f:0 st:218,909,634 at XuiSkin$EntityUiStyle.Load          > Could not find icon: Build_Wall_Plaster, script = Plaster Wall.
[14-09-26 02:23:13.582] WARN : General      f:0 st:218,909,634 at XuiSkin$EntityUiStyle.Load          > Could not find icon: Build_CookingPit, script = Fire Pit (Stone Blocks).
[14-09-26 02:23:13.582] WARN : General      f:0 st:218,909,634 at XuiSkin$EntityUiStyle.Load          > Could not find icon: Build_LoomSimple, script = Simple Loom.
[14-09-26 02:23:13.582] WARN : General      f:0 st:218,909,634 at XuiSkin$EntityUiStyle.Load          > Could not find icon: Build_WoodSign_Skull, script = Paint Sign - Skull.
[14-09-26 02:23:13.582] WARN : General      f:0 st:218,909,635 at XuiSkin$EntityUiStyle.Load          > Could not find icon: Build_WindowframeMetal, script = Metal Window Frame (Basic).
[14-09-26 02:23:13.582] WARN : General      f:0 st:218,909,635 at XuiSkin$EntityUiStyle.Load          > Could not find icon: Build_WindowframeMetal, script = Metal Window Frame (Craftsman).
[14-09-26 02:23:13.582] WARN : General      f:0 st:218,909,635 at XuiSkin$EntityUiStyle.Load          > Could not find icon: Build_DoubleWireGate, script = Double Tall Wire Fence Gate.
[14-09-26 02:23:13.582] WARN : General      f:0 st:218,909,635 at XuiSkin$EntityUiStyle.Load          > Could not find icon: Build_RainCollectorBarrel, script = Rain Collector Barrel (Tarp).
[14-09-26 02:23:13.583] WARN : General      f:0 st:218,909,636 at XuiSkin$EntityUiStyle.Load          > Could not find icon: Build_FenceBrick, script = Short Brick Wall.
[14-09-26 02:23:13.583] WARN : General      f:0 st:218,909,636 at XuiSkin$EntityUiStyle.Load          > Could not find icon: Build_LogSeat, script = Short Log Bench.
[14-09-26 02:23:13.583] WARN : General      f:0 st:218,909,636 at XuiSkin$EntityUiStyle.LoadComponentInfo> Could not find icon: Build_LogSeat.
[14-09-26 02:23:13.583] WARN : General      f:0 st:218,909,636 at XuiSkin$EntityUiStyle.Load          > Could not find icon: Build_FenceMetalPosts, script = Metal Pole Fence.
[14-09-26 02:23:13.585] WARN : General      f:0 st:218,909,637 at XuiSkin$EntityUiStyle.Load          > Could not find icon: Build_DoorWood, script = Wooden Door (Advanced).
[14-09-26 02:23:13.585] WARN : General      f:0 st:218,909,637 at XuiSkin$EntityUiStyle.Load          > Could not find icon: Build_WallframeMetal, script = Metal Wall Frame.
[14-09-26 02:23:13.585] WARN : General      f:0 st:218,909,637 at XuiSkin$EntityUiStyle.Load          > Could not find icon: Build_DoorWood, script = Wooden Door (Basic).
[14-09-26 02:23:13.585] WARN : General      f:0 st:218,909,637 at XuiSkin$EntityUiStyle.Load          > Could not find icon: Build_WallframeWood, script = Wooden Wall Frame.
[14-09-26 02:23:13.585] WARN : General      f:0 st:218,909,638 at XuiSkin$EntityUiStyle.Load          > Could not find icon: Item_Anvil_Stone, script = Primitive Forge.
[14-09-26 02:23:13.586] WARN : General      f:0 st:218,909,638 at XuiSkin$EntityUiStyle.Load          > Could not find icon: Build_DoorMetal, script = Metal Door (Poor).
[14-09-26 02:23:13.586] WARN : General      f:0 st:218,909,638 at XuiSkin$EntityUiStyle.Load          > Could not find icon: Build_DoorWeldedMetal, script = Metal Door (Shoddy).
[14-09-26 02:23:13.586] WARN : General      f:0 st:218,909,638 at XuiSkin$EntityUiStyle.Load          > Could not find icon: Build_DoorWood, script = Wooden Door (Craftsman).
[14-09-26 02:23:13.586] WARN : General      f:0 st:218,909,639 at XuiSkin$EntityUiStyle.Load          > Could not find icon: Build_Cross, script = Wooden Cross.
[14-09-26 02:23:13.587] WARN : General      f:0 st:218,909,639 at XuiSkin$EntityUiStyle.Load          > Could not find icon: Build_ShelvesWood, script = Double Wooden Shelves.
[14-09-26 02:23:13.587] WARN : General      f:0 st:218,909,639 at XuiSkin$EntityUiStyle.Load          > Could not find icon: Item_MugFulll, script = Coffee Machine.
[14-09-26 02:23:13.587] WARN : General      f:0 st:218,909,639 at XuiSkin$EntityUiStyle.Load          > Could not find icon: Item_RailroadRail_Short, script = Makeshift Electric Blower Forge.
[14-09-26 02:23:13.587] WARN : General      f:0 st:218,909,639 at XuiSkin$EntityUiStyle.LoadComponentInfo> Could not find icon: Item_RailroadRail_Short.
[14-09-26 02:23:13.587] WARN : General      f:0 st:218,909,640 at XuiSkin$EntityUiStyle.Load          > Could not find icon: Build_LeanToShelterTarp, script = Tarp Shelter.
[14-09-26 02:23:13.587] WARN : General      f:0 st:218,909,640 at XuiSkin$EntityUiStyle.Load          > Could not find icon: Build_HerbDryerLarge, script = Large Plant Drying Rack.
[14-09-26 02:23:13.588] WARN : General      f:0 st:218,909,640 at XuiSkin$EntityUiStyle.Load          > Could not find icon: Build_StoneQuern, script = Stone Quern.
[14-09-26 02:23:13.588] WARN : General      f:0 st:218,909,640 at XuiSkin$EntityUiStyle.LoadComponentInfo> Could not find icon: Build_StoneQuern.
[14-09-26 02:23:13.589] WARN : General      f:0 st:218,909,642 at XuiSkin$EntityUiStyle.Load          > Could not find icon: Build_WoodSign, script = Wooden Sign.
[14-09-26 02:23:13.589] WARN : General      f:0 st:218,909,642 at XuiSkin$EntityUiStyle.Load          > Could not find icon: Build_WoodPole_Tall, script = Wooden Pole.
[14-09-26 02:23:13.589] WARN : General      f:0 st:218,909,642 at XuiSkin$EntityUiStyle.Load          > Could not find icon: Build_WoodSign_Down, script = Paint Sign - Down Arrow.
[14-09-26 02:23:13.589] WARN : General      f:0 st:218,909,642 at XuiSkin$EntityUiStyle.Load          > Could not find icon: Item_Dice, script = Test Entity.
[14-09-26 02:23:13.590] WARN : General      f:0 st:218,909,642 at XuiSkin$EntityUiStyle.LoadComponentInfo> Could not find icon: Item_Note2.
[14-09-26 02:23:13.590] WARN : General      f:0 st:218,909,642 at XuiSkin$EntityUiStyle.Load          > Could not find icon: Build_SandbagWall, script = Sandbag Wall.
[14-09-26 02:23:13.590] WARN : General      f:0 st:218,909,643 at XuiSkin$EntityUiStyle.Load          > Could not find icon: Build_SmeltingFurnace, script = Simple Furnace.
[14-09-26 02:23:13.590] WARN : General      f:0 st:218,909,643 at XuiSkin$EntityUiStyle.Load          > Could not find icon: Build_BarricadeWindow_Plank, script = Planks Barricade.
[14-09-26 02:23:13.590] WARN : General      f:0 st:218,909,643 at XuiSkin$EntityUiStyle.Load          > Could not find icon: Item_Logs, script = Tree Stump.
[14-09-26 02:23:13.591] WARN : General      f:0 st:218,909,643 at XuiSkin$EntityUiStyle.LoadComponentInfo> Could not find icon: Item_Logs.
[14-09-26 02:23:13.591] WARN : General      f:0 st:218,909,643 at XuiSkin$EntityUiStyle.Load          > Could not find icon: Build_CrateWood, script = Wooden Crate (Craftsman).
[14-09-26 02:23:13.591] WARN : General      f:0 st:218,909,644 at XuiSkin$EntityUiStyle.Load          > Could not find icon: Build_TallWireGate, script = Big Wire Fence Gate.
[14-09-26 02:23:13.591] WARN : General      f:0 st:218,909,644 at XuiSkin$EntityUiStyle.Load          > Could not find icon: Build_CrateWood, script = Wooden Crate (Basic).
[14-09-26 02:23:13.592] WARN : General      f:0 st:218,909,644 at XuiSkin$EntityUiStyle.Load          > Could not find icon: Build_DoubleWireFence, script = Big Wire Fence.
[14-09-26 02:23:13.592] WARN : General      f:0 st:218,909,644 at XuiSkin$EntityUiStyle.Load          > Could not find icon: Build_Composter, script = Composter (Craftsman).
[14-09-26 02:23:13.592] WARN : General      f:0 st:218,909,645 at XuiSkin$EntityUiStyle.Load          > Could not find icon: Build_Amphora, script = Amphora.
[14-09-26 02:23:13.592] WARN : General      f:0 st:218,909,645 at XuiSkin$EntityUiStyle.Load          > Could not find icon: Build_Coalpit, script = Charcoal Burning Pile.
[14-09-26 02:23:13.592] WARN : General      f:0 st:218,909,645 at XuiSkin$EntityUiStyle.Load          > Could not find icon: Build_FloorTileWood, script = Wooden Floor (Craftsman).
[14-09-26 02:23:13.593] WARN : General      f:0 st:218,909,645 at XuiSkin$EntityUiStyle.Load          > Could not find icon: Build_FloorTileWood, script = Wooden Floor (Advanced).
[14-09-26 02:23:13.593] WARN : General      f:0 st:218,909,646 at XuiSkin$EntityUiStyle.Load          > Could not find icon: Build_FloorTileWood, script = Wooden Floor (Basic).
[14-09-26 02:23:13.593] WARN : General      f:0 st:218,909,646 at XuiSkin$EntityUiStyle.Load          > Could not find icon: Item_CarBatteryCharger, script = CeroSec - FS-800.
[14-09-26 02:23:13.593] WARN : General      f:0 st:218,909,646 at XuiSkin$EntityUiStyle.Load          > Could not find icon: Build_Wall_Wallpaper, script = Apply Wallpaper.
[14-09-26 02:23:13.594] WARN : General      f:0 st:218,909,647 at XuiSkin$EntityUiStyle.Load          > Could not find icon: Build_Chair, script = Wooden Chair (Basic).
[14-09-26 02:23:13.594] WARN : General      f:0 st:218,909,647 at XuiSkin$EntityUiStyle.Load          > Could not find icon: Build_FlashlightLamp, script = Wooden Flashlight Pillar.
[14-09-26 02:23:13.594] WARN : General      f:0 st:218,909,647 at XuiSkin$EntityUiStyle.Load          > Could not find icon: Build_Chair, script = Wooden Chair (Advanced).
[14-09-26 02:23:13.594] WARN : General      f:0 st:218,909,647 at XuiSkin$EntityUiStyle.Load          > Could not find icon: Build_FenceHighMetalPosts, script = Big Metal Pole Fence.
[14-09-26 02:23:13.595] WARN : General      f:0 st:218,909,647 at XuiSkin$EntityUiStyle.Load          > Could not find icon: Build_Chair, script = Wooden Chair (Craftsman).
[14-09-26 02:23:13.595] WARN : General      f:0 st:218,909,648 at XuiSkin$EntityUiStyle.Load          > Could not find icon: Build_LogStool, script = Log Stool.
[14-09-26 02:23:13.595] WARN : General      f:0 st:218,909,648 at XuiSkin$EntityUiStyle.Load          > Could not find icon: Build_TableSmallWood, script = Small Wooden Table (Craftsman).
[14-09-26 02:23:13.595] WARN : General      f:0 st:218,909,648 at XuiSkin$EntityUiStyle.LoadComponentInfo> Could not find icon: Build_TableSmallWood.
[14-09-26 02:23:13.595] WARN : General      f:0 st:218,909,648 at XuiSkin$EntityUiStyle.Load          > Could not find icon: Build_TableSmallWood, script = Small Wooden Table (Advanced).
[14-09-26 02:23:13.596] WARN : General      f:0 st:218,909,648 at XuiSkin$EntityUiStyle.LoadComponentInfo> Could not find icon: Build_TableSmallWood.
[14-09-26 02:23:13.596] WARN : General      f:0 st:218,909,649 at XuiSkin$EntityUiStyle.Load          > Could not find icon: Build_TableSmallWood, script = Small Wooden Table (Basic).
[14-09-26 02:23:13.596] WARN : General      f:0 st:218,909,649 at XuiSkin$EntityUiStyle.LoadComponentInfo> Could not find icon: Build_TableSmallWood.
[14-09-26 02:23:13.596] WARN : General      f:0 st:218,909,649 at XuiSkin$EntityUiStyle.Load          > Could not find icon: Item_CarBatteryCharger, script = Test Kiln.
[14-09-26 02:23:13.596] WARN : General      f:0 st:218,909,649 at XuiSkin$EntityUiStyle.LoadComponentInfo> Could not find icon: Item_Note2.
[14-09-26 02:23:13.597] WARN : General      f:0 st:218,909,649 at XuiSkin$EntityUiStyle.Load          > Could not find icon: Build_ShortWireGate, script = Metal Wire Fence Gate.
[14-09-26 02:23:13.597] WARN : General      f:0 st:218,909,650 at XuiSkin$EntityUiStyle.Load          > Could not find icon: Build_LogSeat, script = Log Seat.
[14-09-26 02:23:13.597] WARN : General      f:0 st:218,909,650 at XuiSkin$EntityUiStyle.Load          > Could not find icon: Item_PropaneTank, script = Steam Boiler.
[14-09-26 02:23:13.597] WARN : General      f:0 st:218,909,650 at XuiSkin$EntityUiStyle.Load          > Could not find icon: Build_TroughWoodLong, script = Long Wooden Feeding Trough.
[14-09-26 02:23:13.597] WARN : General      f:0 st:218,909,650 at XuiSkin$EntityUiStyle.Load          > Could not find icon: Build_MetalworkTable, script = Metalwork Table.
[14-09-26 02:23:13.598] WARN : General      f:0 st:218,909,650 at XuiSkin$EntityUiStyle.LoadComponentInfo> Could not find icon: Build_MetalworkTable.
[14-09-26 02:23:13.599] WARN : General      f:0 st:218,909,652 at XuiSkin$EntityUiStyle.Load          > Could not find icon: Item_Dice, script = Entity_DisplayName_Default.
[14-09-26 02:23:13.599] WARN : General      f:0 st:218,909,652 at XuiSkin$EntityUiStyle.LoadComponentInfo> Could not find icon: Item_Dice.
[14-09-26 02:23:13.599] WARN : General      f:0 st:218,909,652 at XuiSkin$EntityUiStyle.LoadComponentInfo> Could not find icon: Item_Dice.
[14-09-26 02:23:13.599] WARN : General      f:0 st:218,909,652 at XuiSkin$EntityUiStyle.LoadComponentInfo> Could not find icon: Item_Dice.
[14-09-26 02:23:13.600] WARN : General      f:0 st:218,909,653 at XuiSkin$EntityUiStyle.LoadComponentInfo> Could not find icon: Item_Dice.
[14-09-26 02:23:13.600] WARN : General      f:0 st:218,909,653 at XuiSkin$EntityUiStyle.Load          > Could not find icon: Build_FloorDirt, script = Dirt Floor.
[14-09-26 02:23:13.601] WARN : General      f:0 st:218,909,653 at XuiSkin$EntityUiStyle.Load          > Could not find icon: Build_DoorframeStone, script = Stone Doorframe.
[14-09-26 02:23:13.601] WARN : General      f:0 st:218,909,654 at XuiSkin$EntityUiStyle.Load          > Could not find icon: Build_PotteryBench, script = Pottery Bench.
[14-09-26 02:23:13.601] WARN : General      f:0 st:218,909,654 at XuiSkin$EntityUiStyle.LoadComponentInfo> Could not find icon: Build_PotteryBench.
[14-09-26 02:23:13.601] WARN : General      f:0 st:218,909,654 at XuiSkin$EntityUiStyle.Load          > Could not find icon: Build_Cairn, script = Stone Cairn.
[14-09-26 02:23:13.602] WARN : General      f:0 st:218,909,654 at XuiSkin$EntityUiStyle.Load          > Could not find icon: Build_WallWood, script = Wooden Wall (Advanced).
[14-09-26 02:23:13.602] WARN : General      f:0 st:218,909,655 at XuiSkin$EntityUiStyle.Load          > Could not find icon: Build_WallWood, script = Wooden Wall (Basic).
[14-09-26 02:23:13.602] WARN : General      f:0 st:218,909,655 at XuiSkin$EntityUiStyle.Load          > Could not find icon: Build_LeanToShelterSticks, script = Lean-to Shelter.
[14-09-26 02:23:13.602] WARN : General      f:0 st:218,909,655 at XuiSkin$EntityUiStyle.Load          > Could not find icon: Build_PotteryWheel, script = Pottery Wheel.
[14-09-26 02:23:13.602] WARN : General      f:0 st:218,909,655 at XuiSkin$EntityUiStyle.LoadComponentInfo> Could not find icon: Build_PotteryWheel.
[14-09-26 02:23:13.602] WARN : General      f:0 st:218,909,655 at XuiSkin$EntityUiStyle.Load          > Could not find icon: Build_CabinetStone, script = Stone Cabinet.
[14-09-26 02:23:13.603] WARN : General      f:0 st:218,909,656 at XuiSkin$EntityUiStyle.Load          > Could not find icon: Build_WallWood, script = Wooden Wall (Craftsman).
[14-09-26 02:23:13.603] WARN : General      f:0 st:218,909,656 at XuiSkin$EntityUiStyle.Load          > Could not find icon: Build_WoodSign_Left, script = Paint Sign - Left Arrow.
[14-09-26 02:23:13.604] WARN : General      f:0 st:218,909,656 at XuiSkin$EntityUiStyle.Load          > Could not find icon: Build_PrimitiveFurnace, script = Primitive Furnace.
[14-09-26 02:23:13.604] WARN : General      f:0 st:218,909,656 at XuiSkin$EntityUiStyle.Load          > Could not find icon: Build_DoorframeWood, script = Wooden Doorframe (Craftsman).
[14-09-26 02:23:13.604] WARN : General      f:0 st:218,909,656 at XuiSkin$EntityUiStyle.Load          > Could not find icon: Build_DoorframeWood, script = Wooden Doorframe (Advanced).
[14-09-26 02:23:13.604] WARN : General      f:0 st:218,909,657 at XuiSkin$EntityUiStyle.Load          > Could not find icon: Build_DoorframeWood, script = Wooden Doorframe (Basic).
[14-09-26 02:23:13.604] WARN : General      f:0 st:218,909,657 at XuiSkin$EntityUiStyle.Load          > Could not find icon: Build_WindowframeLogs, script = Log Window Frame.
[14-09-26 02:23:13.605] WARN : General      f:0 st:218,909,657 at XuiSkin$EntityUiStyle.Load          > Could not find icon: Build_FloorGravel, script = Gravel Floor.
[14-09-26 02:23:13.605] WARN : General      f:0 st:218,909,657 at XuiSkin$EntityUiStyle.Load          > Could not find icon: Item_WaterBottle, script = Bottling Machine.
[14-09-26 02:23:13.605] WARN : General      f:0 st:218,909,658 at XuiSkin$EntityUiStyle.Load          > Could not find icon: Build_WallBrick, script = Brick Wall (Basic).
[14-09-26 02:23:13.605] WARN : General      f:0 st:218,909,658 at XuiSkin$EntityUiStyle.Load          > Could not find icon: Build_WallBrick, script = Brick Wall (Craftsman).
[14-09-26 02:23:13.606] WARN : General      f:0 st:218,909,658 at XuiSkin$EntityUiStyle.Load          > Could not find icon: Build_DryingFrameLarge, script = Large Leather Drying Rack.
[14-09-26 02:23:13.606] WARN : General      f:0 st:218,909,658 at XuiSkin$EntityUiStyle.Load          > Could not find icon: Build_RippleComb, script = Ripple Comb.
[14-09-26 02:23:13.606] WARN : General      f:0 st:218,909,658 at XuiSkin$EntityUiStyle.Load          > Could not find icon: Build_Wall_Paint, script = Paint Wall / Item.
[14-09-26 02:23:13.606] WARN : General      f:0 st:218,909,659 at XuiSkin$EntityUiStyle.Load          > Could not find icon: Build_FenceWood, script = Wooden Fence (Craftsman).
[14-09-26 02:23:13.606] WARN : General      f:0 st:218,909,659 at XuiSkin$EntityUiStyle.Load          > Could not find icon: Build_FenceWood, script = Wooden Fence (Advanced).
[14-09-26 02:23:13.607] WARN : General      f:0 st:218,909,659 at XuiSkin$EntityUiStyle.Load          > Could not find icon: Build_LogTable, script = Log Table.
[14-09-26 02:23:13.607] WARN : General      f:0 st:218,909,659 at XuiSkin$EntityUiStyle.Load          > Could not find icon: Build_FenceWood, script = Wooden Fence (Basic).
[14-09-26 02:23:13.607] WARN : General      f:0 st:218,909,659 at XuiSkin$EntityUiStyle.Load          > Could not find icon: Build_ForgeAdvanced, script = Advanced Forge.
[14-09-26 02:23:13.607] WARN : General      f:0 st:218,909,660 at XuiSkin$EntityUiStyle.Load          > Could not find icon: Build_GunLocker, script = Small Metal Locker (Craftsman).
[14-09-26 02:23:13.608] WARN : General      f:0 st:218,909,660 at XuiSkin$EntityUiStyle.Load          > Could not find icon: Build_GunLocker, script = Small Metal Locker (Basic).
[14-09-26 02:23:13.608] WARN : General      f:0 st:218,909,660 at XuiSkin$EntityUiStyle.Load          > Could not find icon: Build_RainCollectorCrate, script = Rain Collector Crate (Tarp).
[14-09-26 02:23:13.608] WARN : General      f:0 st:218,909,660 at XuiSkin$EntityUiStyle.Load          > Could not find icon: Build_ButterChurn, script = Butter Churn.
[14-09-26 02:23:13.608] WARN : General      f:0 st:218,909,660 at XuiSkin$EntityUiStyle.Load          > Could not find icon: Build_Stake_SkullCow, script = Cow Skull Pole.
[14-09-26 02:23:13.608] WARN : General      f:0 st:218,909,661 at XuiSkin$EntityUiStyle.Load          > Could not find icon: Build_FloorTileMetal, script = Metal Floor.
[14-09-26 02:23:13.609] WARN : General      f:0 st:218,909,661 at XuiSkin$EntityUiStyle.Load          > Could not find icon: Build_Handpress, script = Hand-Operated Press.
[14-09-26 02:23:13.609] WARN : General      f:0 st:218,909,661 at XuiSkin$EntityUiStyle.LoadComponentInfo> Could not find icon: Build_Handpress.
[14-09-26 02:23:13.609] WARN : General      f:0 st:218,909,661 at XuiSkin$EntityUiStyle.Load          > Could not find icon: Build_MetalCounterCorner, script = Metal Counter Corner (Craftsman).
[14-09-26 02:23:13.609] WARN : General      f:0 st:218,909,662 at XuiSkin$EntityUiStyle.Load          > Could not find icon: Build_MetalCounterCorner, script = Metal Counter Corner (Basic).
[14-09-26 02:23:13.609] WARN : General      f:0 st:218,909,662 at XuiSkin$EntityUiStyle.Load          > Could not find icon: Build_WoodCounterCorner, script = Wooden Counter Corner (Basic).
[14-09-26 02:23:13.610] WARN : General      f:0 st:218,909,662 at XuiSkin$EntityUiStyle.Load          > Could not find icon: Build_HeckleComb, script = Heckle Comb.
[14-09-26 02:23:13.610] WARN : General      f:0 st:218,909,662 at XuiSkin$EntityUiStyle.Load          > Could not find icon: Build_Stake_SkullPig, script = Pig Skull Pole.
[14-09-26 02:23:13.610] WARN : General      f:0 st:218,909,662 at XuiSkin$EntityUiStyle.Load          > Could not find icon: Build_ScutchingBoard, script = Scutching Board.
[14-09-26 02:23:13.610] WARN : General      f:0 st:218,909,663 at XuiSkin$EntityUiStyle.Load          > Could not find icon: Build_FenceMetalPosts, script = Metal Pole Fence Gate.
[14-09-26 02:23:13.610] WARN : General      f:0 st:218,909,663 at XuiSkin$EntityUiStyle.Load          > Could not find icon: Build_DoublePoleGate, script = Double Tall Metal Pole Gate.
[14-09-26 02:23:13.611] WARN : General      f:0 st:218,909,663 at XuiSkin$EntityUiStyle.Load          > Could not find icon: Build_WoodCounter, script = Wooden Counter (Advanced).
[14-09-26 02:23:13.611] WARN : General      f:0 st:218,909,663 at XuiSkin$EntityUiStyle.Load          > Could not find icon: Build_WoodCounterCorner, script = Wooden Counter Corner (Craftsman).
[14-09-26 02:23:13.611] WARN : General      f:0 st:218,909,663 at XuiSkin$EntityUiStyle.Load          > Could not find icon: Build_WoodCounter, script = Wooden Counter (Basic).
[14-09-26 02:23:13.611] WARN : General      f:0 st:218,909,664 at XuiSkin$EntityUiStyle.Load          > Could not find icon: Build_WoodCounterCorner, script = Wooden Counter Corner (Advanced).
[14-09-26 02:23:13.612] WARN : General      f:0 st:218,909,664 at XuiSkin$EntityUiStyle.Load          > Could not find icon: Build_WoodCounter, script = Wooden Counter (Craftsman).
[14-09-26 02:23:13.612] WARN : General      f:0 st:218,909,664 at XuiSkin$EntityUiStyle.Load          > Could not find icon: Build_RainCollectorBarrel2, script = Rain Collector Barrel (Garbage Bags).
[14-09-26 02:23:13.612] WARN : General      f:0 st:218,909,664 at XuiSkin$EntityUiStyle.Load          > Could not find icon: Build_WoodSign_Up, script = Paint Sign - Up Arrow.
[14-09-26 02:23:13.612] WARN : General      f:0 st:218,909,665 at XuiSkin$EntityUiStyle.Load          > Could not find icon: Build_WoodSign_Right, script = Paint Sign - Right Arrow.
[14-09-26 02:23:13.612] WARN : General      f:0 st:218,909,665 at XuiSkin$EntityUiStyle.Load          > Could not find icon: Item_SheetMetal, script = Hydraulic Press.
[14-09-26 02:23:13.612] WARN : General      f:0 st:218,909,665 at XuiSkin$EntityUiStyle.Load          > Could not find icon: Build_FenceMetal, script = Metal Fence (Craftsman).
[14-09-26 02:23:13.612] WARN : General      f:0 st:218,909,665 at XuiSkin$EntityUiStyle.Load          > Could not find icon: Build_FenceLogs, script = Log Fence.
[14-09-26 02:23:13.612] WARN : General      f:0 st:218,909,665 at XuiSkin$EntityUiStyle.Load          > Could not find icon: Build_FenceMetal, script = Metal Fence (Basic).
[14-09-26 02:23:13.613] WARN : General      f:0 st:218,909,666 at XuiSkin$EntityUiStyle.Load          > Could not find icon: Item_Orange, script = Juice Maker.
[14-09-26 02:23:13.613] WARN : General      f:0 st:218,909,666 at XuiSkin$EntityUiStyle.Load          > Could not find icon: Build_Campfire, script = Campfire.
[14-09-26 02:23:13.613] WARN : General      f:0 st:218,909,666 at XuiSkin$EntityUiStyle.LoadComponentInfo> Could not find icon: Build_Campfire.
[14-09-26 02:23:13.613] WARN : General      f:0 st:218,909,666 at XuiSkin$EntityUiStyle.Load          > Could not find icon: Build_StairsMetal, script = Metal Stairs.
[14-09-26 02:23:13.614] WARN : General      f:0 st:218,909,666 at XuiSkin$EntityUiStyle.Load          > Could not find icon: Build_TroughWoodShort, script = Short Wooden Feeding Trough.
[14-09-26 02:23:13.614] WARN : General      f:0 st:218,909,667 at XuiSkin$EntityUiStyle.Load          > Could not find icon: Item_Anvil_Forged, script = Advanced Makeshift Electric Blower Forge.
[14-09-26 02:23:13.614] WARN : General      f:0 st:218,909,667 at XuiSkin$EntityUiStyle.LoadComponentInfo> Could not find icon: Item_Anvil_Forged.
[14-09-26 02:23:13.614] WARN : General      f:0 st:218,909,667 at XuiSkin$EntityUiStyle.Load          > Could not find icon: Build_WallStone, script = Stone Wall.
[14-09-26 02:23:13.614] WARN : General      f:0 st:218,909,667 at XuiSkin$EntityUiStyle.Load          > Could not find icon: Build_Stake_SkullDoe, script = Doe Skull Pole.
[14-09-26 02:23:13.616] WARN : General      f:0 st:218,909,668 at XuiSkin$EntityUiStyle.Load          > Could not find icon: Build_WindowBlack, script = Wooden Windows.
[14-09-26 02:23:13.616] WARN : General      f:0 st:218,909,668 at XuiSkin$EntityUiStyle.Load          > Could not find icon: Item_Clamp_Forged, script = Standing Drill Press.
[14-09-26 02:23:13.616] WARN : General      f:0 st:218,909,668 at XuiSkin$EntityUiStyle.LoadComponentInfo> Could not find icon: Item_Clamp_Forged.
[14-09-26 02:23:13.616] WARN : General      f:0 st:218,909,668 at XuiSkin$EntityUiStyle.Load          > Could not find icon: Build_KilnSmall, script = Primitive Kiln.
[14-09-26 02:23:13.616] WARN : General      f:0 st:218,909,668 at XuiSkin$EntityUiStyle.Load          > Could not find icon: Build_ShelvesMetal, script = Metal Shelves (Basic).
[14-09-26 02:23:13.617] WARN : General      f:0 st:218,909,669 at XuiSkin$EntityUiStyle.Load          > Could not find icon: Build_ShelvesMetal, script = Metal Shelves (Craftsman).
[14-09-26 02:23:13.617] WARN : General      f:0 st:218,909,669 at XuiSkin$EntityUiStyle.Load          > Could not find icon: Build_DomeKiln, script = Dome Kiln.
[14-09-26 02:23:13.617] WARN : General      f:0 st:218,909,669 at XuiSkin$EntityUiStyle.Load          > Could not find icon: Build_Loom, script = Loom.
[14-09-26 02:23:13.617] WARN : General      f:0 st:218,909,669 at XuiSkin$EntityUiStyle.Load          > Could not find icon: Build_BarricadeWindow_Sheet, script = Metal Sheet Barricade.
[14-09-26 02:23:13.617] WARN : General      f:0 st:218,909,670 at XuiSkin$EntityUiStyle.Load          > Could not find icon: Build_DoubleWoodGate, script = Double Tall Wooden Gate.
[14-09-26 02:23:13.618] WARN : General      f:0 st:218,909,670 at XuiSkin$EntityUiStyle.Load          > Could not find icon: Build_StoneMill, script = Stone Mill.
[14-09-26 02:23:13.618] WARN : General      f:0 st:218,909,670 at XuiSkin$EntityUiStyle.LoadComponentInfo> Could not find icon: Build_StoneMill.
[14-09-26 02:23:13.618] WARN : General      f:0 st:218,909,670 at XuiSkin$EntityUiStyle.Load          > Could not find icon: Build_WallMetal, script = Metal Wall (Craftsman).
[14-09-26 02:23:13.618] WARN : General      f:0 st:218,909,670 at XuiSkin$EntityUiStyle.Load          > Could not find icon: Item_ClayMold_Shingle, script = Well.
[14-09-26 02:23:13.619] WARN : General      f:0 st:218,909,671 at XuiSkin$EntityUiStyle.Load          > Could not find icon: Item_Boulder, script = Boulder.
[14-09-26 02:23:13.619] WARN : General      f:0 st:218,909,671 at XuiSkin$EntityUiStyle.LoadComponentInfo> Could not find icon: Item_Boulder.
[14-09-26 02:23:13.619] WARN : General      f:0 st:218,909,671 at XuiSkin$EntityUiStyle.Load          > Could not find icon: Build_WindowframeWood, script = Wooden Window Frame (Advanced).
[14-09-26 02:23:13.619] WARN : General      f:0 st:218,909,671 at XuiSkin$EntityUiStyle.Load          > Could not find icon: Build_WindowframeWood, script = Wooden Window Frame (Craftsman).
[14-09-26 02:23:13.619] WARN : General      f:0 st:218,909,671 at XuiSkin$EntityUiStyle.Load          > Could not find icon: Build_StickBookcase, script = Crude Wooden Bookcase.
[14-09-26 02:23:13.619] WARN : General      f:0 st:218,909,672 at XuiSkin$EntityUiStyle.Load          > Could not find icon: Build_CabinetMetal, script = Big Metal Locker (Basic).
[14-09-26 02:23:13.620] WARN : General      f:0 st:218,909,672 at XuiSkin$EntityUiStyle.Load          > Could not find icon: Build_ChoppingBlock, script = Chopping Block.
[14-09-26 02:23:13.620] WARN : General      f:0 st:218,909,672 at XuiSkin$EntityUiStyle.LoadComponentInfo> Could not find icon: Build_ChoppingBlock.
[14-09-26 02:23:13.620] WARN : General      f:0 st:218,909,672 at XuiSkin$EntityUiStyle.Load          > Could not find icon: Build_WallMetal, script = Metal Wall (Basic).
[14-09-26 02:23:13.620] WARN : General      f:0 st:218,909,672 at XuiSkin$EntityUiStyle.Load          > Could not find icon: Item_Logs, script = Sawmill.
[14-09-26 02:23:13.620] WARN : General      f:0 st:218,909,672 at XuiSkin$EntityUiStyle.Load          > Could not find icon: Build_WindowframeWood, script = Wooden Window Frame (Basic).
[14-09-26 02:23:13.620] WARN : General      f:0 st:218,909,673 at XuiSkin$EntityUiStyle.Load          > Could not find icon: Build_CabinetMetal, script = Big Metal Locker (Craftsman).
[14-09-26 02:23:13.621] WARN : General      f:0 st:218,909,673 at XuiSkin$EntityUiStyle.Load          > Could not find icon: Build_WindowframeBrick, script = Brick Window Frame (Craftsman).
[14-09-26 02:23:13.621] WARN : General      f:0 st:218,909,673 at XuiSkin$EntityUiStyle.Load          > Could not find icon: Build_WindowframeBrick, script = Brick Window Frame (Basic).
[14-09-26 02:23:13.621] WARN : General      f:0 st:218,909,673 at XuiSkin$EntityUiStyle.Load          > Could not find icon: Build_CookingPitSimple, script = Fire Pit (Stones).
[14-09-26 02:23:13.621] WARN : General      f:0 st:218,909,673 at XuiSkin$EntityUiStyle.Load          > Could not find icon: Build_FenceWire, script = Barbed Wire Fence.
[14-09-26 02:23:13.621] WARN : General      f:0 st:218,909,673 at XuiSkin$EntityUiStyle.Load          > Could not find icon: Build_CrateMetal, script = Metal Crate (Craftsman).
[14-09-26 02:23:13.622] WARN : General      f:0 st:218,909,674 at XuiSkin$EntityUiStyle.Load          > Could not find icon: Build_CrateMetal, script = Metal Crate (Basic).
[14-09-26 02:23:13.622] WARN : General      f:0 st:218,909,674 at XuiSkin$EntityUiStyle.Load          > Could not find icon: Build_AnvilStone, script = Stone Anvil.
[14-09-26 02:23:13.622] WARN : General      f:0 st:218,909,674 at XuiSkin$EntityUiStyle.LoadComponentInfo> Could not find icon: Build_AnvilStone.
[14-09-26 02:23:13.622] WARN : General      f:0 st:218,909,674 at XuiSkin$EntityUiStyle.Load          > Could not find icon: Item_WaterTank, script = Water Dispenser.
[14-09-26 02:23:13.622] WARN : General      f:0 st:218,909,674 at XuiSkin$EntityUiStyle.Load          > Could not find icon: Build_DoorframeMetal, script = Metal Doorframe (Basic).
[14-09-26 02:23:13.622] WARN : General      f:0 st:218,909,675 at XuiSkin$EntityUiStyle.Load          > Could not find icon: Build_LeanToShelterLeather, script = Leather Shelter.
[14-09-26 02:23:13.622] WARN : General      f:0 st:218,909,675 at XuiSkin$EntityUiStyle.Load          > Could not find icon: Build_DoorframeMetal, script = Metal Doorframe (Craftsman).
[14-09-26 02:23:13.622] WARN : General      f:0 st:218,909,675 at XuiSkin$EntityUiStyle.Load          > Could not find icon: Build_TableLargeWood, script = Wooden Table (Advanced).
[14-09-26 02:23:13.623] WARN : General      f:0 st:218,909,675 at XuiSkin$EntityUiStyle.LoadComponentInfo> Could not find icon: Build_TableLargeWood.
[14-09-26 02:23:13.623] WARN : General      f:0 st:218,909,675 at XuiSkin$EntityUiStyle.Load          > Could not find icon: Build_LogSeat2, script = Crude Wooden Stool.
[14-09-26 02:23:13.623] WARN : General      f:0 st:218,909,676 at XuiSkin$EntityUiStyle.Load          > Could not find icon: Build_TableLargeWood, script = Wooden Table (Basic).
[14-09-26 02:23:13.623] WARN : General      f:0 st:218,909,676 at XuiSkin$EntityUiStyle.LoadComponentInfo> Could not find icon: Build_TableLargeWood.
[14-09-26 02:23:13.623] WARN : General      f:0 st:218,909,676 at XuiSkin$EntityUiStyle.Load          > Could not find icon: Build_TableLargeWood, script = Wooden Table (Craftsman).
[14-09-26 02:23:13.624] WARN : General      f:0 st:218,909,676 at XuiSkin$EntityUiStyle.LoadComponentInfo> Could not find icon: Build_TableLargeWood.
[14-09-26 02:23:13.624] WARN : General      f:0 st:218,909,676 at XuiSkin$EntityUiStyle.Load          > Could not find icon: Build_HerbDryerSmall, script = Simple Small Plant Drying Rack.
[14-09-26 02:23:13.624] WARN : General      f:0 st:218,909,677 at XuiSkin$EntityUiStyle.Load          > Could not find icon: Build_DoorframeBrick, script = Brick Doorframe (Basic).
[14-09-26 02:23:13.624] WARN : General      f:0 st:218,909,677 at XuiSkin$EntityUiStyle.Load          > Could not find icon: Build_DoorframeBrick, script = Brick Doorframe (Craftsman).
[14-09-26 02:23:13.624] WARN : General      f:0 st:218,909,677 at XuiSkin$EntityUiStyle.Load          > Could not find icon: Item_Key_Blank, script = Key Duplicator.
[14-09-26 02:23:13.624] WARN : General      f:0 st:218,909,677 at XuiSkin$EntityUiStyle.Load          > Could not find icon: Build_MetalCounter, script = Metal Counter (Basic).
[14-09-26 02:23:13.625] WARN : General      f:0 st:218,909,677 at XuiSkin$EntityUiStyle.Load          > Could not find icon: Build_MetalCounter, script = Metal Counter (Craftsman).
[14-09-26 02:23:13.625] WARN : General      f:0 st:218,909,678 at XuiSkin$EntityUiStyle.Load          > Could not find icon: Build_WallLogs, script = Log Wall.
[14-09-26 02:23:13.625] WARN : General      f:0 st:218,909,678 at XuiSkin$EntityUiStyle.Load          > Could not find icon: Item_Anvil_Forged, script = Electric Blower Forge.
[14-09-26 02:23:13.625] WARN : General      f:0 st:218,909,678 at XuiSkin$EntityUiStyle.LoadComponentInfo> Could not find icon: Item_Anvil_Forged.
[14-09-26 02:23:13.625] WARN : General      f:0 st:218,909,678 at XuiSkin$EntityUiStyle.Load          > Could not find icon: Build_DryingFrameSmall, script = Small Leather Drying Rack.
[14-09-26 02:23:13.626] WARN : General      f:0 st:218,909,678 at XuiSkin$EntityUiStyle.Load          > Could not find icon: Build_WindowframeStone, script = Stone Window Frame.
[14-09-26 02:23:13.626] WARN : General      f:0 st:218,909,678 at XuiSkin$EntityUiStyle.Load          > Could not find icon: Build_FurnaceAdvanced, script = Advanced Furnace.
[14-09-26 02:23:13.626] WARN : General      f:0 st:218,909,679 at XuiSkin$EntityUiStyle.Load          > Could not find icon: Build_DryingFrameSmall, script = Medium Leather Drying Rack.
[14-09-26 02:23:13.626] WARN : General      f:0 st:218,909,679 at XuiSkin$EntityUiStyle.Load          > Could not find icon: Item_Rock, script = Grinding Slab.
[14-09-26 02:23:13.626] WARN : General      f:0 st:218,909,679 at XuiSkin$EntityUiStyle.LoadComponentInfo> Could not find icon: Item_Rock.
[14-09-26 02:23:13.627] WARN : General      f:0 st:218,909,679 at XuiSkin$EntityUiStyle.Load          > Could not find icon: Build_BarrelOven, script = Metal Barrel Oven.
[14-09-26 02:23:13.627] WARN : General      f:0 st:218,909,679 at XuiSkin$EntityUiStyle.Load          > Could not find icon: Build_CharcoalDrum, script = Charcoal Burning Barrel.
[14-09-26 02:23:13.627] WARN : General      f:0 st:218,909,680 at XuiSkin$EntityUiStyle.Load          > Could not find icon: Build_StairsWood, script = Wooden Stairs.
[14-09-26 02:23:13.627] WARN : General      f:0 st:218,909,680 at XuiSkin$EntityUiStyle.Load          > Could not find icon: Item_Ingot_Steel, script = Arc Furnace.
[14-09-26 02:23:13.627] WARN : General      f:0 st:218,909,680 at XuiSkin$EntityUiStyle.LoadComponentInfo> Could not find icon: Item_Ingot_Steel.
[14-09-26 02:23:13.628] WARN : General      f:0 st:218,909,680 at XuiSkin$EntityUiStyle.Load          > Could not find icon: Build_TroughMetal, script = Long Metal Feeding Trough.
[14-09-26 02:23:13.628] WARN : General      f:0 st:218,909,680 at XuiSkin$EntityUiStyle.Load          > Could not find icon: Build_KilnLarge, script = Advanced Kiln.
[14-09-26 02:23:13.628] WARN : General      f:0 st:218,909,681 at XuiSkin$EntityUiStyle.Load          > Could not find icon: Build_ShelfWood, script = Wooden Shelf (Basic).
[14-09-26 02:23:13.628] WARN : General      f:0 st:218,909,681 at XuiSkin$EntityUiStyle.Load          > Could not find icon: Build_RainCollectorCrate2, script = Rain Collector Crate (Garbage Bags).
[14-09-26 02:23:13.628] WARN : General      f:0 st:218,909,681 at XuiSkin$EntityUiStyle.Load          > Could not find icon: Build_HerbDryerLarge, script = Simple Large Plant Drying Rack.
[14-09-26 02:23:13.629] WARN : General      f:0 st:218,909,681 at XuiSkin$EntityUiStyle.Load          > Could not find icon: Build_WoodPicket, script = Wooden Marker.
[14-09-26 02:23:13.629] WARN : General      f:0 st:218,909,681 at XuiSkin$EntityUiStyle.Load          > Could not find icon: Build_ShelfWood, script = Wooden Shelf (Craftsman).
[14-09-26 02:23:13.629] WARN : General      f:0 st:218,909,682 at XuiSkin$EntityUiStyle.Load          > Could not find icon: Build_FloorSand, script = Sand Floor.
[14-09-26 02:23:13.629] WARN : General      f:0 st:218,909,682 at XuiSkin$EntityUiStyle.Load          > Could not find icon: Build_Sidetable, script = Wood Table with Drawer.
[14-09-26 02:23:13.629] WARN : General      f:0 st:218,909,682 at XuiSkin$EntityUiStyle.Load          > Could not find icon: Build_TanningBarrel, script = Tannin Barrel.
[14-09-26 02:23:13.630] WARN : General      f:0 st:218,909,682 at XuiSkin$EntityUiStyle.Load          > Could not find icon: Build_Sidetable, script = Wooden Table with Drawer (Craftsman).
[14-09-26 02:23:13.630] WARN : General      f:0 st:218,909,682 at XuiSkin$EntityUiStyle.Load          > Could not find icon: Build_Sidetable, script = Wooden Table with Drawer (Basic).
[14-09-26 02:23:13.630] WARN : General      f:0 st:218,909,683 at XuiSkin$EntityUiStyle.Load          > Could not find icon: Build_Bed, script = Wooden Bed.
[14-09-26 02:23:13.630] WARN : General      f:0 st:218,909,683 at XuiSkin$EntityUiStyle.Load          > Could not find icon: Build_SmeltingFurnace, script = Simple Forge.
[14-09-26 02:23:13.630] WARN : General      f:0 st:218,909,683 at XuiSkin$EntityUiStyle.Load          > Could not find icon: Build_LogBench, script = Log Bench.
[14-09-26 02:23:13.631] WARN : General      f:0 st:218,909,683 at XuiSkin$EntityUiStyle.Load          > Could not find icon: Build_StickBookcaseSmall, script = Crude Small Wooden Bookcase.
[14-09-26 02:23:13.631] WARN : General      f:0 st:218,909,683 at XuiSkin$EntityUiStyle.Load          > Could not find icon: Item_WaterDrop, script = Water Pump.
[14-09-26 02:23:13.631] WARN : General      f:0 st:218,909,684 at XuiSkin$EntityUiStyle.Load          > Could not find icon: Build_Grindstone, script = Grindstone.
[14-09-26 02:23:13.631] WARN : General      f:0 st:218,909,684 at XuiSkin$EntityUiStyle.Load          > Could not find icon: Item_Hacksaw, script = Metal Bandsaw.
[14-09-26 02:23:13.631] WARN : General      f:0 st:218,909,684 at XuiSkin$EntityUiStyle.Load          > Could not find icon: Build_BookcaseShort, script = Small Wooden Bookcase (Craftsman).
[14-09-26 02:23:13.631] WARN : General      f:0 st:218,909,684 at XuiSkin$EntityUiStyle.Load          > Could not find icon: Build_MetalworkBench, script = Metalworkbench.
[14-09-26 02:23:13.632] WARN : General      f:0 st:218,909,684 at XuiSkin$EntityUiStyle.LoadComponentInfo> Could not find icon: Build_MetalworkBench.
[14-09-26 02:23:13.632] WARN : General      f:0 st:218,909,685 at XuiSkin$EntityUiStyle.Load          > Could not find icon: Item_Handle, script = Wooden Fence Post.
[14-09-26 02:23:13.632] WARN : General      f:0 st:218,909,685 at XuiSkin$EntityUiStyle.LoadComponentInfo> Could not find icon: Item_Handle.
[14-09-26 02:23:13.632] WARN : General      f:0 st:218,909,685 at XuiSkin$EntityUiStyle.Load          > Could not find icon: Build_BookcaseShort, script = Small Wooden Bookcase (Basic).
[14-09-26 02:23:13.633] WARN : General      f:0 st:218,909,685 at XuiSkin$EntityUiStyle.Load          > Could not find icon: Build_Composter, script = Composter (Basic).
[14-09-26 02:23:13.633] WARN : General      f:0 st:218,909,685 at XuiSkin$EntityUiStyle.Load          > Could not find icon: Build_FenceStakes, script = Crude Wooden Fence.
[14-09-26 02:23:13.633] WARN : General      f:0 st:218,909,686 at XuiSkin$EntityUiStyle.Load          > Could not find icon: Build_DoorframeLogs, script = Log Doorframe.
[14-09-26 02:23:13.634] WARN : General      f:0 st:218,909,686 at XuiSkin$EntityUiStyle.Load          > Could not find icon: Build_DoorFenceWood, script = Wooden Fence Gate.
[14-09-26 02:23:13.634] WARN : General      f:0 st:218,909,686 at XuiSkin$EntityUiStyle.Load          > Could not find icon: Build_SofteningBeam, script = Softening Beam.
[14-09-26 02:23:13.634] WARN : General      f:0 st:218,909,686 at XuiSkin$EntityUiStyle.Load          > Could not find icon: Build_ShortWireFence, script = Small Metal Wire Fence.
[14-09-26 02:23:13.634] WARN : General      f:0 st:218,909,686 at XuiSkin$EntityUiStyle.Load          > Could not find icon: Build_Stake_SkullStag, script = Deer Skull Pole.
[14-09-26 02:23:13.635] WARN : General      f:0 st:218,909,687 at XuiSkin$EntityUiStyle.Load          > Could not find icon: Item_Charcoal, script = Pit of Coals.
[14-09-26 02:23:13.635] WARN : General      f:0 st:218,909,687 at XuiSkin$EntityUiStyle.Load          > Could not find icon: Build_HerbDryerSmall, script = Small Plant Drying Rack.
[14-09-26 02:23:13.635] WARN : General      f:0 st:218,909,687 at XuiSkin$EntityUiStyle.Load          > Could not find icon: Item_BlowTorch, script = Metalwork Lathe.
[14-09-26 02:23:13.635] WARN : General      f:0 st:218,909,687 at XuiSkin$EntityUiStyle.LoadComponentInfo> Could not find icon: Item_BlowTorch.
[14-09-26 02:23:13.635] WARN : General      f:0 st:218,909,688 at XuiSkin$EntityUiStyle.Load          > Could not find icon: Build_LogTable2, script = Crude Wooden Table.
[14-09-26 02:23:13.636] WARN : General      f:0 st:218,909,688 at XuiSkin$EntityUiStyle.Load          > Could not find icon: Build_Coffin, script = Wooden Coffin.
[14-09-26 02:23:13.636] WARN : General      f:0 st:218,909,688 at XuiSkin$EntityUiStyle.Load          > Could not find icon: Build_Stake_Antlers, script = Antlers Pole.
[14-09-26 02:23:13.636] WARN : General      f:0 st:218,909,688 at XuiSkin$EntityUiStyle.Load          > Could not find icon: Build_Stake_SkullSheep, script = Sheep Skull Pole.
[14-09-26 02:23:13.636] WARN : General      f:0 st:218,909,688 at XuiSkin$EntityUiStyle.Load          > Could not find icon: Item_WaterDrop, script = Steam Turbine.
[14-09-26 02:23:13.636] WARN : General      f:0 st:218,909,688 at XuiSkin$EntityUiStyle.Load          > Could not find icon: Build_Coop2, script = Chicken Hutch (Dark Wood).
[14-09-26 02:23:13.636] WARN : General      f:0 st:218,909,689 at XuiSkin$EntityUiStyle.Load          > Could not find icon: Build_FenceOpenLogs, script = Wide Log Gate.
[14-09-26 02:23:13.637] WARN : General      f:0 st:218,909,689 at XuiSkin$EntityUiStyle.Load          > Could not find icon: Build_PoleGate, script = Big Pole Fence Gate.
[14-09-26 02:23:13.637] WARN : General      f:0 st:218,909,689 at XuiSkin$EntityUiStyle.Load          > Could not find icon: Build_StairsLogs, script = Log Stairs.
[14-09-26 02:23:13.637] WARN : General      f:0 st:218,909,689 at XuiSkin$EntityUiStyle.Load          > Could not find icon: Item_Toast, script = Toaster.
[14-09-26 02:23:13.637] WARN : General      f:0 st:218,909,689 at XuiSkin$EntityUiStyle.Load          > Could not find icon: Build_FloorTilePorcelain, script = Tile Floor.
[14-09-26 02:23:13.637] WARN : General      f:0 st:218,909,690 at XuiSkin$EntityUiStyle.Load          > Could not find icon: Build_CrossSimple, script = Crude Wooden Cross.
[14-09-26 02:23:13.638] WARN : General      f:0 st:218,909,690 at XuiSkin$EntityUiStyle.Load          > Could not find icon: Item_Charcoal, script = Large Pit of Coals.
[14-09-26 02:23:13.638] WARN : General      f:0 st:218,909,690 at XuiSkin$EntityUiStyle.Load          > Could not find icon: Build_ButcherHook, script = Butcher Hook.
[14-09-26 02:23:13.638] WARN : General      f:0 st:218,909,690 at XuiSkin$EntityUiStyle.Load          > Could not find icon: Build_SpinningWheel, script = Spinning Wheel.
[14-09-26 02:23:13.638] WARN : General      f:0 st:218,909,690 at XuiSkin$EntityUiStyle.Load          > Could not find icon: Build_Coop, script = Chicken Hutch (Light Wood).
[14-09-26 02:23:13.638] WARN : General      f:0 st:218,909,691 at XuiSkin$EntityUiStyle.Load          > Could not find icon: Build_Bookcase, script = Wooden Bookcase (Basic).
[14-09-26 02:23:13.639] WARN : General      f:0 st:218,909,691 at XuiSkin$EntityUiStyle.LoadComponentInfo> Could not find icon: Build_Bookcase.
[14-09-26 02:23:13.639] WARN : General      f:0 st:218,909,691 at XuiSkin$EntityUiStyle.Load          > Could not find icon: Item_Petrol, script = Generator Maintenance.
[14-09-26 02:23:13.639] WARN : General      f:0 st:218,909,691 at XuiSkin$EntityUiStyle.Load          > Could not find icon: Build_Bookcase, script = Wooden Bookcase (Craftsman).
[14-09-26 02:23:13.639] WARN : General      f:0 st:218,909,691 at XuiSkin$EntityUiStyle.Load          > Could not find icon: Build_BarricadeWindow_Bars, script = Metal Bar Barricade.
[14-09-26 02:23:13.639] WARN : General      f:0 st:218,909,692 at XuiSkin$EntityUiStyle.Load          > Could not find icon: Build_Stake_SkullBull, script = Bull Skull Pole.
[14-09-26 02:23:13.640] WARN : General      f:0 st:218,909,692 at XuiSkin$EntityUiStyle.Load          > Could not find icon: Build_Wall_Plaster, script = Plaster Wall.
[14-09-26 02:23:13.640] WARN : General      f:0 st:218,909,692 at XuiSkin$EntityUiStyle.Load          > Could not find icon: Build_CookingPit, script = Fire Pit (Stone Blocks).
[14-09-26 02:23:13.640] WARN : General      f:0 st:218,909,692 at XuiSkin$EntityUiStyle.Load          > Could not find icon: Build_LoomSimple, script = Simple Loom.
[14-09-26 02:23:13.640] WARN : General      f:0 st:218,909,692 at XuiSkin$EntityUiStyle.Load          > Could not find icon: Build_WoodSign_Skull, script = Paint Sign - Skull.
[14-09-26 02:23:13.640] WARN : General      f:0 st:218,909,693 at XuiSkin$EntityUiStyle.Load          > Could not find icon: Build_WindowframeMetal, script = Metal Window Frame (Basic).
[14-09-26 02:23:13.641] WARN : General      f:0 st:218,909,693 at XuiSkin$EntityUiStyle.Load          > Could not find icon: Build_WindowframeMetal, script = Metal Window Frame (Craftsman).
[14-09-26 02:23:13.641] WARN : General      f:0 st:218,909,693 at XuiSkin$EntityUiStyle.Load          > Could not find icon: Build_DoubleWireGate, script = Double Tall Wire Fence Gate.
[14-09-26 02:23:13.641] WARN : General      f:0 st:218,909,693 at XuiSkin$EntityUiStyle.Load          > Could not find icon: Build_RainCollectorBarrel, script = Rain Collector Barrel (Tarp).
[14-09-26 02:23:13.641] WARN : General      f:0 st:218,909,694 at XuiSkin$EntityUiStyle.Load          > Could not find icon: Build_FenceBrick, script = Short Brick Wall.
[14-09-26 02:23:13.641] WARN : General      f:0 st:218,909,694 at XuiSkin$EntityUiStyle.Load          > Could not find icon: Build_LogSeat, script = Short Log Bench.
[14-09-26 02:23:13.642] WARN : General      f:0 st:218,909,694 at XuiSkin$EntityUiStyle.LoadComponentInfo> Could not find icon: Build_LogSeat.
[14-09-26 02:23:13.642] WARN : General      f:0 st:218,909,694 at XuiSkin$EntityUiStyle.Load          > Could not find icon: Build_FenceMetalPosts, script = Metal Pole Fence.
[14-09-26 02:23:13.642] WARN : General      f:0 st:218,909,694 at XuiSkin$EntityUiStyle.Load          > Could not find icon: Build_DoorWood, script = Wooden Door (Advanced).
[14-09-26 02:23:13.642] WARN : General      f:0 st:218,909,694 at XuiSkin$EntityUiStyle.Load          > Could not find icon: Build_WallframeMetal, script = Metal Wall Frame.
[14-09-26 02:23:13.642] WARN : General      f:0 st:218,909,695 at XuiSkin$EntityUiStyle.Load          > Could not find icon: Build_DoorWood, script = Wooden Door (Basic).
[14-09-26 02:23:13.642] WARN : General      f:0 st:218,909,695 at XuiSkin$EntityUiStyle.Load          > Could not find icon: Build_WallframeWood, script = Wooden Wall Frame.
[14-09-26 02:23:13.642] WARN : General      f:0 st:218,909,695 at XuiSkin$EntityUiStyle.Load          > Could not find icon: Item_Anvil_Stone, script = Primitive Forge.
[14-09-26 02:23:13.642] WARN : General      f:0 st:218,909,695 at XuiSkin$EntityUiStyle.Load          > Could not find icon: Build_DoorMetal, script = Metal Door (Poor).
[14-09-26 02:23:13.642] WARN : General      f:0 st:218,909,695 at XuiSkin$EntityUiStyle.Load          > Could not find icon: Build_DoorWeldedMetal, script = Metal Door (Shoddy).
[14-09-26 02:23:13.643] WARN : General      f:0 st:218,909,695 at XuiSkin$EntityUiStyle.Load          > Could not find icon: Build_DoorWood, script = Wooden Door (Craftsman).
[14-09-26 02:23:13.643] WARN : General      f:0 st:218,909,695 at XuiSkin$EntityUiStyle.Load          > Could not find icon: Build_Cross, script = Wooden Cross.
[14-09-26 02:23:13.643] WARN : General      f:0 st:218,909,696 at XuiSkin$EntityUiStyle.Load          > Could not find icon: Build_ShelvesWood, script = Double Wooden Shelves.
[14-09-26 02:23:13.643] WARN : General      f:0 st:218,909,696 at XuiSkin$EntityUiStyle.Load          > Could not find icon: Item_MugFulll, script = Coffee Machine.
[14-09-26 02:23:13.643] WARN : General      f:0 st:218,909,696 at XuiSkin$EntityUiStyle.Load          > Could not find icon: Item_RailroadRail_Short, script = Makeshift Electric Blower Forge.
[14-09-26 02:23:13.643] WARN : General      f:0 st:218,909,696 at XuiSkin$EntityUiStyle.LoadComponentInfo> Could not find icon: Item_RailroadRail_Short.
[14-09-26 02:23:13.644] WARN : General      f:0 st:218,909,696 at XuiSkin$EntityUiStyle.Load          > Could not find icon: Build_LeanToShelterTarp, script = Tarp Shelter.
[14-09-26 02:23:13.644] WARN : General      f:0 st:218,909,697 at XuiSkin$EntityUiStyle.Load          > Could not find icon: Build_HerbDryerLarge, script = Large Plant Drying Rack.
[14-09-26 02:23:13.644] WARN : General      f:0 st:218,909,697 at XuiSkin$EntityUiStyle.Load          > Could not find icon: Build_StoneQuern, script = Stone Quern.
[14-09-26 02:23:13.644] WARN : General      f:0 st:218,909,697 at XuiSkin$EntityUiStyle.LoadComponentInfo> Could not find icon: Build_StoneQuern.
[14-09-26 02:23:13.644] WARN : General      f:0 st:218,909,697 at XuiSkin$EntityUiStyle.Load          > Could not find icon: Build_WoodSign, script = Wooden Sign.
[14-09-26 02:23:13.645] WARN : General      f:0 st:218,909,697 at XuiSkin$EntityUiStyle.Load          > Could not find icon: Build_WoodPole_Tall, script = Wooden Pole.
[14-09-26 02:23:13.645] WARN : General      f:0 st:218,909,698 at XuiSkin$EntityUiStyle.Load          > Could not find icon: Build_WoodSign_Down, script = Paint Sign - Down Arrow.
[14-09-26 02:23:13.645] WARN : General      f:0 st:218,909,698 at XuiSkin$EntityUiStyle.Load          > Could not find icon: Item_Dice, script = Test Entity.
[14-09-26 02:23:13.645] WARN : General      f:0 st:218,909,698 at XuiSkin$EntityUiStyle.LoadComponentInfo> Could not find icon: Item_Note2.
[14-09-26 02:23:13.645] WARN : General      f:0 st:218,909,698 at XuiSkin$EntityUiStyle.Load          > Could not find icon: Build_SandbagWall, script = Sandbag Wall.
[14-09-26 02:23:13.646] WARN : General      f:0 st:218,909,698 at XuiSkin$EntityUiStyle.Load          > Could not find icon: Build_SmeltingFurnace, script = Simple Furnace.
[14-09-26 02:23:13.646] WARN : General      f:0 st:218,909,699 at XuiSkin$EntityUiStyle.Load          > Could not find icon: Build_BarricadeWindow_Plank, script = Planks Barricade.
[14-09-26 02:23:13.646] WARN : General      f:0 st:218,909,699 at XuiSkin$EntityUiStyle.Load          > Could not find icon: Item_Logs, script = Tree Stump.
[14-09-26 02:23:13.646] WARN : General      f:0 st:218,909,699 at XuiSkin$EntityUiStyle.LoadComponentInfo> Could not find icon: Item_Logs.
[14-09-26 02:23:13.646] WARN : General      f:0 st:218,909,699 at XuiSkin$EntityUiStyle.Load          > Could not find icon: Build_CrateWood, script = Wooden Crate (Craftsman).
[14-09-26 02:23:13.647] WARN : General      f:0 st:218,909,700 at XuiSkin$EntityUiStyle.Load          > Could not find icon: Build_TallWireGate, script = Big Wire Fence Gate.
[14-09-26 02:23:13.647] WARN : General      f:0 st:218,909,700 at XuiSkin$EntityUiStyle.Load          > Could not find icon: Build_CrateWood, script = Wooden Crate (Basic).
[14-09-26 02:23:13.647] WARN : General      f:0 st:218,909,700 at XuiSkin$EntityUiStyle.Load          > Could not find icon: Build_DoubleWireFence, script = Big Wire Fence.
[14-09-26 02:23:13.647] WARN : General      f:0 st:218,909,700 at XuiSkin$EntityUiStyle.Load          > Could not find icon: Build_Composter, script = Composter (Craftsman).
[14-09-26 02:23:13.647] WARN : General      f:0 st:218,909,700 at XuiSkin$EntityUiStyle.Load          > Could not find icon: Build_Amphora, script = Amphora.
[14-09-26 02:23:13.648] WARN : General      f:0 st:218,909,700 at XuiSkin$EntityUiStyle.Load          > Could not find icon: Build_Coalpit, script = Charcoal Burning Pile.
[14-09-26 02:23:13.648] WARN : General      f:0 st:218,909,701 at XuiSkin$EntityUiStyle.Load          > Could not find icon: Build_FloorTileWood, script = Wooden Floor (Craftsman).
[14-09-26 02:23:13.648] WARN : General      f:0 st:218,909,701 at XuiSkin$EntityUiStyle.Load          > Could not find icon: Build_FloorTileWood, script = Wooden Floor (Advanced).
[14-09-26 02:23:13.648] WARN : General      f:0 st:218,909,701 at XuiSkin$EntityUiStyle.Load          > Could not find icon: Build_FloorTileWood, script = Wooden Floor (Basic).
[14-09-26 02:23:13.648] WARN : General      f:0 st:218,909,701 at XuiSkin$EntityUiStyle.Load          > Could not find icon: Item_CarBatteryCharger, script = CeroSec - FS-800.
[14-09-26 02:23:13.649] WARN : General      f:0 st:218,909,701 at XuiSkin$EntityUiStyle.Load          > Could not find icon: Build_Wall_Wallpaper, script = Apply Wallpaper.
[14-09-26 02:23:13.649] WARN : General      f:0 st:218,909,702 at XuiSkin$EntityUiStyle.Load          > Could not find icon: Build_Chair, script = Wooden Chair (Basic).
[14-09-26 02:23:13.649] WARN : General      f:0 st:218,909,702 at XuiSkin$EntityUiStyle.Load          > Could not find icon: Build_FlashlightLamp, script = Wooden Flashlight Pillar.
[14-09-26 02:23:13.649] WARN : General      f:0 st:218,909,702 at XuiSkin$EntityUiStyle.Load          > Could not find icon: Build_Chair, script = Wooden Chair (Advanced).
[14-09-26 02:23:13.649] WARN : General      f:0 st:218,909,702 at XuiSkin$EntityUiStyle.Load          > Could not find icon: Build_FenceHighMetalPosts, script = Big Metal Pole Fence.
[14-09-26 02:23:13.650] WARN : General      f:0 st:218,909,702 at XuiSkin$EntityUiStyle.Load          > Could not find icon: Build_Chair, script = Wooden Chair (Craftsman).
[14-09-26 02:23:13.650] WARN : General      f:0 st:218,909,703 at XuiSkin$EntityUiStyle.Load          > Could not find icon: Build_LogStool, script = Log Stool.
[14-09-26 02:23:13.650] WARN : General      f:0 st:218,909,703 at XuiSkin$EntityUiStyle.Load          > Could not find icon: Build_TableSmallWood, script = Small Wooden Table (Craftsman).
[14-09-26 02:23:13.650] WARN : General      f:0 st:218,909,703 at XuiSkin$EntityUiStyle.LoadComponentInfo> Could not find icon: Build_TableSmallWood.
[14-09-26 02:23:13.650] WARN : General      f:0 st:218,909,703 at XuiSkin$EntityUiStyle.Load          > Could not find icon: Build_TableSmallWood, script = Small Wooden Table (Advanced).
[14-09-26 02:23:13.651] WARN : General      f:0 st:218,909,703 at XuiSkin$EntityUiStyle.LoadComponentInfo> Could not find icon: Build_TableSmallWood.
[14-09-26 02:23:13.651] WARN : General      f:0 st:218,909,704 at XuiSkin$EntityUiStyle.Load          > Could not find icon: Build_TableSmallWood, script = Small Wooden Table (Basic).
[14-09-26 02:23:13.651] WARN : General      f:0 st:218,909,704 at XuiSkin$EntityUiStyle.LoadComponentInfo> Could not find icon: Build_TableSmallWood.
[14-09-26 02:23:13.651] WARN : General      f:0 st:218,909,704 at XuiSkin$EntityUiStyle.Load          > Could not find icon: Item_CarBatteryCharger, script = Test Kiln.
[14-09-26 02:23:13.651] WARN : General      f:0 st:218,909,704 at XuiSkin$EntityUiStyle.LoadComponentInfo> Could not find icon: Item_Note2.
[14-09-26 02:23:13.652] WARN : General      f:0 st:218,909,704 at XuiSkin$EntityUiStyle.Load          > Could not find icon: Build_ShortWireGate, script = Metal Wire Fence Gate.
[14-09-26 02:23:13.652] WARN : General      f:0 st:218,909,705 at XuiSkin$EntityUiStyle.Load          > Could not find icon: Build_LogSeat, script = Log Seat.
[14-09-26 02:23:13.652] WARN : General      f:0 st:218,909,705 at XuiSkin$EntityUiStyle.Load          > Could not find icon: Item_PropaneTank, script = Steam Boiler.
[14-09-26 02:23:13.652] WARN : General      f:0 st:218,909,705 at XuiSkin$EntityUiStyle.Load          > Could not find icon: Build_TroughWoodLong, script = Long Wooden Feeding Trough.
[14-09-26 02:23:13.652] WARN : General      f:0 st:218,909,705 at XuiSkin$EntityUiStyle.Load          > Could not find icon: Build_MetalworkTable, script = Metalwork Table.
[14-09-26 02:23:13.653] WARN : General      f:0 st:218,909,705 at XuiSkin$EntityUiStyle.LoadComponentInfo> Could not find icon: Build_MetalworkTable.
[14-09-26 02:23:13.654] WARN : General      f:0 st:218,909,706 at XuiSkin$EntityUiStyle.Load          > Could not find icon: Item_Dice, script = Entity_DisplayName_Default.
[14-09-26 02:23:13.654] WARN : General      f:0 st:218,909,707 at XuiSkin$EntityUiStyle.LoadComponentInfo> Could not find icon: Item_Dice.
[14-09-26 02:23:13.654] WARN : General      f:0 st:218,909,707 at XuiSkin$EntityUiStyle.LoadComponentInfo> Could not find icon: Item_Dice.
[14-09-26 02:23:13.655] WARN : General      f:0 st:218,909,707 at XuiSkin$EntityUiStyle.LoadComponentInfo> Could not find icon: Item_Dice.
[14-09-26 02:23:13.655] WARN : General      f:0 st:218,909,707 at XuiSkin$EntityUiStyle.LoadComponentInfo> Could not find icon: Item_Dice.
[14-09-26 02:23:13.656] WARN : General      f:0 st:218,909,708 at XuiSkin$EntityUiStyle.Load          > Could not find icon: Build_FloorDirt, script = Dirt Floor.
[14-09-26 02:23:13.656] WARN : General      f:0 st:218,909,708 at XuiSkin$EntityUiStyle.Load          > Could not find icon: Build_DoorframeStone, script = Stone Doorframe.
[14-09-26 02:23:13.656] WARN : General      f:0 st:218,909,708 at XuiSkin$EntityUiStyle.Load          > Could not find icon: Build_PotteryBench, script = Pottery Bench.
[14-09-26 02:23:13.656] WARN : General      f:0 st:218,909,709 at XuiSkin$EntityUiStyle.LoadComponentInfo> Could not find icon: Build_PotteryBench.
[14-09-26 02:23:13.656] WARN : General      f:0 st:218,909,709 at XuiSkin$EntityUiStyle.Load          > Could not find icon: Build_Cairn, script = Stone Cairn.
[14-09-26 02:23:13.656] WARN : General      f:0 st:218,909,709 at XuiSkin$EntityUiStyle.Load          > Could not find icon: Build_WallWood, script = Wooden Wall (Advanced).
[14-09-26 02:23:13.656] WARN : General      f:0 st:218,909,709 at XuiSkin$EntityUiStyle.Load          > Could not find icon: Build_WallWood, script = Wooden Wall (Basic).
[14-09-26 02:23:13.657] WARN : General      f:0 st:218,909,709 at XuiSkin$EntityUiStyle.Load          > Could not find icon: Build_LeanToShelterSticks, script = Lean-to Shelter.
[14-09-26 02:23:13.657] WARN : General      f:0 st:218,909,710 at XuiSkin$EntityUiStyle.Load          > Could not find icon: Build_PotteryWheel, script = Pottery Wheel.
[14-09-26 02:23:13.657] WARN : General      f:0 st:218,909,710 at XuiSkin$EntityUiStyle.LoadComponentInfo> Could not find icon: Build_PotteryWheel.
[14-09-26 02:23:13.657] WARN : General      f:0 st:218,909,710 at XuiSkin$EntityUiStyle.Load          > Could not find icon: Build_CabinetStone, script = Stone Cabinet.
[14-09-26 02:23:13.657] WARN : General      f:0 st:218,909,710 at XuiSkin$EntityUiStyle.Load          > Could not find icon: Build_WallWood, script = Wooden Wall (Craftsman).
[14-09-26 02:23:13.657] WARN : General      f:0 st:218,909,710 at XuiSkin$EntityUiStyle.Load          > Could not find icon: Build_WoodSign_Left, script = Paint Sign - Left Arrow.
[14-09-26 02:23:13.657] WARN : General      f:0 st:218,909,711 at XuiSkin$EntityUiStyle.Load          > Could not find icon: Build_PrimitiveFurnace, script = Primitive Furnace.
[14-09-26 02:23:13.657] WARN : General      f:0 st:218,909,711 at XuiSkin$EntityUiStyle.Load          > Could not find icon: Build_DoorframeWood, script = Wooden Doorframe (Craftsman).
[14-09-26 02:23:13.659] WARN : General      f:0 st:218,909,711 at XuiSkin$EntityUiStyle.Load          > Could not find icon: Build_DoorframeWood, script = Wooden Doorframe (Advanced).
[14-09-26 02:23:13.659] WARN : General      f:0 st:218,909,711 at XuiSkin$EntityUiStyle.Load          > Could not find icon: Build_DoorframeWood, script = Wooden Doorframe (Basic).
[14-09-26 02:23:13.659] WARN : General      f:0 st:218,909,711 at XuiSkin$EntityUiStyle.Load          > Could not find icon: Build_WindowframeLogs, script = Log Window Frame.
[14-09-26 02:23:13.659] WARN : General      f:0 st:218,909,712 at XuiSkin$EntityUiStyle.Load          > Could not find icon: Build_FloorGravel, script = Gravel Floor.
[14-09-26 02:23:13.659] WARN : General      f:0 st:218,909,712 at XuiSkin$EntityUiStyle.Load          > Could not find icon: Item_WaterBottle, script = Bottling Machine.
[14-09-26 02:23:13.660] WARN : General      f:0 st:218,909,712 at XuiSkin$EntityUiStyle.Load          > Could not find icon: Build_WallBrick, script = Brick Wall (Basic).
[14-09-26 02:23:13.660] WARN : General      f:0 st:218,909,712 at XuiSkin$EntityUiStyle.Load          > Could not find icon: Build_WallBrick, script = Brick Wall (Craftsman).
[14-09-26 02:23:13.660] WARN : General      f:0 st:218,909,713 at XuiSkin$EntityUiStyle.Load          > Could not find icon: Build_DryingFrameLarge, script = Large Leather Drying Rack.
[14-09-26 02:23:13.661] WARN : General      f:0 st:218,909,713 at XuiSkin$EntityUiStyle.Load          > Could not find icon: Build_RippleComb, script = Ripple Comb.
[14-09-26 02:23:13.661] WARN : General      f:0 st:218,909,713 at XuiSkin$EntityUiStyle.Load          > Could not find icon: Build_Wall_Paint, script = Paint Wall / Item.
[14-09-26 02:23:13.661] WARN : General      f:0 st:218,909,713 at XuiSkin$EntityUiStyle.Load          > Could not find icon: Build_FenceWood, script = Wooden Fence (Craftsman).
[14-09-26 02:23:13.661] WARN : General      f:0 st:218,909,713 at XuiSkin$EntityUiStyle.Load          > Could not find icon: Build_FenceWood, script = Wooden Fence (Advanced).
[14-09-26 02:23:13.661] WARN : General      f:0 st:218,909,714 at XuiSkin$EntityUiStyle.Load          > Could not find icon: Build_LogTable, script = Log Table.
[14-09-26 02:23:13.661] WARN : General      f:0 st:218,909,714 at XuiSkin$EntityUiStyle.Load          > Could not find icon: Build_FenceWood, script = Wooden Fence (Basic).
[14-09-26 02:23:13.662] WARN : General      f:0 st:218,909,714 at XuiSkin$EntityUiStyle.Load          > Could not find icon: Build_ForgeAdvanced, script = Advanced Forge.
[14-09-26 02:23:13.662] WARN : General      f:0 st:218,909,714 at XuiSkin$EntityUiStyle.Load          > Could not find icon: Build_GunLocker, script = Small Metal Locker (Craftsman).
[14-09-26 02:23:13.662] WARN : General      f:0 st:218,909,714 at XuiSkin$EntityUiStyle.Load          > Could not find icon: Build_GunLocker, script = Small Metal Locker (Basic).
[14-09-26 02:23:13.662] WARN : General      f:0 st:218,909,715 at XuiSkin$EntityUiStyle.Load          > Could not find icon: Build_RainCollectorCrate, script = Rain Collector Crate (Tarp).
[14-09-26 02:23:13.662] WARN : General      f:0 st:218,909,715 at XuiSkin$EntityUiStyle.Load          > Could not find icon: Build_ButterChurn, script = Butter Churn.
[14-09-26 02:23:13.662] WARN : General      f:0 st:218,909,715 at XuiSkin$EntityUiStyle.Load          > Could not find icon: Build_Stake_SkullCow, script = Cow Skull Pole.
[14-09-26 02:23:13.662] WARN : General      f:0 st:218,909,715 at XuiSkin$EntityUiStyle.Load          > Could not find icon: Build_FloorTileMetal, script = Metal Floor.
[14-09-26 02:23:13.662] WARN : General      f:0 st:218,909,715 at XuiSkin$EntityUiStyle.Load          > Could not find icon: Build_Handpress, script = Hand-Operated Press.
[14-09-26 02:23:13.663] WARN : General      f:0 st:218,909,715 at XuiSkin$EntityUiStyle.LoadComponentInfo> Could not find icon: Build_Handpress.
[14-09-26 02:23:13.663] WARN : General      f:0 st:218,909,716 at XuiSkin$EntityUiStyle.Load          > Could not find icon: Build_MetalCounterCorner, script = Metal Counter Corner (Craftsman).
[14-09-26 02:23:13.663] WARN : General      f:0 st:218,909,716 at XuiSkin$EntityUiStyle.Load          > Could not find icon: Build_MetalCounterCorner, script = Metal Counter Corner (Basic).
[14-09-26 02:23:13.663] WARN : General      f:0 st:218,909,716 at XuiSkin$EntityUiStyle.Load          > Could not find icon: Build_WoodCounterCorner, script = Wooden Counter Corner (Basic).
[14-09-26 02:23:13.664] WARN : General      f:0 st:218,909,716 at XuiSkin$EntityUiStyle.Load          > Could not find icon: Build_HeckleComb, script = Heckle Comb.
[14-09-26 02:23:13.664] WARN : General      f:0 st:218,909,717 at XuiSkin$EntityUiStyle.Load          > Could not find icon: Build_Stake_SkullPig, script = Pig Skull Pole.
[14-09-26 02:23:13.664] WARN : General      f:0 st:218,909,717 at XuiSkin$EntityUiStyle.Load          > Could not find icon: Build_ScutchingBoard, script = Scutching Board.
[14-09-26 02:23:13.664] WARN : General      f:0 st:218,909,717 at XuiSkin$EntityUiStyle.Load          > Could not find icon: Build_FenceMetalPosts, script = Metal Pole Fence Gate.
[14-09-26 02:23:13.665] WARN : General      f:0 st:218,909,717 at XuiSkin$EntityUiStyle.Load          > Could not find icon: Build_DoublePoleGate, script = Double Tall Metal Pole Gate.
[14-09-26 02:23:13.665] WARN : General      f:0 st:218,909,718 at XuiSkin$EntityUiStyle.Load          > Could not find icon: Build_WoodCounter, script = Wooden Counter (Advanced).
[14-09-26 02:23:13.665] WARN : General      f:0 st:218,909,718 at XuiSkin$EntityUiStyle.Load          > Could not find icon: Build_WoodCounterCorner, script = Wooden Counter Corner (Craftsman).
[14-09-26 02:23:13.665] WARN : General      f:0 st:218,909,718 at XuiSkin$EntityUiStyle.Load          > Could not find icon: Build_WoodCounter, script = Wooden Counter (Basic).
[14-09-26 02:23:13.665] WARN : General      f:0 st:218,909,718 at XuiSkin$EntityUiStyle.Load          > Could not find icon: Build_WoodCounterCorner, script = Wooden Counter Corner (Advanced).
[14-09-26 02:23:13.666] WARN : General      f:0 st:218,909,718 at XuiSkin$EntityUiStyle.Load          > Could not find icon: Build_WoodCounter, script = Wooden Counter (Craftsman).
[14-09-26 02:23:13.666] WARN : General      f:0 st:218,909,719 at XuiSkin$EntityUiStyle.Load          > Could not find icon: Build_RainCollectorBarrel2, script = Rain Collector Barrel (Garbage Bags).
[14-09-26 02:23:13.666] WARN : General      f:0 st:218,909,719 at XuiSkin$EntityUiStyle.Load          > Could not find icon: Build_WoodSign_Up, script = Paint Sign - Up Arrow.
[14-09-26 02:23:13.666] WARN : General      f:0 st:218,909,719 at XuiSkin$EntityUiStyle.Load          > Could not find icon: Build_WoodSign_Right, script = Paint Sign - Right Arrow.
[14-09-26 02:23:13.666] WARN : General      f:0 st:218,909,719 at XuiSkin$EntityUiStyle.Load          > Could not find icon: Item_SheetMetal, script = Hydraulic Press.
[14-09-26 02:23:13.666] WARN : General      f:0 st:218,909,719 at XuiSkin$EntityUiStyle.Load          > Could not find icon: Build_FenceMetal, script = Metal Fence (Craftsman).
[14-09-26 02:23:13.667] WARN : General      f:0 st:218,909,720 at XuiSkin$EntityUiStyle.Load          > Could not find icon: Build_FenceLogs, script = Log Fence.
[14-09-26 02:23:13.667] WARN : General      f:0 st:218,909,720 at XuiSkin$EntityUiStyle.Load          > Could not find icon: Build_FenceMetal, script = Metal Fence (Basic).
[14-09-26 02:23:13.667] WARN : General      f:0 st:218,909,720 at XuiSkin$EntityUiStyle.Load          > Could not find icon: Item_Orange, script = Juice Maker.
[14-09-26 02:23:13.667] WARN : General      f:0 st:218,909,720 at XuiSkin$EntityUiStyle.Load          > Could not find icon: Build_Campfire, script = Campfire.
[14-09-26 02:23:13.667] WARN : General      f:0 st:218,909,720 at XuiSkin$EntityUiStyle.LoadComponentInfo> Could not find icon: Build_Campfire.
[14-09-26 02:23:13.668] WARN : General      f:0 st:218,909,721 at XuiSkin$EntityUiStyle.Load          > Could not find icon: Build_StairsMetal, script = Metal Stairs.
[14-09-26 02:23:13.668] WARN : General      f:0 st:218,909,721 at XuiSkin$EntityUiStyle.Load          > Could not find icon: Build_TroughWoodShort, script = Short Wooden Feeding Trough.
[14-09-26 02:23:13.668] WARN : General      f:0 st:218,909,721 at XuiSkin$EntityUiStyle.Load          > Could not find icon: Item_Anvil_Forged, script = Advanced Makeshift Electric Blower Forge.
[14-09-26 02:23:13.668] WARN : General      f:0 st:218,909,721 at XuiSkin$EntityUiStyle.LoadComponentInfo> Could not find icon: Item_Anvil_Forged.
[14-09-26 02:23:13.668] WARN : General      f:0 st:218,909,721 at XuiSkin$EntityUiStyle.Load          > Could not find icon: Build_WallStone, script = Stone Wall.
[14-09-26 02:23:13.669] WARN : General      f:0 st:218,909,722 at XuiSkin$EntityUiStyle.Load          > Could not find icon: Build_Stake_SkullDoe, script = Doe Skull Pole.
[14-09-26 02:23:13.671] WARN : General      f:0 st:218,909,724 at XuiSkin$EntityUiStyle.Load          > Could not find icon: Build_WindowBlack, script = Wooden Windows.
[14-09-26 02:23:13.671] WARN : General      f:0 st:218,909,724 at XuiSkin$EntityUiStyle.Load          > Could not find icon: Item_Clamp_Forged, script = Standing Drill Press.
[14-09-26 02:23:13.671] WARN : General      f:0 st:218,909,724 at XuiSkin$EntityUiStyle.LoadComponentInfo> Could not find icon: Item_Clamp_Forged.
[14-09-26 02:23:13.671] WARN : General      f:0 st:218,909,724 at XuiSkin$EntityUiStyle.Load          > Could not find icon: Build_KilnSmall, script = Primitive Kiln.
[14-09-26 02:23:13.671] WARN : General      f:0 st:218,909,725 at XuiSkin$EntityUiStyle.Load          > Could not find icon: Build_ShelvesMetal, script = Metal Shelves (Basic).
[14-09-26 02:23:13.671] WARN : General      f:0 st:218,909,725 at XuiSkin$EntityUiStyle.Load          > Could not find icon: Build_ShelvesMetal, script = Metal Shelves (Craftsman).
[14-09-26 02:23:13.671] WARN : General      f:0 st:218,909,725 at XuiSkin$EntityUiStyle.Load          > Could not find icon: Build_DomeKiln, script = Dome Kiln.
[14-09-26 02:23:13.673] WARN : General      f:0 st:218,909,725 at XuiSkin$EntityUiStyle.Load          > Could not find icon: Build_Loom, script = Loom.
[14-09-26 02:23:13.673] WARN : General      f:0 st:218,909,725 at XuiSkin$EntityUiStyle.Load          > Could not find icon: Build_BarricadeWindow_Sheet, script = Metal Sheet Barricade.
[14-09-26 02:23:13.673] WARN : General      f:0 st:218,909,726 at XuiSkin$EntityUiStyle.Load          > Could not find icon: Build_DoubleWoodGate, script = Double Tall Wooden Gate.
[14-09-26 02:23:13.673] WARN : General      f:0 st:218,909,726 at XuiSkin$EntityUiStyle.Load          > Could not find icon: Build_StoneMill, script = Stone Mill.
[14-09-26 02:23:13.673] WARN : General      f:0 st:218,909,726 at XuiSkin$EntityUiStyle.LoadComponentInfo> Could not find icon: Build_StoneMill.
[14-09-26 02:23:13.674] WARN : General      f:0 st:218,909,726 at XuiSkin$EntityUiStyle.Load          > Could not find icon: Build_WallMetal, script = Metal Wall (Craftsman).
[14-09-26 02:23:13.674] WARN : General      f:0 st:218,909,726 at XuiSkin$EntityUiStyle.Load          > Could not find icon: Item_ClayMold_Shingle, script = Well.
[14-09-26 02:23:13.674] WARN : General      f:0 st:218,909,726 at XuiSkin$EntityUiStyle.Load          > Could not find icon: Item_Boulder, script = Boulder.
[14-09-26 02:23:13.674] WARN : General      f:0 st:218,909,727 at XuiSkin$EntityUiStyle.LoadComponentInfo> Could not find icon: Item_Boulder.
[14-09-26 02:23:13.674] WARN : General      f:0 st:218,909,727 at XuiSkin$EntityUiStyle.Load          > Could not find icon: Build_WindowframeWood, script = Wooden Window Frame (Advanced).
[14-09-26 02:23:13.675] WARN : General      f:0 st:218,909,727 at XuiSkin$EntityUiStyle.Load          > Could not find icon: Build_WindowframeWood, script = Wooden Window Frame (Craftsman).
[14-09-26 02:23:13.675] WARN : General      f:0 st:218,909,727 at XuiSkin$EntityUiStyle.Load          > Could not find icon: Build_StickBookcase, script = Crude Wooden Bookcase.
[14-09-26 02:23:13.675] WARN : General      f:0 st:218,909,727 at XuiSkin$EntityUiStyle.Load          > Could not find icon: Build_CabinetMetal, script = Big Metal Locker (Basic).
[14-09-26 02:23:13.675] WARN : General      f:0 st:218,909,728 at XuiSkin$EntityUiStyle.Load          > Could not find icon: Build_ChoppingBlock, script = Chopping Block.
[14-09-26 02:23:13.675] WARN : General      f:0 st:218,909,728 at XuiSkin$EntityUiStyle.LoadComponentInfo> Could not find icon: Build_ChoppingBlock.
[14-09-26 02:23:13.675] WARN : General      f:0 st:218,909,728 at XuiSkin$EntityUiStyle.Load          > Could not find icon: Build_WallMetal, script = Metal Wall (Basic).
[14-09-26 02:23:13.676] WARN : General      f:0 st:218,909,728 at XuiSkin$EntityUiStyle.Load          > Could not find icon: Item_Logs, script = Sawmill.
[14-09-26 02:23:13.676] WARN : General      f:0 st:218,909,728 at XuiSkin$EntityUiStyle.Load          > Could not find icon: Build_WindowframeWood, script = Wooden Window Frame (Basic).
[14-09-26 02:23:13.676] WARN : General      f:0 st:218,909,729 at XuiSkin$EntityUiStyle.Load          > Could not find icon: Build_CabinetMetal, script = Big Metal Locker (Craftsman).
[14-09-26 02:23:13.676] WARN : General      f:0 st:218,909,729 at XuiSkin$EntityUiStyle.Load          > Could not find icon: Build_WindowframeBrick, script = Brick Window Frame (Craftsman).
[14-09-26 02:23:13.676] WARN : General      f:0 st:218,909,729 at XuiSkin$EntityUiStyle.Load          > Could not find icon: Build_WindowframeBrick, script = Brick Window Frame (Basic).
[14-09-26 02:23:13.677] WARN : General      f:0 st:218,909,729 at XuiSkin$EntityUiStyle.Load          > Could not find icon: Build_CookingPitSimple, script = Fire Pit (Stones).
[14-09-26 02:23:13.677] WARN : General      f:0 st:218,909,729 at XuiSkin$EntityUiStyle.Load          > Could not find icon: Build_FenceWire, script = Barbed Wire Fence.
[14-09-26 02:23:13.677] WARN : General      f:0 st:218,909,730 at XuiSkin$EntityUiStyle.Load          > Could not find icon: Build_CrateMetal, script = Metal Crate (Craftsman).
[14-09-26 02:23:13.677] WARN : General      f:0 st:218,909,730 at XuiSkin$EntityUiStyle.Load          > Could not find icon: Build_CrateMetal, script = Metal Crate (Basic).
[14-09-26 02:23:13.677] WARN : General      f:0 st:218,909,730 at XuiSkin$EntityUiStyle.Load          > Could not find icon: Build_AnvilStone, script = Stone Anvil.
[14-09-26 02:23:13.677] WARN : General      f:0 st:218,909,730 at XuiSkin$EntityUiStyle.LoadComponentInfo> Could not find icon: Build_AnvilStone.
[14-09-26 02:23:13.678] WARN : General      f:0 st:218,909,730 at XuiSkin$EntityUiStyle.Load          > Could not find icon: Item_WaterTank, script = Water Dispenser.
[14-09-26 02:23:13.678] WARN : General      f:0 st:218,909,730 at XuiSkin$EntityUiStyle.Load          > Could not find icon: Build_DoorframeMetal, script = Metal Doorframe (Basic).
[14-09-26 02:23:13.678] WARN : General      f:0 st:218,909,730 at XuiSkin$EntityUiStyle.Load          > Could not find icon: Build_LeanToShelterLeather, script = Leather Shelter.
[14-09-26 02:23:13.678] WARN : General      f:0 st:218,909,731 at XuiSkin$EntityUiStyle.Load          > Could not find icon: Build_DoorframeMetal, script = Metal Doorframe (Craftsman).
[14-09-26 02:23:13.678] WARN : General      f:0 st:218,909,731 at XuiSkin$EntityUiStyle.Load          > Could not find icon: Build_TableLargeWood, script = Wooden Table (Advanced).
[14-09-26 02:23:13.678] WARN : General      f:0 st:218,909,731 at XuiSkin$EntityUiStyle.LoadComponentInfo> Could not find icon: Build_TableLargeWood.
[14-09-26 02:23:13.679] WARN : General      f:0 st:218,909,731 at XuiSkin$EntityUiStyle.Load          > Could not find icon: Build_LogSeat2, script = Crude Wooden Stool.
[14-09-26 02:23:13.679] WARN : General      f:0 st:218,909,731 at XuiSkin$EntityUiStyle.Load          > Could not find icon: Build_TableLargeWood, script = Wooden Table (Basic).
[14-09-26 02:23:13.679] WARN : General      f:0 st:218,909,732 at XuiSkin$EntityUiStyle.LoadComponentInfo> Could not find icon: Build_TableLargeWood.
[14-09-26 02:23:13.679] WARN : General      f:0 st:218,909,732 at XuiSkin$EntityUiStyle.Load          > Could not find icon: Build_TableLargeWood, script = Wooden Table (Craftsman).
[14-09-26 02:23:13.679] WARN : General      f:0 st:218,909,732 at XuiSkin$EntityUiStyle.LoadComponentInfo> Could not find icon: Build_TableLargeWood.
[14-09-26 02:23:13.679] WARN : General      f:0 st:218,909,732 at XuiSkin$EntityUiStyle.Load          > Could not find icon: Build_HerbDryerSmall, script = Simple Small Plant Drying Rack.
[14-09-26 02:23:13.680] WARN : General      f:0 st:218,909,732 at XuiSkin$EntityUiStyle.Load          > Could not find icon: Build_DoorframeBrick, script = Brick Doorframe (Basic).
[14-09-26 02:23:13.680] WARN : General      f:0 st:218,909,732 at XuiSkin$EntityUiStyle.Load          > Could not find icon: Build_DoorframeBrick, script = Brick Doorframe (Craftsman).
[14-09-26 02:23:13.680] WARN : General      f:0 st:218,909,733 at XuiSkin$EntityUiStyle.Load          > Could not find icon: Item_Key_Blank, script = Key Duplicator.
[14-09-26 02:23:13.680] WARN : General      f:0 st:218,909,733 at XuiSkin$EntityUiStyle.Load          > Could not find icon: Build_MetalCounter, script = Metal Counter (Basic).
[14-09-26 02:23:13.680] WARN : General      f:0 st:218,909,733 at XuiSkin$EntityUiStyle.Load          > Could not find icon: Build_MetalCounter, script = Metal Counter (Craftsman).
[14-09-26 02:23:13.681] WARN : General      f:0 st:218,909,733 at XuiSkin$EntityUiStyle.Load          > Could not find icon: Build_WallLogs, script = Log Wall.
[14-09-26 02:23:13.681] WARN : General      f:0 st:218,909,733 at XuiSkin$EntityUiStyle.Load          > Could not find icon: Item_Anvil_Forged, script = Electric Blower Forge.
[14-09-26 02:23:13.681] WARN : General      f:0 st:218,909,734 at XuiSkin$EntityUiStyle.LoadComponentInfo> Could not find icon: Item_Anvil_Forged.
[14-09-26 02:23:13.681] WARN : General      f:0 st:218,909,734 at XuiSkin$EntityUiStyle.Load          > Could not find icon: Build_DryingFrameSmall, script = Small Leather Drying Rack.
[14-09-26 02:23:13.682] WARN : General      f:0 st:218,909,734 at XuiSkin$EntityUiStyle.Load          > Could not find icon: Build_WindowframeStone, script = Stone Window Frame.
[14-09-26 02:23:13.682] WARN : General      f:0 st:218,909,734 at XuiSkin$EntityUiStyle.Load          > Could not find icon: Build_FurnaceAdvanced, script = Advanced Furnace.
[14-09-26 02:23:13.682] WARN : General      f:0 st:218,909,735 at XuiSkin$EntityUiStyle.Load          > Could not find icon: Build_DryingFrameSmall, script = Medium Leather Drying Rack.
[14-09-26 02:23:13.682] WARN : General      f:0 st:218,909,735 at XuiSkin$EntityUiStyle.Load          > Could not find icon: Item_Rock, script = Grinding Slab.
[14-09-26 02:23:13.682] WARN : General      f:0 st:218,909,735 at XuiSkin$EntityUiStyle.LoadComponentInfo> Could not find icon: Item_Rock.
[14-09-26 02:23:13.683] WARN : General      f:0 st:218,909,735 at XuiSkin$EntityUiStyle.Load          > Could not find icon: Build_BarrelOven, script = Metal Barrel Oven.
[14-09-26 02:23:13.683] WARN : General      f:0 st:218,909,735 at XuiSkin$EntityUiStyle.Load          > Could not find icon: Build_CharcoalDrum, script = Charcoal Burning Barrel.
[14-09-26 02:23:13.683] WARN : General      f:0 st:218,909,736 at XuiSkin$EntityUiStyle.Load          > Could not find icon: Build_StairsWood, script = Wooden Stairs.
[14-09-26 02:23:13.684] WARN : General      f:0 st:218,909,736 at XuiSkin$EntityUiStyle.Load          > Could not find icon: Item_Ingot_Steel, script = Arc Furnace.
[14-09-26 02:23:13.684] WARN : General      f:0 st:218,909,736 at XuiSkin$EntityUiStyle.LoadComponentInfo> Could not find icon: Item_Ingot_Steel.
[14-09-26 02:23:13.684] WARN : General      f:0 st:218,909,736 at XuiSkin$EntityUiStyle.Load          > Could not find icon: Build_TroughMetal, script = Long Metal Feeding Trough.
[14-09-26 02:23:13.684] WARN : General      f:0 st:218,909,736 at XuiSkin$EntityUiStyle.Load          > Could not find icon: Build_KilnLarge, script = Advanced Kiln.
[14-09-26 02:23:13.684] WARN : General      f:0 st:218,909,736 at XuiSkin$EntityUiStyle.Load          > Could not find icon: Build_ShelfWood, script = Wooden Shelf (Basic).
[14-09-26 02:23:13.685] WARN : General      f:0 st:218,909,737 at XuiSkin$EntityUiStyle.Load          > Could not find icon: Build_RainCollectorCrate2, script = Rain Collector Crate (Garbage Bags).
[14-09-26 02:23:13.685] WARN : General      f:0 st:218,909,737 at XuiSkin$EntityUiStyle.Load          > Could not find icon: Build_HerbDryerLarge, script = Simple Large Plant Drying Rack.
[14-09-26 02:23:13.685] WARN : General      f:0 st:218,909,737 at XuiSkin$EntityUiStyle.Load          > Could not find icon: Build_WoodPicket, script = Wooden Marker.
[14-09-26 02:23:13.685] WARN : General      f:0 st:218,909,737 at XuiSkin$EntityUiStyle.Load          > Could not find icon: Build_ShelfWood, script = Wooden Shelf (Craftsman).
[14-09-26 02:23:13.685] WARN : General      f:0 st:218,909,737 at XuiSkin$EntityUiStyle.Load          > Could not find icon: Build_FloorSand, script = Sand Floor.
[14-09-26 02:23:13.685] WARN : General      f:0 st:218,909,738 at XuiSkin$EntityUiStyle.Load          > Could not find icon: Build_Sidetable, script = Wood Table with Drawer.
[14-09-26 02:23:13.686] WARN : General      f:0 st:218,909,738 at XuiSkin$EntityUiStyle.Load          > Could not find icon: Build_TanningBarrel, script = Tannin Barrel.
[14-09-26 02:23:13.686] WARN : General      f:0 st:218,909,738 at XuiSkin$EntityUiStyle.Load          > Could not find icon: Build_Sidetable, script = Wooden Table with Drawer (Craftsman).
[14-09-26 02:23:13.686] WARN : General      f:0 st:218,909,738 at XuiSkin$EntityUiStyle.Load          > Could not find icon: Build_Sidetable, script = Wooden Table with Drawer (Basic).
[14-09-26 02:23:13.686] WARN : General      f:0 st:218,909,738 at XuiSkin$EntityUiStyle.Load          > Could not find icon: Build_Bed, script = Wooden Bed.
[14-09-26 02:23:13.686] WARN : General      f:0 st:218,909,739 at XuiSkin$EntityUiStyle.Load          > Could not find icon: Build_SmeltingFurnace, script = Simple Forge.
[14-09-26 02:23:13.687] WARN : General      f:0 st:218,909,739 at XuiSkin$EntityUiStyle.Load          > Could not find icon: Build_LogBench, script = Log Bench.
[14-09-26 02:23:13.687] WARN : General      f:0 st:218,909,739 at XuiSkin$EntityUiStyle.Load          > Could not find icon: Build_StickBookcaseSmall, script = Crude Small Wooden Bookcase.
[14-09-26 02:23:13.687] WARN : General      f:0 st:218,909,739 at XuiSkin$EntityUiStyle.Load          > Could not find icon: Item_WaterDrop, script = Water Pump.
[14-09-26 02:23:13.687] WARN : General      f:0 st:218,909,739 at XuiSkin$EntityUiStyle.Load          > Could not find icon: Build_Grindstone, script = Grindstone.
[14-09-26 02:23:13.687] WARN : General      f:0 st:218,909,739 at XuiSkin$EntityUiStyle.Load          > Could not find icon: Item_Hacksaw, script = Metal Bandsaw.
[14-09-26 02:23:13.687] WARN : General      f:0 st:218,909,740 at XuiSkin$EntityUiStyle.Load          > Could not find icon: Build_BookcaseShort, script = Small Wooden Bookcase (Craftsman).
[14-09-26 02:23:13.688] WARN : General      f:0 st:218,909,740 at XuiSkin$EntityUiStyle.Load          > Could not find icon: Build_MetalworkBench, script = Metalworkbench.
[14-09-26 02:23:13.688] WARN : General      f:0 st:218,909,740 at XuiSkin$EntityUiStyle.LoadComponentInfo> Could not find icon: Build_MetalworkBench.
[14-09-26 02:23:13.688] WARN : General      f:0 st:218,909,740 at XuiSkin$EntityUiStyle.Load          > Could not find icon: Item_Handle, script = Wooden Fence Post.
[14-09-26 02:23:13.688] WARN : General      f:0 st:218,909,740 at XuiSkin$EntityUiStyle.LoadComponentInfo> Could not find icon: Item_Handle.
[14-09-26 02:23:13.688] WARN : General      f:0 st:218,909,741 at XuiSkin$EntityUiStyle.Load          > Could not find icon: Build_BookcaseShort, script = Small Wooden Bookcase (Basic).
[14-09-26 02:23:13.689] WARN : General      f:0 st:218,909,741 at XuiSkin$EntityUiStyle.Load          > Could not find icon: Build_Composter, script = Composter (Basic).
[14-09-26 02:23:13.689] WARN : General      f:0 st:218,909,741 at XuiSkin$EntityUiStyle.Load          > Could not find icon: Build_FenceStakes, script = Crude Wooden Fence.
[14-09-26 02:23:13.689] WARN : General      f:0 st:218,909,741 at XuiSkin$EntityUiStyle.Load          > Could not find icon: Build_DoorframeLogs, script = Log Doorframe.
[14-09-26 02:23:13.689] WARN : General      f:0 st:218,909,741 at XuiSkin$EntityUiStyle.Load          > Could not find icon: Build_DoorFenceWood, script = Wooden Fence Gate.
[14-09-26 02:23:13.689] WARN : General      f:0 st:218,909,741 at XuiSkin$EntityUiStyle.Load          > Could not find icon: Build_SofteningBeam, script = Softening Beam.
[14-09-26 02:23:13.689] WARN : General      f:0 st:218,909,742 at XuiSkin$EntityUiStyle.Load          > Could not find icon: Build_ShortWireFence, script = Small Metal Wire Fence.
[14-09-26 02:23:13.690] WARN : General      f:0 st:218,909,742 at XuiSkin$EntityUiStyle.Load          > Could not find icon: Build_Stake_SkullStag, script = Deer Skull Pole.
[14-09-26 02:23:13.690] WARN : General      f:0 st:218,909,742 at XuiSkin$EntityUiStyle.Load          > Could not find icon: Item_Charcoal, script = Pit of Coals.
[14-09-26 02:23:13.690] WARN : General      f:0 st:218,909,742 at XuiSkin$EntityUiStyle.Load          > Could not find icon: Build_HerbDryerSmall, script = Small Plant Drying Rack.
[14-09-26 02:23:13.690] WARN : General      f:0 st:218,909,742 at XuiSkin$EntityUiStyle.Load          > Could not find icon: Item_BlowTorch, script = Metalwork Lathe.
[14-09-26 02:23:13.690] WARN : General      f:0 st:218,909,743 at XuiSkin$EntityUiStyle.LoadComponentInfo> Could not find icon: Item_BlowTorch.
[14-09-26 02:23:13.691] WARN : General      f:0 st:218,909,743 at XuiSkin$EntityUiStyle.Load          > Could not find icon: Build_LogTable2, script = Crude Wooden Table.
[14-09-26 02:23:13.691] WARN : General      f:0 st:218,909,743 at XuiSkin$EntityUiStyle.Load          > Could not find icon: Build_Coffin, script = Wooden Coffin.
[14-09-26 02:23:13.691] WARN : General      f:0 st:218,909,743 at XuiSkin$EntityUiStyle.Load          > Could not find icon: Build_Stake_Antlers, script = Antlers Pole.
[14-09-26 02:23:13.691] WARN : General      f:0 st:218,909,743 at XuiSkin$EntityUiStyle.Load          > Could not find icon: Build_Stake_SkullSheep, script = Sheep Skull Pole.
[14-09-26 02:23:13.691] WARN : General      f:0 st:218,909,744 at XuiSkin$EntityUiStyle.Load          > Could not find icon: Item_WaterDrop, script = Steam Turbine.
[14-09-26 02:23:13.692] WARN : General      f:0 st:218,909,744 at XuiSkin$EntityUiStyle.Load          > Could not find icon: Build_Coop2, script = Chicken Hutch (Dark Wood).
[14-09-26 02:23:13.692] WARN : General      f:0 st:218,909,744 at XuiSkin$EntityUiStyle.Load          > Could not find icon: Build_FenceOpenLogs, script = Wide Log Gate.
[14-09-26 02:23:13.692] WARN : General      f:0 st:218,909,744 at XuiSkin$EntityUiStyle.Load          > Could not find icon: Build_PoleGate, script = Big Pole Fence Gate.
[14-09-26 02:23:13.692] WARN : General      f:0 st:218,909,744 at XuiSkin$EntityUiStyle.Load          > Could not find icon: Build_StairsLogs, script = Log Stairs.
[14-09-26 02:23:13.692] WARN : General      f:0 st:218,909,745 at XuiSkin$EntityUiStyle.Load          > Could not find icon: Item_Toast, script = Toaster.
[14-09-26 02:23:13.692] WARN : General      f:0 st:218,909,745 at XuiSkin$EntityUiStyle.Load          > Could not find icon: Build_FloorTilePorcelain, script = Tile Floor.
[14-09-26 02:23:13.692] WARN : General      f:0 st:218,909,745 at XuiSkin$EntityUiStyle.Load          > Could not find icon: Build_CrossSimple, script = Crude Wooden Cross.
[14-09-26 02:23:13.692] WARN : General      f:0 st:218,909,745 at XuiSkin$EntityUiStyle.Load          > Could not find icon: Item_Charcoal, script = Large Pit of Coals.
[14-09-26 02:23:13.693] WARN : General      f:0 st:218,909,745 at XuiSkin$EntityUiStyle.Load          > Could not find icon: Build_ButcherHook, script = Butcher Hook.
[14-09-26 02:23:13.693] WARN : General      f:0 st:218,909,746 at XuiSkin$EntityUiStyle.Load          > Could not find icon: Build_SpinningWheel, script = Spinning Wheel.
[14-09-26 02:23:13.693] WARN : General      f:0 st:218,909,746 at XuiSkin$EntityUiStyle.Load          > Could not find icon: Build_Coop, script = Chicken Hutch (Light Wood).
[14-09-26 02:23:13.693] WARN : General      f:0 st:218,909,746 at XuiSkin$EntityUiStyle.Load          > Could not find icon: Build_Bookcase, script = Wooden Bookcase (Basic).
[14-09-26 02:23:13.693] WARN : General      f:0 st:218,909,746 at XuiSkin$EntityUiStyle.LoadComponentInfo> Could not find icon: Build_Bookcase.
[14-09-26 02:23:13.694] WARN : General      f:0 st:218,909,746 at XuiSkin$EntityUiStyle.Load          > Could not find icon: Item_Petrol, script = Generator Maintenance.
[14-09-26 02:23:13.694] WARN : General      f:0 st:218,909,747 at XuiSkin$EntityUiStyle.Load          > Could not find icon: Build_Bookcase, script = Wooden Bookcase (Craftsman).
[14-09-26 02:23:13.694] WARN : General      f:0 st:218,909,747 at XuiSkin$EntityUiStyle.Load          > Could not find icon: Build_BarricadeWindow_Bars, script = Metal Bar Barricade.
[14-09-26 02:23:13.694] WARN : General      f:0 st:218,909,747 at XuiSkin$EntityUiStyle.Load          > Could not find icon: Build_Stake_SkullBull, script = Bull Skull Pole.
[14-09-26 02:23:13.695] WARN : General      f:0 st:218,909,747 at XuiSkin$EntityUiStyle.Load          > Could not find icon: Build_Wall_Plaster, script = Plaster Wall.
[14-09-26 02:23:13.695] WARN : General      f:0 st:218,909,748 at XuiSkin$EntityUiStyle.Load          > Could not find icon: Build_CookingPit, script = Fire Pit (Stone Blocks).
[14-09-26 02:23:13.695] WARN : General      f:0 st:218,909,748 at XuiSkin$EntityUiStyle.Load          > Could not find icon: Build_LoomSimple, script = Simple Loom.
[14-09-26 02:23:13.695] WARN : General      f:0 st:218,909,748 at XuiSkin$EntityUiStyle.Load          > Could not find icon: Build_WoodSign_Skull, script = Paint Sign - Skull.
[14-09-26 02:23:13.695] WARN : General      f:0 st:218,909,748 at XuiSkin$EntityUiStyle.Load          > Could not find icon: Build_WindowframeMetal, script = Metal Window Frame (Basic).
[14-09-26 02:23:13.696] WARN : General      f:0 st:218,909,748 at XuiSkin$EntityUiStyle.Load          > Could not find icon: Build_WindowframeMetal, script = Metal Window Frame (Craftsman).
[14-09-26 02:23:13.696] WARN : General      f:0 st:218,909,748 at XuiSkin$EntityUiStyle.Load          > Could not find icon: Build_DoubleWireGate, script = Double Tall Wire Fence Gate.
[14-09-26 02:23:13.696] WARN : General      f:0 st:218,909,749 at XuiSkin$EntityUiStyle.Load          > Could not find icon: Build_RainCollectorBarrel, script = Rain Collector Barrel (Tarp).
[14-09-26 02:23:13.696] WARN : General      f:0 st:218,909,749 at XuiSkin$EntityUiStyle.Load          > Could not find icon: Build_FenceBrick, script = Short Brick Wall.
[14-09-26 02:23:13.696] WARN : General      f:0 st:218,909,749 at XuiSkin$EntityUiStyle.Load          > Could not find icon: Build_LogSeat, script = Short Log Bench.
[14-09-26 02:23:13.697] WARN : General      f:0 st:218,909,749 at XuiSkin$EntityUiStyle.LoadComponentInfo> Could not find icon: Build_LogSeat.
[14-09-26 02:23:13.697] WARN : General      f:0 st:218,909,750 at XuiSkin$EntityUiStyle.Load          > Could not find icon: Build_FenceMetalPosts, script = Metal Pole Fence.
[14-09-26 02:23:13.697] WARN : General      f:0 st:218,909,750 at XuiSkin$EntityUiStyle.Load          > Could not find icon: Build_DoorWood, script = Wooden Door (Advanced).
[14-09-26 02:23:13.697] WARN : General      f:0 st:218,909,750 at XuiSkin$EntityUiStyle.Load          > Could not find icon: Build_WallframeMetal, script = Metal Wall Frame.
[14-09-26 02:23:13.697] WARN : General      f:0 st:218,909,750 at XuiSkin$EntityUiStyle.Load          > Could not find icon: Build_DoorWood, script = Wooden Door (Basic).
[14-09-26 02:23:13.698] WARN : General      f:0 st:218,909,750 at XuiSkin$EntityUiStyle.Load          > Could not find icon: Build_WallframeWood, script = Wooden Wall Frame.
[14-09-26 02:23:13.698] WARN : General      f:0 st:218,909,750 at XuiSkin$EntityUiStyle.Load          > Could not find icon: Item_Anvil_Stone, script = Primitive Forge.
[14-09-26 02:23:13.698] WARN : General      f:0 st:218,909,751 at XuiSkin$EntityUiStyle.Load          > Could not find icon: Build_DoorMetal, script = Metal Door (Poor).
[14-09-26 02:23:13.698] WARN : General      f:0 st:218,909,751 at XuiSkin$EntityUiStyle.Load          > Could not find icon: Build_DoorWeldedMetal, script = Metal Door (Shoddy).
[14-09-26 02:23:13.698] WARN : General      f:0 st:218,909,751 at XuiSkin$EntityUiStyle.Load          > Could not find icon: Build_DoorWood, script = Wooden Door (Craftsman).
[14-09-26 02:23:13.699] WARN : General      f:0 st:218,909,751 at XuiSkin$EntityUiStyle.Load          > Could not find icon: Build_Cross, script = Wooden Cross.
[14-09-26 02:23:13.699] WARN : General      f:0 st:218,909,752 at XuiSkin$EntityUiStyle.Load          > Could not find icon: Build_ShelvesWood, script = Double Wooden Shelves.
[14-09-26 02:23:13.699] WARN : General      f:0 st:218,909,752 at XuiSkin$EntityUiStyle.Load          > Could not find icon: Item_MugFulll, script = Coffee Machine.
[14-09-26 02:23:13.699] WARN : General      f:0 st:218,909,752 at XuiSkin$EntityUiStyle.Load          > Could not find icon: Item_RailroadRail_Short, script = Makeshift Electric Blower Forge.
[14-09-26 02:23:13.699] WARN : General      f:0 st:218,909,752 at XuiSkin$EntityUiStyle.LoadComponentInfo> Could not find icon: Item_RailroadRail_Short.
[14-09-26 02:23:13.700] WARN : General      f:0 st:218,909,752 at XuiSkin$EntityUiStyle.Load          > Could not find icon: Build_LeanToShelterTarp, script = Tarp Shelter.
[14-09-26 02:23:13.700] WARN : General      f:0 st:218,909,752 at XuiSkin$EntityUiStyle.Load          > Could not find icon: Build_HerbDryerLarge, script = Large Plant Drying Rack.
[14-09-26 02:23:13.700] WARN : General      f:0 st:218,909,753 at XuiSkin$EntityUiStyle.Load          > Could not find icon: Build_StoneQuern, script = Stone Quern.
[14-09-26 02:23:13.700] WARN : General      f:0 st:218,909,753 at XuiSkin$EntityUiStyle.LoadComponentInfo> Could not find icon: Build_StoneQuern.
[14-09-26 02:23:13.700] WARN : General      f:0 st:218,909,753 at XuiSkin$EntityUiStyle.Load          > Could not find icon: Build_WoodSign, script = Wooden Sign.
[14-09-26 02:23:13.701] WARN : General      f:0 st:218,909,753 at XuiSkin$EntityUiStyle.Load          > Could not find icon: Build_WoodPole_Tall, script = Wooden Pole.
[14-09-26 02:23:13.701] WARN : General      f:0 st:218,909,753 at XuiSkin$EntityUiStyle.Load          > Could not find icon: Build_WoodSign_Down, script = Paint Sign - Down Arrow.
[14-09-26 02:23:13.701] WARN : General      f:0 st:218,909,754 at XuiSkin$EntityUiStyle.Load          > Could not find icon: Item_Dice, script = Test Entity.
[14-09-26 02:23:13.701] WARN : General      f:0 st:218,909,754 at XuiSkin$EntityUiStyle.LoadComponentInfo> Could not find icon: Item_Note2.
[14-09-26 02:23:13.703] WARN : General      f:0 st:218,909,755 at XuiSkin$EntityUiStyle.Load          > Could not find icon: Build_SandbagWall, script = Sandbag Wall.
[14-09-26 02:23:13.703] WARN : General      f:0 st:218,909,756 at XuiSkin$EntityUiStyle.Load          > Could not find icon: Build_SmeltingFurnace, script = Simple Furnace.
[14-09-26 02:23:13.703] WARN : General      f:0 st:218,909,756 at XuiSkin$EntityUiStyle.Load          > Could not find icon: Build_BarricadeWindow_Plank, script = Planks Barricade.
[14-09-26 02:23:13.703] WARN : General      f:0 st:218,909,756 at XuiSkin$EntityUiStyle.Load          > Could not find icon: Item_Logs, script = Tree Stump.
[14-09-26 02:23:13.703] WARN : General      f:0 st:218,909,756 at XuiSkin$EntityUiStyle.LoadComponentInfo> Could not find icon: Item_Logs.
[14-09-26 02:23:13.703] WARN : General      f:0 st:218,909,756 at XuiSkin$EntityUiStyle.Load          > Could not find icon: Build_CrateWood, script = Wooden Crate (Craftsman).
[14-09-26 02:23:13.704] WARN : General      f:0 st:218,909,757 at XuiSkin$EntityUiStyle.Load          > Could not find icon: Build_TallWireGate, script = Big Wire Fence Gate.
[14-09-26 02:23:13.704] WARN : General      f:0 st:218,909,757 at XuiSkin$EntityUiStyle.Load          > Could not find icon: Build_CrateWood, script = Wooden Crate (Basic).
[14-09-26 02:23:13.704] WARN : General      f:0 st:218,909,757 at XuiSkin$EntityUiStyle.Load          > Could not find icon: Build_DoubleWireFence, script = Big Wire Fence.
[14-09-26 02:23:13.704] WARN : General      f:0 st:218,909,757 at XuiSkin$EntityUiStyle.Load          > Could not find icon: Build_Composter, script = Composter (Craftsman).
[14-09-26 02:23:13.704] WARN : General      f:0 st:218,909,757 at XuiSkin$EntityUiStyle.Load          > Could not find icon: Build_Amphora, script = Amphora.
[14-09-26 02:23:13.705] WARN : General      f:0 st:218,909,758 at XuiSkin$EntityUiStyle.Load          > Could not find icon: Build_Coalpit, script = Charcoal Burning Pile.
[14-09-26 02:23:13.705] WARN : General      f:0 st:218,909,758 at XuiSkin$EntityUiStyle.Load          > Could not find icon: Build_FloorTileWood, script = Wooden Floor (Craftsman).
[14-09-26 02:23:13.705] WARN : General      f:0 st:218,909,758 at XuiSkin$EntityUiStyle.Load          > Could not find icon: Build_FloorTileWood, script = Wooden Floor (Advanced).
[14-09-26 02:23:13.705] WARN : General      f:0 st:218,909,758 at XuiSkin$EntityUiStyle.Load          > Could not find icon: Build_FloorTileWood, script = Wooden Floor (Basic).
[14-09-26 02:23:13.705] WARN : General      f:0 st:218,909,759 at XuiSkin$EntityUiStyle.Load          > Could not find icon: Item_CarBatteryCharger, script = CeroSec - FS-800.
[14-09-26 02:23:13.706] WARN : General      f:0 st:218,909,759 at XuiSkin$EntityUiStyle.Load          > Could not find icon: Build_Wall_Wallpaper, script = Apply Wallpaper.
[14-09-26 02:23:13.706] WARN : General      f:0 st:218,909,759 at XuiSkin$EntityUiStyle.Load          > Could not find icon: Build_Chair, script = Wooden Chair (Basic).
[14-09-26 02:23:13.706] WARN : General      f:0 st:218,909,759 at XuiSkin$EntityUiStyle.Load          > Could not find icon: Build_FlashlightLamp, script = Wooden Flashlight Pillar.
[14-09-26 02:23:13.706] WARN : General      f:0 st:218,909,759 at XuiSkin$EntityUiStyle.Load          > Could not find icon: Build_Chair, script = Wooden Chair (Advanced).
[14-09-26 02:23:13.706] WARN : General      f:0 st:218,909,759 at XuiSkin$EntityUiStyle.Load          > Could not find icon: Build_FenceHighMetalPosts, script = Big Metal Pole Fence.
[14-09-26 02:23:13.706] WARN : General      f:0 st:218,909,760 at XuiSkin$EntityUiStyle.Load          > Could not find icon: Build_Chair, script = Wooden Chair (Craftsman).
[14-09-26 02:23:13.706] WARN : General      f:0 st:218,909,760 at XuiSkin$EntityUiStyle.Load          > Could not find icon: Build_LogStool, script = Log Stool.
[14-09-26 02:23:13.708] WARN : General      f:0 st:218,909,760 at XuiSkin$EntityUiStyle.Load          > Could not find icon: Build_TableSmallWood, script = Small Wooden Table (Craftsman).
[14-09-26 02:23:13.708] WARN : General      f:0 st:218,909,760 at XuiSkin$EntityUiStyle.LoadComponentInfo> Could not find icon: Build_TableSmallWood.
[14-09-26 02:23:13.708] WARN : General      f:0 st:218,909,760 at XuiSkin$EntityUiStyle.Load          > Could not find icon: Build_TableSmallWood, script = Small Wooden Table (Advanced).
[14-09-26 02:23:13.708] WARN : General      f:0 st:218,909,760 at XuiSkin$EntityUiStyle.LoadComponentInfo> Could not find icon: Build_TableSmallWood.
[14-09-26 02:23:13.708] WARN : General      f:0 st:218,909,761 at XuiSkin$EntityUiStyle.Load          > Could not find icon: Build_TableSmallWood, script = Small Wooden Table (Basic).
[14-09-26 02:23:13.708] WARN : General      f:0 st:218,909,761 at XuiSkin$EntityUiStyle.LoadComponentInfo> Could not find icon: Build_TableSmallWood.
[14-09-26 02:23:13.709] WARN : General      f:0 st:218,909,761 at XuiSkin$EntityUiStyle.Load          > Could not find icon: Item_CarBatteryCharger, script = Test Kiln.
[14-09-26 02:23:13.709] WARN : General      f:0 st:218,909,761 at XuiSkin$EntityUiStyle.LoadComponentInfo> Could not find icon: Item_Note2.
[14-09-26 02:23:13.709] WARN : General      f:0 st:218,909,761 at XuiSkin$EntityUiStyle.Load          > Could not find icon: Build_ShortWireGate, script = Metal Wire Fence Gate.
[14-09-26 02:23:13.709] WARN : General      f:0 st:218,909,762 at XuiSkin$EntityUiStyle.Load          > Could not find icon: Build_LogSeat, script = Log Seat.
[14-09-26 02:23:13.709] WARN : General      f:0 st:218,909,762 at XuiSkin$EntityUiStyle.Load          > Could not find icon: Item_PropaneTank, script = Steam Boiler.
[14-09-26 02:23:13.709] WARN : General      f:0 st:218,909,762 at XuiSkin$EntityUiStyle.Load          > Could not find icon: Build_TroughWoodLong, script = Long Wooden Feeding Trough.
[14-09-26 02:23:13.710] WARN : General      f:0 st:218,909,762 at XuiSkin$EntityUiStyle.Load          > Could not find icon: Build_MetalworkTable, script = Metalwork Table.
[14-09-26 02:23:13.710] WARN : General      f:0 st:218,909,762 at XuiSkin$EntityUiStyle.LoadComponentInfo> Could not find icon: Build_MetalworkTable.
[14-09-26 02:23:13.710] WARN : General      f:0 st:218,909,763 at XuiSkin$EntityUiStyle.Load          > Could not find icon: Item_Dice, script = Entity_DisplayName_Default.
[14-09-26 02:23:13.711] WARN : General      f:0 st:218,909,763 at XuiSkin$EntityUiStyle.LoadComponentInfo> Could not find icon: Item_Dice.
[14-09-26 02:23:13.711] WARN : General      f:0 st:218,909,763 at XuiSkin$EntityUiStyle.LoadComponentInfo> Could not find icon: Item_Dice.
[14-09-26 02:23:13.711] WARN : General      f:0 st:218,909,763 at XuiSkin$EntityUiStyle.LoadComponentInfo> Could not find icon: Item_Dice.
[14-09-26 02:23:13.711] WARN : General      f:0 st:218,909,764 at XuiSkin$EntityUiStyle.LoadComponentInfo> Could not find icon: Item_Dice.
[14-09-26 02:23:13.712] WARN : General      f:0 st:218,909,764 at XuiSkin$EntityUiStyle.Load          > Could not find icon: Build_FloorDirt, script = Dirt Floor.
[14-09-26 02:23:13.712] WARN : General      f:0 st:218,909,764 at XuiSkin$EntityUiStyle.Load          > Could not find icon: Build_DoorframeStone, script = Stone Doorframe.
[14-09-26 02:23:13.712] WARN : General      f:0 st:218,909,765 at XuiSkin$EntityUiStyle.Load          > Could not find icon: Build_PotteryBench, script = Pottery Bench.
[14-09-26 02:23:13.712] WARN : General      f:0 st:218,909,765 at XuiSkin$EntityUiStyle.LoadComponentInfo> Could not find icon: Build_PotteryBench.
[14-09-26 02:23:13.713] WARN : General      f:0 st:218,909,765 at XuiSkin$EntityUiStyle.Load          > Could not find icon: Build_Cairn, script = Stone Cairn.
[14-09-26 02:23:13.713] WARN : General      f:0 st:218,909,765 at XuiSkin$EntityUiStyle.Load          > Could not find icon: Build_WallWood, script = Wooden Wall (Advanced).
[14-09-26 02:23:13.713] WARN : General      f:0 st:218,909,765 at XuiSkin$EntityUiStyle.Load          > Could not find icon: Build_WallWood, script = Wooden Wall (Basic).
[14-09-26 02:23:13.713] WARN : General      f:0 st:218,909,766 at XuiSkin$EntityUiStyle.Load          > Could not find icon: Build_LeanToShelterSticks, script = Lean-to Shelter.
[14-09-26 02:23:13.713] WARN : General      f:0 st:218,909,766 at XuiSkin$EntityUiStyle.Load          > Could not find icon: Build_PotteryWheel, script = Pottery Wheel.
[14-09-26 02:23:13.713] WARN : General      f:0 st:218,909,766 at XuiSkin$EntityUiStyle.LoadComponentInfo> Could not find icon: Build_PotteryWheel.
[14-09-26 02:23:13.714] WARN : General      f:0 st:218,909,766 at XuiSkin$EntityUiStyle.Load          > Could not find icon: Build_CabinetStone, script = Stone Cabinet.
[14-09-26 02:23:13.714] WARN : General      f:0 st:218,909,766 at XuiSkin$EntityUiStyle.Load          > Could not find icon: Build_WallWood, script = Wooden Wall (Craftsman).
[14-09-26 02:23:13.714] WARN : General      f:0 st:218,909,767 at XuiSkin$EntityUiStyle.Load          > Could not find icon: Build_WoodSign_Left, script = Paint Sign - Left Arrow.
[14-09-26 02:23:13.714] WARN : General      f:0 st:218,909,767 at XuiSkin$EntityUiStyle.Load          > Could not find icon: Build_PrimitiveFurnace, script = Primitive Furnace.
[14-09-26 02:23:13.715] WARN : General      f:0 st:218,909,767 at XuiSkin$EntityUiStyle.Load          > Could not find icon: Build_DoorframeWood, script = Wooden Doorframe (Craftsman).
[14-09-26 02:23:13.715] WARN : General      f:0 st:218,909,767 at XuiSkin$EntityUiStyle.Load          > Could not find icon: Build_DoorframeWood, script = Wooden Doorframe (Advanced).
[14-09-26 02:23:13.715] WARN : General      f:0 st:218,909,767 at XuiSkin$EntityUiStyle.Load          > Could not find icon: Build_DoorframeWood, script = Wooden Doorframe (Basic).
[14-09-26 02:23:13.715] WARN : General      f:0 st:218,909,768 at XuiSkin$EntityUiStyle.Load          > Could not find icon: Build_WindowframeLogs, script = Log Window Frame.
[14-09-26 02:23:13.715] WARN : General      f:0 st:218,909,768 at XuiSkin$EntityUiStyle.Load          > Could not find icon: Build_FloorGravel, script = Gravel Floor.
[14-09-26 02:23:13.716] WARN : General      f:0 st:218,909,768 at XuiSkin$EntityUiStyle.Load          > Could not find icon: Item_WaterBottle, script = Bottling Machine.
[14-09-26 02:23:13.716] WARN : General      f:0 st:218,909,768 at XuiSkin$EntityUiStyle.Load          > Could not find icon: Build_WallBrick, script = Brick Wall (Basic).
[14-09-26 02:23:13.716] WARN : General      f:0 st:218,909,768 at XuiSkin$EntityUiStyle.Load          > Could not find icon: Build_WallBrick, script = Brick Wall (Craftsman).
[14-09-26 02:23:13.716] WARN : General      f:0 st:218,909,769 at XuiSkin$EntityUiStyle.Load          > Could not find icon: Build_DryingFrameLarge, script = Large Leather Drying Rack.
[14-09-26 02:23:13.716] WARN : General      f:0 st:218,909,769 at XuiSkin$EntityUiStyle.Load          > Could not find icon: Build_RippleComb, script = Ripple Comb.
[14-09-26 02:23:13.717] WARN : General      f:0 st:218,909,769 at XuiSkin$EntityUiStyle.Load          > Could not find icon: Build_Wall_Paint, script = Paint Wall / Item.
[14-09-26 02:23:13.717] WARN : General      f:0 st:218,909,769 at XuiSkin$EntityUiStyle.Load          > Could not find icon: Build_FenceWood, script = Wooden Fence (Craftsman).
[14-09-26 02:23:13.717] WARN : General      f:0 st:218,909,770 at XuiSkin$EntityUiStyle.Load          > Could not find icon: Build_FenceWood, script = Wooden Fence (Advanced).
[14-09-26 02:23:13.717] WARN : General      f:0 st:218,909,770 at XuiSkin$EntityUiStyle.Load          > Could not find icon: Build_LogTable, script = Log Table.
[14-09-26 02:23:13.717] WARN : General      f:0 st:218,909,770 at XuiSkin$EntityUiStyle.Load          > Could not find icon: Build_FenceWood, script = Wooden Fence (Basic).
[14-09-26 02:23:13.718] WARN : General      f:0 st:218,909,770 at XuiSkin$EntityUiStyle.Load          > Could not find icon: Build_ForgeAdvanced, script = Advanced Forge.
[14-09-26 02:23:13.718] WARN : General      f:0 st:218,909,770 at XuiSkin$EntityUiStyle.Load          > Could not find icon: Build_GunLocker, script = Small Metal Locker (Craftsman).
[14-09-26 02:23:13.718] WARN : General      f:0 st:218,909,771 at XuiSkin$EntityUiStyle.Load          > Could not find icon: Build_GunLocker, script = Small Metal Locker (Basic).
[14-09-26 02:23:13.718] WARN : General      f:0 st:218,909,771 at XuiSkin$EntityUiStyle.Load          > Could not find icon: Build_RainCollectorCrate, script = Rain Collector Crate (Tarp).
[14-09-26 02:23:13.719] WARN : General      f:0 st:218,909,771 at XuiSkin$EntityUiStyle.Load          > Could not find icon: Build_ButterChurn, script = Butter Churn.
[14-09-26 02:23:13.719] WARN : General      f:0 st:218,909,771 at XuiSkin$EntityUiStyle.Load          > Could not find icon: Build_Stake_SkullCow, script = Cow Skull Pole.
[14-09-26 02:23:13.719] WARN : General      f:0 st:218,909,772 at XuiSkin$EntityUiStyle.Load          > Could not find icon: Build_FloorTileMetal, script = Metal Floor.
[14-09-26 02:23:13.719] WARN : General      f:0 st:218,909,772 at XuiSkin$EntityUiStyle.Load          > Could not find icon: Build_Handpress, script = Hand-Operated Press.
[14-09-26 02:23:13.719] WARN : General      f:0 st:218,909,772 at XuiSkin$EntityUiStyle.LoadComponentInfo> Could not find icon: Build_Handpress.
[14-09-26 02:23:13.720] WARN : General      f:0 st:218,909,772 at XuiSkin$EntityUiStyle.Load          > Could not find icon: Build_MetalCounterCorner, script = Metal Counter Corner (Craftsman).
[14-09-26 02:23:13.720] WARN : General      f:0 st:218,909,772 at XuiSkin$EntityUiStyle.Load          > Could not find icon: Build_MetalCounterCorner, script = Metal Counter Corner (Basic).
[14-09-26 02:23:13.720] WARN : General      f:0 st:218,909,773 at XuiSkin$EntityUiStyle.Load          > Could not find icon: Build_WoodCounterCorner, script = Wooden Counter Corner (Basic).
[14-09-26 02:23:13.720] WARN : General      f:0 st:218,909,773 at XuiSkin$EntityUiStyle.Load          > Could not find icon: Build_HeckleComb, script = Heckle Comb.
[14-09-26 02:23:13.720] WARN : General      f:0 st:218,909,773 at XuiSkin$EntityUiStyle.Load          > Could not find icon: Build_Stake_SkullPig, script = Pig Skull Pole.
[14-09-26 02:23:13.721] WARN : General      f:0 st:218,909,773 at XuiSkin$EntityUiStyle.Load          > Could not find icon: Build_ScutchingBoard, script = Scutching Board.
[14-09-26 02:23:13.721] WARN : General      f:0 st:218,909,773 at XuiSkin$EntityUiStyle.Load          > Could not find icon: Build_FenceMetalPosts, script = Metal Pole Fence Gate.
[14-09-26 02:23:13.721] WARN : General      f:0 st:218,909,774 at XuiSkin$EntityUiStyle.Load          > Could not find icon: Build_DoublePoleGate, script = Double Tall Metal Pole Gate.
[14-09-26 02:23:13.721] WARN : General      f:0 st:218,909,774 at XuiSkin$EntityUiStyle.Load          > Could not find icon: Build_WoodCounter, script = Wooden Counter (Advanced).
[14-09-26 02:23:13.721] WARN : General      f:0 st:218,909,774 at XuiSkin$EntityUiStyle.Load          > Could not find icon: Build_WoodCounterCorner, script = Wooden Counter Corner (Craftsman).
[14-09-26 02:23:13.722] WARN : General      f:0 st:218,909,774 at XuiSkin$EntityUiStyle.Load          > Could not find icon: Build_WoodCounter, script = Wooden Counter (Basic).
[14-09-26 02:23:13.722] WARN : General      f:0 st:218,909,774 at XuiSkin$EntityUiStyle.Load          > Could not find icon: Build_WoodCounterCorner, script = Wooden Counter Corner (Advanced).
[14-09-26 02:23:13.722] WARN : General      f:0 st:218,909,775 at XuiSkin$EntityUiStyle.Load          > Could not find icon: Build_WoodCounter, script = Wooden Counter (Craftsman).
[14-09-26 02:23:13.722] WARN : General      f:0 st:218,909,775 at XuiSkin$EntityUiStyle.Load          > Could not find icon: Build_RainCollectorBarrel2, script = Rain Collector Barrel (Garbage Bags).
[14-09-26 02:23:13.722] WARN : General      f:0 st:218,909,775 at XuiSkin$EntityUiStyle.Load          > Could not find icon: Build_WoodSign_Up, script = Paint Sign - Up Arrow.
[14-09-26 02:23:13.723] WARN : General      f:0 st:218,909,775 at XuiSkin$EntityUiStyle.Load          > Could not find icon: Build_WoodSign_Right, script = Paint Sign - Right Arrow.
[14-09-26 02:23:13.723] WARN : General      f:0 st:218,909,775 at XuiSkin$EntityUiStyle.Load          > Could not find icon: Item_SheetMetal, script = Hydraulic Press.
[14-09-26 02:23:13.723] WARN : General      f:0 st:218,909,776 at XuiSkin$EntityUiStyle.Load          > Could not find icon: Build_FenceMetal, script = Metal Fence (Craftsman).
[14-09-26 02:23:13.723] WARN : General      f:0 st:218,909,776 at XuiSkin$EntityUiStyle.Load          > Could not find icon: Build_FenceLogs, script = Log Fence.
[14-09-26 02:23:13.723] WARN : General      f:0 st:218,909,776 at XuiSkin$EntityUiStyle.Load          > Could not find icon: Build_FenceMetal, script = Metal Fence (Basic).
[14-09-26 02:23:13.723] WARN : General      f:0 st:218,909,776 at XuiSkin$EntityUiStyle.Load          > Could not find icon: Item_Orange, script = Juice Maker.
[14-09-26 02:23:13.723] WARN : General      f:0 st:218,909,776 at XuiSkin$EntityUiStyle.Load          > Could not find icon: Build_Campfire, script = Campfire.
[14-09-26 02:23:13.724] WARN : General      f:0 st:218,909,777 at XuiSkin$EntityUiStyle.LoadComponentInfo> Could not find icon: Build_Campfire.
[14-09-26 02:23:13.724] WARN : General      f:0 st:218,909,777 at XuiSkin$EntityUiStyle.Load          > Could not find icon: Build_StairsMetal, script = Metal Stairs.
[14-09-26 02:23:13.724] WARN : General      f:0 st:218,909,777 at XuiSkin$EntityUiStyle.Load          > Could not find icon: Build_TroughWoodShort, script = Short Wooden Feeding Trough.
[14-09-26 02:23:13.724] WARN : General      f:0 st:218,909,777 at XuiSkin$EntityUiStyle.Load          > Could not find icon: Item_Anvil_Forged, script = Advanced Makeshift Electric Blower Forge.
[14-09-26 02:23:13.724] WARN : General      f:0 st:218,909,777 at XuiSkin$EntityUiStyle.LoadComponentInfo> Could not find icon: Item_Anvil_Forged.
[14-09-26 02:23:13.724] WARN : General      f:0 st:218,909,777 at XuiSkin$EntityUiStyle.Load          > Could not find icon: Build_WallStone, script = Stone Wall.
[14-09-26 02:23:13.725] WARN : General      f:0 st:218,909,778 at XuiSkin$EntityUiStyle.Load          > Could not find icon: Build_Stake_SkullDoe, script = Doe Skull Pole.
[14-09-26 02:23:13.725] WARN : General      f:0 st:218,909,778 at XuiSkin$EntityUiStyle.Load          > Could not find icon: Build_WindowBlack, script = Wooden Windows.
[14-09-26 02:23:13.725] WARN : General      f:0 st:218,909,778 at XuiSkin$EntityUiStyle.Load          > Could not find icon: Item_Clamp_Forged, script = Standing Drill Press.
[14-09-26 02:23:13.725] WARN : General      f:0 st:218,909,778 at XuiSkin$EntityUiStyle.LoadComponentInfo> Could not find icon: Item_Clamp_Forged.
[14-09-26 02:23:13.725] WARN : General      f:0 st:218,909,778 at XuiSkin$EntityUiStyle.Load          > Could not find icon: Build_KilnSmall, script = Primitive Kiln.
[14-09-26 02:23:13.727] WARN : General      f:0 st:218,909,779 at XuiSkin$EntityUiStyle.Load          > Could not find icon: Build_ShelvesMetal, script = Metal Shelves (Basic).
[14-09-26 02:23:13.727] WARN : General      f:0 st:218,909,779 at XuiSkin$EntityUiStyle.Load          > Could not find icon: Build_ShelvesMetal, script = Metal Shelves (Craftsman).
[14-09-26 02:23:13.727] WARN : General      f:0 st:218,909,779 at XuiSkin$EntityUiStyle.Load          > Could not find icon: Build_DomeKiln, script = Dome Kiln.
[14-09-26 02:23:13.727] WARN : General      f:0 st:218,909,779 at XuiSkin$EntityUiStyle.Load          > Could not find icon: Build_Loom, script = Loom.
[14-09-26 02:23:13.727] WARN : General      f:0 st:218,909,779 at XuiSkin$EntityUiStyle.Load          > Could not find icon: Build_BarricadeWindow_Sheet, script = Metal Sheet Barricade.
[14-09-26 02:23:13.728] WARN : General      f:0 st:218,909,780 at XuiSkin$EntityUiStyle.Load          > Could not find icon: Build_DoubleWoodGate, script = Double Tall Wooden Gate.
[14-09-26 02:23:13.728] WARN : General      f:0 st:218,909,780 at XuiSkin$EntityUiStyle.Load          > Could not find icon: Build_StoneMill, script = Stone Mill.
[14-09-26 02:23:13.728] WARN : General      f:0 st:218,909,780 at XuiSkin$EntityUiStyle.LoadComponentInfo> Could not find icon: Build_StoneMill.
[14-09-26 02:23:13.728] WARN : General      f:0 st:218,909,780 at XuiSkin$EntityUiStyle.Load          > Could not find icon: Build_WallMetal, script = Metal Wall (Craftsman).
[14-09-26 02:23:13.728] WARN : General      f:0 st:218,909,780 at XuiSkin$EntityUiStyle.Load          > Could not find icon: Item_ClayMold_Shingle, script = Well.
[14-09-26 02:23:13.728] WARN : General      f:0 st:218,909,781 at XuiSkin$EntityUiStyle.Load          > Could not find icon: Item_Boulder, script = Boulder.
[14-09-26 02:23:13.729] WARN : General      f:0 st:218,909,781 at XuiSkin$EntityUiStyle.LoadComponentInfo> Could not find icon: Item_Boulder.
[14-09-26 02:23:13.729] WARN : General      f:0 st:218,909,781 at XuiSkin$EntityUiStyle.Load          > Could not find icon: Build_WindowframeWood, script = Wooden Window Frame (Advanced).
[14-09-26 02:23:13.729] WARN : General      f:0 st:218,909,781 at XuiSkin$EntityUiStyle.Load          > Could not find icon: Build_WindowframeWood, script = Wooden Window Frame (Craftsman).
[14-09-26 02:23:13.729] WARN : General      f:0 st:218,909,781 at XuiSkin$EntityUiStyle.Load          > Could not find icon: Build_StickBookcase, script = Crude Wooden Bookcase.
[14-09-26 02:23:13.729] WARN : General      f:0 st:218,909,781 at XuiSkin$EntityUiStyle.Load          > Could not find icon: Build_CabinetMetal, script = Big Metal Locker (Basic).
[14-09-26 02:23:13.729] WARN : General      f:0 st:218,909,782 at XuiSkin$EntityUiStyle.Load          > Could not find icon: Build_ChoppingBlock, script = Chopping Block.
[14-09-26 02:23:13.730] WARN : General      f:0 st:218,909,782 at XuiSkin$EntityUiStyle.LoadComponentInfo> Could not find icon: Build_ChoppingBlock.
[14-09-26 02:23:13.730] WARN : General      f:0 st:218,909,782 at XuiSkin$EntityUiStyle.Load          > Could not find icon: Build_WallMetal, script = Metal Wall (Basic).
[14-09-26 02:23:13.730] WARN : General      f:0 st:218,909,782 at XuiSkin$EntityUiStyle.Load          > Could not find icon: Item_Logs, script = Sawmill.
[14-09-26 02:23:13.730] WARN : General      f:0 st:218,909,782 at XuiSkin$EntityUiStyle.Load          > Could not find icon: Build_WindowframeWood, script = Wooden Window Frame (Basic).
[14-09-26 02:23:13.730] WARN : General      f:0 st:218,909,783 at XuiSkin$EntityUiStyle.Load          > Could not find icon: Build_CabinetMetal, script = Big Metal Locker (Craftsman).
[14-09-26 02:23:13.731] WARN : General      f:0 st:218,909,783 at XuiSkin$EntityUiStyle.Load          > Could not find icon: Build_WindowframeBrick, script = Brick Window Frame (Craftsman).
[14-09-26 02:23:13.731] WARN : General      f:0 st:218,909,783 at XuiSkin$EntityUiStyle.Load          > Could not find icon: Build_WindowframeBrick, script = Brick Window Frame (Basic).
[14-09-26 02:23:13.731] WARN : General      f:0 st:218,909,783 at XuiSkin$EntityUiStyle.Load          > Could not find icon: Build_CookingPitSimple, script = Fire Pit (Stones).
[14-09-26 02:23:13.731] WARN : General      f:0 st:218,909,783 at XuiSkin$EntityUiStyle.Load          > Could not find icon: Build_FenceWire, script = Barbed Wire Fence.
[14-09-26 02:23:13.731] WARN : General      f:0 st:218,909,783 at XuiSkin$EntityUiStyle.Load          > Could not find icon: Build_CrateMetal, script = Metal Crate (Craftsman).
[14-09-26 02:23:13.731] WARN : General      f:0 st:218,909,784 at XuiSkin$EntityUiStyle.Load          > Could not find icon: Build_CrateMetal, script = Metal Crate (Basic).
[14-09-26 02:23:13.732] WARN : General      f:0 st:218,909,784 at XuiSkin$EntityUiStyle.Load          > Could not find icon: Build_AnvilStone, script = Stone Anvil.
[14-09-26 02:23:13.732] WARN : General      f:0 st:218,909,784 at XuiSkin$EntityUiStyle.LoadComponentInfo> Could not find icon: Build_AnvilStone.
[14-09-26 02:23:13.732] WARN : General      f:0 st:218,909,784 at XuiSkin$EntityUiStyle.Load          > Could not find icon: Item_WaterTank, script = Water Dispenser.
[14-09-26 02:23:13.732] WARN : General      f:0 st:218,909,784 at XuiSkin$EntityUiStyle.Load          > Could not find icon: Build_DoorframeMetal, script = Metal Doorframe (Basic).
[14-09-26 02:23:13.732] WARN : General      f:0 st:218,909,785 at XuiSkin$EntityUiStyle.Load          > Could not find icon: Build_LeanToShelterLeather, script = Leather Shelter.
[14-09-26 02:23:13.732] WARN : General      f:0 st:218,909,785 at XuiSkin$EntityUiStyle.Load          > Could not find icon: Build_DoorframeMetal, script = Metal Doorframe (Craftsman).
[14-09-26 02:23:13.732] WARN : General      f:0 st:218,909,785 at XuiSkin$EntityUiStyle.Load          > Could not find icon: Build_TableLargeWood, script = Wooden Table (Advanced).
[14-09-26 02:23:13.732] WARN : General      f:0 st:218,909,785 at XuiSkin$EntityUiStyle.LoadComponentInfo> Could not find icon: Build_TableLargeWood.
[14-09-26 02:23:13.733] WARN : General      f:0 st:218,909,785 at XuiSkin$EntityUiStyle.Load          > Could not find icon: Build_LogSeat2, script = Crude Wooden Stool.
[14-09-26 02:23:13.733] WARN : General      f:0 st:218,909,785 at XuiSkin$EntityUiStyle.Load          > Could not find icon: Build_TableLargeWood, script = Wooden Table (Basic).
[14-09-26 02:23:13.733] WARN : General      f:0 st:218,909,786 at XuiSkin$EntityUiStyle.LoadComponentInfo> Could not find icon: Build_TableLargeWood.
[14-09-26 02:23:13.733] WARN : General      f:0 st:218,909,786 at XuiSkin$EntityUiStyle.Load          > Could not find icon: Build_TableLargeWood, script = Wooden Table (Craftsman).
[14-09-26 02:23:13.733] WARN : General      f:0 st:218,909,786 at XuiSkin$EntityUiStyle.LoadComponentInfo> Could not find icon: Build_TableLargeWood.
[14-09-26 02:23:13.734] WARN : General      f:0 st:218,909,786 at XuiSkin$EntityUiStyle.Load          > Could not find icon: Build_HerbDryerSmall, script = Simple Small Plant Drying Rack.
[14-09-26 02:23:13.734] WARN : General      f:0 st:218,909,787 at XuiSkin$EntityUiStyle.Load          > Could not find icon: Build_DoorframeBrick, script = Brick Doorframe (Basic).
[14-09-26 02:23:13.734] WARN : General      f:0 st:218,909,787 at XuiSkin$EntityUiStyle.Load          > Could not find icon: Build_DoorframeBrick, script = Brick Doorframe (Craftsman).
[14-09-26 02:23:13.734] WARN : General      f:0 st:218,909,787 at XuiSkin$EntityUiStyle.Load          > Could not find icon: Item_Key_Blank, script = Key Duplicator.
[14-09-26 02:23:13.735] WARN : General      f:0 st:218,909,787 at XuiSkin$EntityUiStyle.Load          > Could not find icon: Build_MetalCounter, script = Metal Counter (Basic).
[14-09-26 02:23:13.735] WARN : General      f:0 st:218,909,787 at XuiSkin$EntityUiStyle.Load          > Could not find icon: Build_MetalCounter, script = Metal Counter (Craftsman).
[14-09-26 02:23:13.735] WARN : General      f:0 st:218,909,788 at XuiSkin$EntityUiStyle.Load          > Could not find icon: Build_WallLogs, script = Log Wall.
[14-09-26 02:23:13.735] WARN : General      f:0 st:218,909,788 at XuiSkin$EntityUiStyle.Load          > Could not find icon: Item_Anvil_Forged, script = Electric Blower Forge.
[14-09-26 02:23:13.735] WARN : General      f:0 st:218,909,788 at XuiSkin$EntityUiStyle.LoadComponentInfo> Could not find icon: Item_Anvil_Forged.
[14-09-26 02:23:13.735] WARN : General      f:0 st:218,909,788 at XuiSkin$EntityUiStyle.Load          > Could not find icon: Build_DryingFrameSmall, script = Small Leather Drying Rack.
[14-09-26 02:23:13.736] WARN : General      f:0 st:218,909,788 at XuiSkin$EntityUiStyle.Load          > Could not find icon: Build_WindowframeStone, script = Stone Window Frame.
[14-09-26 02:23:13.736] WARN : General      f:0 st:218,909,788 at XuiSkin$EntityUiStyle.Load          > Could not find icon: Build_FurnaceAdvanced, script = Advanced Furnace.
[14-09-26 02:23:13.736] WARN : General      f:0 st:218,909,789 at XuiSkin$EntityUiStyle.Load          > Could not find icon: Build_DryingFrameSmall, script = Medium Leather Drying Rack.
[14-09-26 02:23:13.736] WARN : General      f:0 st:218,909,789 at XuiSkin$EntityUiStyle.Load          > Could not find icon: Item_Rock, script = Grinding Slab.
[14-09-26 02:23:13.736] WARN : General      f:0 st:218,909,789 at XuiSkin$EntityUiStyle.LoadComponentInfo> Could not find icon: Item_Rock.
[14-09-26 02:23:13.737] WARN : General      f:0 st:218,909,789 at XuiSkin$EntityUiStyle.Load          > Could not find icon: Build_BarrelOven, script = Metal Barrel Oven.
[14-09-26 02:23:13.737] WARN : General      f:0 st:218,909,789 at XuiSkin$EntityUiStyle.Load          > Could not find icon: Build_CharcoalDrum, script = Charcoal Burning Barrel.
[14-09-26 02:23:13.737] WARN : General      f:0 st:218,909,790 at XuiSkin$EntityUiStyle.Load          > Could not find icon: Build_StairsWood, script = Wooden Stairs.
[14-09-26 02:23:13.737] WARN : General      f:0 st:218,909,790 at XuiSkin$EntityUiStyle.Load          > Could not find icon: Item_Ingot_Steel, script = Arc Furnace.
[14-09-26 02:23:13.737] WARN : General      f:0 st:218,909,790 at XuiSkin$EntityUiStyle.LoadComponentInfo> Could not find icon: Item_Ingot_Steel.
[14-09-26 02:23:13.737] WARN : General      f:0 st:218,909,790 at XuiSkin$EntityUiStyle.Load          > Could not find icon: Build_TroughMetal, script = Long Metal Feeding Trough.
[14-09-26 02:23:13.737] WARN : General      f:0 st:218,909,790 at XuiSkin$EntityUiStyle.Load          > Could not find icon: Build_KilnLarge, script = Advanced Kiln.
[14-09-26 02:23:13.737] WARN : General      f:0 st:218,909,790 at XuiSkin$EntityUiStyle.Load          > Could not find icon: Build_ShelfWood, script = Wooden Shelf (Basic).
[14-09-26 02:23:13.738] WARN : General      f:0 st:218,909,791 at XuiSkin$EntityUiStyle.Load          > Could not find icon: Build_RainCollectorCrate2, script = Rain Collector Crate (Garbage Bags).
[14-09-26 02:23:13.738] WARN : General      f:0 st:218,909,791 at XuiSkin$EntityUiStyle.Load          > Could not find icon: Build_HerbDryerLarge, script = Simple Large Plant Drying Rack.
[14-09-26 02:23:13.738] WARN : General      f:0 st:218,909,791 at XuiSkin$EntityUiStyle.Load          > Could not find icon: Build_WoodPicket, script = Wooden Marker.
[14-09-26 02:23:13.738] WARN : General      f:0 st:218,909,791 at XuiSkin$EntityUiStyle.Load          > Could not find icon: Build_ShelfWood, script = Wooden Shelf (Craftsman).
[14-09-26 02:23:13.738] WARN : General      f:0 st:218,909,791 at XuiSkin$EntityUiStyle.Load          > Could not find icon: Build_FloorSand, script = Sand Floor.
[14-09-26 02:23:13.738] WARN : General      f:0 st:218,909,792 at XuiSkin$EntityUiStyle.Load          > Could not find icon: Build_Sidetable, script = Wood Table with Drawer.
[14-09-26 02:23:13.739] WARN : General      f:0 st:218,909,792 at XuiSkin$EntityUiStyle.Load          > Could not find icon: Build_TanningBarrel, script = Tannin Barrel.
[14-09-26 02:23:13.739] WARN : General      f:0 st:218,909,792 at XuiSkin$EntityUiStyle.Load          > Could not find icon: Build_Sidetable, script = Wooden Table with Drawer (Craftsman).
[14-09-26 02:23:13.739] WARN : General      f:0 st:218,909,792 at XuiSkin$EntityUiStyle.Load          > Could not find icon: Build_Sidetable, script = Wooden Table with Drawer (Basic).
[14-09-26 02:23:13.739] WARN : General      f:0 st:218,909,792 at XuiSkin$EntityUiStyle.Load          > Could not find icon: Build_Bed, script = Wooden Bed.
[14-09-26 02:23:13.739] WARN : General      f:0 st:218,909,792 at XuiSkin$EntityUiStyle.Load          > Could not find icon: Build_SmeltingFurnace, script = Simple Forge.
[14-09-26 02:23:13.740] WARN : General      f:0 st:218,909,793 at XuiSkin$EntityUiStyle.Load          > Could not find icon: Build_LogBench, script = Log Bench.
[14-09-26 02:23:13.740] WARN : General      f:0 st:218,909,793 at XuiSkin$EntityUiStyle.Load          > Could not find icon: Build_StickBookcaseSmall, script = Crude Small Wooden Bookcase.
[14-09-26 02:23:13.740] WARN : General      f:0 st:218,909,793 at XuiSkin$EntityUiStyle.Load          > Could not find icon: Item_WaterDrop, script = Water Pump.
[14-09-26 02:23:13.740] WARN : General      f:0 st:218,909,793 at XuiSkin$EntityUiStyle.Load          > Could not find icon: Build_Grindstone, script = Grindstone.
[14-09-26 02:23:13.741] WARN : General      f:0 st:218,909,794 at XuiSkin$EntityUiStyle.Load          > Could not find icon: Item_Hacksaw, script = Metal Bandsaw.
[14-09-26 02:23:13.741] WARN : General      f:0 st:218,909,794 at XuiSkin$EntityUiStyle.Load          > Could not find icon: Build_BookcaseShort, script = Small Wooden Bookcase (Craftsman).
[14-09-26 02:23:13.741] WARN : General      f:0 st:218,909,794 at XuiSkin$EntityUiStyle.Load          > Could not find icon: Build_MetalworkBench, script = Metalworkbench.
[14-09-26 02:23:13.741] WARN : General      f:0 st:218,909,794 at XuiSkin$EntityUiStyle.LoadComponentInfo> Could not find icon: Build_MetalworkBench.
[14-09-26 02:23:13.741] WARN : General      f:0 st:218,909,794 at XuiSkin$EntityUiStyle.Load          > Could not find icon: Item_Handle, script = Wooden Fence Post.
[14-09-26 02:23:13.741] WARN : General      f:0 st:218,909,795 at XuiSkin$EntityUiStyle.LoadComponentInfo> Could not find icon: Item_Handle.
[14-09-26 02:23:13.741] WARN : General      f:0 st:218,909,795 at XuiSkin$EntityUiStyle.Load          > Could not find icon: Build_BookcaseShort, script = Small Wooden Bookcase (Basic).
[14-09-26 02:23:13.741] WARN : General      f:0 st:218,909,795 at XuiSkin$EntityUiStyle.Load          > Could not find icon: Build_Composter, script = Composter (Basic).
[14-09-26 02:23:13.741] WARN : General      f:0 st:218,909,795 at XuiSkin$EntityUiStyle.Load          > Could not find icon: Build_FenceStakes, script = Crude Wooden Fence.
[14-09-26 02:23:13.743] WARN : General      f:0 st:218,909,795 at XuiSkin$EntityUiStyle.Load          > Could not find icon: Build_DoorframeLogs, script = Log Doorframe.
[14-09-26 02:23:13.743] WARN : General      f:0 st:218,909,795 at XuiSkin$EntityUiStyle.Load          > Could not find icon: Build_DoorFenceWood, script = Wooden Fence Gate.
[14-09-26 02:23:13.743] WARN : General      f:0 st:218,909,795 at XuiSkin$EntityUiStyle.Load          > Could not find icon: Build_SofteningBeam, script = Softening Beam.
[14-09-26 02:23:13.743] WARN : General      f:0 st:218,909,796 at XuiSkin$EntityUiStyle.Load          > Could not find icon: Build_ShortWireFence, script = Small Metal Wire Fence.
[14-09-26 02:23:13.743] WARN : General      f:0 st:218,909,796 at XuiSkin$EntityUiStyle.Load          > Could not find icon: Build_Stake_SkullStag, script = Deer Skull Pole.
[14-09-26 02:23:13.743] WARN : General      f:0 st:218,909,796 at XuiSkin$EntityUiStyle.Load          > Could not find icon: Item_Charcoal, script = Pit of Coals.
[14-09-26 02:23:13.743] WARN : General      f:0 st:218,909,796 at XuiSkin$EntityUiStyle.Load          > Could not find icon: Build_HerbDryerSmall, script = Small Plant Drying Rack.
[14-09-26 02:23:13.744] WARN : General      f:0 st:218,909,796 at XuiSkin$EntityUiStyle.Load          > Could not find icon: Item_BlowTorch, script = Metalwork Lathe.
[14-09-26 02:23:13.744] WARN : General      f:0 st:218,909,796 at XuiSkin$EntityUiStyle.LoadComponentInfo> Could not find icon: Item_BlowTorch.
[14-09-26 02:23:13.744] WARN : General      f:0 st:218,909,797 at XuiSkin$EntityUiStyle.Load          > Could not find icon: Build_LogTable2, script = Crude Wooden Table.
[14-09-26 02:23:13.744] WARN : General      f:0 st:218,909,797 at XuiSkin$EntityUiStyle.Load          > Could not find icon: Build_Coffin, script = Wooden Coffin.
[14-09-26 02:23:13.744] WARN : General      f:0 st:218,909,797 at XuiSkin$EntityUiStyle.Load          > Could not find icon: Build_Stake_Antlers, script = Antlers Pole.
[14-09-26 02:23:13.745] WARN : General      f:0 st:218,909,797 at XuiSkin$EntityUiStyle.Load          > Could not find icon: Build_Stake_SkullSheep, script = Sheep Skull Pole.
[14-09-26 02:23:13.745] WARN : General      f:0 st:218,909,797 at XuiSkin$EntityUiStyle.Load          > Could not find icon: Item_WaterDrop, script = Steam Turbine.
[14-09-26 02:23:13.745] WARN : General      f:0 st:218,909,798 at XuiSkin$EntityUiStyle.Load          > Could not find icon: Build_Coop2, script = Chicken Hutch (Dark Wood).
[14-09-26 02:23:13.745] WARN : General      f:0 st:218,909,798 at XuiSkin$EntityUiStyle.Load          > Could not find icon: Build_FenceOpenLogs, script = Wide Log Gate.
[14-09-26 02:23:13.745] WARN : General      f:0 st:218,909,798 at XuiSkin$EntityUiStyle.Load          > Could not find icon: Build_PoleGate, script = Big Pole Fence Gate.
[14-09-26 02:23:13.745] WARN : General      f:0 st:218,909,798 at XuiSkin$EntityUiStyle.Load          > Could not find icon: Build_StairsLogs, script = Log Stairs.
[14-09-26 02:23:13.746] WARN : General      f:0 st:218,909,798 at XuiSkin$EntityUiStyle.Load          > Could not find icon: Item_Toast, script = Toaster.
[14-09-26 02:23:13.746] WARN : General      f:0 st:218,909,799 at XuiSkin$EntityUiStyle.Load          > Could not find icon: Build_FloorTilePorcelain, script = Tile Floor.
[14-09-26 02:23:13.746] WARN : General      f:0 st:218,909,799 at XuiSkin$EntityUiStyle.Load          > Could not find icon: Build_CrossSimple, script = Crude Wooden Cross.
[14-09-26 02:23:13.746] WARN : General      f:0 st:218,909,799 at XuiSkin$EntityUiStyle.Load          > Could not find icon: Item_Charcoal, script = Large Pit of Coals.
[14-09-26 02:23:13.746] WARN : General      f:0 st:218,909,799 at XuiSkin$EntityUiStyle.Load          > Could not find icon: Build_ButcherHook, script = Butcher Hook.
[14-09-26 02:23:13.747] WARN : General      f:0 st:218,909,799 at XuiSkin$EntityUiStyle.Load          > Could not find icon: Build_SpinningWheel, script = Spinning Wheel.
[14-09-26 02:23:13.747] WARN : General      f:0 st:218,909,799 at XuiSkin$EntityUiStyle.Load          > Could not find icon: Build_Coop, script = Chicken Hutch (Light Wood).
[14-09-26 02:23:13.747] WARN : General      f:0 st:218,909,800 at XuiSkin$EntityUiStyle.Load          > Could not find icon: Build_Bookcase, script = Wooden Bookcase (Basic).
[14-09-26 02:23:13.747] WARN : General      f:0 st:218,909,800 at XuiSkin$EntityUiStyle.LoadComponentInfo> Could not find icon: Build_Bookcase.
[14-09-26 02:23:13.747] WARN : General      f:0 st:218,909,800 at XuiSkin$EntityUiStyle.Load          > Could not find icon: Item_Petrol, script = Generator Maintenance.
[14-09-26 02:23:13.747] WARN : General      f:0 st:218,909,800 at XuiSkin$EntityUiStyle.Load          > Could not find icon: Build_Bookcase, script = Wooden Bookcase (Craftsman).
[14-09-26 02:23:13.748] WARN : General      f:0 st:218,909,800 at XuiSkin$EntityUiStyle.Load          > Could not find icon: Build_BarricadeWindow_Bars, script = Metal Bar Barricade.
[14-09-26 02:23:13.748] WARN : General      f:0 st:218,909,800 at XuiSkin$EntityUiStyle.Load          > Could not find icon: Build_Stake_SkullBull, script = Bull Skull Pole.
[14-09-26 02:23:13.748] WARN : General      f:0 st:218,909,801 at XuiSkin$EntityUiStyle.Load          > Could not find icon: Build_Wall_Plaster, script = Plaster Wall.
[14-09-26 02:23:13.748] WARN : General      f:0 st:218,909,801 at XuiSkin$EntityUiStyle.Load          > Could not find icon: Build_CookingPit, script = Fire Pit (Stone Blocks).
[14-09-26 02:23:13.748] WARN : General      f:0 st:218,909,801 at XuiSkin$EntityUiStyle.Load          > Could not find icon: Build_LoomSimple, script = Simple Loom.
[14-09-26 02:23:13.748] WARN : General      f:0 st:218,909,801 at XuiSkin$EntityUiStyle.Load          > Could not find icon: Build_WoodSign_Skull, script = Paint Sign - Skull.
[14-09-26 02:23:13.749] WARN : General      f:0 st:218,909,801 at XuiSkin$EntityUiStyle.Load          > Could not find icon: Build_WindowframeMetal, script = Metal Window Frame (Basic).
[14-09-26 02:23:13.749] WARN : General      f:0 st:218,909,801 at XuiSkin$EntityUiStyle.Load          > Could not find icon: Build_WindowframeMetal, script = Metal Window Frame (Craftsman).
[14-09-26 02:23:13.749] WARN : General      f:0 st:218,909,802 at XuiSkin$EntityUiStyle.Load          > Could not find icon: Build_DoubleWireGate, script = Double Tall Wire Fence Gate.
[14-09-26 02:23:13.749] WARN : General      f:0 st:218,909,802 at XuiSkin$EntityUiStyle.Load          > Could not find icon: Build_RainCollectorBarrel, script = Rain Collector Barrel (Tarp).
[14-09-26 02:23:13.749] WARN : General      f:0 st:218,909,802 at XuiSkin$EntityUiStyle.Load          > Could not find icon: Build_FenceBrick, script = Short Brick Wall.
[14-09-26 02:23:13.750] WARN : General      f:0 st:218,909,802 at XuiSkin$EntityUiStyle.Load          > Could not find icon: Build_LogSeat, script = Short Log Bench.
[14-09-26 02:23:13.750] WARN : General      f:0 st:218,909,802 at XuiSkin$EntityUiStyle.LoadComponentInfo> Could not find icon: Build_LogSeat.
[14-09-26 02:23:13.750] WARN : General      f:0 st:218,909,803 at XuiSkin$EntityUiStyle.Load          > Could not find icon: Build_FenceMetalPosts, script = Metal Pole Fence.
[14-09-26 02:23:13.750] WARN : General      f:0 st:218,909,803 at XuiSkin$EntityUiStyle.Load          > Could not find icon: Build_DoorWood, script = Wooden Door (Advanced).
[14-09-26 02:23:13.750] WARN : General      f:0 st:218,909,803 at XuiSkin$EntityUiStyle.Load          > Could not find icon: Build_WallframeMetal, script = Metal Wall Frame.
[14-09-26 02:23:13.750] WARN : General      f:0 st:218,909,803 at XuiSkin$EntityUiStyle.Load          > Could not find icon: Build_DoorWood, script = Wooden Door (Basic).
[14-09-26 02:23:13.751] WARN : General      f:0 st:218,909,803 at XuiSkin$EntityUiStyle.Load          > Could not find icon: Build_WallframeWood, script = Wooden Wall Frame.
[14-09-26 02:23:13.751] WARN : General      f:0 st:218,909,803 at XuiSkin$EntityUiStyle.Load          > Could not find icon: Item_Anvil_Stone, script = Primitive Forge.
[14-09-26 02:23:13.751] WARN : General      f:0 st:218,909,804 at XuiSkin$EntityUiStyle.Load          > Could not find icon: Build_DoorMetal, script = Metal Door (Poor).
[14-09-26 02:23:13.751] WARN : General      f:0 st:218,909,804 at XuiSkin$EntityUiStyle.Load          > Could not find icon: Build_DoorWeldedMetal, script = Metal Door (Shoddy).
[14-09-26 02:23:13.751] WARN : General      f:0 st:218,909,804 at XuiSkin$EntityUiStyle.Load          > Could not find icon: Build_DoorWood, script = Wooden Door (Craftsman).
[14-09-26 02:23:13.752] WARN : General      f:0 st:218,909,804 at XuiSkin$EntityUiStyle.Load          > Could not find icon: Build_Cross, script = Wooden Cross.
[14-09-26 02:23:13.752] WARN : General      f:0 st:218,909,805 at XuiSkin$EntityUiStyle.Load          > Could not find icon: Build_ShelvesWood, script = Double Wooden Shelves.
[14-09-26 02:23:13.752] WARN : General      f:0 st:218,909,805 at XuiSkin$EntityUiStyle.Load          > Could not find icon: Item_MugFulll, script = Coffee Machine.
[14-09-26 02:23:13.752] WARN : General      f:0 st:218,909,805 at XuiSkin$EntityUiStyle.Load          > Could not find icon: Item_RailroadRail_Short, script = Makeshift Electric Blower Forge.
[14-09-26 02:23:13.752] WARN : General      f:0 st:218,909,805 at XuiSkin$EntityUiStyle.LoadComponentInfo> Could not find icon: Item_RailroadRail_Short.
[14-09-26 02:23:13.753] WARN : General      f:0 st:218,909,805 at XuiSkin$EntityUiStyle.Load          > Could not find icon: Build_LeanToShelterTarp, script = Tarp Shelter.
[14-09-26 02:23:13.753] WARN : General      f:0 st:218,909,805 at XuiSkin$EntityUiStyle.Load          > Could not find icon: Build_HerbDryerLarge, script = Large Plant Drying Rack.
[14-09-26 02:23:13.753] WARN : General      f:0 st:218,909,806 at XuiSkin$EntityUiStyle.Load          > Could not find icon: Build_StoneQuern, script = Stone Quern.
[14-09-26 02:23:13.754] WARN : General      f:0 st:218,909,806 at XuiSkin$EntityUiStyle.LoadComponentInfo> Could not find icon: Build_StoneQuern.
[14-09-26 02:23:13.754] WARN : General      f:0 st:218,909,806 at XuiSkin$EntityUiStyle.Load          > Could not find icon: Build_WoodSign, script = Wooden Sign.
[14-09-26 02:23:13.754] WARN : General      f:0 st:218,909,806 at XuiSkin$EntityUiStyle.Load          > Could not find icon: Build_WoodPole_Tall, script = Wooden Pole.
[14-09-26 02:23:13.754] WARN : General      f:0 st:218,909,806 at XuiSkin$EntityUiStyle.Load          > Could not find icon: Build_WoodSign_Down, script = Paint Sign - Down Arrow.
[14-09-26 02:23:13.754] WARN : General      f:0 st:218,909,807 at XuiSkin$EntityUiStyle.Load          > Could not find icon: Item_Dice, script = Test Entity.
[14-09-26 02:23:13.754] WARN : General      f:0 st:218,909,807 at XuiSkin$EntityUiStyle.LoadComponentInfo> Could not find icon: Item_Note2.
[14-09-26 02:23:13.754] WARN : General      f:0 st:218,909,807 at XuiSkin$EntityUiStyle.Load          > Could not find icon: Build_SandbagWall, script = Sandbag Wall.
[14-09-26 02:23:13.754] WARN : General      f:0 st:218,909,807 at XuiSkin$EntityUiStyle.Load          > Could not find icon: Build_SmeltingFurnace, script = Simple Furnace.
[14-09-26 02:23:13.755] WARN : General      f:0 st:218,909,807 at XuiSkin$EntityUiStyle.Load          > Could not find icon: Build_BarricadeWindow_Plank, script = Planks Barricade.
[14-09-26 02:23:13.755] WARN : General      f:0 st:218,909,807 at XuiSkin$EntityUiStyle.Load          > Could not find icon: Item_Logs, script = Tree Stump.
[14-09-26 02:23:13.755] WARN : General      f:0 st:218,909,808 at XuiSkin$EntityUiStyle.LoadComponentInfo> Could not find icon: Item_Logs.
[14-09-26 02:23:13.755] WARN : General      f:0 st:218,909,808 at XuiSkin$EntityUiStyle.Load          > Could not find icon: Build_CrateWood, script = Wooden Crate (Craftsman).
[14-09-26 02:23:13.755] WARN : General      f:0 st:218,909,808 at XuiSkin$EntityUiStyle.Load          > Could not find icon: Build_TallWireGate, script = Big Wire Fence Gate.
[14-09-26 02:23:13.756] WARN : General      f:0 st:218,909,808 at XuiSkin$EntityUiStyle.Load          > Could not find icon: Build_CrateWood, script = Wooden Crate (Basic).
[14-09-26 02:23:13.756] WARN : General      f:0 st:218,909,808 at XuiSkin$EntityUiStyle.Load          > Could not find icon: Build_DoubleWireFence, script = Big Wire Fence.
[14-09-26 02:23:13.756] WARN : General      f:0 st:218,909,809 at XuiSkin$EntityUiStyle.Load          > Could not find icon: Build_Composter, script = Composter (Craftsman).
[14-09-26 02:23:13.756] WARN : General      f:0 st:218,909,809 at XuiSkin$EntityUiStyle.Load          > Could not find icon: Build_Amphora, script = Amphora.
[14-09-26 02:23:13.756] WARN : General      f:0 st:218,909,809 at XuiSkin$EntityUiStyle.Load          > Could not find icon: Build_Coalpit, script = Charcoal Burning Pile.
[14-09-26 02:23:13.757] WARN : General      f:0 st:218,909,809 at XuiSkin$EntityUiStyle.Load          > Could not find icon: Build_FloorTileWood, script = Wooden Floor (Craftsman).
[14-09-26 02:23:13.757] WARN : General      f:0 st:218,909,809 at XuiSkin$EntityUiStyle.Load          > Could not find icon: Build_FloorTileWood, script = Wooden Floor (Advanced).
[14-09-26 02:23:13.757] WARN : General      f:0 st:218,909,810 at XuiSkin$EntityUiStyle.Load          > Could not find icon: Build_FloorTileWood, script = Wooden Floor (Basic).
[14-09-26 02:23:13.757] WARN : General      f:0 st:218,909,810 at XuiSkin$EntityUiStyle.Load          > Could not find icon: Item_CarBatteryCharger, script = CeroSec - FS-800.
[14-09-26 02:23:13.758] WARN : General      f:0 st:218,909,810 at XuiSkin$EntityUiStyle.Load          > Could not find icon: Build_Wall_Wallpaper, script = Apply Wallpaper.
[14-09-26 02:23:13.758] WARN : General      f:0 st:218,909,810 at XuiSkin$EntityUiStyle.Load          > Could not find icon: Build_Chair, script = Wooden Chair (Basic).
[14-09-26 02:23:13.758] WARN : General      f:0 st:218,909,811 at XuiSkin$EntityUiStyle.Load          > Could not find icon: Build_FlashlightLamp, script = Wooden Flashlight Pillar.
[14-09-26 02:23:13.758] WARN : General      f:0 st:218,909,811 at XuiSkin$EntityUiStyle.Load          > Could not find icon: Build_Chair, script = Wooden Chair (Advanced).
[14-09-26 02:23:13.758] WARN : General      f:0 st:218,909,811 at XuiSkin$EntityUiStyle.Load          > Could not find icon: Build_FenceHighMetalPosts, script = Big Metal Pole Fence.
[14-09-26 02:23:13.759] WARN : General      f:0 st:218,909,811 at XuiSkin$EntityUiStyle.Load          > Could not find icon: Build_Chair, script = Wooden Chair (Craftsman).
[14-09-26 02:23:13.759] WARN : General      f:0 st:218,909,811 at XuiSkin$EntityUiStyle.Load          > Could not find icon: Build_LogStool, script = Log Stool.
[14-09-26 02:23:13.759] WARN : General      f:0 st:218,909,811 at XuiSkin$EntityUiStyle.Load          > Could not find icon: Build_TableSmallWood, script = Small Wooden Table (Craftsman).
[14-09-26 02:23:13.759] WARN : General      f:0 st:218,909,812 at XuiSkin$EntityUiStyle.LoadComponentInfo> Could not find icon: Build_TableSmallWood.
[14-09-26 02:23:13.759] WARN : General      f:0 st:218,909,812 at XuiSkin$EntityUiStyle.Load          > Could not find icon: Build_TableSmallWood, script = Small Wooden Table (Advanced).
[14-09-26 02:23:13.759] WARN : General      f:0 st:218,909,812 at XuiSkin$EntityUiStyle.LoadComponentInfo> Could not find icon: Build_TableSmallWood.
[14-09-26 02:23:13.760] WARN : General      f:0 st:218,909,812 at XuiSkin$EntityUiStyle.Load          > Could not find icon: Build_TableSmallWood, script = Small Wooden Table (Basic).
[14-09-26 02:23:13.760] WARN : General      f:0 st:218,909,812 at XuiSkin$EntityUiStyle.LoadComponentInfo> Could not find icon: Build_TableSmallWood.
[14-09-26 02:23:13.760] WARN : General      f:0 st:218,909,813 at XuiSkin$EntityUiStyle.Load          > Could not find icon: Item_CarBatteryCharger, script = Test Kiln.
[14-09-26 02:23:13.760] WARN : General      f:0 st:218,909,813 at XuiSkin$EntityUiStyle.LoadComponentInfo> Could not find icon: Item_Note2.
[14-09-26 02:23:13.760] WARN : General      f:0 st:218,909,813 at XuiSkin$EntityUiStyle.Load          > Could not find icon: Build_ShortWireGate, script = Metal Wire Fence Gate.
[14-09-26 02:23:13.761] WARN : General      f:0 st:218,909,813 at XuiSkin$EntityUiStyle.Load          > Could not find icon: Build_LogSeat, script = Log Seat.
[14-09-26 02:23:13.761] WARN : General      f:0 st:218,909,813 at XuiSkin$EntityUiStyle.Load          > Could not find icon: Item_PropaneTank, script = Steam Boiler.
[14-09-26 02:23:13.761] WARN : General      f:0 st:218,909,813 at XuiSkin$EntityUiStyle.Load          > Could not find icon: Build_TroughWoodLong, script = Long Wooden Feeding Trough.
[14-09-26 02:23:13.761] WARN : General      f:0 st:218,909,814 at XuiSkin$EntityUiStyle.Load          > Could not find icon: Build_MetalworkTable, script = Metalwork Table.
[14-09-26 02:23:13.761] WARN : General      f:0 st:218,909,814 at XuiSkin$EntityUiStyle.LoadComponentInfo> Could not find icon: Build_MetalworkTable.
[14-09-26 02:23:13.793] WARN : General      f:0 st:218,909,845 at TaggedObjectManager.createTagBits   > manager-> new tag discovered that was not preprocessed, tag: keyduplicator.
[14-09-26 02:23:13.794] WARN : General      f:0 st:218,909,846 at TaggedObjectManager.createTagBits   > manager-> new tag discovered that was not preprocessed, tag: choppingblock.
[14-09-26 02:23:13.812] WARN : Script       f:0 st:218,909,864 at ModelScript.check                   > no such model "null" for Base.BareHands.
[14-09-26 02:23:13.817] WARN : Script       f:0 st:218,909,870 at ModelScript.ScriptsLoaded           > different number of attachments on Cucumber and CucumberRotten.
[14-09-26 02:23:13.818] WARN : Script       f:0 st:218,909,870 at ModelScript.check                   > no such model "Base.null" for Base.NecklaceLong_SilverSapphire.
[14-09-26 02:23:13.823] WARN : Script       f:0 st:218,909,876 at ModelScript.ScriptsLoaded           > different number of attachments on FrenchFries_Hand and FrenchFries_HandBurnt.
[14-09-26 02:23:13.824] WARN : Script       f:0 st:218,909,876 at ModelScript.ScriptsLoaded           > different number of attachments on FrenchFries_Hand and FrenchFries_HandRotten.
[14-09-26 02:23:14.309] LOG  : General      f:0 st:218,910,362> LOADING ASSETS: START.
[14-09-26 02:23:21.603] LOG  : General      f:0 st:218,917,656> LOADING ASSETS: FINISH.
[14-09-26 02:23:21.730] ERROR: General      f:0 st:218,917,782> AdvancedAnimator$1.visitFileFailed> Exception thrown
	java.nio.file.NoSuchFileException: E:\pzmod\test-profile\mp-server\mods\NeighborhoodLife\common\media\AnimSets at WindowsException.translateToIOException(null:-1).
	Stack trace:
		java.base/sun.nio.fs.WindowsException.translateToIOException(Unknown Source)
		java.base/sun.nio.fs.WindowsException.rethrowAsIOException(Unknown Source)
		java.base/sun.nio.fs.WindowsException.rethrowAsIOException(Unknown Source)
		java.base/sun.nio.fs.WindowsFileAttributeViews$Basic.readAttributes(Unknown Source)
		java.base/sun.nio.fs.WindowsFileAttributeViews$Basic.readAttributes(Unknown Source)
		java.base/sun.nio.fs.WindowsFileSystemProvider.readAttributes(Unknown Source)
		java.base/java.nio.file.Files.readAttributes(Unknown Source)
		java.base/java.nio.file.FileTreeWalker.getAttributes(Unknown Source)
		java.base/java.nio.file.FileTreeWalker.visit(Unknown Source)
		java.base/java.nio.file.FileTreeWalker.walk(Unknown Source)
		java.base/java.nio.file.Files.walkFileTree(Unknown Source)
		java.base/java.nio.file.Files.walkFileTree(Unknown Source)
		zombie.core.skinnedmodel.advancedanimation.AdvancedAnimator.searchFolders(AdvancedAnimator.java:805)
		zombie.core.skinnedmodel.advancedanimation.AdvancedAnimator.loadModMedia(AdvancedAnimator.java:868)
		zombie.core.skinnedmodel.advancedanimation.AdvancedAnimator.collectModFiles(AdvancedAnimator.java:888)
		zombie.core.skinnedmodel.advancedanimation.AdvancedAnimator.load(AdvancedAnimator.java:928)
		zombie.network.GameServer.doMinimumInit(GameServer.java:1486)
		zombie.network.GameServer.main(GameServer.java:791).
[14-09-26 02:23:21.731] ERROR: General      f:0 st:218,917,783> AdvancedAnimator$1.visitFileFailed> Exception thrown
	java.nio.file.NoSuchFileException: E:\pzmod\test-profile\mp-server\mods\NeighborhoodLife\common\media\actiongroups at WindowsException.translateToIOException(null:-1).
	Stack trace:
		java.base/sun.nio.fs.WindowsException.translateToIOException(Unknown Source)
		java.base/sun.nio.fs.WindowsException.rethrowAsIOException(Unknown Source)
		java.base/sun.nio.fs.WindowsException.rethrowAsIOException(Unknown Source)
		java.base/sun.nio.fs.WindowsFileAttributeViews$Basic.readAttributes(Unknown Source)
		java.base/sun.nio.fs.WindowsFileAttributeViews$Basic.readAttributes(Unknown Source)
		java.base/sun.nio.fs.WindowsFileSystemProvider.readAttributes(Unknown Source)
		java.base/java.nio.file.Files.readAttributes(Unknown Source)
		java.base/java.nio.file.FileTreeWalker.getAttributes(Unknown Source)
		java.base/java.nio.file.FileTreeWalker.visit(Unknown Source)
		java.base/java.nio.file.FileTreeWalker.walk(Unknown Source)
		java.base/java.nio.file.Files.walkFileTree(Unknown Source)
		java.base/java.nio.file.Files.walkFileTree(Unknown Source)
		zombie.core.skinnedmodel.advancedanimation.AdvancedAnimator.searchFolders(AdvancedAnimator.java:805)
		zombie.core.skinnedmodel.advancedanimation.AdvancedAnimator.loadModMedia(AdvancedAnimator.java:869)
		zombie.core.skinnedmodel.advancedanimation.AdvancedAnimator.collectModFiles(AdvancedAnimator.java:888)
		zombie.core.skinnedmodel.advancedanimation.AdvancedAnimator.load(AdvancedAnimator.java:928)
		zombie.network.GameServer.doMinimumInit(GameServer.java:1486)
		zombie.network.GameServer.main(GameServer.java:791).
[14-09-26 02:23:21.732] ERROR: General      f:0 st:218,917,784> AdvancedAnimator$1.visitFileFailed> Exception thrown
	java.nio.file.NoSuchFileException: E:\pzmod\test-profile\mp-server\mods\NeighborhoodLife\42\media\AnimSets at WindowsException.translateToIOException(null:-1).
	Stack trace:
		java.base/sun.nio.fs.WindowsException.translateToIOException(Unknown Source)
		java.base/sun.nio.fs.WindowsException.rethrowAsIOException(Unknown Source)
		java.base/sun.nio.fs.WindowsException.rethrowAsIOException(Unknown Source)
		java.base/sun.nio.fs.WindowsFileAttributeViews$Basic.readAttributes(Unknown Source)
		java.base/sun.nio.fs.WindowsFileAttributeViews$Basic.readAttributes(Unknown Source)
		java.base/sun.nio.fs.WindowsFileSystemProvider.readAttributes(Unknown Source)
		java.base/java.nio.file.Files.readAttributes(Unknown Source)
		java.base/java.nio.file.FileTreeWalker.getAttributes(Unknown Source)
		java.base/java.nio.file.FileTreeWalker.visit(Unknown Source)
		java.base/java.nio.file.FileTreeWalker.walk(Unknown Source)
		java.base/java.nio.file.Files.walkFileTree(Unknown Source)
		java.base/java.nio.file.Files.walkFileTree(Unknown Source)
		zombie.core.skinnedmodel.advancedanimation.AdvancedAnimator.searchFolders(AdvancedAnimator.java:805)
		zombie.core.skinnedmodel.advancedanimation.AdvancedAnimator.loadModMedia(AdvancedAnimator.java:868)
		zombie.core.skinnedmodel.advancedanimation.AdvancedAnimator.collectModFiles(AdvancedAnimator.java:889)
		zombie.core.skinnedmodel.advancedanimation.AdvancedAnimator.load(AdvancedAnimator.java:928)
		zombie.network.GameServer.doMinimumInit(GameServer.java:1486)
		zombie.network.GameServer.main(GameServer.java:791).
[14-09-26 02:23:21.732] ERROR: General      f:0 st:218,917,784> AdvancedAnimator$1.visitFileFailed> Exception thrown
	java.nio.file.NoSuchFileException: E:\pzmod\test-profile\mp-server\mods\NeighborhoodLife\42\media\actiongroups at WindowsException.translateToIOException(null:-1).
	Stack trace:
		java.base/sun.nio.fs.WindowsException.translateToIOException(Unknown Source)
		java.base/sun.nio.fs.WindowsException.rethrowAsIOException(Unknown Source)
		java.base/sun.nio.fs.WindowsException.rethrowAsIOException(Unknown Source)
		java.base/sun.nio.fs.WindowsFileAttributeViews$Basic.readAttributes(Unknown Source)
		java.base/sun.nio.fs.WindowsFileAttributeViews$Basic.readAttributes(Unknown Source)
		java.base/sun.nio.fs.WindowsFileSystemProvider.readAttributes(Unknown Source)
		java.base/java.nio.file.Files.readAttributes(Unknown Source)
		java.base/java.nio.file.FileTreeWalker.getAttributes(Unknown Source)
		java.base/java.nio.file.FileTreeWalker.visit(Unknown Source)
		java.base/java.nio.file.FileTreeWalker.walk(Unknown Source)
		java.base/java.nio.file.Files.walkFileTree(Unknown Source)
		java.base/java.nio.file.Files.walkFileTree(Unknown Source)
		zombie.core.skinnedmodel.advancedanimation.AdvancedAnimator.searchFolders(AdvancedAnimator.java:805)
		zombie.core.skinnedmodel.advancedanimation.AdvancedAnimator.loadModMedia(AdvancedAnimator.java:869)
		zombie.core.skinnedmodel.advancedanimation.AdvancedAnimator.collectModFiles(AdvancedAnimator.java:889)
		zombie.core.skinnedmodel.advancedanimation.AdvancedAnimator.load(AdvancedAnimator.java:928)
		zombie.network.GameServer.doMinimumInit(GameServer.java:1486)
		zombie.network.GameServer.main(GameServer.java:791).
[14-09-26 02:23:21.732] ERROR: General      f:0 st:218,917,785> AdvancedAnimator$1.visitFileFailed> Exception thrown
	java.nio.file.NoSuchFileException: E:\pzmod\test-profile\mp-server\mods\NeighborhoodQA\common\media\AnimSets at WindowsException.translateToIOException(null:-1).
	Stack trace:
		java.base/sun.nio.fs.WindowsException.translateToIOException(Unknown Source)
		java.base/sun.nio.fs.WindowsException.rethrowAsIOException(Unknown Source)
		java.base/sun.nio.fs.WindowsException.rethrowAsIOException(Unknown Source)
		java.base/sun.nio.fs.WindowsFileAttributeViews$Basic.readAttributes(Unknown Source)
		java.base/sun.nio.fs.WindowsFileAttributeViews$Basic.readAttributes(Unknown Source)
		java.base/sun.nio.fs.WindowsFileSystemProvider.readAttributes(Unknown Source)
		java.base/java.nio.file.Files.readAttributes(Unknown Source)
		java.base/java.nio.file.FileTreeWalker.getAttributes(Unknown Source)
		java.base/java.nio.file.FileTreeWalker.visit(Unknown Source)
		java.base/java.nio.file.FileTreeWalker.walk(Unknown Source)
		java.base/java.nio.file.Files.walkFileTree(Unknown Source)
		java.base/java.nio.file.Files.walkFileTree(Unknown Source)
		zombie.core.skinnedmodel.advancedanimation.AdvancedAnimator.searchFolders(AdvancedAnimator.java:805)
		zombie.core.skinnedmodel.advancedanimation.AdvancedAnimator.loadModMedia(AdvancedAnimator.java:868)
		zombie.core.skinnedmodel.advancedanimation.AdvancedAnimator.collectModFiles(AdvancedAnimator.java:888)
		zombie.core.skinnedmodel.advancedanimation.AdvancedAnimator.load(AdvancedAnimator.java:928)
		zombie.network.GameServer.doMinimumInit(GameServer.java:1486)
		zombie.network.GameServer.main(GameServer.java:791).
[14-09-26 02:23:21.733] ERROR: General      f:0 st:218,917,785> AdvancedAnimator$1.visitFileFailed> Exception thrown
	java.nio.file.NoSuchFileException: E:\pzmod\test-profile\mp-server\mods\NeighborhoodQA\common\media\actiongroups at WindowsException.translateToIOException(null:-1).
	Stack trace:
		java.base/sun.nio.fs.WindowsException.translateToIOException(Unknown Source)
		java.base/sun.nio.fs.WindowsException.rethrowAsIOException(Unknown Source)
		java.base/sun.nio.fs.WindowsException.rethrowAsIOException(Unknown Source)
		java.base/sun.nio.fs.WindowsFileAttributeViews$Basic.readAttributes(Unknown Source)
		java.base/sun.nio.fs.WindowsFileAttributeViews$Basic.readAttributes(Unknown Source)
		java.base/sun.nio.fs.WindowsFileSystemProvider.readAttributes(Unknown Source)
		java.base/java.nio.file.Files.readAttributes(Unknown Source)
		java.base/java.nio.file.FileTreeWalker.getAttributes(Unknown Source)
		java.base/java.nio.file.FileTreeWalker.visit(Unknown Source)
		java.base/java.nio.file.FileTreeWalker.walk(Unknown Source)
		java.base/java.nio.file.Files.walkFileTree(Unknown Source)
		java.base/java.nio.file.Files.walkFileTree(Unknown Source)
		zombie.core.skinnedmodel.advancedanimation.AdvancedAnimator.searchFolders(AdvancedAnimator.java:805)
		zombie.core.skinnedmodel.advancedanimation.AdvancedAnimator.loadModMedia(AdvancedAnimator.java:869)
		zombie.core.skinnedmodel.advancedanimation.AdvancedAnimator.collectModFiles(AdvancedAnimator.java:888)
		zombie.core.skinnedmodel.advancedanimation.AdvancedAnimator.load(AdvancedAnimator.java:928)
		zombie.network.GameServer.doMinimumInit(GameServer.java:1486)
		zombie.network.GameServer.main(GameServer.java:791).
[14-09-26 02:23:21.734] ERROR: General      f:0 st:218,917,786> AdvancedAnimator$1.visitFileFailed> Exception thrown
	java.nio.file.NoSuchFileException: E:\pzmod\test-profile\mp-server\mods\NeighborhoodQA\42\media\AnimSets at WindowsException.translateToIOException(null:-1).
	Stack trace:
		java.base/sun.nio.fs.WindowsException.translateToIOException(Unknown Source)
		java.base/sun.nio.fs.WindowsException.rethrowAsIOException(Unknown Source)
		java.base/sun.nio.fs.WindowsException.rethrowAsIOException(Unknown Source)
		java.base/sun.nio.fs.WindowsFileAttributeViews$Basic.readAttributes(Unknown Source)
		java.base/sun.nio.fs.WindowsFileAttributeViews$Basic.readAttributes(Unknown Source)
		java.base/sun.nio.fs.WindowsFileSystemProvider.readAttributes(Unknown Source)
		java.base/java.nio.file.Files.readAttributes(Unknown Source)
		java.base/java.nio.file.FileTreeWalker.getAttributes(Unknown Source)
		java.base/java.nio.file.FileTreeWalker.visit(Unknown Source)
		java.base/java.nio.file.FileTreeWalker.walk(Unknown Source)
		java.base/java.nio.file.Files.walkFileTree(Unknown Source)
		java.base/java.nio.file.Files.walkFileTree(Unknown Source)
		zombie.core.skinnedmodel.advancedanimation.AdvancedAnimator.searchFolders(AdvancedAnimator.java:805)
		zombie.core.skinnedmodel.advancedanimation.AdvancedAnimator.loadModMedia(AdvancedAnimator.java:868)
		zombie.core.skinnedmodel.advancedanimation.AdvancedAnimator.collectModFiles(AdvancedAnimator.java:889)
		zombie.core.skinnedmodel.advancedanimation.AdvancedAnimator.load(AdvancedAnimator.java:928)
		zombie.network.GameServer.doMinimumInit(GameServer.java:1486)
		zombie.network.GameServer.main(GameServer.java:791).
[14-09-26 02:23:21.734] ERROR: General      f:0 st:218,917,787> AdvancedAnimator$1.visitFileFailed> Exception thrown
	java.nio.file.NoSuchFileException: E:\pzmod\test-profile\mp-server\mods\NeighborhoodQA\42\media\actiongroups at WindowsException.translateToIOException(null:-1).
	Stack trace:
		java.base/sun.nio.fs.WindowsException.translateToIOException(Unknown Source)
		java.base/sun.nio.fs.WindowsException.rethrowAsIOException(Unknown Source)
		java.base/sun.nio.fs.WindowsException.rethrowAsIOException(Unknown Source)
		java.base/sun.nio.fs.WindowsFileAttributeViews$Basic.readAttributes(Unknown Source)
		java.base/sun.nio.fs.WindowsFileAttributeViews$Basic.readAttributes(Unknown Source)
		java.base/sun.nio.fs.WindowsFileSystemProvider.readAttributes(Unknown Source)
		java.base/java.nio.file.Files.readAttributes(Unknown Source)
		java.base/java.nio.file.FileTreeWalker.getAttributes(Unknown Source)
		java.base/java.nio.file.FileTreeWalker.visit(Unknown Source)
		java.base/java.nio.file.FileTreeWalker.walk(Unknown Source)
		java.base/java.nio.file.Files.walkFileTree(Unknown Source)
		java.base/java.nio.file.Files.walkFileTree(Unknown Source)
		zombie.core.skinnedmodel.advancedanimation.AdvancedAnimator.searchFolders(AdvancedAnimator.java:805)
		zombie.core.skinnedmodel.advancedanimation.AdvancedAnimator.loadModMedia(AdvancedAnimator.java:869)
		zombie.core.skinnedmodel.advancedanimation.AdvancedAnimator.collectModFiles(AdvancedAnimator.java:889)
		zombie.core.skinnedmodel.advancedanimation.AdvancedAnimator.load(AdvancedAnimator.java:928)
		zombie.network.GameServer.doMinimumInit(GameServer.java:1486)
		zombie.network.GameServer.main(GameServer.java:791).
[14-09-26 02:23:23.098] WARN : Lua          f:0 st:218,919,150 at Lua(Vanilla).corpseStorageCheck     > require("ISUI/ISInventoryPaneContextMenu") failed.
[14-09-26 02:23:23.098] WARN : Lua          f:0 st:218,919,151 at Lua(Vanilla).corpseStorageCheck     > require("ISUI/ISVehicleMenu") failed.
[14-09-26 02:23:23.098] WARN : Lua          f:0 st:218,919,151 at Lua(Vanilla).corpseStorageCheck     > require("ISUI/ISContextMenu") failed.
[14-09-26 02:23:23.115] WARN : Lua          f:0 st:218,919,167 at Lua(Vanilla).ISCampingMenu          > require("Camping/CCampfireSystem") failed.
[14-09-26 02:23:23.478] WARN : Lua          f:0 st:218,919,531 at Lua(Vanilla).ISInventoryTransferUtil> require("TimedActions/ISInventoryTransferAction") failed.
[14-09-26 02:23:23.479] WARN : Lua          f:0 st:218,919,532 at Lua(Vanilla).ISInventoryTransferUtil> require("ISUI/PlayerData/ISPlayerData") failed.
[14-09-26 02:23:24.368] ERROR: Sound        f:0 st:218,920,420 at BrokenFences.addBrokenTiles         > Missing ThumpSound for breakable object fencing_01_1.
[14-09-26 02:23:24.368] ERROR: Sound        f:0 st:218,920,420 at BrokenFences.addBrokenTiles         > Missing ThumpSound for breakable object fencing_01_2.
[14-09-26 02:23:24.368] ERROR: Sound        f:0 st:218,920,421 at BrokenFences.addBrokenTiles         > Missing ThumpSound for breakable object fencing_01_3.
[14-09-26 02:23:24.368] ERROR: Sound        f:0 st:218,920,421 at BrokenFences.addBrokenTiles         > Missing ThumpSound for breakable object fencing_01_5.
[14-09-26 02:23:24.368] ERROR: Sound        f:0 st:218,920,421 at BrokenFences.addBrokenTiles         > Missing ThumpSound for breakable object fencing_01_4.
[14-09-26 02:23:24.368] ERROR: Sound        f:0 st:218,920,421 at BrokenFences.addBrokenTiles         > Missing ThumpSound for breakable object fencing_01_6.
[14-09-26 02:23:24.369] ERROR: Sound        f:0 st:218,920,421 at BrokenFences.addBrokenTiles         > Missing ThumpSound for breakable object fencing_01_24.
[14-09-26 02:23:24.369] ERROR: Sound        f:0 st:218,920,422 at BrokenFences.addBrokenTiles         > Missing ThumpSound for breakable object fencing_01_25.
[14-09-26 02:23:24.369] ERROR: Sound        f:0 st:218,920,422 at BrokenFences.addBrokenTiles         > Missing ThumpSound for breakable object fencing_01_26.
[14-09-26 02:23:24.369] ERROR: Sound        f:0 st:218,920,422 at BrokenFences.addBrokenTiles         > Missing ThumpSound for breakable object fencing_01_27.
[14-09-26 02:23:24.369] ERROR: Sound        f:0 st:218,920,422 at BrokenFences.addBrokenTiles         > Missing ThumpSound for breakable object fencing_01_28.
[14-09-26 02:23:24.370] ERROR: Sound        f:0 st:218,920,423 at BrokenFences.addBrokenTiles         > Missing ThumpSound for breakable object carpentry_02_41.
[14-09-26 02:23:24.370] ERROR: Sound        f:0 st:218,920,423 at BrokenFences.addBrokenTiles         > Missing ThumpSound for breakable object carpentry_02_40.
[14-09-26 02:23:24.370] ERROR: Sound        f:0 st:218,920,423 at BrokenFences.addBrokenTiles         > Missing ThumpSound for breakable object carpentry_02_45.
[14-09-26 02:23:24.370] ERROR: Sound        f:0 st:218,920,423 at BrokenFences.addBrokenTiles         > Missing ThumpSound for breakable object carpentry_02_44.
[14-09-26 02:23:24.371] ERROR: Sound        f:0 st:218,920,423 at BrokenFences.addBrokenTiles         > Missing ThumpSound for breakable object carpentry_02_49.
[14-09-26 02:23:24.371] ERROR: Sound        f:0 st:218,920,424 at BrokenFences.addBrokenTiles         > Missing ThumpSound for breakable object carpentry_02_48.
[14-09-26 02:23:24.371] ERROR: Sound        f:0 st:218,920,424 at BrokenFences.addBrokenTiles         > Missing ThumpSound for breakable object fencing_01_32.
[14-09-26 02:23:24.371] ERROR: Sound        f:0 st:218,920,424 at BrokenFences.addBrokenTiles         > Missing ThumpSound for breakable object fencing_01_33.
[14-09-26 02:23:24.372] ERROR: Sound        f:0 st:218,920,424 at BrokenFences.addBrokenTiles         > Missing ThumpSound for breakable object fencing_01_34.
[14-09-26 02:23:24.372] ERROR: Sound        f:0 st:218,920,425 at BrokenFences.addBrokenTiles         > Missing ThumpSound for breakable object fencing_01_35.
[14-09-26 02:23:24.372] ERROR: Sound        f:0 st:218,920,425 at BrokenFences.addBrokenTiles         > Missing ThumpSound for breakable object fencing_01_36.
[14-09-26 02:23:24.372] ERROR: Sound        f:0 st:218,920,425 at BrokenFences.addBrokenTiles         > Missing ThumpSound for breakable object fencing_01_41.
[14-09-26 02:23:24.372] ERROR: Sound        f:0 st:218,920,425 at BrokenFences.addBrokenTiles         > Missing ThumpSound for breakable object fencing_01_40.
[14-09-26 02:23:24.373] ERROR: Sound        f:0 st:218,920,426 at BrokenFences.addBrokenTiles         > Missing ThumpSound for breakable object fencing_01_42.
[14-09-26 02:23:24.373] ERROR: Sound        f:0 st:218,920,426 at BrokenFences.addBrokenTiles         > Missing ThumpSound for breakable object fencing_01_56.
[14-09-26 02:23:24.373] ERROR: Sound        f:0 st:218,920,426 at BrokenFences.addBrokenTiles         > Missing ThumpSound for breakable object fencing_01_57.
[14-09-26 02:23:24.373] ERROR: Sound        f:0 st:218,920,426 at BrokenFences.addBrokenTiles         > Missing ThumpSound for breakable object fencing_01_58.
[14-09-26 02:23:24.374] ERROR: Sound        f:0 st:218,920,427 at BrokenFences.addBrokenTiles         > Missing ThumpSound for breakable object fencing_01_59.
[14-09-26 02:23:24.374] ERROR: Sound        f:0 st:218,920,427 at BrokenFences.addBrokenTiles         > Missing ThumpSound for breakable object fencing_01_60.
[14-09-26 02:23:24.374] ERROR: Sound        f:0 st:218,920,427 at BrokenFences.addBrokenTiles         > Missing ThumpSound for breakable object fencing_01_64.
[14-09-26 02:23:24.374] ERROR: Sound        f:0 st:218,920,427 at BrokenFences.addBrokenTiles         > Missing ThumpSound for breakable object fencing_01_65.
[14-09-26 02:23:24.374] ERROR: Sound        f:0 st:218,920,427 at BrokenFences.addBrokenTiles         > Missing ThumpSound for breakable object fencing_01_66.
[14-09-26 02:23:24.375] ERROR: Sound        f:0 st:218,920,428 at BrokenFences.addBrokenTiles         > Missing ThumpSound for breakable object fencing_01_67.
[14-09-26 02:23:24.375] ERROR: Sound        f:0 st:218,920,428 at BrokenFences.addBrokenTiles         > Missing ThumpSound for breakable object fencing_01_68.
[14-09-26 02:23:24.376] ERROR: Sound        f:0 st:218,920,428 at BrokenFences.addBrokenTiles         > Missing ThumpSound for breakable object fencing_01_73.
[14-09-26 02:23:24.376] ERROR: Sound        f:0 st:218,920,428 at BrokenFences.addBrokenTiles         > Missing ThumpSound for breakable object fencing_01_72.
[14-09-26 02:23:24.376] ERROR: Sound        f:0 st:218,920,429 at BrokenFences.addBrokenTiles         > Missing ThumpSound for breakable object fencing_01_75.
[14-09-26 02:23:24.376] ERROR: Sound        f:0 st:218,920,429 at BrokenFences.addBrokenTiles         > Missing ThumpSound for breakable object fencing_01_8.
[14-09-26 02:23:24.376] ERROR: Sound        f:0 st:218,920,429 at BrokenFences.addBrokenTiles         > Missing ThumpSound for breakable object fencing_01_9.
[14-09-26 02:23:24.377] ERROR: Sound        f:0 st:218,920,429 at BrokenFences.addBrokenTiles         > Missing ThumpSound for breakable object fencing_01_10.
[14-09-26 02:23:24.377] ERROR: Sound        f:0 st:218,920,429 at BrokenFences.addBrokenTiles         > Missing ThumpSound for breakable object fencing_01_11.
[14-09-26 02:23:24.491] LOG  : Lua          f:0 st:218,920,544> Initializing Randomized World Tabletop Clutter Tables.
[14-09-26 02:23:24.533] WARN : Lua          f:0 st:218,920,585 at Lua(Vanilla).Features               > recursive require(): E:/SteamLibrary/steamapps/common/ProjectZomboid/media/lua/server/WorldGen/WorldGen.lua.
[14-09-26 02:23:24.562] WARN : Lua          f:0 st:218,920,615 at Lua(Vanilla).Biomes                 > recursive require(): E:/SteamLibrary/steamapps/common/ProjectZomboid/media/lua/server/WorldGen/WorldGen.lua.
[14-09-26 02:23:24.574] WARN : Lua          f:0 st:218,920,627 at Lua(Vanilla).Selection              > recursive require(): E:/SteamLibrary/steamapps/common/ProjectZomboid/media/lua/server/WorldGen/WorldGen.lua.
[14-09-26 02:23:24.575] WARN : Lua          f:0 st:218,920,628 at Lua(Vanilla).Veins                  > recursive require(): E:/SteamLibrary/steamapps/common/ProjectZomboid/media/lua/server/WorldGen/WorldGen.lua.
[14-09-26 02:23:24.575] WARN : Lua          f:0 st:218,920,628 at Lua(Vanilla).Roads                  > recursive require(): E:/SteamLibrary/steamapps/common/ProjectZomboid/media/lua/server/WorldGen/WorldGen.lua.
[14-09-26 02:23:24.576] WARN : Lua          f:0 st:218,920,629 at Lua(Vanilla).WorldGen               > recursive require(): E:/SteamLibrary/steamapps/common/ProjectZomboid/media/lua/server/WorldGen/attachments/Priorities.lua.
[14-09-26 02:23:24.624] LOG  : Lua          f:0 st:218,920,677> NLQA MP SERVER BOOT: authority=true requireOk=true error=nil.
[14-09-26 02:23:24.624] LOG  : Lua          f:0 st:218,920,677> NLQA MP SERVER BRIDGE: getClass=nil.
[14-09-26 02:23:24.624] LOG  : Lua          f:0 st:218,920,677> NLQA MP SERVER BRIDGE: importClass=nil.
[14-09-26 02:23:24.624] LOG  : Lua          f:0 st:218,920,677> NLQA MP SERVER BRIDGE: Java=nil.
[14-09-26 02:23:24.625] LOG  : Lua          f:0 st:218,920,677> NLQA MP SERVER BRIDGE: luautils=table.
[14-09-26 02:23:24.625] LOG  : Lua          f:0 st:218,920,678> NLQA MP SERVER BRIDGE: GameServer=nil.
[14-09-26 02:23:24.625] LOG  : Lua          f:0 st:218,920,678> NLQA MP SERVER BRIDGE: GameClient=nil.
[14-09-26 02:23:24.626] LOG  : Lua          f:0 st:218,920,679> NLQA MP SERVER BRIDGE: luautilsKeys=concatenateArrays,countItemsRecursive,equipItems,exportGlobals,findRootInventory,getConditionRGB,getCorrectSquareForWall,getNextTiles,haveToBeTransfered,haveToBeTransferedWhileTrading,indexOf,isEquipped,isSquareAdjacentToSquare,lerp,okModal,packString,remove,roughlyEqual,round,split,splitJavaStyle,stringEnds,stringStarts,tableContains,trim,unpackString,updatePerksXp,walk,walkAdj,walkAdjAltTest,walkAdjFence,walkAdjObject,walkAdjSquares,walkAdjSquaresExcluded,walkAdjTest,walkAdjWall,walkAdjWindowOrDoor,walkToContainer,walkToObject,weaponLowerCondition.
[14-09-26 02:23:24.627] LOG  : Lua          f:0 st:218,920,680> luaChecksum: bfe64d4ea94352c5200bcadbe15908d2.
[14-09-26 02:23:24.632] ERROR: General      f:0 st:218,920,684 at CraftRecipeComponentScript.getIconTexture> CraftRecipeComponentScript: Recipe Piano missing UiConfigScript - falling back to SpriteConfigScript first world object face for recipe icon..
[14-09-26 02:23:24.636] LOG  : General      f:0 st:218,920,688> writing E:\pzmod\test-profile\mp-server\Server\servertest_SandboxVars.lua.
[14-09-26 02:23:24.703] LOG  : Network      f:0 st:218,920,756> Loading world....
[14-09-26 02:23:24.711] LOG  : General      f:0 st:218,920,763> Loading worldgen params.
[14-09-26 02:23:24.711] LOG  : General      f:0 st:218,920,763> IsoMetaGrid.Create: begin scanning directories.
[14-09-26 02:23:24.712] LOG  : General      f:0 st:218,920,765> Looking in these map folders:.
[14-09-26 02:23:24.713] LOG  : General      f:0 st:218,920,766> <End of map-folders list>.
[14-09-26 02:23:24.739] LOG  : General      f:0 st:218,920,791> IsoMetaGrid.Create: X: [ -250 250 ], Y: [ -250 250 ].
[14-09-26 02:23:24.739] LOG  : General      f:0 st:218,920,792> World seed: StZjddNFAtLGxyvc 101865925.
[14-09-26 02:23:24.740] LOG  : General      f:0 st:218,920,792> IsoMetaGrid.Create: finished scanning directories in 0.028 seconds.
[14-09-26 02:23:24.789] LOG  : General      f:0 st:218,920,842> IsoMetaGrid.Create: begin loading.
[14-09-26 02:23:24.790] LOG  : General      f:0 st:218,920,843> VehiclesDB2.init() start.
[14-09-26 02:23:24.796] LOG  : General      f:0 st:218,920,848> VehiclesDB2.init() end.
[14-09-26 02:23:24.796] LOG  : General      f:0 st:218,920,849> triggerEvent OnInitWorld.
[14-09-26 02:23:24.796] LOG  : General      f:0 st:218,920,849> SandboxOptions.load() start.
[14-09-26 02:23:24.797] LOG  : General      f:0 st:218,920,850> SandboxOptions.load() end.
[14-09-26 02:23:24.797] LOG  : General      f:0 st:218,920,850> ItemPickerJava.Parse() start.
[14-09-26 02:23:25.065] LOG  : General      f:0 st:218,921,117> ItemPickerJava.Parse() end.
[14-09-26 02:23:25.066] LOG  : General      f:0 st:218,921,119> LoadTileDefinitions start.
[14-09-26 02:23:25.221] ERROR: WorldGen     f:0 st:218,921,274> IsoPropertyType.lookupOrDefaultStr> Exception thrown
	zombie.core.properties.IsoPropertyType$IsoPropertyTypeNotFoundException: Property Name not found: ladderW at IsoPropertyType.lookup(IsoPropertyType.java:272). Message: Property Name not found: ladderW
	Stack trace:
		zombie.core.properties.IsoPropertyType.lookup(IsoPropertyType.java:272)
		zombie.core.properties.IsoPropertyType.lookupOrDefaultStr(IsoPropertyType.java:280)
		zombie.core.TilePropertyAliasMap.register(TilePropertyAliasMap.java:54)
		zombie.core.TilePropertyAliasMap.Generate(TilePropertyAliasMap.java:27)
		zombie.iso.IsoWorld.GenerateTilePropertyLookupTables(IsoWorld.java:1324)
		zombie.iso.IsoWorld.init(IsoWorld.java:2244)
		zombie.network.GameServer.main(GameServer.java:804).
[14-09-26 02:23:25.222] ERROR: WorldGen     f:0 st:218,921,274> IsoPropertyType.lookupOrDefaultStr> Exception thrown
	zombie.core.properties.IsoPropertyType$IsoPropertyTypeNotFoundException: Property Name not found: ladderS at IsoPropertyType.lookup(IsoPropertyType.java:272). Message: Property Name not found: ladderS
	Stack trace:
		zombie.core.properties.IsoPropertyType.lookup(IsoPropertyType.java:272)
		zombie.core.properties.IsoPropertyType.lookupOrDefaultStr(IsoPropertyType.java:280)
		zombie.core.TilePropertyAliasMap.register(TilePropertyAliasMap.java:54)
		zombie.core.TilePropertyAliasMap.Generate(TilePropertyAliasMap.java:27)
		zombie.iso.IsoWorld.GenerateTilePropertyLookupTables(IsoWorld.java:1324)
		zombie.iso.IsoWorld.init(IsoWorld.java:2244)
		zombie.network.GameServer.main(GameServer.java:804).
[14-09-26 02:23:25.222] ERROR: WorldGen     f:0 st:218,921,274> IsoPropertyType.lookupOrDefaultStr> Exception thrown
	zombie.core.properties.IsoPropertyType$IsoPropertyTypeNotFoundException: Property Name not found: ladderE at IsoPropertyType.lookup(IsoPropertyType.java:272). Message: Property Name not found: ladderE
	Stack trace:
		zombie.core.properties.IsoPropertyType.lookup(IsoPropertyType.java:272)
		zombie.core.properties.IsoPropertyType.lookupOrDefaultStr(IsoPropertyType.java:280)
		zombie.core.TilePropertyAliasMap.register(TilePropertyAliasMap.java:54)
		zombie.core.TilePropertyAliasMap.Generate(TilePropertyAliasMap.java:27)
		zombie.iso.IsoWorld.GenerateTilePropertyLookupTables(IsoWorld.java:1324)
		zombie.iso.IsoWorld.init(IsoWorld.java:2244)
		zombie.network.GameServer.main(GameServer.java:804).
[14-09-26 02:23:25.222] ERROR: WorldGen     f:0 st:218,921,275> IsoPropertyType.lookupOrDefaultStr> Exception thrown
	zombie.core.properties.IsoPropertyType$IsoPropertyTypeNotFoundException: Property Name not found: ladderN at IsoPropertyType.lookup(IsoPropertyType.java:272). Message: Property Name not found: ladderN
	Stack trace:
		zombie.core.properties.IsoPropertyType.lookup(IsoPropertyType.java:272)
		zombie.core.properties.IsoPropertyType.lookupOrDefaultStr(IsoPropertyType.java:280)
		zombie.core.TilePropertyAliasMap.register(TilePropertyAliasMap.java:54)
		zombie.core.TilePropertyAliasMap.Generate(TilePropertyAliasMap.java:27)
		zombie.iso.IsoWorld.GenerateTilePropertyLookupTables(IsoWorld.java:1324)
		zombie.iso.IsoWorld.init(IsoWorld.java:2244)
		zombie.network.GameServer.main(GameServer.java:804).
[14-09-26 02:23:25.223] ERROR: WorldGen     f:0 st:218,921,276> IsoPropertyType.lookupOrDefaultStr> Exception thrown
	zombie.core.properties.IsoPropertyType$IsoPropertyTypeNotFoundException: Property Name not found: WindowShape at IsoPropertyType.lookup(IsoPropertyType.java:272). Message: Property Name not found: WindowShape
	Stack trace:
		zombie.core.properties.IsoPropertyType.lookup(IsoPropertyType.java:272)
		zombie.core.properties.IsoPropertyType.lookupOrDefaultStr(IsoPropertyType.java:280)
		zombie.core.TilePropertyAliasMap.register(TilePropertyAliasMap.java:54)
		zombie.core.TilePropertyAliasMap.Generate(TilePropertyAliasMap.java:27)
		zombie.iso.IsoWorld.GenerateTilePropertyLookupTables(IsoWorld.java:1324)
		zombie.iso.IsoWorld.init(IsoWorld.java:2244)
		zombie.network.GameServer.main(GameServer.java:804).
[14-09-26 02:23:25.781] WARN : Sprite       f:0 st:218,921,833 at IsoSpriteManager.AddSprite          > duplicate texture d_streetcracks_1_0 ignore ID=1050112, use ID=252928.
[14-09-26 02:23:25.781] WARN : Sprite       f:0 st:218,921,833 at IsoSpriteManager.AddSprite          > duplicate texture d_streetcracks_1_1 ignore ID=1050113, use ID=252929.
[14-09-26 02:23:25.782] WARN : Sprite       f:0 st:218,921,834 at IsoSpriteManager.AddSprite          > duplicate texture d_streetcracks_1_2 ignore ID=1050114, use ID=252930.
[14-09-26 02:23:25.782] WARN : Sprite       f:0 st:218,921,835 at IsoSpriteManager.AddSprite          > duplicate texture d_streetcracks_1_3 ignore ID=1050115, use ID=252931.
[14-09-26 02:23:25.783] WARN : Sprite       f:0 st:218,921,835 at IsoSpriteManager.AddSprite          > duplicate texture d_streetcracks_1_4 ignore ID=1050116, use ID=252932.
[14-09-26 02:23:25.783] WARN : Sprite       f:0 st:218,921,835 at IsoSpriteManager.AddSprite          > duplicate texture d_streetcracks_1_5 ignore ID=1050117, use ID=252933.
[14-09-26 02:23:25.783] WARN : Sprite       f:0 st:218,921,835 at IsoSpriteManager.AddSprite          > duplicate texture d_streetcracks_1_6 ignore ID=1050118, use ID=252934.
[14-09-26 02:23:25.783] WARN : Sprite       f:0 st:218,921,836 at IsoSpriteManager.AddSprite          > duplicate texture d_streetcracks_1_7 ignore ID=1050119, use ID=252935.
[14-09-26 02:23:25.784] WARN : Sprite       f:0 st:218,921,836 at IsoSpriteManager.AddSprite          > duplicate texture d_streetcracks_1_8 ignore ID=1050120, use ID=252936.
[14-09-26 02:23:25.784] WARN : Sprite       f:0 st:218,921,836 at IsoSpriteManager.AddSprite          > duplicate texture d_streetcracks_1_9 ignore ID=1050121, use ID=252937.
[14-09-26 02:23:25.784] WARN : Sprite       f:0 st:218,921,837 at IsoSpriteManager.AddSprite          > duplicate texture d_streetcracks_1_10 ignore ID=1050122, use ID=252938.
[14-09-26 02:23:25.785] WARN : Sprite       f:0 st:218,921,838 at IsoSpriteManager.AddSprite          > duplicate texture d_streetcracks_1_11 ignore ID=1050123, use ID=252939.
[14-09-26 02:23:25.785] WARN : Sprite       f:0 st:218,921,838 at IsoSpriteManager.AddSprite          > duplicate texture d_streetcracks_1_12 ignore ID=1050124, use ID=252940.
[14-09-26 02:23:25.785] WARN : Sprite       f:0 st:218,921,838 at IsoSpriteManager.AddSprite          > duplicate texture d_streetcracks_1_13 ignore ID=1050125, use ID=252941.
[14-09-26 02:23:25.786] WARN : Sprite       f:0 st:218,921,838 at IsoSpriteManager.AddSprite          > duplicate texture d_streetcracks_1_14 ignore ID=1050126, use ID=252942.
[14-09-26 02:23:25.786] WARN : Sprite       f:0 st:218,921,839 at IsoSpriteManager.AddSprite          > duplicate texture d_streetcracks_1_15 ignore ID=1050127, use ID=252943.
[14-09-26 02:23:25.786] WARN : Sprite       f:0 st:218,921,839 at IsoSpriteManager.AddSprite          > duplicate texture d_streetcracks_1_16 ignore ID=1050128, use ID=252944.
[14-09-26 02:23:25.786] WARN : Sprite       f:0 st:218,921,839 at IsoSpriteManager.AddSprite          > duplicate texture d_streetcracks_1_17 ignore ID=1050129, use ID=252945.
[14-09-26 02:23:25.787] WARN : Sprite       f:0 st:218,921,839 at IsoSpriteManager.AddSprite          > duplicate texture d_streetcracks_1_18 ignore ID=1050130, use ID=252946.
[14-09-26 02:23:25.787] WARN : Sprite       f:0 st:218,921,840 at IsoSpriteManager.AddSprite          > duplicate texture d_streetcracks_1_19 ignore ID=1050131, use ID=252947.
[14-09-26 02:23:25.788] WARN : Sprite       f:0 st:218,921,841 at IsoSpriteManager.AddSprite          > duplicate texture d_streetcracks_1_20 ignore ID=1050132, use ID=252948.
[14-09-26 02:23:25.788] WARN : Sprite       f:0 st:218,921,841 at IsoSpriteManager.AddSprite          > duplicate texture d_streetcracks_1_21 ignore ID=1050133, use ID=252949.
[14-09-26 02:23:25.789] WARN : Sprite       f:0 st:218,921,841 at IsoSpriteManager.AddSprite          > duplicate texture d_streetcracks_1_22 ignore ID=1050134, use ID=252950.
[14-09-26 02:23:25.789] WARN : Sprite       f:0 st:218,921,842 at IsoSpriteManager.AddSprite          > duplicate texture d_streetcracks_1_23 ignore ID=1050135, use ID=252951.
[14-09-26 02:23:25.789] WARN : Sprite       f:0 st:218,921,842 at IsoSpriteManager.AddSprite          > duplicate texture d_streetcracks_1_24 ignore ID=1050136, use ID=252952.
[14-09-26 02:23:25.789] WARN : Sprite       f:0 st:218,921,842 at IsoSpriteManager.AddSprite          > duplicate texture d_streetcracks_1_25 ignore ID=1050137, use ID=252953.
[14-09-26 02:23:25.790] WARN : Sprite       f:0 st:218,921,842 at IsoSpriteManager.AddSprite          > duplicate texture d_streetcracks_1_26 ignore ID=1050138, use ID=252954.
[14-09-26 02:23:25.790] WARN : Sprite       f:0 st:218,921,843 at IsoSpriteManager.AddSprite          > duplicate texture d_streetcracks_1_27 ignore ID=1050139, use ID=252955.
[14-09-26 02:23:25.790] WARN : Sprite       f:0 st:218,921,843 at IsoSpriteManager.AddSprite          > duplicate texture d_streetcracks_1_28 ignore ID=1050140, use ID=252956.
[14-09-26 02:23:25.790] WARN : Sprite       f:0 st:218,921,843 at IsoSpriteManager.AddSprite          > duplicate texture d_streetcracks_1_29 ignore ID=1050141, use ID=252957.
[14-09-26 02:23:25.799] WARN : Sprite       f:0 st:218,921,852 at IsoSpriteManager.AddSprite          > duplicate texture d_streetcracks_1_30 ignore ID=1050142, use ID=252958.
[14-09-26 02:23:25.799] WARN : Sprite       f:0 st:218,921,852 at IsoSpriteManager.AddSprite          > duplicate texture d_streetcracks_1_31 ignore ID=1050143, use ID=252959.
[14-09-26 02:23:25.800] WARN : Sprite       f:0 st:218,921,853 at IsoSpriteManager.AddSprite          > duplicate texture d_streetcracks_1_32 ignore ID=1050144, use ID=252960.
[14-09-26 02:23:25.801] WARN : Sprite       f:0 st:218,921,854 at IsoSpriteManager.AddSprite          > duplicate texture d_streetcracks_1_33 ignore ID=1050145, use ID=252961.
[14-09-26 02:23:25.803] WARN : Sprite       f:0 st:218,921,856 at IsoSpriteManager.AddSprite          > duplicate texture d_streetcracks_1_34 ignore ID=1050146, use ID=252962.
[14-09-26 02:23:25.804] WARN : Sprite       f:0 st:218,921,856 at IsoSpriteManager.AddSprite          > duplicate texture d_streetcracks_1_35 ignore ID=1050147, use ID=252963.
[14-09-26 02:23:25.804] WARN : Sprite       f:0 st:218,921,857 at IsoSpriteManager.AddSprite          > duplicate texture d_streetcracks_1_36 ignore ID=1050148, use ID=252964.
[14-09-26 02:23:25.804] WARN : Sprite       f:0 st:218,921,857 at IsoSpriteManager.AddSprite          > duplicate texture d_streetcracks_1_37 ignore ID=1050149, use ID=252965.
[14-09-26 02:23:25.805] WARN : Sprite       f:0 st:218,921,858 at IsoSpriteManager.AddSprite          > duplicate texture d_streetcracks_1_38 ignore ID=1050150, use ID=252966.
[14-09-26 02:23:25.805] WARN : Sprite       f:0 st:218,921,858 at IsoSpriteManager.AddSprite          > duplicate texture d_streetcracks_1_39 ignore ID=1050151, use ID=252967.
[14-09-26 02:23:25.806] WARN : Sprite       f:0 st:218,921,859 at IsoSpriteManager.AddSprite          > duplicate texture d_streetcracks_1_40 ignore ID=1050152, use ID=252968.
[14-09-26 02:23:25.807] WARN : Sprite       f:0 st:218,921,860 at IsoSpriteManager.AddSprite          > duplicate texture d_streetcracks_1_41 ignore ID=1050153, use ID=252969.
[14-09-26 02:23:25.808] WARN : Sprite       f:0 st:218,921,860 at IsoSpriteManager.AddSprite          > duplicate texture d_streetcracks_1_42 ignore ID=1050154, use ID=252970.
[14-09-26 02:23:25.808] WARN : Sprite       f:0 st:218,921,860 at IsoSpriteManager.AddSprite          > duplicate texture d_streetcracks_1_43 ignore ID=1050155, use ID=252971.
[14-09-26 02:23:25.808] WARN : Sprite       f:0 st:218,921,860 at IsoSpriteManager.AddSprite          > duplicate texture d_streetcracks_1_44 ignore ID=1050156, use ID=252972.
[14-09-26 02:23:25.808] WARN : Sprite       f:0 st:218,921,861 at IsoSpriteManager.AddSprite          > duplicate texture d_streetcracks_1_45 ignore ID=1050157, use ID=252973.
[14-09-26 02:23:25.808] WARN : Sprite       f:0 st:218,921,861 at IsoSpriteManager.AddSprite          > duplicate texture d_streetcracks_1_46 ignore ID=1050158, use ID=252974.
[14-09-26 02:23:25.809] WARN : Sprite       f:0 st:218,921,861 at IsoSpriteManager.AddSprite          > duplicate texture d_streetcracks_1_47 ignore ID=1050159, use ID=252975.
[14-09-26 02:23:25.809] WARN : Sprite       f:0 st:218,921,861 at IsoSpriteManager.AddSprite          > duplicate texture d_streetcracks_1_48 ignore ID=1050160, use ID=252976.
[14-09-26 02:23:25.809] WARN : Sprite       f:0 st:218,921,861 at IsoSpriteManager.AddSprite          > duplicate texture d_streetcracks_1_49 ignore ID=1050161, use ID=252977.
[14-09-26 02:23:25.809] WARN : Sprite       f:0 st:218,921,862 at IsoSpriteManager.AddSprite          > duplicate texture d_streetcracks_1_50 ignore ID=1050162, use ID=252978.
[14-09-26 02:23:25.810] WARN : Sprite       f:0 st:218,921,862 at IsoSpriteManager.AddSprite          > duplicate texture d_streetcracks_1_51 ignore ID=1050163, use ID=252979.
[14-09-26 02:23:25.810] WARN : Sprite       f:0 st:218,921,862 at IsoSpriteManager.AddSprite          > duplicate texture d_streetcracks_1_52 ignore ID=1050164, use ID=252980.
[14-09-26 02:23:25.810] WARN : Sprite       f:0 st:218,921,862 at IsoSpriteManager.AddSprite          > duplicate texture d_streetcracks_1_53 ignore ID=1050165, use ID=252981.
[14-09-26 02:23:25.810] WARN : Sprite       f:0 st:218,921,863 at IsoSpriteManager.AddSprite          > duplicate texture d_streetcracks_1_54 ignore ID=1050166, use ID=252982.
[14-09-26 02:23:25.810] WARN : Sprite       f:0 st:218,921,863 at IsoSpriteManager.AddSprite          > duplicate texture d_streetcracks_1_55 ignore ID=1050167, use ID=252983.
[14-09-26 02:23:25.811] WARN : Sprite       f:0 st:218,921,863 at IsoSpriteManager.AddSprite          > duplicate texture d_streetcracks_1_56 ignore ID=1050168, use ID=252984.
[14-09-26 02:23:25.811] WARN : Sprite       f:0 st:218,921,863 at IsoSpriteManager.AddSprite          > duplicate texture d_streetcracks_1_57 ignore ID=1050169, use ID=252985.
[14-09-26 02:23:25.811] WARN : Sprite       f:0 st:218,921,864 at IsoSpriteManager.AddSprite          > duplicate texture d_streetcracks_1_58 ignore ID=1050170, use ID=252986.
[14-09-26 02:23:25.812] WARN : Sprite       f:0 st:218,921,864 at IsoSpriteManager.AddSprite          > duplicate texture d_streetcracks_1_59 ignore ID=1050171, use ID=252987.
[14-09-26 02:23:25.812] WARN : Sprite       f:0 st:218,921,864 at IsoSpriteManager.AddSprite          > duplicate texture d_streetcracks_1_60 ignore ID=1050172, use ID=252988.
[14-09-26 02:23:25.812] WARN : Sprite       f:0 st:218,921,864 at IsoSpriteManager.AddSprite          > duplicate texture d_streetcracks_1_61 ignore ID=1050173, use ID=252989.
[14-09-26 02:23:25.812] WARN : Sprite       f:0 st:218,921,865 at IsoSpriteManager.AddSprite          > duplicate texture d_streetcracks_1_62 ignore ID=1050174, use ID=252990.
[14-09-26 02:23:25.812] WARN : Sprite       f:0 st:218,921,865 at IsoSpriteManager.AddSprite          > duplicate texture d_streetcracks_1_63 ignore ID=1050175, use ID=252991.
[14-09-26 02:23:25.813] WARN : Sprite       f:0 st:218,921,865 at IsoSpriteManager.AddSprite          > duplicate texture d_streetcracks_1_64 ignore ID=1050176, use ID=252992.
[14-09-26 02:23:25.813] WARN : Sprite       f:0 st:218,921,865 at IsoSpriteManager.AddSprite          > duplicate texture d_streetcracks_1_65 ignore ID=1050177, use ID=252993.
[14-09-26 02:23:25.813] WARN : Sprite       f:0 st:218,921,865 at IsoSpriteManager.AddSprite          > duplicate texture d_streetcracks_1_66 ignore ID=1050178, use ID=252994.
[14-09-26 02:23:25.814] WARN : Sprite       f:0 st:218,921,866 at IsoSpriteManager.AddSprite          > duplicate texture d_streetcracks_1_67 ignore ID=1050179, use ID=252995.
[14-09-26 02:23:25.814] WARN : Sprite       f:0 st:218,921,866 at IsoSpriteManager.AddSprite          > duplicate texture d_streetcracks_1_68 ignore ID=1050180, use ID=252996.
[14-09-26 02:23:25.814] WARN : Sprite       f:0 st:218,921,866 at IsoSpriteManager.AddSprite          > duplicate texture d_streetcracks_1_69 ignore ID=1050181, use ID=252997.
[14-09-26 02:23:25.814] WARN : Sprite       f:0 st:218,921,867 at IsoSpriteManager.AddSprite          > duplicate texture d_streetcracks_1_70 ignore ID=1050182, use ID=252998.
[14-09-26 02:23:25.814] WARN : Sprite       f:0 st:218,921,867 at IsoSpriteManager.AddSprite          > duplicate texture d_streetcracks_1_71 ignore ID=1050183, use ID=252999.
[14-09-26 02:23:25.814] WARN : Sprite       f:0 st:218,921,867 at IsoSpriteManager.AddSprite          > duplicate texture d_streetcracks_1_72 ignore ID=1050184, use ID=253000.
[14-09-26 02:23:25.814] WARN : Sprite       f:0 st:218,921,867 at IsoSpriteManager.AddSprite          > duplicate texture d_streetcracks_1_73 ignore ID=1050185, use ID=253001.
[14-09-26 02:23:25.815] WARN : Sprite       f:0 st:218,921,867 at IsoSpriteManager.AddSprite          > duplicate texture d_streetcracks_1_74 ignore ID=1050186, use ID=253002.
[14-09-26 02:23:25.815] WARN : Sprite       f:0 st:218,921,868 at IsoSpriteManager.AddSprite          > duplicate texture d_streetcracks_1_75 ignore ID=1050187, use ID=253003.
[14-09-26 02:23:25.815] WARN : Sprite       f:0 st:218,921,868 at IsoSpriteManager.AddSprite          > duplicate texture d_streetcracks_1_76 ignore ID=1050188, use ID=253004.
[14-09-26 02:23:25.815] WARN : Sprite       f:0 st:218,921,868 at IsoSpriteManager.AddSprite          > duplicate texture d_streetcracks_1_77 ignore ID=1050189, use ID=253005.
[14-09-26 02:23:25.816] WARN : Sprite       f:0 st:218,921,868 at IsoSpriteManager.AddSprite          > duplicate texture d_streetcracks_1_78 ignore ID=1050190, use ID=253006.
[14-09-26 02:23:25.816] WARN : Sprite       f:0 st:218,921,869 at IsoSpriteManager.AddSprite          > duplicate texture d_streetcracks_1_79 ignore ID=1050191, use ID=253007.
[14-09-26 02:23:25.816] WARN : Sprite       f:0 st:218,921,869 at IsoSpriteManager.AddSprite          > duplicate texture d_streetcracks_1_80 ignore ID=1050192, use ID=253008.
[14-09-26 02:23:25.816] WARN : Sprite       f:0 st:218,921,869 at IsoSpriteManager.AddSprite          > duplicate texture d_streetcracks_1_81 ignore ID=1050193, use ID=253009.
[14-09-26 02:23:25.817] WARN : Sprite       f:0 st:218,921,869 at IsoSpriteManager.AddSprite          > duplicate texture d_streetcracks_1_82 ignore ID=1050194, use ID=253010.
[14-09-26 02:23:25.817] WARN : Sprite       f:0 st:218,921,870 at IsoSpriteManager.AddSprite          > duplicate texture d_streetcracks_1_83 ignore ID=1050195, use ID=253011.
[14-09-26 02:23:25.817] WARN : Sprite       f:0 st:218,921,870 at IsoSpriteManager.AddSprite          > duplicate texture d_streetcracks_1_84 ignore ID=1050196, use ID=253012.
[14-09-26 02:23:25.817] WARN : Sprite       f:0 st:218,921,870 at IsoSpriteManager.AddSprite          > duplicate texture d_streetcracks_1_85 ignore ID=1050197, use ID=253013.
[14-09-26 02:23:25.818] WARN : Sprite       f:0 st:218,921,870 at IsoSpriteManager.AddSprite          > duplicate texture d_streetcracks_1_86 ignore ID=1050198, use ID=253014.
[14-09-26 02:23:25.818] WARN : Sprite       f:0 st:218,921,871 at IsoSpriteManager.AddSprite          > duplicate texture d_streetcracks_1_87 ignore ID=1050199, use ID=253015.
[14-09-26 02:23:25.818] WARN : Sprite       f:0 st:218,921,871 at IsoSpriteManager.AddSprite          > duplicate texture d_streetcracks_1_88 ignore ID=1050200, use ID=253016.
[14-09-26 02:23:25.818] WARN : Sprite       f:0 st:218,921,871 at IsoSpriteManager.AddSprite          > duplicate texture d_streetcracks_1_89 ignore ID=1050201, use ID=253017.
[14-09-26 02:23:25.818] WARN : Sprite       f:0 st:218,921,871 at IsoSpriteManager.AddSprite          > duplicate texture d_streetcracks_1_90 ignore ID=1050202, use ID=253018.
[14-09-26 02:23:25.819] WARN : Sprite       f:0 st:218,921,872 at IsoSpriteManager.AddSprite          > duplicate texture d_streetcracks_1_91 ignore ID=1050203, use ID=253019.
[14-09-26 02:23:25.819] WARN : Sprite       f:0 st:218,921,872 at IsoSpriteManager.AddSprite          > duplicate texture d_streetcracks_1_92 ignore ID=1050204, use ID=253020.
[14-09-26 02:23:25.819] WARN : Sprite       f:0 st:218,921,872 at IsoSpriteManager.AddSprite          > duplicate texture d_streetcracks_1_93 ignore ID=1050205, use ID=253021.
[14-09-26 02:23:25.819] WARN : Sprite       f:0 st:218,921,872 at IsoSpriteManager.AddSprite          > duplicate texture d_streetcracks_1_94 ignore ID=1050206, use ID=253022.
[14-09-26 02:23:25.819] WARN : Sprite       f:0 st:218,921,872 at IsoSpriteManager.AddSprite          > duplicate texture d_streetcracks_1_95 ignore ID=1050207, use ID=253023.
[14-09-26 02:23:25.820] WARN : Sprite       f:0 st:218,921,873 at IsoSpriteManager.AddSprite          > duplicate texture d_streetcracks_1_96 ignore ID=1050208, use ID=253024.
[14-09-26 02:23:25.820] WARN : Sprite       f:0 st:218,921,873 at IsoSpriteManager.AddSprite          > duplicate texture d_streetcracks_1_97 ignore ID=1050209, use ID=253025.
[14-09-26 02:23:25.820] WARN : Sprite       f:0 st:218,921,873 at IsoSpriteManager.AddSprite          > duplicate texture d_streetcracks_1_98 ignore ID=1050210, use ID=253026.
[14-09-26 02:23:25.820] WARN : Sprite       f:0 st:218,921,873 at IsoSpriteManager.AddSprite          > duplicate texture d_streetcracks_1_99 ignore ID=1050211, use ID=253027.
[14-09-26 02:23:25.821] WARN : Sprite       f:0 st:218,921,874 at IsoSpriteManager.AddSprite          > duplicate texture d_streetcracks_1_100 ignore ID=1050212, use ID=253028.
[14-09-26 02:23:25.821] WARN : Sprite       f:0 st:218,921,874 at IsoSpriteManager.AddSprite          > duplicate texture d_streetcracks_1_101 ignore ID=1050213, use ID=253029.
[14-09-26 02:23:25.821] WARN : Sprite       f:0 st:218,921,874 at IsoSpriteManager.AddSprite          > duplicate texture d_streetcracks_1_102 ignore ID=1050214, use ID=253030.
[14-09-26 02:23:25.821] WARN : Sprite       f:0 st:218,921,874 at IsoSpriteManager.AddSprite          > duplicate texture d_streetcracks_1_103 ignore ID=1050215, use ID=253031.
[14-09-26 02:23:25.822] WARN : Sprite       f:0 st:218,921,874 at IsoSpriteManager.AddSprite          > duplicate texture d_streetcracks_1_104 ignore ID=1050216, use ID=253032.
[14-09-26 02:23:25.822] WARN : Sprite       f:0 st:218,921,875 at IsoSpriteManager.AddSprite          > duplicate texture d_streetcracks_1_105 ignore ID=1050217, use ID=253033.
[14-09-26 02:23:25.823] WARN : Sprite       f:0 st:218,921,876 at IsoSpriteManager.AddSprite          > duplicate texture d_streetcracks_1_106 ignore ID=1050218, use ID=253034.
[14-09-26 02:23:25.823] WARN : Sprite       f:0 st:218,921,876 at IsoSpriteManager.AddSprite          > duplicate texture d_streetcracks_1_107 ignore ID=1050219, use ID=253035.
[14-09-26 02:23:25.823] WARN : Sprite       f:0 st:218,921,876 at IsoSpriteManager.AddSprite          > duplicate texture d_streetcracks_1_108 ignore ID=1050220, use ID=253036.
[14-09-26 02:23:25.823] WARN : Sprite       f:0 st:218,921,876 at IsoSpriteManager.AddSprite          > duplicate texture d_streetcracks_1_109 ignore ID=1050221, use ID=253037.
[14-09-26 02:23:25.824] WARN : Sprite       f:0 st:218,921,876 at IsoSpriteManager.AddSprite          > duplicate texture d_streetcracks_1_110 ignore ID=1050222, use ID=253038.
[14-09-26 02:23:25.824] WARN : Sprite       f:0 st:218,921,877 at IsoSpriteManager.AddSprite          > duplicate texture d_streetcracks_1_111 ignore ID=1050223, use ID=253039.
[14-09-26 02:23:25.824] WARN : Sprite       f:0 st:218,921,877 at IsoSpriteManager.AddSprite          > duplicate texture d_streetcracks_1_112 ignore ID=1050224, use ID=253040.
[14-09-26 02:23:25.824] WARN : Sprite       f:0 st:218,921,877 at IsoSpriteManager.AddSprite          > duplicate texture d_streetcracks_1_113 ignore ID=1050225, use ID=253041.
[14-09-26 02:23:25.824] WARN : Sprite       f:0 st:218,921,877 at IsoSpriteManager.AddSprite          > duplicate texture d_streetcracks_1_114 ignore ID=1050226, use ID=253042.
[14-09-26 02:23:25.825] WARN : Sprite       f:0 st:218,921,877 at IsoSpriteManager.AddSprite          > duplicate texture d_streetcracks_1_115 ignore ID=1050227, use ID=253043.
[14-09-26 02:23:25.825] WARN : Sprite       f:0 st:218,921,878 at IsoSpriteManager.AddSprite          > duplicate texture d_streetcracks_1_116 ignore ID=1050228, use ID=253044.
[14-09-26 02:23:25.826] WARN : Sprite       f:0 st:218,921,878 at IsoSpriteManager.AddSprite          > duplicate texture d_streetcracks_1_117 ignore ID=1050229, use ID=253045.
[14-09-26 02:23:25.826] WARN : Sprite       f:0 st:218,921,878 at IsoSpriteManager.AddSprite          > duplicate texture d_streetcracks_1_118 ignore ID=1050230, use ID=253046.
[14-09-26 02:23:25.826] WARN : Sprite       f:0 st:218,921,878 at IsoSpriteManager.AddSprite          > duplicate texture d_streetcracks_1_119 ignore ID=1050231, use ID=253047.
[14-09-26 02:23:25.826] WARN : Sprite       f:0 st:218,921,879 at IsoSpriteManager.AddSprite          > duplicate texture d_streetcracks_1_120 ignore ID=1050232, use ID=253048.
[14-09-26 02:23:25.826] WARN : Sprite       f:0 st:218,921,879 at IsoSpriteManager.AddSprite          > duplicate texture d_streetcracks_1_121 ignore ID=1050233, use ID=253049.
[14-09-26 02:23:25.827] WARN : Sprite       f:0 st:218,921,879 at IsoSpriteManager.AddSprite          > duplicate texture d_streetcracks_1_122 ignore ID=1050234, use ID=253050.
[14-09-26 02:23:25.827] WARN : Sprite       f:0 st:218,921,879 at IsoSpriteManager.AddSprite          > duplicate texture d_streetcracks_1_123 ignore ID=1050235, use ID=253051.
[14-09-26 02:23:25.827] WARN : Sprite       f:0 st:218,921,879 at IsoSpriteManager.AddSprite          > duplicate texture d_streetcracks_1_124 ignore ID=1050236, use ID=253052.
[14-09-26 02:23:25.827] WARN : Sprite       f:0 st:218,921,880 at IsoSpriteManager.AddSprite          > duplicate texture d_streetcracks_1_125 ignore ID=1050237, use ID=253053.
[14-09-26 02:23:25.827] WARN : Sprite       f:0 st:218,921,880 at IsoSpriteManager.AddSprite          > duplicate texture d_streetcracks_1_126 ignore ID=1050238, use ID=253054.
[14-09-26 02:23:25.828] WARN : Sprite       f:0 st:218,921,880 at IsoSpriteManager.AddSprite          > duplicate texture d_streetcracks_1_127 ignore ID=1050239, use ID=253055.
[14-09-26 02:23:25.828] WARN : Sprite       f:0 st:218,921,880 at IsoSpriteManager.AddSprite          > duplicate texture d_wallcracks_1_0 ignore ID=1060864, use ID=254976.
[14-09-26 02:23:25.828] WARN : Sprite       f:0 st:218,921,880 at IsoSpriteManager.AddSprite          > duplicate texture d_wallcracks_1_1 ignore ID=1060865, use ID=254977.
[14-09-26 02:23:25.828] WARN : Sprite       f:0 st:218,921,881 at IsoSpriteManager.AddSprite          > duplicate texture d_wallcracks_1_2 ignore ID=1060866, use ID=254978.
[14-09-26 02:23:25.829] WARN : Sprite       f:0 st:218,921,881 at IsoSpriteManager.AddSprite          > duplicate texture d_wallcracks_1_3 ignore ID=1060867, use ID=254979.
[14-09-26 02:23:25.829] WARN : Sprite       f:0 st:218,921,881 at IsoSpriteManager.AddSprite          > duplicate texture d_wallcracks_1_4 ignore ID=1060868, use ID=254980.
[14-09-26 02:23:25.829] WARN : Sprite       f:0 st:218,921,882 at IsoSpriteManager.AddSprite          > duplicate texture d_wallcracks_1_5 ignore ID=1060869, use ID=254981.
[14-09-26 02:23:25.829] WARN : Sprite       f:0 st:218,921,882 at IsoSpriteManager.AddSprite          > duplicate texture d_wallcracks_1_6 ignore ID=1060870, use ID=254982.
[14-09-26 02:23:25.830] WARN : Sprite       f:0 st:218,921,882 at IsoSpriteManager.AddSprite          > duplicate texture d_wallcracks_1_7 ignore ID=1060871, use ID=254983.
[14-09-26 02:23:25.830] WARN : Sprite       f:0 st:218,921,882 at IsoSpriteManager.AddSprite          > duplicate texture d_wallcracks_1_8 ignore ID=1060872, use ID=254984.
[14-09-26 02:23:25.830] WARN : Sprite       f:0 st:218,921,882 at IsoSpriteManager.AddSprite          > duplicate texture d_wallcracks_1_9 ignore ID=1060873, use ID=254985.
[14-09-26 02:23:25.830] WARN : Sprite       f:0 st:218,921,883 at IsoSpriteManager.AddSprite          > duplicate texture d_wallcracks_1_10 ignore ID=1060874, use ID=254986.
[14-09-26 02:23:25.830] WARN : Sprite       f:0 st:218,921,883 at IsoSpriteManager.AddSprite          > duplicate texture d_wallcracks_1_11 ignore ID=1060875, use ID=254987.
[14-09-26 02:23:25.831] WARN : Sprite       f:0 st:218,921,883 at IsoSpriteManager.AddSprite          > duplicate texture d_wallcracks_1_12 ignore ID=1060876, use ID=254988.
[14-09-26 02:23:25.831] WARN : Sprite       f:0 st:218,921,883 at IsoSpriteManager.AddSprite          > duplicate texture d_wallcracks_1_13 ignore ID=1060877, use ID=254989.
[14-09-26 02:23:25.831] WARN : Sprite       f:0 st:218,921,883 at IsoSpriteManager.AddSprite          > duplicate texture d_wallcracks_1_14 ignore ID=1060878, use ID=254990.
[14-09-26 02:23:25.831] WARN : Sprite       f:0 st:218,921,884 at IsoSpriteManager.AddSprite          > duplicate texture d_wallcracks_1_15 ignore ID=1060879, use ID=254991.
[14-09-26 02:23:25.831] WARN : Sprite       f:0 st:218,921,884 at IsoSpriteManager.AddSprite          > duplicate texture d_wallcracks_1_16 ignore ID=1060880, use ID=254992.
[14-09-26 02:23:25.832] WARN : Sprite       f:0 st:218,921,884 at IsoSpriteManager.AddSprite          > duplicate texture d_wallcracks_1_17 ignore ID=1060881, use ID=254993.
[14-09-26 02:23:25.832] WARN : Sprite       f:0 st:218,921,884 at IsoSpriteManager.AddSprite          > duplicate texture d_wallcracks_1_18 ignore ID=1060882, use ID=254994.
[14-09-26 02:23:25.832] WARN : Sprite       f:0 st:218,921,884 at IsoSpriteManager.AddSprite          > duplicate texture d_wallcracks_1_19 ignore ID=1060883, use ID=254995.
[14-09-26 02:23:25.832] WARN : Sprite       f:0 st:218,921,884 at IsoSpriteManager.AddSprite          > duplicate texture d_wallcracks_1_20 ignore ID=1060884, use ID=254996.
[14-09-26 02:23:25.832] WARN : Sprite       f:0 st:218,921,885 at IsoSpriteManager.AddSprite          > duplicate texture d_wallcracks_1_21 ignore ID=1060885, use ID=254997.
[14-09-26 02:23:25.832] WARN : Sprite       f:0 st:218,921,885 at IsoSpriteManager.AddSprite          > duplicate texture d_wallcracks_1_22 ignore ID=1060886, use ID=254998.
[14-09-26 02:23:25.833] WARN : Sprite       f:0 st:218,921,885 at IsoSpriteManager.AddSprite          > duplicate texture d_wallcracks_1_23 ignore ID=1060887, use ID=254999.
[14-09-26 02:23:25.833] WARN : Sprite       f:0 st:218,921,885 at IsoSpriteManager.AddSprite          > duplicate texture d_wallcracks_1_24 ignore ID=1060888, use ID=255000.
[14-09-26 02:23:25.833] WARN : Sprite       f:0 st:218,921,885 at IsoSpriteManager.AddSprite          > duplicate texture d_wallcracks_1_25 ignore ID=1060889, use ID=255001.
[14-09-26 02:23:25.833] WARN : Sprite       f:0 st:218,921,886 at IsoSpriteManager.AddSprite          > duplicate texture d_wallcracks_1_26 ignore ID=1060890, use ID=255002.
[14-09-26 02:23:25.833] WARN : Sprite       f:0 st:218,921,886 at IsoSpriteManager.AddSprite          > duplicate texture d_wallcracks_1_27 ignore ID=1060891, use ID=255003.
[14-09-26 02:23:25.834] WARN : Sprite       f:0 st:218,921,886 at IsoSpriteManager.AddSprite          > duplicate texture d_wallcracks_1_28 ignore ID=1060892, use ID=255004.
[14-09-26 02:23:25.834] WARN : Sprite       f:0 st:218,921,886 at IsoSpriteManager.AddSprite          > duplicate texture d_wallcracks_1_29 ignore ID=1060893, use ID=255005.
[14-09-26 02:23:25.834] WARN : Sprite       f:0 st:218,921,887 at IsoSpriteManager.AddSprite          > duplicate texture d_wallcracks_1_30 ignore ID=1060894, use ID=255006.
[14-09-26 02:23:25.834] WARN : Sprite       f:0 st:218,921,887 at IsoSpriteManager.AddSprite          > duplicate texture d_wallcracks_1_31 ignore ID=1060895, use ID=255007.
[14-09-26 02:23:25.834] WARN : Sprite       f:0 st:218,921,887 at IsoSpriteManager.AddSprite          > duplicate texture d_wallcracks_1_32 ignore ID=1060896, use ID=255008.
[14-09-26 02:23:25.835] WARN : Sprite       f:0 st:218,921,888 at IsoSpriteManager.AddSprite          > duplicate texture d_wallcracks_1_33 ignore ID=1060897, use ID=255009.
[14-09-26 02:23:25.835] WARN : Sprite       f:0 st:218,921,888 at IsoSpriteManager.AddSprite          > duplicate texture d_wallcracks_1_34 ignore ID=1060898, use ID=255010.
[14-09-26 02:23:25.835] WARN : Sprite       f:0 st:218,921,888 at IsoSpriteManager.AddSprite          > duplicate texture d_wallcracks_1_35 ignore ID=1060899, use ID=255011.
[14-09-26 02:23:25.835] WARN : Sprite       f:0 st:218,921,888 at IsoSpriteManager.AddSprite          > duplicate texture d_wallcracks_1_36 ignore ID=1060900, use ID=255012.
[14-09-26 02:23:25.836] WARN : Sprite       f:0 st:218,921,889 at IsoSpriteManager.AddSprite          > duplicate texture d_wallcracks_1_37 ignore ID=1060901, use ID=255013.
[14-09-26 02:23:25.836] WARN : Sprite       f:0 st:218,921,889 at IsoSpriteManager.AddSprite          > duplicate texture d_wallcracks_1_38 ignore ID=1060902, use ID=255014.
[14-09-26 02:23:25.836] WARN : Sprite       f:0 st:218,921,889 at IsoSpriteManager.AddSprite          > duplicate texture d_wallcracks_1_39 ignore ID=1060903, use ID=255015.
[14-09-26 02:23:25.836] WARN : Sprite       f:0 st:218,921,889 at IsoSpriteManager.AddSprite          > duplicate texture d_wallcracks_1_40 ignore ID=1060904, use ID=255016.
[14-09-26 02:23:25.837] WARN : Sprite       f:0 st:218,921,889 at IsoSpriteManager.AddSprite          > duplicate texture d_wallcracks_1_41 ignore ID=1060905, use ID=255017.
[14-09-26 02:23:25.837] WARN : Sprite       f:0 st:218,921,890 at IsoSpriteManager.AddSprite          > duplicate texture d_wallcracks_1_42 ignore ID=1060906, use ID=255018.
[14-09-26 02:23:25.837] WARN : Sprite       f:0 st:218,921,890 at IsoSpriteManager.AddSprite          > duplicate texture d_wallcracks_1_43 ignore ID=1060907, use ID=255019.
[14-09-26 02:23:25.837] WARN : Sprite       f:0 st:218,921,890 at IsoSpriteManager.AddSprite          > duplicate texture d_wallcracks_1_44 ignore ID=1060908, use ID=255020.
[14-09-26 02:23:25.837] WARN : Sprite       f:0 st:218,921,890 at IsoSpriteManager.AddSprite          > duplicate texture d_wallcracks_1_45 ignore ID=1060909, use ID=255021.
[14-09-26 02:23:25.838] WARN : Sprite       f:0 st:218,921,891 at IsoSpriteManager.AddSprite          > duplicate texture d_wallcracks_1_46 ignore ID=1060910, use ID=255022.
[14-09-26 02:23:25.838] WARN : Sprite       f:0 st:218,921,891 at IsoSpriteManager.AddSprite          > duplicate texture d_wallcracks_1_47 ignore ID=1060911, use ID=255023.
[14-09-26 02:23:25.838] WARN : Sprite       f:0 st:218,921,891 at IsoSpriteManager.AddSprite          > duplicate texture d_wallcracks_1_48 ignore ID=1060912, use ID=255024.
[14-09-26 02:23:25.838] WARN : Sprite       f:0 st:218,921,891 at IsoSpriteManager.AddSprite          > duplicate texture d_wallcracks_1_49 ignore ID=1060913, use ID=255025.
[14-09-26 02:23:25.838] WARN : Sprite       f:0 st:218,921,891 at IsoSpriteManager.AddSprite          > duplicate texture d_wallcracks_1_50 ignore ID=1060914, use ID=255026.
[14-09-26 02:23:25.839] WARN : Sprite       f:0 st:218,921,892 at IsoSpriteManager.AddSprite          > duplicate texture d_wallcracks_1_51 ignore ID=1060915, use ID=255027.
[14-09-26 02:23:25.839] WARN : Sprite       f:0 st:218,921,892 at IsoSpriteManager.AddSprite          > duplicate texture d_wallcracks_1_52 ignore ID=1060916, use ID=255028.
[14-09-26 02:23:25.843] WARN : Sprite       f:0 st:218,921,895 at IsoSpriteManager.AddSprite          > duplicate texture d_wallcracks_1_53 ignore ID=1060917, use ID=255029.
[14-09-26 02:23:25.843] WARN : Sprite       f:0 st:218,921,896 at IsoSpriteManager.AddSprite          > duplicate texture d_wallcracks_1_54 ignore ID=1060918, use ID=255030.
[14-09-26 02:23:25.843] WARN : Sprite       f:0 st:218,921,896 at IsoSpriteManager.AddSprite          > duplicate texture d_wallcracks_1_55 ignore ID=1060919, use ID=255031.
[14-09-26 02:23:25.843] WARN : Sprite       f:0 st:218,921,896 at IsoSpriteManager.AddSprite          > duplicate texture d_wallcracks_1_56 ignore ID=1060920, use ID=255032.
[14-09-26 02:23:25.843] WARN : Sprite       f:0 st:218,921,896 at IsoSpriteManager.AddSprite          > duplicate texture d_wallcracks_1_57 ignore ID=1060921, use ID=255033.
[14-09-26 02:23:25.843] WARN : Sprite       f:0 st:218,921,897 at IsoSpriteManager.AddSprite          > duplicate texture d_wallcracks_1_58 ignore ID=1060922, use ID=255034.
[14-09-26 02:23:25.843] WARN : Sprite       f:0 st:218,921,897 at IsoSpriteManager.AddSprite          > duplicate texture d_wallcracks_1_59 ignore ID=1060923, use ID=255035.
[14-09-26 02:23:25.845] WARN : Sprite       f:0 st:218,921,897 at IsoSpriteManager.AddSprite          > duplicate texture d_wallcracks_1_60 ignore ID=1060924, use ID=255036.
[14-09-26 02:23:25.845] WARN : Sprite       f:0 st:218,921,897 at IsoSpriteManager.AddSprite          > duplicate texture d_wallcracks_1_61 ignore ID=1060925, use ID=255037.
[14-09-26 02:23:25.845] WARN : Sprite       f:0 st:218,921,898 at IsoSpriteManager.AddSprite          > duplicate texture d_wallcracks_1_62 ignore ID=1060926, use ID=255038.
[14-09-26 02:23:25.845] WARN : Sprite       f:0 st:218,921,898 at IsoSpriteManager.AddSprite          > duplicate texture d_wallcracks_1_63 ignore ID=1060927, use ID=255039.
[14-09-26 02:23:25.845] WARN : Sprite       f:0 st:218,921,898 at IsoSpriteManager.AddSprite          > duplicate texture d_wallcracks_1_64 ignore ID=1060928, use ID=255040.
[14-09-26 02:23:25.846] WARN : Sprite       f:0 st:218,921,898 at IsoSpriteManager.AddSprite          > duplicate texture d_wallcracks_1_65 ignore ID=1060929, use ID=255041.
[14-09-26 02:23:25.846] WARN : Sprite       f:0 st:218,921,899 at IsoSpriteManager.AddSprite          > duplicate texture d_wallcracks_1_66 ignore ID=1060930, use ID=255042.
[14-09-26 02:23:25.847] WARN : Sprite       f:0 st:218,921,899 at IsoSpriteManager.AddSprite          > duplicate texture d_wallcracks_1_67 ignore ID=1060931, use ID=255043.
[14-09-26 02:23:25.847] WARN : Sprite       f:0 st:218,921,899 at IsoSpriteManager.AddSprite          > duplicate texture d_wallcracks_1_68 ignore ID=1060932, use ID=255044.
[14-09-26 02:23:25.847] WARN : Sprite       f:0 st:218,921,899 at IsoSpriteManager.AddSprite          > duplicate texture d_wallcracks_1_69 ignore ID=1060933, use ID=255045.
[14-09-26 02:23:25.847] WARN : Sprite       f:0 st:218,921,900 at IsoSpriteManager.AddSprite          > duplicate texture d_wallcracks_1_70 ignore ID=1060934, use ID=255046.
[14-09-26 02:23:25.847] WARN : Sprite       f:0 st:218,921,900 at IsoSpriteManager.AddSprite          > duplicate texture d_wallcracks_1_71 ignore ID=1060935, use ID=255047.
[14-09-26 02:23:25.849] WARN : Sprite       f:0 st:218,921,901 at IsoSpriteManager.AddSprite          > duplicate texture e_exterior_snow_1_0 ignore ID=1055232, use ID=454656.
[14-09-26 02:23:25.849] WARN : Sprite       f:0 st:218,921,902 at IsoSpriteManager.AddSprite          > duplicate texture e_exterior_snow_1_1 ignore ID=1055233, use ID=454657.
[14-09-26 02:23:25.851] WARN : Sprite       f:0 st:218,921,904 at IsoSpriteManager.AddSprite          > duplicate texture e_newgrassbase_snow_1_0 ignore ID=1056768, use ID=455680.
[14-09-26 02:23:25.851] WARN : Sprite       f:0 st:218,921,904 at IsoSpriteManager.AddSprite          > duplicate texture e_newgrassbase_snow_1_1 ignore ID=1056769, use ID=455681.
[14-09-26 02:23:25.851] WARN : Sprite       f:0 st:218,921,904 at IsoSpriteManager.AddSprite          > duplicate texture e_newgrassbase_snow_1_2 ignore ID=1056770, use ID=455682.
[14-09-26 02:23:25.852] WARN : Sprite       f:0 st:218,921,904 at IsoSpriteManager.AddSprite          > duplicate texture e_newgrassbase_snow_1_3 ignore ID=1056771, use ID=455683.
[14-09-26 02:23:25.852] WARN : Sprite       f:0 st:218,921,905 at IsoSpriteManager.AddSprite          > duplicate texture e_newgrassbase_snow_1_4 ignore ID=1056772, use ID=455684.
[14-09-26 02:23:25.852] WARN : Sprite       f:0 st:218,921,905 at IsoSpriteManager.AddSprite          > duplicate texture e_newgrassbase_snow_1_5 ignore ID=1056773, use ID=455685.
[14-09-26 02:23:25.853] WARN : Sprite       f:0 st:218,921,905 at IsoSpriteManager.AddSprite          > duplicate texture e_newgrassbase_snow_1_6 ignore ID=1056774, use ID=455686.
[14-09-26 02:23:25.853] WARN : Sprite       f:0 st:218,921,905 at IsoSpriteManager.AddSprite          > duplicate texture e_newgrassbase_snow_1_7 ignore ID=1056775, use ID=455687.
[14-09-26 02:23:25.853] WARN : Sprite       f:0 st:218,921,906 at IsoSpriteManager.AddSprite          > duplicate texture e_newgrassbase_snow_1_8 ignore ID=1056776, use ID=455688.
[14-09-26 02:23:25.853] WARN : Sprite       f:0 st:218,921,906 at IsoSpriteManager.AddSprite          > duplicate texture e_newgrassbase_snow_1_9 ignore ID=1056777, use ID=455689.
[14-09-26 02:23:25.854] WARN : Sprite       f:0 st:218,921,906 at IsoSpriteManager.AddSprite          > duplicate texture e_newgrassbase_snow_1_10 ignore ID=1056778, use ID=455690.
[14-09-26 02:23:25.854] WARN : Sprite       f:0 st:218,921,906 at IsoSpriteManager.AddSprite          > duplicate texture e_newgrassbase_snow_1_11 ignore ID=1056779, use ID=455691.
[14-09-26 02:23:25.854] WARN : Sprite       f:0 st:218,921,906 at IsoSpriteManager.AddSprite          > duplicate texture e_newgrassbase_snow_1_12 ignore ID=1056780, use ID=455692.
[14-09-26 02:23:25.854] WARN : Sprite       f:0 st:218,921,907 at IsoSpriteManager.AddSprite          > duplicate texture e_newgrassbase_snow_1_13 ignore ID=1056781, use ID=455693.
[14-09-26 02:23:25.855] WARN : Sprite       f:0 st:218,921,907 at IsoSpriteManager.AddSprite          > duplicate texture e_newgrassbase_snow_1_14 ignore ID=1056782, use ID=455694.
[14-09-26 02:23:25.855] WARN : Sprite       f:0 st:218,921,907 at IsoSpriteManager.AddSprite          > duplicate texture e_newgrassbase_snow_1_15 ignore ID=1056783, use ID=455695.
[14-09-26 02:23:25.855] WARN : Sprite       f:0 st:218,921,907 at IsoSpriteManager.AddSprite          > duplicate texture e_newgrassbase_snow_1_16 ignore ID=1056784, use ID=455696.
[14-09-26 02:23:25.855] WARN : Sprite       f:0 st:218,921,908 at IsoSpriteManager.AddSprite          > duplicate texture e_newgrassbase_snow_1_17 ignore ID=1056785, use ID=455697.
[14-09-26 02:23:25.855] WARN : Sprite       f:0 st:218,921,908 at IsoSpriteManager.AddSprite          > duplicate texture e_newgrassbase_snow_1_18 ignore ID=1056786, use ID=455698.
[14-09-26 02:23:25.855] WARN : Sprite       f:0 st:218,921,908 at IsoSpriteManager.AddSprite          > duplicate texture e_newgrassbase_snow_1_19 ignore ID=1056787, use ID=455699.
[14-09-26 02:23:25.855] WARN : Sprite       f:0 st:218,921,908 at IsoSpriteManager.AddSprite          > duplicate texture e_newgrassbase_snow_1_20 ignore ID=1056788, use ID=455700.
[14-09-26 02:23:25.855] WARN : Sprite       f:0 st:218,921,908 at IsoSpriteManager.AddSprite          > duplicate texture e_newgrassbase_snow_1_21 ignore ID=1056789, use ID=455701.
[14-09-26 02:23:25.856] WARN : Sprite       f:0 st:218,921,909 at IsoSpriteManager.AddSprite          > duplicate texture e_newgrassbase_snow_1_22 ignore ID=1056790, use ID=455702.
[14-09-26 02:23:25.856] WARN : Sprite       f:0 st:218,921,909 at IsoSpriteManager.AddSprite          > duplicate texture e_newgrassbase_snow_1_23 ignore ID=1056791, use ID=455703.
[14-09-26 02:23:25.856] WARN : Sprite       f:0 st:218,921,909 at IsoSpriteManager.AddSprite          > duplicate texture e_newgrassbase_snow_1_24 ignore ID=1056792, use ID=455704.
[14-09-26 02:23:25.856] WARN : Sprite       f:0 st:218,921,909 at IsoSpriteManager.AddSprite          > duplicate texture e_newgrassbase_snow_1_25 ignore ID=1056793, use ID=455705.
[14-09-26 02:23:25.856] WARN : Sprite       f:0 st:218,921,909 at IsoSpriteManager.AddSprite          > duplicate texture e_newgrassbase_snow_1_26 ignore ID=1056794, use ID=455706.
[14-09-26 02:23:25.856] WARN : Sprite       f:0 st:218,921,909 at IsoSpriteManager.AddSprite          > duplicate texture e_newgrassbase_snow_1_27 ignore ID=1056795, use ID=455707.
[14-09-26 02:23:25.857] WARN : Sprite       f:0 st:218,921,910 at IsoSpriteManager.AddSprite          > duplicate texture e_newgrassbase_snow_1_28 ignore ID=1056796, use ID=455708.
[14-09-26 02:23:25.857] WARN : Sprite       f:0 st:218,921,910 at IsoSpriteManager.AddSprite          > duplicate texture e_newgrassbase_snow_1_29 ignore ID=1056797, use ID=455709.
[14-09-26 02:23:25.858] WARN : Sprite       f:0 st:218,921,911 at IsoSpriteManager.AddSprite          > duplicate texture e_newgrassbase_snow_1_30 ignore ID=1056798, use ID=455710.
[14-09-26 02:23:25.858] WARN : Sprite       f:0 st:218,921,911 at IsoSpriteManager.AddSprite          > duplicate texture e_newgrassbase_snow_1_31 ignore ID=1056799, use ID=455711.
[14-09-26 02:23:25.859] WARN : Sprite       f:0 st:218,921,912 at IsoSpriteManager.AddSprite          > duplicate texture e_roof_snow_1_0 ignore ID=1058304, use ID=456704.
[14-09-26 02:23:25.859] WARN : Sprite       f:0 st:218,921,912 at IsoSpriteManager.AddSprite          > duplicate texture e_roof_snow_1_1 ignore ID=1058305, use ID=456705.
[14-09-26 02:23:25.859] WARN : Sprite       f:0 st:218,921,912 at IsoSpriteManager.AddSprite          > duplicate texture e_roof_snow_1_2 ignore ID=1058306, use ID=456706.
[14-09-26 02:23:25.859] WARN : Sprite       f:0 st:218,921,912 at IsoSpriteManager.AddSprite          > duplicate texture e_roof_snow_1_3 ignore ID=1058307, use ID=456707.
[14-09-26 02:23:25.860] WARN : Sprite       f:0 st:218,921,913 at IsoSpriteManager.AddSprite          > duplicate texture e_roof_snow_1_4 ignore ID=1058308, use ID=456708.
[14-09-26 02:23:25.860] WARN : Sprite       f:0 st:218,921,913 at IsoSpriteManager.AddSprite          > duplicate texture e_roof_snow_1_5 ignore ID=1058309, use ID=456709.
[14-09-26 02:23:25.860] WARN : Sprite       f:0 st:218,921,913 at IsoSpriteManager.AddSprite          > duplicate texture e_roof_snow_1_6 ignore ID=1058310, use ID=456710.
[14-09-26 02:23:25.860] WARN : Sprite       f:0 st:218,921,913 at IsoSpriteManager.AddSprite          > duplicate texture e_roof_snow_1_7 ignore ID=1058311, use ID=456711.
[14-09-26 02:23:25.860] WARN : Sprite       f:0 st:218,921,913 at IsoSpriteManager.AddSprite          > duplicate texture e_roof_snow_1_8 ignore ID=1058312, use ID=456712.
[14-09-26 02:23:25.861] WARN : Sprite       f:0 st:218,921,914 at IsoSpriteManager.AddSprite          > duplicate texture e_roof_snow_1_9 ignore ID=1058313, use ID=456713.
[14-09-26 02:23:25.861] WARN : Sprite       f:0 st:218,921,914 at IsoSpriteManager.AddSprite          > duplicate texture e_roof_snow_1_10 ignore ID=1058314, use ID=456714.
[14-09-26 02:23:25.861] WARN : Sprite       f:0 st:218,921,914 at IsoSpriteManager.AddSprite          > duplicate texture e_roof_snow_1_11 ignore ID=1058315, use ID=456715.
[14-09-26 02:23:25.861] WARN : Sprite       f:0 st:218,921,914 at IsoSpriteManager.AddSprite          > duplicate texture e_roof_snow_1_12 ignore ID=1058316, use ID=456716.
[14-09-26 02:23:25.862] WARN : Sprite       f:0 st:218,921,915 at IsoSpriteManager.AddSprite          > duplicate texture e_roof_snow_1_13 ignore ID=1058317, use ID=456717.
[14-09-26 02:23:25.862] WARN : Sprite       f:0 st:218,921,915 at IsoSpriteManager.AddSprite          > duplicate texture e_roof_snow_1_14 ignore ID=1058318, use ID=456718.
[14-09-26 02:23:25.862] WARN : Sprite       f:0 st:218,921,915 at IsoSpriteManager.AddSprite          > duplicate texture e_roof_snow_1_15 ignore ID=1058319, use ID=456719.
[14-09-26 02:23:25.862] WARN : Sprite       f:0 st:218,921,915 at IsoSpriteManager.AddSprite          > duplicate texture e_roof_snow_1_16 ignore ID=1058320, use ID=456720.
[14-09-26 02:23:25.862] WARN : Sprite       f:0 st:218,921,915 at IsoSpriteManager.AddSprite          > duplicate texture e_roof_snow_1_17 ignore ID=1058321, use ID=456721.
[14-09-26 02:23:25.863] WARN : Sprite       f:0 st:218,921,916 at IsoSpriteManager.AddSprite          > duplicate texture e_roof_snow_1_18 ignore ID=1058322, use ID=456722.
[14-09-26 02:23:25.863] WARN : Sprite       f:0 st:218,921,916 at IsoSpriteManager.AddSprite          > duplicate texture e_roof_snow_1_19 ignore ID=1058323, use ID=456723.
[14-09-26 02:23:25.863] WARN : Sprite       f:0 st:218,921,917 at IsoSpriteManager.AddSprite          > duplicate texture e_roof_snow_1_20 ignore ID=1058324, use ID=456724.
[14-09-26 02:23:25.863] WARN : Sprite       f:0 st:218,921,917 at IsoSpriteManager.AddSprite          > duplicate texture e_roof_snow_1_21 ignore ID=1058325, use ID=456725.
[14-09-26 02:23:25.863] WARN : Sprite       f:0 st:218,921,917 at IsoSpriteManager.AddSprite          > duplicate texture e_roof_snow_1_22 ignore ID=1058326, use ID=456726.
[14-09-26 02:23:25.865] WARN : Sprite       f:0 st:218,921,917 at IsoSpriteManager.AddSprite          > duplicate texture e_roof_snow_1_23 ignore ID=1058327, use ID=456727.
[14-09-26 02:23:25.865] WARN : Sprite       f:0 st:218,921,917 at IsoSpriteManager.AddSprite          > duplicate texture e_roof_snow_1_24 ignore ID=1058328, use ID=456728.
[14-09-26 02:23:25.865] WARN : Sprite       f:0 st:218,921,918 at IsoSpriteManager.AddSprite          > duplicate texture e_roof_snow_1_25 ignore ID=1058329, use ID=456729.
[14-09-26 02:23:25.865] WARN : Sprite       f:0 st:218,921,918 at IsoSpriteManager.AddSprite          > duplicate texture e_roof_snow_1_26 ignore ID=1058330, use ID=456730.
[14-09-26 02:23:25.865] WARN : Sprite       f:0 st:218,921,918 at IsoSpriteManager.AddSprite          > duplicate texture e_roof_snow_1_27 ignore ID=1058331, use ID=456731.
[14-09-26 02:23:25.866] WARN : Sprite       f:0 st:218,921,918 at IsoSpriteManager.AddSprite          > duplicate texture e_roof_snow_1_28 ignore ID=1058332, use ID=456732.
[14-09-26 02:23:25.866] WARN : Sprite       f:0 st:218,921,918 at IsoSpriteManager.AddSprite          > duplicate texture e_roof_snow_1_29 ignore ID=1058333, use ID=456733.
[14-09-26 02:23:25.866] WARN : Sprite       f:0 st:218,921,919 at IsoSpriteManager.AddSprite          > duplicate texture e_roof_snow_1_30 ignore ID=1058334, use ID=456734.
[14-09-26 02:23:25.866] WARN : Sprite       f:0 st:218,921,919 at IsoSpriteManager.AddSprite          > duplicate texture e_roof_snow_1_31 ignore ID=1058335, use ID=456735.
[14-09-26 02:23:25.867] WARN : Sprite       f:0 st:218,921,919 at IsoSpriteManager.AddSprite          > duplicate texture e_roof_snow_1_32 ignore ID=1058336, use ID=456736.
[14-09-26 02:23:25.867] WARN : Sprite       f:0 st:218,921,919 at IsoSpriteManager.AddSprite          > duplicate texture e_roof_snow_1_33 ignore ID=1058337, use ID=456737.
[14-09-26 02:23:25.867] WARN : Sprite       f:0 st:218,921,920 at IsoSpriteManager.AddSprite          > duplicate texture e_roof_snow_1_34 ignore ID=1058338, use ID=456738.
[14-09-26 02:23:25.867] WARN : Sprite       f:0 st:218,921,920 at IsoSpriteManager.AddSprite          > duplicate texture e_roof_snow_1_35 ignore ID=1058339, use ID=456739.
[14-09-26 02:23:25.867] WARN : Sprite       f:0 st:218,921,920 at IsoSpriteManager.AddSprite          > duplicate texture e_roof_snow_1_36 ignore ID=1058340, use ID=456740.
[14-09-26 02:23:25.868] WARN : Sprite       f:0 st:218,921,920 at IsoSpriteManager.AddSprite          > duplicate texture e_roof_snow_1_37 ignore ID=1058341, use ID=456741.
[14-09-26 02:23:25.868] WARN : Sprite       f:0 st:218,921,920 at IsoSpriteManager.AddSprite          > duplicate texture e_roof_snow_1_38 ignore ID=1058342, use ID=456742.
[14-09-26 02:23:25.868] WARN : Sprite       f:0 st:218,921,921 at IsoSpriteManager.AddSprite          > duplicate texture e_roof_snow_1_39 ignore ID=1058343, use ID=456743.
[14-09-26 02:23:25.868] WARN : Sprite       f:0 st:218,921,921 at IsoSpriteManager.AddSprite          > duplicate texture e_roof_snow_1_40 ignore ID=1058344, use ID=456744.
[14-09-26 02:23:25.868] WARN : Sprite       f:0 st:218,921,921 at IsoSpriteManager.AddSprite          > duplicate texture e_roof_snow_1_41 ignore ID=1058345, use ID=456745.
[14-09-26 02:23:25.868] WARN : Sprite       f:0 st:218,921,921 at IsoSpriteManager.AddSprite          > duplicate texture e_roof_snow_1_42 ignore ID=1058346, use ID=456746.
[14-09-26 02:23:25.870] WARN : Sprite       f:0 st:218,921,923 at IsoSpriteManager.AddSprite          > duplicate texture e_roof_snow_1_43 ignore ID=1058347, use ID=456747.
[14-09-26 02:23:25.870] WARN : Sprite       f:0 st:218,921,923 at IsoSpriteManager.AddSprite          > duplicate texture e_roof_snow_1_44 ignore ID=1058348, use ID=456748.
[14-09-26 02:23:25.871] WARN : Sprite       f:0 st:218,921,924 at IsoSpriteManager.AddSprite          > duplicate texture e_roof_snow_1_45 ignore ID=1058349, use ID=456749.
[14-09-26 02:23:25.871] WARN : Sprite       f:0 st:218,921,924 at IsoSpriteManager.AddSprite          > duplicate texture e_roof_snow_1_46 ignore ID=1058350, use ID=456750.
[14-09-26 02:23:25.871] WARN : Sprite       f:0 st:218,921,924 at IsoSpriteManager.AddSprite          > duplicate texture e_roof_snow_1_47 ignore ID=1058351, use ID=456751.
[14-09-26 02:23:25.871] WARN : Sprite       f:0 st:218,921,924 at IsoSpriteManager.AddSprite          > duplicate texture e_roof_snow_1_48 ignore ID=1058352, use ID=456752.
[14-09-26 02:23:25.871] WARN : Sprite       f:0 st:218,921,925 at IsoSpriteManager.AddSprite          > duplicate texture e_roof_snow_1_49 ignore ID=1058353, use ID=456753.
[14-09-26 02:23:25.872] WARN : Sprite       f:0 st:218,921,925 at IsoSpriteManager.AddSprite          > duplicate texture e_roof_snow_1_50 ignore ID=1058354, use ID=456754.
[14-09-26 02:23:25.872] WARN : Sprite       f:0 st:218,921,925 at IsoSpriteManager.AddSprite          > duplicate texture e_roof_snow_1_51 ignore ID=1058355, use ID=456755.
[14-09-26 02:23:25.873] WARN : Sprite       f:0 st:218,921,926 at IsoSpriteManager.AddSprite          > duplicate texture e_roof_snow_1_52 ignore ID=1058356, use ID=456756.
[14-09-26 02:23:25.873] WARN : Sprite       f:0 st:218,921,926 at IsoSpriteManager.AddSprite          > duplicate texture e_roof_snow_1_53 ignore ID=1058357, use ID=456757.
[14-09-26 02:23:25.873] WARN : Sprite       f:0 st:218,921,926 at IsoSpriteManager.AddSprite          > duplicate texture e_roof_snow_1_54 ignore ID=1058358, use ID=456758.
[14-09-26 02:23:25.873] WARN : Sprite       f:0 st:218,921,926 at IsoSpriteManager.AddSprite          > duplicate texture e_roof_snow_1_55 ignore ID=1058359, use ID=456759.
[14-09-26 02:23:25.873] WARN : Sprite       f:0 st:218,921,927 at IsoSpriteManager.AddSprite          > duplicate texture e_roof_snow_1_56 ignore ID=1058360, use ID=456760.
[14-09-26 02:23:25.873] WARN : Sprite       f:0 st:218,921,927 at IsoSpriteManager.AddSprite          > duplicate texture e_roof_snow_1_57 ignore ID=1058361, use ID=456761.
[14-09-26 02:23:25.873] WARN : Sprite       f:0 st:218,921,927 at IsoSpriteManager.AddSprite          > duplicate texture e_roof_snow_1_58 ignore ID=1058362, use ID=456762.
[14-09-26 02:23:25.875] WARN : Sprite       f:0 st:218,921,927 at IsoSpriteManager.AddSprite          > duplicate texture e_roof_snow_1_59 ignore ID=1058363, use ID=456763.
[14-09-26 02:23:25.875] WARN : Sprite       f:0 st:218,921,927 at IsoSpriteManager.AddSprite          > duplicate texture e_roof_snow_1_60 ignore ID=1058364, use ID=456764.
[14-09-26 02:23:25.875] WARN : Sprite       f:0 st:218,921,928 at IsoSpriteManager.AddSprite          > duplicate texture e_roof_snow_1_61 ignore ID=1058365, use ID=456765.
[14-09-26 02:23:25.877] WARN : Sprite       f:0 st:218,921,930 at IsoSpriteManager.AddSprite          > duplicate texture e_roof_snow_1_62 ignore ID=1058366, use ID=456766.
[14-09-26 02:23:25.877] WARN : Sprite       f:0 st:218,921,930 at IsoSpriteManager.AddSprite          > duplicate texture e_roof_snow_1_63 ignore ID=1058367, use ID=456767.
[14-09-26 02:23:25.878] WARN : Sprite       f:0 st:218,921,930 at IsoSpriteManager.AddSprite          > duplicate texture e_roof_snow_1_64 ignore ID=1058368, use ID=456768.
[14-09-26 02:23:25.878] WARN : Sprite       f:0 st:218,921,930 at IsoSpriteManager.AddSprite          > duplicate texture e_roof_snow_1_65 ignore ID=1058369, use ID=456769.
[14-09-26 02:23:25.878] WARN : Sprite       f:0 st:218,921,931 at IsoSpriteManager.AddSprite          > duplicate texture e_roof_snow_1_66 ignore ID=1058370, use ID=456770.
[14-09-26 02:23:25.878] WARN : Sprite       f:0 st:218,921,931 at IsoSpriteManager.AddSprite          > duplicate texture e_roof_snow_1_67 ignore ID=1058371, use ID=456771.
[14-09-26 02:23:25.878] WARN : Sprite       f:0 st:218,921,931 at IsoSpriteManager.AddSprite          > duplicate texture e_roof_snow_1_68 ignore ID=1058372, use ID=456772.
[14-09-26 02:23:25.879] WARN : Sprite       f:0 st:218,921,931 at IsoSpriteManager.AddSprite          > duplicate texture e_roof_snow_1_69 ignore ID=1058373, use ID=456773.
[14-09-26 02:23:25.879] WARN : Sprite       f:0 st:218,921,931 at IsoSpriteManager.AddSprite          > duplicate texture e_roof_snow_1_70 ignore ID=1058374, use ID=456774.
[14-09-26 02:23:25.879] WARN : Sprite       f:0 st:218,921,932 at IsoSpriteManager.AddSprite          > duplicate texture e_roof_snow_1_71 ignore ID=1058375, use ID=456775.
[14-09-26 02:23:25.879] WARN : Sprite       f:0 st:218,921,932 at IsoSpriteManager.AddSprite          > duplicate texture e_roof_snow_1_72 ignore ID=1058376, use ID=456776.
[14-09-26 02:23:25.880] WARN : Sprite       f:0 st:218,921,932 at IsoSpriteManager.AddSprite          > duplicate texture e_roof_snow_1_73 ignore ID=1058377, use ID=456777.
[14-09-26 02:23:25.880] WARN : Sprite       f:0 st:218,921,933 at IsoSpriteManager.AddSprite          > duplicate texture e_roof_snow_1_74 ignore ID=1058378, use ID=456778.
[14-09-26 02:23:25.880] WARN : Sprite       f:0 st:218,921,933 at IsoSpriteManager.AddSprite          > duplicate texture e_roof_snow_1_75 ignore ID=1058379, use ID=456779.
[14-09-26 02:23:25.881] WARN : Sprite       f:0 st:218,921,933 at IsoSpriteManager.AddSprite          > duplicate texture e_roof_snow_1_76 ignore ID=1058380, use ID=456780.
[14-09-26 02:23:25.881] WARN : Sprite       f:0 st:218,921,933 at IsoSpriteManager.AddSprite          > duplicate texture e_roof_snow_1_77 ignore ID=1058381, use ID=456781.
[14-09-26 02:23:25.882] WARN : Sprite       f:0 st:218,921,934 at IsoSpriteManager.AddSprite          > duplicate texture e_roof_snow_1_78 ignore ID=1058382, use ID=456782.
[14-09-26 02:23:25.882] WARN : Sprite       f:0 st:218,921,934 at IsoSpriteManager.AddSprite          > duplicate texture e_roof_snow_1_79 ignore ID=1058383, use ID=456783.
[14-09-26 02:23:25.882] WARN : Sprite       f:0 st:218,921,935 at IsoSpriteManager.AddSprite          > duplicate texture e_roof_snow_1_80 ignore ID=1058384, use ID=456784.
[14-09-26 02:23:25.882] WARN : Sprite       f:0 st:218,921,935 at IsoSpriteManager.AddSprite          > duplicate texture e_roof_snow_1_81 ignore ID=1058385, use ID=456785.
[14-09-26 02:23:25.882] WARN : Sprite       f:0 st:218,921,935 at IsoSpriteManager.AddSprite          > duplicate texture e_roof_snow_1_82 ignore ID=1058386, use ID=456786.
[14-09-26 02:23:25.883] WARN : Sprite       f:0 st:218,921,935 at IsoSpriteManager.AddSprite          > duplicate texture e_roof_snow_1_83 ignore ID=1058387, use ID=456787.
[14-09-26 02:23:25.883] WARN : Sprite       f:0 st:218,921,935 at IsoSpriteManager.AddSprite          > duplicate texture e_roof_snow_1_84 ignore ID=1058388, use ID=456788.
[14-09-26 02:23:25.883] WARN : Sprite       f:0 st:218,921,936 at IsoSpriteManager.AddSprite          > duplicate texture e_roof_snow_1_85 ignore ID=1058389, use ID=456789.
[14-09-26 02:23:25.883] WARN : Sprite       f:0 st:218,921,936 at IsoSpriteManager.AddSprite          > duplicate texture e_roof_snow_1_86 ignore ID=1058390, use ID=456790.
[14-09-26 02:23:25.883] WARN : Sprite       f:0 st:218,921,936 at IsoSpriteManager.AddSprite          > duplicate texture e_roof_snow_1_87 ignore ID=1058391, use ID=456791.
[14-09-26 02:23:25.884] WARN : Sprite       f:0 st:218,921,936 at IsoSpriteManager.AddSprite          > duplicate texture e_roof_snow_1_88 ignore ID=1058392, use ID=456792.
[14-09-26 02:23:25.884] WARN : Sprite       f:0 st:218,921,936 at IsoSpriteManager.AddSprite          > duplicate texture e_roof_snow_1_89 ignore ID=1058393, use ID=456793.
[14-09-26 02:23:25.884] WARN : Sprite       f:0 st:218,921,937 at IsoSpriteManager.AddSprite          > duplicate texture e_roof_snow_1_90 ignore ID=1058394, use ID=456794.
[14-09-26 02:23:25.884] WARN : Sprite       f:0 st:218,921,937 at IsoSpriteManager.AddSprite          > duplicate texture e_roof_snow_1_91 ignore ID=1058395, use ID=456795.
[14-09-26 02:23:25.884] WARN : Sprite       f:0 st:218,921,937 at IsoSpriteManager.AddSprite          > duplicate texture e_roof_snow_1_92 ignore ID=1058396, use ID=456796.
[14-09-26 02:23:25.885] WARN : Sprite       f:0 st:218,921,937 at IsoSpriteManager.AddSprite          > duplicate texture e_roof_snow_1_93 ignore ID=1058397, use ID=456797.
[14-09-26 02:23:25.885] WARN : Sprite       f:0 st:218,921,938 at IsoSpriteManager.AddSprite          > duplicate texture e_roof_snow_1_94 ignore ID=1058398, use ID=456798.
[14-09-26 02:23:25.885] WARN : Sprite       f:0 st:218,921,938 at IsoSpriteManager.AddSprite          > duplicate texture e_roof_snow_1_95 ignore ID=1058399, use ID=456799.
[14-09-26 02:23:25.885] WARN : Sprite       f:0 st:218,921,938 at IsoSpriteManager.AddSprite          > duplicate texture e_roof_snow_1_96 ignore ID=1058400, use ID=456800.
[14-09-26 02:23:25.885] WARN : Sprite       f:0 st:218,921,938 at IsoSpriteManager.AddSprite          > duplicate texture e_roof_snow_1_97 ignore ID=1058401, use ID=456801.
[14-09-26 02:23:25.885] WARN : Sprite       f:0 st:218,921,939 at IsoSpriteManager.AddSprite          > duplicate texture e_roof_snow_1_98 ignore ID=1058402, use ID=456802.
[14-09-26 02:23:25.886] WARN : Sprite       f:0 st:218,921,939 at IsoSpriteManager.AddSprite          > duplicate texture e_roof_snow_1_99 ignore ID=1058403, use ID=456803.
[14-09-26 02:23:25.886] WARN : Sprite       f:0 st:218,921,939 at IsoSpriteManager.AddSprite          > duplicate texture e_roof_snow_1_100 ignore ID=1058404, use ID=456804.
[14-09-26 02:23:25.886] WARN : Sprite       f:0 st:218,921,939 at IsoSpriteManager.AddSprite          > duplicate texture e_roof_snow_1_101 ignore ID=1058405, use ID=456805.
[14-09-26 02:23:25.887] WARN : Sprite       f:0 st:218,921,940 at IsoSpriteManager.AddSprite          > duplicate texture e_roof_snow_1_102 ignore ID=1058406, use ID=456806.
[14-09-26 02:23:25.887] WARN : Sprite       f:0 st:218,921,940 at IsoSpriteManager.AddSprite          > duplicate texture e_roof_snow_1_103 ignore ID=1058407, use ID=456807.
[14-09-26 02:23:25.887] WARN : Sprite       f:0 st:218,921,940 at IsoSpriteManager.AddSprite          > duplicate texture e_roof_snow_1_104 ignore ID=1058408, use ID=456808.
[14-09-26 02:23:25.888] WARN : Sprite       f:0 st:218,921,941 at IsoSpriteManager.AddSprite          > duplicate texture e_roof_snow_1_105 ignore ID=1058409, use ID=456809.
[14-09-26 02:23:25.888] WARN : Sprite       f:0 st:218,921,941 at IsoSpriteManager.AddSprite          > duplicate texture e_roof_snow_1_106 ignore ID=1058410, use ID=456810.
[14-09-26 02:23:25.888] WARN : Sprite       f:0 st:218,921,941 at IsoSpriteManager.AddSprite          > duplicate texture e_roof_snow_1_107 ignore ID=1058411, use ID=456811.
[14-09-26 02:23:25.888] WARN : Sprite       f:0 st:218,921,941 at IsoSpriteManager.AddSprite          > duplicate texture e_roof_snow_1_108 ignore ID=1058412, use ID=456812.
[14-09-26 02:23:25.888] WARN : Sprite       f:0 st:218,921,941 at IsoSpriteManager.AddSprite          > duplicate texture e_roof_snow_1_109 ignore ID=1058413, use ID=456813.
[14-09-26 02:23:25.888] WARN : Sprite       f:0 st:218,921,942 at IsoSpriteManager.AddSprite          > duplicate texture e_roof_snow_1_110 ignore ID=1058414, use ID=456814.
[14-09-26 02:23:25.889] WARN : Sprite       f:0 st:218,921,943 at IsoSpriteManager.AddSprite          > duplicate texture e_roof_snow_1_111 ignore ID=1058415, use ID=456815.
[14-09-26 02:23:25.893] WARN : Sprite       f:0 st:218,921,945 at IsoSpriteManager.AddSprite          > duplicate texture f_bushes_2_0 ignore ID=1061888, use ID=457728.
[14-09-26 02:23:25.893] WARN : Sprite       f:0 st:218,921,945 at IsoSpriteManager.AddSprite          > duplicate texture f_bushes_2_1 ignore ID=1061889, use ID=457729.
[14-09-26 02:23:25.893] WARN : Sprite       f:0 st:218,921,945 at IsoSpriteManager.AddSprite          > duplicate texture f_bushes_2_2 ignore ID=1061890, use ID=457730.
[14-09-26 02:23:25.894] WARN : Sprite       f:0 st:218,921,946 at IsoSpriteManager.AddSprite          > duplicate texture f_bushes_2_3 ignore ID=1061891, use ID=457731.
[14-09-26 02:23:25.895] WARN : Sprite       f:0 st:218,921,947 at IsoSpriteManager.AddSprite          > duplicate texture f_bushes_2_4 ignore ID=1061892, use ID=457732.
[14-09-26 02:23:25.895] WARN : Sprite       f:0 st:218,921,948 at IsoSpriteManager.AddSprite          > duplicate texture f_bushes_2_5 ignore ID=1061893, use ID=457733.
[14-09-26 02:23:25.895] WARN : Sprite       f:0 st:218,921,948 at IsoSpriteManager.AddSprite          > duplicate texture f_bushes_2_6 ignore ID=1061894, use ID=457734.
[14-09-26 02:23:25.896] WARN : Sprite       f:0 st:218,921,948 at IsoSpriteManager.AddSprite          > duplicate texture f_bushes_2_7 ignore ID=1061895, use ID=457735.
[14-09-26 02:23:25.896] WARN : Sprite       f:0 st:218,921,949 at IsoSpriteManager.AddSprite          > duplicate texture f_bushes_2_8 ignore ID=1061896, use ID=457736.
[14-09-26 02:23:25.896] WARN : Sprite       f:0 st:218,921,949 at IsoSpriteManager.AddSprite          > duplicate texture f_bushes_2_9 ignore ID=1061897, use ID=457737.
[14-09-26 02:23:25.896] WARN : Sprite       f:0 st:218,921,949 at IsoSpriteManager.AddSprite          > duplicate texture f_bushes_2_10 ignore ID=1061898, use ID=457738.
[14-09-26 02:23:25.897] WARN : Sprite       f:0 st:218,921,949 at IsoSpriteManager.AddSprite          > duplicate texture f_bushes_2_11 ignore ID=1061899, use ID=457739.
[14-09-26 02:23:25.897] WARN : Sprite       f:0 st:218,921,950 at IsoSpriteManager.AddSprite          > duplicate texture f_bushes_2_12 ignore ID=1061900, use ID=457740.
[14-09-26 02:23:25.897] WARN : Sprite       f:0 st:218,921,950 at IsoSpriteManager.AddSprite          > duplicate texture f_bushes_2_13 ignore ID=1061901, use ID=457741.
[14-09-26 02:23:25.897] WARN : Sprite       f:0 st:218,921,950 at IsoSpriteManager.AddSprite          > duplicate texture f_bushes_2_14 ignore ID=1061902, use ID=457742.
[14-09-26 02:23:25.898] WARN : Sprite       f:0 st:218,921,950 at IsoSpriteManager.AddSprite          > duplicate texture f_bushes_2_15 ignore ID=1061903, use ID=457743.
[14-09-26 02:23:25.898] WARN : Sprite       f:0 st:218,921,950 at IsoSpriteManager.AddSprite          > duplicate texture f_bushes_2_16 ignore ID=1061904, use ID=457744.
[14-09-26 02:23:25.898] WARN : Sprite       f:0 st:218,921,951 at IsoSpriteManager.AddSprite          > duplicate texture f_bushes_2_17 ignore ID=1061905, use ID=457745.
[14-09-26 02:23:25.898] WARN : Sprite       f:0 st:218,921,951 at IsoSpriteManager.AddSprite          > duplicate texture f_bushes_2_18 ignore ID=1061906, use ID=457746.
[14-09-26 02:23:25.899] WARN : Sprite       f:0 st:218,921,951 at IsoSpriteManager.AddSprite          > duplicate texture f_bushes_2_19 ignore ID=1061907, use ID=457747.
[14-09-26 02:23:25.899] WARN : Sprite       f:0 st:218,921,952 at IsoSpriteManager.AddSprite          > duplicate texture f_bushes_2_20 ignore ID=1061908, use ID=457748.
[14-09-26 02:23:25.899] WARN : Sprite       f:0 st:218,921,952 at IsoSpriteManager.AddSprite          > duplicate texture f_bushes_2_21 ignore ID=1061909, use ID=457749.
[14-09-26 02:23:25.900] WARN : Sprite       f:0 st:218,921,952 at IsoSpriteManager.AddSprite          > duplicate texture f_bushes_2_22 ignore ID=1061910, use ID=457750.
[14-09-26 02:23:25.900] WARN : Sprite       f:0 st:218,921,952 at IsoSpriteManager.AddSprite          > duplicate texture f_bushes_2_23 ignore ID=1061911, use ID=457751.
[14-09-26 02:23:25.900] WARN : Sprite       f:0 st:218,921,953 at IsoSpriteManager.AddSprite          > duplicate texture f_bushes_2_24 ignore ID=1061912, use ID=457752.
[14-09-26 02:23:25.900] WARN : Sprite       f:0 st:218,921,953 at IsoSpriteManager.AddSprite          > duplicate texture f_bushes_2_25 ignore ID=1061913, use ID=457753.
[14-09-26 02:23:25.900] WARN : Sprite       f:0 st:218,921,953 at IsoSpriteManager.AddSprite          > duplicate texture f_bushes_2_26 ignore ID=1061914, use ID=457754.
[14-09-26 02:23:25.901] WARN : Sprite       f:0 st:218,921,953 at IsoSpriteManager.AddSprite          > duplicate texture f_bushes_2_27 ignore ID=1061915, use ID=457755.
[14-09-26 02:23:25.901] WARN : Sprite       f:0 st:218,921,953 at IsoSpriteManager.AddSprite          > duplicate texture f_bushes_2_28 ignore ID=1061916, use ID=457756.
[14-09-26 02:23:25.901] WARN : Sprite       f:0 st:218,921,954 at IsoSpriteManager.AddSprite          > duplicate texture f_bushes_2_29 ignore ID=1061917, use ID=457757.
[14-09-26 02:23:25.901] WARN : Sprite       f:0 st:218,921,954 at IsoSpriteManager.AddSprite          > duplicate texture f_bushes_2_30 ignore ID=1061918, use ID=457758.
[14-09-26 02:23:25.901] WARN : Sprite       f:0 st:218,921,954 at IsoSpriteManager.AddSprite          > duplicate texture f_bushes_2_31 ignore ID=1061919, use ID=457759.
[14-09-26 02:23:25.902] WARN : Sprite       f:0 st:218,921,954 at IsoSpriteManager.AddSprite          > duplicate texture f_bushes_2_32 ignore ID=1061920, use ID=457760.
[14-09-26 02:23:25.902] WARN : Sprite       f:0 st:218,921,954 at IsoSpriteManager.AddSprite          > duplicate texture f_bushes_2_33 ignore ID=1061921, use ID=457761.
[14-09-26 02:23:25.902] WARN : Sprite       f:0 st:218,921,955 at IsoSpriteManager.AddSprite          > duplicate texture f_bushes_2_34 ignore ID=1061922, use ID=457762.
[14-09-26 02:23:25.902] WARN : Sprite       f:0 st:218,921,955 at IsoSpriteManager.AddSprite          > duplicate texture f_bushes_2_35 ignore ID=1061923, use ID=457763.
[14-09-26 02:23:25.902] WARN : Sprite       f:0 st:218,921,955 at IsoSpriteManager.AddSprite          > duplicate texture f_bushes_2_36 ignore ID=1061924, use ID=457764.
[14-09-26 02:23:25.903] WARN : Sprite       f:0 st:218,921,955 at IsoSpriteManager.AddSprite          > duplicate texture f_bushes_2_37 ignore ID=1061925, use ID=457765.
[14-09-26 02:23:25.903] WARN : Sprite       f:0 st:218,921,955 at IsoSpriteManager.AddSprite          > duplicate texture f_bushes_2_38 ignore ID=1061926, use ID=457766.
[14-09-26 02:23:25.903] WARN : Sprite       f:0 st:218,921,956 at IsoSpriteManager.AddSprite          > duplicate texture f_bushes_2_39 ignore ID=1061927, use ID=457767.
[14-09-26 02:23:25.903] WARN : Sprite       f:0 st:218,921,956 at IsoSpriteManager.AddSprite          > duplicate texture f_bushes_2_40 ignore ID=1061928, use ID=457768.
[14-09-26 02:23:25.904] WARN : Sprite       f:0 st:218,921,956 at IsoSpriteManager.AddSprite          > duplicate texture f_bushes_2_41 ignore ID=1061929, use ID=457769.
[14-09-26 02:23:25.904] WARN : Sprite       f:0 st:218,921,957 at IsoSpriteManager.AddSprite          > duplicate texture f_bushes_2_42 ignore ID=1061930, use ID=457770.
[14-09-26 02:23:25.904] WARN : Sprite       f:0 st:218,921,957 at IsoSpriteManager.AddSprite          > duplicate texture f_bushes_2_43 ignore ID=1061931, use ID=457771.
[14-09-26 02:23:25.905] WARN : Sprite       f:0 st:218,921,957 at IsoSpriteManager.AddSprite          > duplicate texture f_bushes_2_44 ignore ID=1061932, use ID=457772.
[14-09-26 02:23:25.905] WARN : Sprite       f:0 st:218,921,957 at IsoSpriteManager.AddSprite          > duplicate texture f_bushes_2_45 ignore ID=1061933, use ID=457773.
[14-09-26 02:23:25.906] WARN : Sprite       f:0 st:218,921,958 at IsoSpriteManager.AddSprite          > duplicate texture f_bushes_2_46 ignore ID=1061934, use ID=457774.
[14-09-26 02:23:25.906] WARN : Sprite       f:0 st:218,921,958 at IsoSpriteManager.AddSprite          > duplicate texture f_bushes_2_47 ignore ID=1061935, use ID=457775.
[14-09-26 02:23:25.906] WARN : Sprite       f:0 st:218,921,958 at IsoSpriteManager.AddSprite          > duplicate texture f_bushes_2_48 ignore ID=1061936, use ID=457776.
[14-09-26 02:23:25.906] WARN : Sprite       f:0 st:218,921,958 at IsoSpriteManager.AddSprite          > duplicate texture f_bushes_2_49 ignore ID=1061937, use ID=457777.
[14-09-26 02:23:25.906] WARN : Sprite       f:0 st:218,921,958 at IsoSpriteManager.AddSprite          > duplicate texture f_bushes_2_50 ignore ID=1061938, use ID=457778.
[14-09-26 02:23:25.907] WARN : Sprite       f:0 st:218,921,959 at IsoSpriteManager.AddSprite          > duplicate texture f_bushes_2_51 ignore ID=1061939, use ID=457779.
[14-09-26 02:23:25.907] WARN : Sprite       f:0 st:218,921,959 at IsoSpriteManager.AddSprite          > duplicate texture f_bushes_2_52 ignore ID=1061940, use ID=457780.
[14-09-26 02:23:25.907] WARN : Sprite       f:0 st:218,921,959 at IsoSpriteManager.AddSprite          > duplicate texture f_bushes_2_53 ignore ID=1061941, use ID=457781.
[14-09-26 02:23:25.907] WARN : Sprite       f:0 st:218,921,959 at IsoSpriteManager.AddSprite          > duplicate texture f_bushes_2_54 ignore ID=1061942, use ID=457782.
[14-09-26 02:23:25.908] WARN : Sprite       f:0 st:218,921,960 at IsoSpriteManager.AddSprite          > duplicate texture f_bushes_2_55 ignore ID=1061943, use ID=457783.
[14-09-26 02:23:25.908] WARN : Sprite       f:0 st:218,921,960 at IsoSpriteManager.AddSprite          > duplicate texture f_bushes_2_56 ignore ID=1061944, use ID=457784.
[14-09-26 02:23:25.908] WARN : Sprite       f:0 st:218,921,960 at IsoSpriteManager.AddSprite          > duplicate texture f_bushes_2_57 ignore ID=1061945, use ID=457785.
[14-09-26 02:23:25.908] WARN : Sprite       f:0 st:218,921,960 at IsoSpriteManager.AddSprite          > duplicate texture f_bushes_2_58 ignore ID=1061946, use ID=457786.
[14-09-26 02:23:25.908] WARN : Sprite       f:0 st:218,921,961 at IsoSpriteManager.AddSprite          > duplicate texture f_bushes_2_59 ignore ID=1061947, use ID=457787.
[14-09-26 02:23:25.909] WARN : Sprite       f:0 st:218,921,961 at IsoSpriteManager.AddSprite          > duplicate texture f_bushes_2_60 ignore ID=1061948, use ID=457788.
[14-09-26 02:23:25.909] WARN : Sprite       f:0 st:218,921,961 at IsoSpriteManager.AddSprite          > duplicate texture f_bushes_2_61 ignore ID=1061949, use ID=457789.
[14-09-26 02:23:25.909] WARN : Sprite       f:0 st:218,921,961 at IsoSpriteManager.AddSprite          > duplicate texture f_bushes_2_62 ignore ID=1061950, use ID=457790.
[14-09-26 02:23:25.909] WARN : Sprite       f:0 st:218,921,961 at IsoSpriteManager.AddSprite          > duplicate texture f_bushes_2_63 ignore ID=1061951, use ID=457791.
[14-09-26 02:23:25.909] WARN : Sprite       f:0 st:218,921,962 at IsoSpriteManager.AddSprite          > duplicate texture f_bushes_2_64 ignore ID=1061952, use ID=457792.
[14-09-26 02:23:25.910] WARN : Sprite       f:0 st:218,921,962 at IsoSpriteManager.AddSprite          > duplicate texture f_bushes_2_65 ignore ID=1061953, use ID=457793.
[14-09-26 02:23:25.910] WARN : Sprite       f:0 st:218,921,962 at IsoSpriteManager.AddSprite          > duplicate texture f_bushes_2_66 ignore ID=1061954, use ID=457794.
[14-09-26 02:23:25.910] WARN : Sprite       f:0 st:218,921,962 at IsoSpriteManager.AddSprite          > duplicate texture f_bushes_2_67 ignore ID=1061955, use ID=457795.
[14-09-26 02:23:25.910] WARN : Sprite       f:0 st:218,921,962 at IsoSpriteManager.AddSprite          > duplicate texture f_bushes_2_68 ignore ID=1061956, use ID=457796.
[14-09-26 02:23:25.910] WARN : Sprite       f:0 st:218,921,963 at IsoSpriteManager.AddSprite          > duplicate texture f_bushes_2_69 ignore ID=1061957, use ID=457797.
[14-09-26 02:23:25.911] WARN : Sprite       f:0 st:218,921,963 at IsoSpriteManager.AddSprite          > duplicate texture f_bushes_2_70 ignore ID=1061958, use ID=457798.
[14-09-26 02:23:25.913] WARN : Sprite       f:0 st:218,921,965 at IsoSpriteManager.AddSprite          > duplicate texture f_bushes_2_71 ignore ID=1061959, use ID=457799.
[14-09-26 02:23:25.913] WARN : Sprite       f:0 st:218,921,965 at IsoSpriteManager.AddSprite          > duplicate texture f_bushes_2_72 ignore ID=1061960, use ID=457800.
[14-09-26 02:23:25.913] WARN : Sprite       f:0 st:218,921,965 at IsoSpriteManager.AddSprite          > duplicate texture f_bushes_2_73 ignore ID=1061961, use ID=457801.
[14-09-26 02:23:25.913] WARN : Sprite       f:0 st:218,921,966 at IsoSpriteManager.AddSprite          > duplicate texture f_bushes_2_74 ignore ID=1061962, use ID=457802.
[14-09-26 02:23:25.914] WARN : Sprite       f:0 st:218,921,966 at IsoSpriteManager.AddSprite          > duplicate texture f_bushes_2_75 ignore ID=1061963, use ID=457803.
[14-09-26 02:23:25.914] WARN : Sprite       f:0 st:218,921,966 at IsoSpriteManager.AddSprite          > duplicate texture f_bushes_2_76 ignore ID=1061964, use ID=457804.
[14-09-26 02:23:25.914] WARN : Sprite       f:0 st:218,921,966 at IsoSpriteManager.AddSprite          > duplicate texture f_bushes_2_77 ignore ID=1061965, use ID=457805.
[14-09-26 02:23:25.914] WARN : Sprite       f:0 st:218,921,967 at IsoSpriteManager.AddSprite          > duplicate texture f_bushes_2_78 ignore ID=1061966, use ID=457806.
[14-09-26 02:23:25.915] WARN : Sprite       f:0 st:218,921,967 at IsoSpriteManager.AddSprite          > duplicate texture f_bushes_2_79 ignore ID=1061967, use ID=457807.
[14-09-26 02:23:25.926] WARN : Sprite       f:0 st:218,921,978 at IsoSpriteManager.AddSprite          > duplicate texture floors_overlay_wood_01_0 ignore ID=1574400, use ID=468992.
[14-09-26 02:23:25.926] WARN : Sprite       f:0 st:218,921,979 at IsoSpriteManager.AddSprite          > duplicate texture floors_overlay_wood_01_1 ignore ID=1574401, use ID=468993.
[14-09-26 02:23:25.927] WARN : Sprite       f:0 st:218,921,979 at IsoSpriteManager.AddSprite          > duplicate texture floors_overlay_wood_01_2 ignore ID=1574402, use ID=468994.
[14-09-26 02:23:25.927] WARN : Sprite       f:0 st:218,921,979 at IsoSpriteManager.AddSprite          > duplicate texture floors_overlay_wood_01_3 ignore ID=1574403, use ID=468995.
[14-09-26 02:23:25.927] WARN : Sprite       f:0 st:218,921,979 at IsoSpriteManager.AddSprite          > duplicate texture floors_overlay_wood_01_4 ignore ID=1574404, use ID=468996.
[14-09-26 02:23:25.927] WARN : Sprite       f:0 st:218,921,980 at IsoSpriteManager.AddSprite          > duplicate texture floors_overlay_wood_01_5 ignore ID=1574405, use ID=468997.
[14-09-26 02:23:25.927] WARN : Sprite       f:0 st:218,921,980 at IsoSpriteManager.AddSprite          > duplicate texture floors_overlay_wood_01_6 ignore ID=1574406, use ID=468998.
[14-09-26 02:23:25.928] WARN : Sprite       f:0 st:218,921,980 at IsoSpriteManager.AddSprite          > duplicate texture floors_overlay_wood_01_7 ignore ID=1574407, use ID=468999.
[14-09-26 02:23:25.928] WARN : Sprite       f:0 st:218,921,980 at IsoSpriteManager.AddSprite          > duplicate texture floors_overlay_wood_01_8 ignore ID=1574408, use ID=469000.
[14-09-26 02:23:25.928] WARN : Sprite       f:0 st:218,921,980 at IsoSpriteManager.AddSprite          > duplicate texture floors_overlay_wood_01_9 ignore ID=1574409, use ID=469001.
[14-09-26 02:23:25.928] WARN : Sprite       f:0 st:218,921,980 at IsoSpriteManager.AddSprite          > duplicate texture floors_overlay_wood_01_10 ignore ID=1574410, use ID=469002.
[14-09-26 02:23:25.929] WARN : Sprite       f:0 st:218,921,981 at IsoSpriteManager.AddSprite          > duplicate texture floors_overlay_wood_01_11 ignore ID=1574411, use ID=469003.
[14-09-26 02:23:25.929] WARN : Sprite       f:0 st:218,921,981 at IsoSpriteManager.AddSprite          > duplicate texture floors_overlay_wood_01_12 ignore ID=1574412, use ID=469004.
[14-09-26 02:23:25.932] WARN : Sprite       f:0 st:218,921,984 at IsoSpriteManager.AddSprite          > duplicate texture floors_overlay_wood_01_13 ignore ID=1574413, use ID=469005.
[14-09-26 02:23:25.932] WARN : Sprite       f:0 st:218,921,984 at IsoSpriteManager.AddSprite          > duplicate texture floors_overlay_wood_01_14 ignore ID=1574414, use ID=469006.
[14-09-26 02:23:25.932] WARN : Sprite       f:0 st:218,921,984 at IsoSpriteManager.AddSprite          > duplicate texture floors_overlay_wood_01_15 ignore ID=1574415, use ID=469007.
[14-09-26 02:23:25.932] WARN : Sprite       f:0 st:218,921,985 at IsoSpriteManager.AddSprite          > duplicate texture floors_overlay_wood_01_16 ignore ID=1574416, use ID=469008.
[14-09-26 02:23:25.933] WARN : Sprite       f:0 st:218,921,985 at IsoSpriteManager.AddSprite          > duplicate texture floors_overlay_wood_01_17 ignore ID=1574417, use ID=469009.
[14-09-26 02:23:25.933] WARN : Sprite       f:0 st:218,921,985 at IsoSpriteManager.AddSprite          > duplicate texture floors_overlay_wood_01_18 ignore ID=1574418, use ID=469010.
[14-09-26 02:23:25.933] WARN : Sprite       f:0 st:218,921,985 at IsoSpriteManager.AddSprite          > duplicate texture floors_overlay_wood_01_19 ignore ID=1574419, use ID=469011.
[14-09-26 02:23:25.933] WARN : Sprite       f:0 st:218,921,985 at IsoSpriteManager.AddSprite          > duplicate texture floors_overlay_wood_01_20 ignore ID=1574420, use ID=469012.
[14-09-26 02:23:25.933] WARN : Sprite       f:0 st:218,921,986 at IsoSpriteManager.AddSprite          > duplicate texture floors_overlay_wood_01_21 ignore ID=1574421, use ID=469013.
[14-09-26 02:23:25.934] WARN : Sprite       f:0 st:218,921,986 at IsoSpriteManager.AddSprite          > duplicate texture floors_overlay_wood_01_22 ignore ID=1574422, use ID=469014.
[14-09-26 02:23:25.934] WARN : Sprite       f:0 st:218,921,986 at IsoSpriteManager.AddSprite          > duplicate texture floors_overlay_wood_01_23 ignore ID=1574423, use ID=469015.
[14-09-26 02:23:25.934] WARN : Sprite       f:0 st:218,921,986 at IsoSpriteManager.AddSprite          > duplicate texture floors_overlay_wood_01_24 ignore ID=1574424, use ID=469016.
[14-09-26 02:23:25.934] WARN : Sprite       f:0 st:218,921,987 at IsoSpriteManager.AddSprite          > duplicate texture floors_overlay_wood_01_25 ignore ID=1574425, use ID=469017.
[14-09-26 02:23:25.934] WARN : Sprite       f:0 st:218,921,987 at IsoSpriteManager.AddSprite          > duplicate texture floors_overlay_wood_01_26 ignore ID=1574426, use ID=469018.
[14-09-26 02:23:25.934] WARN : Sprite       f:0 st:218,921,987 at IsoSpriteManager.AddSprite          > duplicate texture floors_overlay_wood_01_27 ignore ID=1574427, use ID=469019.
[14-09-26 02:23:25.935] WARN : Sprite       f:0 st:218,921,987 at IsoSpriteManager.AddSprite          > duplicate texture floors_overlay_wood_01_28 ignore ID=1574428, use ID=469020.
[14-09-26 02:23:25.935] WARN : Sprite       f:0 st:218,921,988 at IsoSpriteManager.AddSprite          > duplicate texture floors_overlay_wood_01_29 ignore ID=1574429, use ID=469021.
[14-09-26 02:23:25.935] WARN : Sprite       f:0 st:218,921,988 at IsoSpriteManager.AddSprite          > duplicate texture floors_overlay_wood_01_30 ignore ID=1574430, use ID=469022.
[14-09-26 02:23:25.935] WARN : Sprite       f:0 st:218,921,988 at IsoSpriteManager.AddSprite          > duplicate texture floors_overlay_wood_01_31 ignore ID=1574431, use ID=469023.
[14-09-26 02:23:25.935] WARN : Sprite       f:0 st:218,921,988 at IsoSpriteManager.AddSprite          > duplicate texture floors_overlay_wood_01_32 ignore ID=1574432, use ID=469024.
[14-09-26 02:23:25.936] WARN : Sprite       f:0 st:218,921,988 at IsoSpriteManager.AddSprite          > duplicate texture floors_overlay_wood_01_33 ignore ID=1574433, use ID=469025.
[14-09-26 02:23:25.936] WARN : Sprite       f:0 st:218,921,989 at IsoSpriteManager.AddSprite          > duplicate texture floors_overlay_wood_01_34 ignore ID=1574434, use ID=469026.
[14-09-26 02:23:25.936] WARN : Sprite       f:0 st:218,921,989 at IsoSpriteManager.AddSprite          > duplicate texture floors_overlay_wood_01_35 ignore ID=1574435, use ID=469027.
[14-09-26 02:23:25.936] WARN : Sprite       f:0 st:218,921,989 at IsoSpriteManager.AddSprite          > duplicate texture floors_overlay_wood_01_36 ignore ID=1574436, use ID=469028.
[14-09-26 02:23:25.936] WARN : Sprite       f:0 st:218,921,989 at IsoSpriteManager.AddSprite          > duplicate texture floors_overlay_wood_01_37 ignore ID=1574437, use ID=469029.
[14-09-26 02:23:25.937] WARN : Sprite       f:0 st:218,921,989 at IsoSpriteManager.AddSprite          > duplicate texture floors_overlay_wood_01_38 ignore ID=1574438, use ID=469030.
[14-09-26 02:23:25.937] WARN : Sprite       f:0 st:218,921,990 at IsoSpriteManager.AddSprite          > duplicate texture floors_overlay_wood_01_39 ignore ID=1574439, use ID=469031.
[14-09-26 02:23:25.937] WARN : Sprite       f:0 st:218,921,990 at IsoSpriteManager.AddSprite          > duplicate texture floors_overlay_wood_01_40 ignore ID=1574440, use ID=469032.
[14-09-26 02:23:25.937] WARN : Sprite       f:0 st:218,921,990 at IsoSpriteManager.AddSprite          > duplicate texture floors_overlay_wood_01_41 ignore ID=1574441, use ID=469033.
[14-09-26 02:23:25.937] WARN : Sprite       f:0 st:218,921,990 at IsoSpriteManager.AddSprite          > duplicate texture floors_overlay_wood_01_42 ignore ID=1574442, use ID=469034.
[14-09-26 02:23:25.938] WARN : Sprite       f:0 st:218,921,990 at IsoSpriteManager.AddSprite          > duplicate texture floors_overlay_wood_01_43 ignore ID=1574443, use ID=469035.
[14-09-26 02:23:25.938] WARN : Sprite       f:0 st:218,921,991 at IsoSpriteManager.AddSprite          > duplicate texture floors_overlay_wood_01_44 ignore ID=1574444, use ID=469036.
[14-09-26 02:23:25.938] WARN : Sprite       f:0 st:218,921,991 at IsoSpriteManager.AddSprite          > duplicate texture floors_overlay_wood_01_45 ignore ID=1574445, use ID=469037.
[14-09-26 02:23:25.938] WARN : Sprite       f:0 st:218,921,991 at IsoSpriteManager.AddSprite          > duplicate texture floors_overlay_wood_01_46 ignore ID=1574446, use ID=469038.
[14-09-26 02:23:25.938] WARN : Sprite       f:0 st:218,921,991 at IsoSpriteManager.AddSprite          > duplicate texture floors_overlay_wood_01_47 ignore ID=1574447, use ID=469039.
[14-09-26 02:23:25.939] WARN : Sprite       f:0 st:218,921,991 at IsoSpriteManager.AddSprite          > duplicate texture floors_overlay_wood_01_48 ignore ID=1574448, use ID=469040.
[14-09-26 02:23:25.939] WARN : Sprite       f:0 st:218,921,992 at IsoSpriteManager.AddSprite          > duplicate texture floors_overlay_wood_01_49 ignore ID=1574449, use ID=469041.
[14-09-26 02:23:25.939] WARN : Sprite       f:0 st:218,921,992 at IsoSpriteManager.AddSprite          > duplicate texture floors_overlay_wood_01_50 ignore ID=1574450, use ID=469042.
[14-09-26 02:23:25.939] WARN : Sprite       f:0 st:218,921,992 at IsoSpriteManager.AddSprite          > duplicate texture floors_overlay_wood_01_51 ignore ID=1574451, use ID=469043.
[14-09-26 02:23:25.939] WARN : Sprite       f:0 st:218,921,992 at IsoSpriteManager.AddSprite          > duplicate texture floors_overlay_wood_01_52 ignore ID=1574452, use ID=469044.
[14-09-26 02:23:25.940] WARN : Sprite       f:0 st:218,921,992 at IsoSpriteManager.AddSprite          > duplicate texture floors_overlay_wood_01_53 ignore ID=1574453, use ID=469045.
[14-09-26 02:23:25.940] WARN : Sprite       f:0 st:218,921,993 at IsoSpriteManager.AddSprite          > duplicate texture floors_overlay_wood_01_54 ignore ID=1574454, use ID=469046.
[14-09-26 02:23:25.940] WARN : Sprite       f:0 st:218,921,993 at IsoSpriteManager.AddSprite          > duplicate texture floors_overlay_wood_01_55 ignore ID=1574455, use ID=469047.
[14-09-26 02:23:25.941] WARN : Sprite       f:0 st:218,921,994 at IsoSpriteManager.AddSprite          > duplicate texture floors_overlay_wood_01_56 ignore ID=1574456, use ID=469048.
[14-09-26 02:23:25.941] WARN : Sprite       f:0 st:218,921,994 at IsoSpriteManager.AddSprite          > duplicate texture floors_overlay_wood_01_57 ignore ID=1574457, use ID=469049.
[14-09-26 02:23:25.942] WARN : Sprite       f:0 st:218,921,994 at IsoSpriteManager.AddSprite          > duplicate texture floors_overlay_wood_01_58 ignore ID=1574458, use ID=469050.
[14-09-26 02:23:25.942] WARN : Sprite       f:0 st:218,921,995 at IsoSpriteManager.AddSprite          > duplicate texture floors_overlay_wood_01_59 ignore ID=1574459, use ID=469051.
[14-09-26 02:23:25.942] WARN : Sprite       f:0 st:218,921,995 at IsoSpriteManager.AddSprite          > duplicate texture floors_overlay_wood_01_60 ignore ID=1574460, use ID=469052.
[14-09-26 02:23:25.942] WARN : Sprite       f:0 st:218,921,995 at IsoSpriteManager.AddSprite          > duplicate texture floors_overlay_wood_01_61 ignore ID=1574461, use ID=469053.
[14-09-26 02:23:25.942] WARN : Sprite       f:0 st:218,921,995 at IsoSpriteManager.AddSprite          > duplicate texture floors_overlay_wood_01_62 ignore ID=1574462, use ID=469054.
[14-09-26 02:23:25.943] WARN : Sprite       f:0 st:218,921,996 at IsoSpriteManager.AddSprite          > duplicate texture floors_overlay_wood_01_63 ignore ID=1574463, use ID=469055.
[14-09-26 02:23:25.943] WARN : Sprite       f:0 st:218,921,996 at IsoSpriteManager.AddSprite          > duplicate texture floors_overlay_wood_01_64 ignore ID=1574464, use ID=469056.
[14-09-26 02:23:25.943] WARN : Sprite       f:0 st:218,921,996 at IsoSpriteManager.AddSprite          > duplicate texture floors_overlay_wood_01_65 ignore ID=1574465, use ID=469057.
[14-09-26 02:23:25.943] WARN : Sprite       f:0 st:218,921,996 at IsoSpriteManager.AddSprite          > duplicate texture floors_overlay_wood_01_66 ignore ID=1574466, use ID=469058.
[14-09-26 02:23:25.943] WARN : Sprite       f:0 st:218,921,996 at IsoSpriteManager.AddSprite          > duplicate texture floors_overlay_wood_01_67 ignore ID=1574467, use ID=469059.
[14-09-26 02:23:25.944] WARN : Sprite       f:0 st:218,921,997 at IsoSpriteManager.AddSprite          > duplicate texture floors_overlay_wood_01_68 ignore ID=1574468, use ID=469060.
[14-09-26 02:23:25.944] WARN : Sprite       f:0 st:218,921,997 at IsoSpriteManager.AddSprite          > duplicate texture floors_overlay_wood_01_69 ignore ID=1574469, use ID=469061.
[14-09-26 02:23:25.944] WARN : Sprite       f:0 st:218,921,997 at IsoSpriteManager.AddSprite          > duplicate texture floors_overlay_wood_01_70 ignore ID=1574470, use ID=469062.
[14-09-26 02:23:25.944] WARN : Sprite       f:0 st:218,921,997 at IsoSpriteManager.AddSprite          > duplicate texture floors_overlay_wood_01_71 ignore ID=1574471, use ID=469063.
[14-09-26 02:23:26.023] LOG  : General      f:0 st:218,922,075> LoadTileDefinitions end.
[14-09-26 02:23:26.043] LOG  : General      f:0 st:218,922,097> triggerEvent OnLoadedTileDefinitions.
[14-09-26 02:23:26.157] LOG  : General      f:0 st:218,922,210> loadAnimalDefinitions start.
[14-09-26 02:23:26.167] LOG  : General      f:0 st:218,922,219> loadAnimalDefinitions end.
[14-09-26 02:23:26.246] LOG  : General      f:0 st:218,922,298> GameTime.init() and load() start.
[14-09-26 02:23:26.248] LOG  : General      f:0 st:218,922,300> GameTime.init() and load() end.
[14-09-26 02:23:26.248] LOG  : General      f:0 st:218,922,300> ZomboidRadio.Init() start.
[14-09-26 02:23:26.293] LOG  : General      f:0 st:218,922,346> :: Searching for radio data files:.
[14-09-26 02:23:26.363] LOG  : General      f:0 st:218,922,416>  Found file: E:\SteamLibrary\steamapps\common\ProjectZomboid\media\radio\RadioData.xml.
[14-09-26 02:23:26.363] LOG  : General      f:0 st:218,922,416> :: Searching for translation files:.
[14-09-26 02:23:26.404] LOG  : Lua          f:0 st:218,922,457> scriptmanager = zombie.radio.scripting.RadioScriptManager@7d4d3842, isNewGame = false.
[14-09-26 02:23:26.405] LOG  : Lua          f:0 st:218,922,458> name = Automated Emergency Broadcast System, freq = 107800, cat = Emergency, uuid = EMRG-711984.
[14-09-26 02:23:26.409] LOG  : General      f:0 st:218,922,461> Radio Loading channels....
[14-09-26 02:23:26.409] LOG  : General      f:0 st:218,922,462> ZomboidRadio.Init() end.
[14-09-26 02:23:26.409] LOG  : General      f:0 st:218,922,462> GlobalModData.init() start.
[14-09-26 02:23:26.410] LOG  : General      f:0 st:218,922,463> GlobalModData.init() end.
[14-09-26 02:23:26.410] LOG  : General      f:0 st:218,922,463> InstanceTracker.load() start.
[14-09-26 02:23:26.416] LOG  : General      f:0 st:218,922,468> InstanceTracker.load() end.
[14-09-26 02:23:26.416] LOG  : General      f:0 st:218,922,469> ErosionGlobals.Boot() start.
[14-09-26 02:23:26.439] LOG  : General      f:0 st:218,922,492> ErosionGlobals.Boot() end.
[14-09-26 02:23:26.439] LOG  : General      f:0 st:218,922,493> WorldDictionary.init() start.
[14-09-26 02:23:26.441] LOG  : General      f:0 st:218,922,493> WorldDictionary: Checking dictionary....
[14-09-26 02:23:26.447] LOG  : General      f:0 st:218,922,500> Loading WorldDictionary:E:\pzmod\test-profile\mp-server\Saves\Multiplayer\servertest\WorldDictionary.bin.
[14-09-26 02:23:26.544] LOG  : General      f:0 st:218,922,597> WorldDictionary.init() end.
[14-09-26 02:23:26.546] LOG  : General      f:0 st:218,922,599> GameEntityManager.Init() start.
[14-09-26 02:23:26.557] LOG  : General      f:0 st:218,922,610> GameEntityManager.Init() end.
[14-09-26 02:23:26.557] LOG  : General      f:0 st:218,922,610> PersistentOutfits.init() start.
[14-09-26 02:23:26.565] LOG  : General      f:0 st:218,922,618> PersistentOutfits.init() end.
[14-09-26 02:23:26.621] LOG  : General      f:0 st:218,922,673> IsoMetaGrid.Create: finished loading in 1.831 seconds.
[14-09-26 02:23:27.420] ERROR: Lua          f:0 st:218,923,473 at Lua(Vanilla).handleMannequinZone    > ERROR: Mannequin zone missing properties in media/maps/Muldraugh, KY/objects.lua coords: 13583, 1299, 0.
[14-09-26 02:23:27.970] ERROR: General      f:0 st:218,924,023 at Basements.mergeRoomsOntoMetaCell    > duplicate RoomDef.metaID for room at 10707,9484,0.
[14-09-26 02:23:28.073] ERROR: General      f:0 st:218,924,126 at IsoMetaGrid.load                    > invalid room metaID #231 in cell 25,33 while reading map_meta.bin.
[14-09-26 02:23:28.073] ERROR: General      f:0 st:218,924,126 at IsoMetaGrid.load                    > invalid room metaID #327914 in cell 25,33 while reading map_meta.bin.
[14-09-26 02:23:28.073] ERROR: General      f:0 st:218,924,126 at IsoMetaGrid.load                    > invalid room metaID #327911 in cell 25,33 while reading map_meta.bin.
[14-09-26 02:23:28.073] ERROR: General      f:0 st:218,924,126 at IsoMetaGrid.load                    > invalid room metaID #655594 in cell 25,33 while reading map_meta.bin.
[14-09-26 02:23:28.126] LOG  : General      f:0 st:218,924,178> loading 9774 zones from map_zone.bin.
[14-09-26 02:23:28.319] LOG  : General      f:0 st:218,924,372> loading 126 zones from map_animals.bin.
[14-09-26 02:23:28.350] LOG  : General      f:0 st:218,924,402> Max #ZONES on one chunk is 27.
[14-09-26 02:23:28.350] LOG  : General      f:0 st:218,924,402> triggerEvent OnLoadedMapZones.
[14-09-26 02:23:28.559] LOG  : General      f:0 st:218,924,611> ItemConfigurator.Preprocess() start.
[14-09-26 02:23:28.592] LOG  : General      f:0 st:218,924,645> ItemConfigurator.Preprocess() end.
[14-09-26 02:23:28.596] LOG  : General      f:0 st:218,924,649> MapCollisionData.init() start.
[14-09-26 02:23:29.168] LOG  : General      f:0 st:218,925,221> MapCollisionData.init() end.
[14-09-26 02:23:29.168] LOG  : General      f:0 st:218,925,221> AnimalPopulationManager.init() start.
[14-09-26 02:23:29.187] LOG  : General      f:0 st:218,925,239> AnimalPopulationManager.init() end.
[14-09-26 02:23:29.187] LOG  : General      f:0 st:218,925,240> ZombiePopulationManager.init() start.
[14-09-26 02:23:29.220] LOG  : General      f:0 st:218,925,273> ZombiePopulationManager.init() end.
[14-09-26 02:23:29.220] LOG  : General      f:0 st:218,925,273> Pathfind init() start.
[14-09-26 02:23:29.230] LOG  : General      f:0 st:218,925,282> Pathfind init() end.
[14-09-26 02:23:29.231] LOG  : General      f:0 st:218,925,283> WorldStreamer.create() start.
[14-09-26 02:23:29.232] LOG  : General      f:0 st:218,925,284> WorldStreamer.create() end.
[14-09-26 02:23:29.233] LOG  : General      f:0 st:218,925,285> CellLoader.LoadCellBinaryChunk start.
[14-09-26 02:23:29.234] LOG  : General      f:0 st:218,925,287> CellLoader.LoadCellBinaryChunk start.
[14-09-26 02:23:29.236] LOG  : General      f:0 st:218,925,289> WorldStreamer.isBusy() loop start.
[14-09-26 02:23:29.236] LOG  : General      f:0 st:218,925,289> WorldStreamer.isBusy() loop end.
[14-09-26 02:23:29.249] LOG  : General      f:0 st:218,925,302> MetaTracker.load() start.
[14-09-26 02:23:29.250] LOG  : General      f:0 st:218,925,302> MetaTracker.load() end.
[14-09-26 02:23:29.292] LOG  : Network      f:0 st:218,925,344> Initialising RakNet....
[14-09-26 02:23:29.308] LOG  : Network      f:0 st:218,925,361> *** SERVER STARTED ****.
[14-09-26 02:23:29.308] LOG  : Network      f:0 st:218,925,361> *** Steam is not enabled.
[14-09-26 02:23:29.311] LOG  : Lua          f:0 st:218,925,363> LuaNet: Initializing....
[14-09-26 02:23:29.311] LOG  : Lua          f:0 st:218,925,363> LuaNet: Registering server listener....
[14-09-26 02:23:29.311] LOG  : Lua          f:0 st:218,925,364> LuaNet: Initialization [DONE], triggering events for 'LuaNet.onInitAdd'..
[14-09-26 02:23:31.020] LOG  : General      f:1 st:218,927,072> Missing texture: media/textures/weather/fogwhite.png.
[14-09-26 02:23:55.385] WARN : Packet       f:245 st:218,951,437 at PacketsCache.<init>                 > No packet handler for type: Drink, EatBody, SandboxOptions, ReceiveCommand, Ping, SpawnRegion, WorldMapPlayerPosition, WorldMap, AddAmbient, ZombieSound, PlaySoundEveryPlayer, StartRain, StopRain, ClimateManagerPacket, IsoRegionServerPacket, IsoRegionClientRequestFullUpdate, SyncIsoObject, ClientCommand, BloodSplatter, ZombieDescriptors, UpdateItemSprite, SyncCompost, SyncPerks, SyncEquippedRadioFreq, AddAlarm, ChangeTextColor, ChunkObjectStateResponse, StartFishSplash, FishingData, ToxicBuilding, InvMngReqItem, InvMngGetItem, InvMngRemoveItem, InvMngUpdateItem, ChangePlayerStats, ConstructedZone, ViewBannedIPs, ViewBannedSteamIDs, InitPlayerChat, PlayerJoinChat, PlayerLeaveChat, ChatMessageFromPlayer, ChatMessageToPlayer, PlayerStartPMChat, AddChatTab, RemoveChatTab, PlayerConnectedToChat, PlayerNotFound, PlayerListensChannel, RadioServerData, RadioDeviceDataState, RadioPostSilenceEvent, SyncRadioData, SendItemListNet.
[14-09-26 02:23:55.400] LOG  : Network      f:245 st:218,951,453> Connected new client 468374580177960197 ID # 0.
[14-09-26 02:24:01.547] WARN : Packet       f:306 st:218,957,599 at PacketsCache.<init>                 > No packet handler for type: Drink, EatBody, SandboxOptions, ReceiveCommand, Ping, SpawnRegion, WorldMapPlayerPosition, WorldMap, AddAmbient, ZombieSound, PlaySoundEveryPlayer, StartRain, StopRain, ClimateManagerPacket, IsoRegionServerPacket, IsoRegionClientRequestFullUpdate, SyncIsoObject, ClientCommand, BloodSplatter, ZombieDescriptors, UpdateItemSprite, SyncCompost, SyncPerks, SyncEquippedRadioFreq, AddAlarm, ChangeTextColor, ChunkObjectStateResponse, StartFishSplash, FishingData, ToxicBuilding, InvMngReqItem, InvMngGetItem, InvMngRemoveItem, InvMngUpdateItem, ChangePlayerStats, ConstructedZone, ViewBannedIPs, ViewBannedSteamIDs, InitPlayerChat, PlayerJoinChat, PlayerLeaveChat, ChatMessageFromPlayer, ChatMessageToPlayer, PlayerStartPMChat, AddChatTab, RemoveChatTab, PlayerConnectedToChat, PlayerNotFound, PlayerListensChannel, RadioServerData, RadioDeviceDataState, RadioPostSilenceEvent, SyncRadioData, SendItemListNet.
[14-09-26 02:24:01.552] LOG  : Network      f:306 st:218,957,605> Connected new client 1049338932114437451 ID # 4.
[14-09-26 02:24:29.307] LOG  : General      f:583 st:218,985,360> SaveAll took 36.3351 ms.
[14-09-26 02:24:29.307] LOG  : General      f:583 st:218,985,360> Saving players.
[14-09-26 02:24:29.372] LOG  : General      f:583 st:218,985,424> Saving worldgen params.
[14-09-26 02:24:29.382] LOG  : General      f:583 st:218,985,435> Saving GlobalModData.
[14-09-26 02:24:29.386] LOG  : General      f:583 st:218,985,438> Saving finish.
[14-09-26 02:24:29.386] LOG  : General      f:583 st:218,985,438> Saving took 116.8546 ms.
[14-09-26 02:24:32.653] WARN : ActionSystem f:616 st:218,988,706 at ActionState.parse                   > Canceled loading wrong transition from milkanimal to milkanimal in file to_milkanimal.xml.
[14-09-26 02:24:32.665] WARN : ActionSystem f:616 st:218,988,718 at ActionState.parse                   > Canceled loading wrong transition from petanimal to petanimal in file to_petanimal.xml.
[14-09-26 02:24:32.680] WARN : ActionSystem f:616 st:218,988,733 at ActionState.parse                   > Canceled loading wrong transition from shearanimal to shearanimal in file to_shearanimal.xml.
[14-09-26 02:24:32.796] ERROR: General      f:619 st:218,988,849> IsoChunk.LoadOrCreate> Exception thrown
	java.lang.RuntimeException: SANITY CHECK FAIL! thread="LoadChunk"
CRC mismatch save=1639773710 load=2498038360
save chunk=null
load wx,wy=989,1430 thread="LoadChunk"
 at IsoChunk$SanityCheck.log(IsoChunk.java:4583). Message: Error loading chunk 989,1430
	Stack trace:
		zombie.iso.IsoChunk$SanityCheck.log(IsoChunk.java:4583)
		zombie.iso.IsoChunk$SanityCheck.checkCRC(IsoChunk.java:4531)
		zombie.iso.IsoChunk.LoadFromDiskOrBufferInternal(IsoChunk.java:3649)
		zombie.iso.IsoChunk.LoadFromDiskOrBuffer(IsoChunk.java:3595)
		zombie.iso.IsoChunk.LoadFromDisk(IsoChunk.java:3589)
		zombie.iso.IsoChunk.LoadOrCreate(IsoChunk.java:2353)
		zombie.iso.IsoChunk.LoadChunk(IsoChunk.java:2332)
		zombie.network.ServerChunkLoader$LoaderThread.run(ServerChunkLoader.java:70).
[14-09-26 02:24:32.854] ERROR: General      f:619 st:218,988,907> IsoChunk.LoadOrCreate> Exception thrown
	java.lang.RuntimeException: SANITY CHECK FAIL! thread="LoadChunk"
CRC mismatch save=3831408394 load=3933180094
save chunk=null
load wx,wy=989,1431 thread="LoadChunk"
 at IsoChunk$SanityCheck.log(IsoChunk.java:4583). Message: Error loading chunk 989,1431
	Stack trace:
		zombie.iso.IsoChunk$SanityCheck.log(IsoChunk.java:4583)
		zombie.iso.IsoChunk$SanityCheck.checkCRC(IsoChunk.java:4531)
		zombie.iso.IsoChunk.LoadFromDiskOrBufferInternal(IsoChunk.java:3649)
		zombie.iso.IsoChunk.LoadFromDiskOrBuffer(IsoChunk.java:3595)
		zombie.iso.IsoChunk.LoadFromDisk(IsoChunk.java:3589)
		zombie.iso.IsoChunk.LoadOrCreate(IsoChunk.java:2353)
		zombie.iso.IsoChunk.LoadChunk(IsoChunk.java:2332)
		zombie.network.ServerChunkLoader$LoaderThread.run(ServerChunkLoader.java:70).
[14-09-26 02:24:32.924] ERROR: General      f:620 st:218,988,977> IsoChunk.LoadOrCreate> Exception thrown
	java.lang.RuntimeException: SANITY CHECK FAIL! thread="LoadChunk"
CRC mismatch save=1104119203 load=2534160427
save chunk=null
load wx,wy=989,1417 thread="LoadChunk"
 at IsoChunk$SanityCheck.log(IsoChunk.java:4583). Message: Error loading chunk 989,1417
	Stack trace:
		zombie.iso.IsoChunk$SanityCheck.log(IsoChunk.java:4583)
		zombie.iso.IsoChunk$SanityCheck.checkCRC(IsoChunk.java:4531)
		zombie.iso.IsoChunk.LoadFromDiskOrBufferInternal(IsoChunk.java:3649)
		zombie.iso.IsoChunk.LoadFromDiskOrBuffer(IsoChunk.java:3595)
		zombie.iso.IsoChunk.LoadFromDisk(IsoChunk.java:3589)
		zombie.iso.IsoChunk.LoadOrCreate(IsoChunk.java:2353)
		zombie.iso.IsoChunk.LoadChunk(IsoChunk.java:2332)
		zombie.network.ServerChunkLoader$LoaderThread.run(ServerChunkLoader.java:70).
[14-09-26 02:24:33.028] ERROR: General      f:621 st:218,989,081> IsoChunk.LoadOrCreate> Exception thrown
	java.lang.RuntimeException: SANITY CHECK FAIL! thread="LoadChunk"
CRC mismatch save=3268893421 load=1912256601
save chunk=null
load wx,wy=996,1418 thread="LoadChunk"
 at IsoChunk$SanityCheck.log(IsoChunk.java:4583). Message: Error loading chunk 996,1418
	Stack trace:
		zombie.iso.IsoChunk$SanityCheck.log(IsoChunk.java:4583)
		zombie.iso.IsoChunk$SanityCheck.checkCRC(IsoChunk.java:4531)
		zombie.iso.IsoChunk.LoadFromDiskOrBufferInternal(IsoChunk.java:3649)
		zombie.iso.IsoChunk.LoadFromDiskOrBuffer(IsoChunk.java:3595)
		zombie.iso.IsoChunk.LoadFromDisk(IsoChunk.java:3589)
		zombie.iso.IsoChunk.LoadOrCreate(IsoChunk.java:2353)
		zombie.iso.IsoChunk.LoadChunk(IsoChunk.java:2332)
		zombie.network.ServerChunkLoader$LoaderThread.run(ServerChunkLoader.java:70).
[14-09-26 02:24:33.120] ERROR: General      f:622 st:218,989,172> IsoChunk.LoadOrCreate> Exception thrown
	java.lang.RuntimeException: SANITY CHECK FAIL! thread="LoadChunk"
CRC mismatch save=3268893421 load=49424516
save chunk=null
load wx,wy=980,1431 thread="LoadChunk"
 at IsoChunk$SanityCheck.log(IsoChunk.java:4583). Message: Error loading chunk 980,1431
	Stack trace:
		zombie.iso.IsoChunk$SanityCheck.log(IsoChunk.java:4583)
		zombie.iso.IsoChunk$SanityCheck.checkCRC(IsoChunk.java:4531)
		zombie.iso.IsoChunk.LoadFromDiskOrBufferInternal(IsoChunk.java:3649)
		zombie.iso.IsoChunk.LoadFromDiskOrBuffer(IsoChunk.java:3595)
		zombie.iso.IsoChunk.LoadFromDisk(IsoChunk.java:3589)
		zombie.iso.IsoChunk.LoadOrCreate(IsoChunk.java:2353)
		zombie.iso.IsoChunk.LoadChunk(IsoChunk.java:2332)
		zombie.network.ServerChunkLoader$LoaderThread.run(ServerChunkLoader.java:70).
[14-09-26 02:24:33.518] WARN : ActionSystem f:624 st:218,989,570 at ActionState.parse                   > Canceled loading wrong transition from eating to eating in file to_eating.xml.
[14-09-26 02:24:33.521] WARN : ActionSystem f:624 st:218,989,574 at ActionState.parse                   > Canceled loading wrong transition from hitreaction to hitreaction in file to_hitreaction.xml.
[14-09-26 02:24:33.526] WARN : ActionSystem f:624 st:218,989,579 at ActionState.parse                   > Canceled loading wrong transition from pathfind to pathfind in file to_pathfind.xml.
[14-09-26 02:24:33.530] WARN : ActionSystem f:624 st:218,989,582 at ActionState.parse                   > Canceled loading wrong transition from trailer to trailer in file to_trailer.xml.
[14-09-26 02:24:33.532] WARN : ActionSystem f:624 st:218,989,585 at ActionState.parse                   > Canceled loading wrong transition from walk to walk in file to_walk.xml.
[14-09-26 02:24:33.549] WARN : ActionSystem f:624 st:218,989,601 at ActionState.parse                   > Canceled loading wrong transition from eating to eating in file to_eating.xml.
[14-09-26 02:24:33.552] WARN : ActionSystem f:624 st:218,989,605 at ActionState.parse                   > Canceled loading wrong transition from hitreaction to hitreaction in file to_hitreaction.xml.
[14-09-26 02:24:33.557] WARN : ActionSystem f:624 st:218,989,610 at ActionState.parse                   > Canceled loading wrong transition from pathfind to pathfind in file to_pathfind.xml.
[14-09-26 02:24:33.559] WARN : ActionSystem f:624 st:218,989,612 at ActionState.parse                   > Canceled loading wrong transition from trailer to trailer in file to_trailer.xml.
[14-09-26 02:24:33.561] WARN : ActionSystem f:624 st:218,989,614 at ActionState.parse                   > Canceled loading wrong transition from walk to walk in file to_walk.xml.
[14-09-26 02:24:34.528] WARN : Ragdoll      f:634 st:218,990,581 at SkinningBoneHierarchy.buildBoneHierarchy> SkeletonBone not resolved for bone: Bip01_HeadNub, defaulting to SkeletonBone.None.
[14-09-26 02:24:34.528] WARN : Ragdoll      f:634 st:218,990,581 at SkinningBoneHierarchy.buildBoneHierarchy> SkeletonBone not resolved for bone: Bip01_Tail, defaulting to SkeletonBone.None.
[14-09-26 02:24:34.528] WARN : Ragdoll      f:634 st:218,990,581 at SkinningBoneHierarchy.buildBoneHierarchy> SkeletonBone not resolved for bone: Bip01_L_Finger0Nub, defaulting to SkeletonBone.None.
[14-09-26 02:24:34.528] WARN : Ragdoll      f:634 st:218,990,582 at SkinningBoneHierarchy.buildBoneHierarchy> SkeletonBone not resolved for bone: Bip01_RightEar, defaulting to SkeletonBone.None.
[14-09-26 02:24:34.529] WARN : Ragdoll      f:634 st:218,990,582 at SkinningBoneHierarchy.buildBoneHierarchy> SkeletonBone not resolved for bone: Bip01_R_Toe0Nub, defaulting to SkeletonBone.None.
[14-09-26 02:24:34.529] WARN : Ragdoll      f:634 st:218,990,582 at SkinningBoneHierarchy.buildBoneHierarchy> SkeletonBone not resolved for bone: Bip01_Neck1, defaulting to SkeletonBone.None.
[14-09-26 02:24:34.529] WARN : Ragdoll      f:634 st:218,990,582 at SkinningBoneHierarchy.buildBoneHierarchy> SkeletonBone not resolved for bone: Bip01_R_Finger0Nub, defaulting to SkeletonBone.None.
[14-09-26 02:24:34.529] WARN : Ragdoll      f:634 st:218,990,582 at SkinningBoneHierarchy.buildBoneHierarchy> SkeletonBone not resolved for bone: Bip01_L_Toe0Nub, defaulting to SkeletonBone.None.
[14-09-26 02:24:34.530] WARN : Ragdoll      f:634 st:218,990,583 at SkinningBoneHierarchy.buildBoneHierarchy> SkeletonBone not resolved for bone: Bip01_LeftEarNub, defaulting to SkeletonBone.None.
[14-09-26 02:24:34.530] WARN : Ragdoll      f:634 st:218,990,583 at SkinningBoneHierarchy.buildBoneHierarchy> SkeletonBone not resolved for bone: Bip01_RightEarNub, defaulting to SkeletonBone.None.
[14-09-26 02:24:34.530] WARN : Ragdoll      f:634 st:218,990,583 at SkinningBoneHierarchy.buildBoneHierarchy> SkeletonBone not resolved for bone: Bip01_TailNub, defaulting to SkeletonBone.None.
[14-09-26 02:24:34.530] WARN : Ragdoll      f:634 st:218,990,583 at SkinningBoneHierarchy.buildBoneHierarchy> SkeletonBone not resolved for bone: Bip01_LeftEar, defaulting to SkeletonBone.None.
[14-09-26 02:24:34.533] WARN : Ragdoll      f:634 st:218,990,586 at SkinningBoneHierarchy.buildBoneHierarchy> SkeletonBone not resolved for bone: Bip01_HeadNub, defaulting to SkeletonBone.None.
[14-09-26 02:24:34.533] WARN : Ragdoll      f:634 st:218,990,587 at SkinningBoneHierarchy.buildBoneHierarchy> SkeletonBone not resolved for bone: Bip01_Tail, defaulting to SkeletonBone.None.
[14-09-26 02:24:34.535] WARN : Ragdoll      f:634 st:218,990,587 at SkinningBoneHierarchy.buildBoneHierarchy> SkeletonBone not resolved for bone: Bip01_L_Finger0Nub, defaulting to SkeletonBone.None.
[14-09-26 02:24:34.535] WARN : Ragdoll      f:634 st:218,990,587 at SkinningBoneHierarchy.buildBoneHierarchy> SkeletonBone not resolved for bone: Bip01_RightEar, defaulting to SkeletonBone.None.
[14-09-26 02:24:34.535] WARN : Ragdoll      f:634 st:218,990,588 at SkinningBoneHierarchy.buildBoneHierarchy> SkeletonBone not resolved for bone: Bip01_R_Toe0Nub, defaulting to SkeletonBone.None.
[14-09-26 02:24:34.535] WARN : Ragdoll      f:634 st:218,990,588 at SkinningBoneHierarchy.buildBoneHierarchy> SkeletonBone not resolved for bone: Bip01_Neck1, defaulting to SkeletonBone.None.
[14-09-26 02:24:34.536] WARN : Ragdoll      f:634 st:218,990,588 at SkinningBoneHierarchy.buildBoneHierarchy> SkeletonBone not resolved for bone: Bip01_R_Finger0Nub, defaulting to SkeletonBone.None.
[14-09-26 02:24:34.536] WARN : Ragdoll      f:634 st:218,990,589 at SkinningBoneHierarchy.buildBoneHierarchy> SkeletonBone not resolved for bone: Bip01_L_Toe0Nub, defaulting to SkeletonBone.None.
[14-09-26 02:24:34.536] WARN : Ragdoll      f:634 st:218,990,589 at SkinningBoneHierarchy.buildBoneHierarchy> SkeletonBone not resolved for bone: Bip01_LeftEarNub, defaulting to SkeletonBone.None.
[14-09-26 02:24:34.536] WARN : Ragdoll      f:634 st:218,990,589 at SkinningBoneHierarchy.buildBoneHierarchy> SkeletonBone not resolved for bone: Bip01_RightEarNub, defaulting to SkeletonBone.None.
[14-09-26 02:24:34.536] WARN : Ragdoll      f:634 st:218,990,589 at SkinningBoneHierarchy.buildBoneHierarchy> SkeletonBone not resolved for bone: Bip01_TailNub, defaulting to SkeletonBone.None.
[14-09-26 02:24:34.537] WARN : Ragdoll      f:634 st:218,990,590 at SkinningBoneHierarchy.buildBoneHierarchy> SkeletonBone not resolved for bone: Bip01_LeftEar, defaulting to SkeletonBone.None.
[14-09-26 02:24:35.829] LOG  : Lua          f:647 st:218,991,882> NLQA PRODUCTION AUTHORITY COMMAND: refresh username=nl-host.
[14-09-26 02:24:35.831] LOG  : Lua          f:647 st:218,991,884> NLQA PRODUCTION AUTHORITY SNAPSHOT: username=nl-host revision=60.
[14-09-26 02:24:35.831] LOG  : Lua          f:647 st:218,991,884> NLQA MP SERVER COMMAND: refresh username=nl-host.
[14-09-26 02:24:35.832] LOG  : Lua          f:647 st:218,991,885> NLQA MP SERVER PLAYER: dead=false authorityKey=nl-host argsType=nil.
[14-09-26 02:24:35.832] LOG  : Lua          f:647 st:218,991,885> NLQA MP SERVER GAME-SERVER API: api=nil apiOk=true playersOk=false players=nil.
[14-09-26 02:24:37.205] LOG  : Lua          f:661 st:218,993,258> NLQA NPC PRODUCTION RESTORE id=marisol x=7910.18 y=11410.82 revision=820.
[14-09-26 02:24:37.214] LOG  : Lua          f:661 st:218,993,266> NLQA NPC PRODUCTION SPAWN id=marisol x=7910.18 y=11410.82 z=0.
[14-09-26 02:24:37.214] LOG  : Lua          f:661 st:218,993,267> NLQA NPC PRODUCTION RESTORE id=kenji x=7911.70 y=11409.50 revision=822.
[14-09-26 02:24:37.215] LOG  : Lua          f:661 st:218,993,268> NLQA NPC PRODUCTION SPAWN id=kenji x=7911.70 y=11409.50 z=0.
[14-09-26 02:24:37.215] LOG  : Lua          f:661 st:218,993,269> NLQA NPC PRODUCTION RESTORE id=amara x=7911.70 y=11413.50 revision=822.
[14-09-26 02:24:37.217] LOG  : Lua          f:661 st:218,993,269> NLQA NPC PRODUCTION RELOCATE id=amara from=7911,11413,0 to=7910,11413,0.
[14-09-26 02:24:37.218] LOG  : Lua          f:661 st:218,993,271> NLQA NPC PRODUCTION SPAWN id=amara x=7910.50 y=11413.50 z=0.
[14-09-26 02:24:37.219] LOG  : General      f:661 st:218,993,271> Disconnected player in CurrentCell.getObjectList() removed.
[14-09-26 02:24:37.219] LOG  : General      f:661 st:218,993,271> Disconnected player in CurrentCell.getObjectList() removed.
[14-09-26 02:24:37.219] LOG  : General      f:661 st:218,993,271> Disconnected player in CurrentCell.getObjectList() removed.
[14-09-26 02:24:37.303] LOG  : Lua          f:662 st:218,993,356> NLQA NPC PRODUCTION PATH id=marisol from=7910.18,11410.82 to=7909.00,11411.00 waypoint=2.
[14-09-26 02:24:37.309] LOG  : Lua          f:662 st:218,993,362> NLQA NPC PRODUCTION PATH id=kenji from=7911.70,11409.50 to=7912.00,11409.00 waypoint=1.
[14-09-26 02:24:37.312] LOG  : Lua          f:662 st:218,993,365> NLQA NPC PRODUCTION PATH id=amara from=7910.50,11413.50 to=7912.00,11413.00 waypoint=1.
[14-09-26 02:24:38.821] LOG  : Lua          f:677 st:218,994,874> NLQA PRODUCTION AUTHORITY COMMAND: presence username=nl-host.
[14-09-26 02:24:39.832] WARN : General      f:687 st:218,995,885 at SpriteConfig.initObjectInfo         > Invalid SpriteConfig object! scripted object = Wooden_Windows.
[14-09-26 02:24:39.832] WARN : General      f:687 st:218,995,885 at SpriteConfig.initObjectInfo         > Invalid SpriteConfig object! scripted object = Wooden_Windows.
[14-09-26 02:24:40.115] LOG  : General      f:689 st:218,996,168> shared-descriptor: added id=1000.
[14-09-26 02:24:42.696] LOG  : Lua          f:715 st:218,998,748> NLQA PRODUCTION AUTHORITY COMMAND: refresh username=nl-guest.
[14-09-26 02:24:42.697] LOG  : Lua          f:715 st:218,998,749> NLQA PRODUCTION AUTHORITY SNAPSHOT: username=nl-guest revision=38.
[14-09-26 02:24:42.697] LOG  : Lua          f:715 st:218,998,749> NLQA MP SERVER COMMAND: refresh username=nl-guest.
[14-09-26 02:24:42.697] LOG  : Lua          f:715 st:218,998,749> NLQA MP SERVER PLAYER: dead=false authorityKey=nl-guest argsType=nil.
[14-09-26 02:24:42.697] LOG  : Lua          f:715 st:218,998,750> NLQA MP SERVER GAME-SERVER API: api=nil apiOk=true playersOk=false players=nil.
[14-09-26 02:24:43.909] LOG  : Lua          f:728 st:218,999,961> NLQA PRODUCTION AUTHORITY COMMAND: presence username=nl-host.
[14-09-26 02:24:45.712] LOG  : Lua          f:746 st:219,001,765> NLQA PRODUCTION AUTHORITY COMMAND: presence username=nl-guest.
[14-09-26 02:24:48.909] LOG  : Lua          f:778 st:219,004,962> NLQA PRODUCTION AUTHORITY COMMAND: presence username=nl-host.
[14-09-26 02:24:48.909] LOG  : Lua          f:778 st:219,004,962> NLQA SOCIAL COMMAND: refresh username=nl-host id=nil action=nil.
[14-09-26 02:24:50.738] LOG  : Lua          f:796 st:219,006,790> NLQA PRODUCTION AUTHORITY COMMAND: presence username=nl-guest.
[14-09-26 02:24:53.912] LOG  : Lua          f:828 st:219,009,964> NLQA PRODUCTION AUTHORITY COMMAND: presence username=nl-host.
[14-09-26 02:24:55.737] LOG  : Lua          f:846 st:219,011,789> NLQA PRODUCTION AUTHORITY COMMAND: presence username=nl-guest.
[14-09-26 02:24:58.914] LOG  : Lua          f:878 st:219,014,966> NLQA PRODUCTION AUTHORITY COMMAND: presence username=nl-host.
[14-09-26 02:25:00.734] LOG  : Lua          f:896 st:219,016,787> NLQA PRODUCTION AUTHORITY COMMAND: presence username=nl-guest.
[14-09-26 02:25:03.912] LOG  : Lua          f:928 st:219,019,965> NLQA PRODUCTION AUTHORITY COMMAND: presence username=nl-host.
[14-09-26 02:25:05.733] LOG  : Lua          f:946 st:219,021,786> NLQA PRODUCTION AUTHORITY COMMAND: presence username=nl-guest.
[14-09-26 02:25:07.202] LOG  : Lua          f:961 st:219,023,254> NLQA NPC PRODUCTION TICK id=marisol x=7909.67 y=11411.33.
[14-09-26 02:25:07.202] LOG  : Lua          f:961 st:219,023,254> NLQA NPC PRODUCTION TICK id=kenji x=7912.42 y=11409.50.
[14-09-26 02:25:07.202] LOG  : Lua          f:961 st:219,023,254> NLQA NPC PRODUCTION TICK id=amara x=7911.22 y=11413.50.
[14-09-26 02:25:08.106] LOG  : Lua          f:970 st:219,024,158> NLQA NPC PRODUCTION MOVE id=kenji x=7912.50 y=11409.50 waypoint=2.
[14-09-26 02:25:08.205] LOG  : Lua          f:971 st:219,024,257> NLQA NPC PRODUCTION PATH id=kenji from=7912.50,11409.50 to=7910.00,11411.00 waypoint=2.
[14-09-26 02:25:08.910] LOG  : Lua          f:978 st:219,024,963> NLQA PRODUCTION AUTHORITY COMMAND: presence username=nl-host.
[14-09-26 02:25:10.735] LOG  : Lua          f:996 st:219,026,787> NLQA PRODUCTION AUTHORITY COMMAND: presence username=nl-guest.
[14-09-26 02:25:11.203] LOG  : Lua          f:1001 st:219,027,256> NLQA NPC PRODUCTION MOVE id=marisol x=7909.56 y=11411.44 waypoint=1.
[14-09-26 02:25:11.301] LOG  : Lua          f:1002 st:219,027,354> NLQA NPC PRODUCTION PATH id=marisol from=7909.56,11411.44 to=7911.00,11409.00 waypoint=1.
[14-09-26 02:25:13.909] LOG  : Lua          f:1028 st:219,029,961> NLQA PRODUCTION AUTHORITY COMMAND: presence username=nl-host.
[14-09-26 02:25:15.743] LOG  : Lua          f:1046 st:219,031,795> NLQA PRODUCTION AUTHORITY COMMAND: presence username=nl-guest.
[14-09-26 02:25:18.908] LOG  : Lua          f:1078 st:219,034,960> NLQA PRODUCTION AUTHORITY COMMAND: presence username=nl-host.
[14-09-26 02:25:20.742] LOG  : Lua          f:1096 st:219,036,794> NLQA PRODUCTION AUTHORITY COMMAND: presence username=nl-guest.
[14-09-26 02:25:23.906] LOG  : Lua          f:1128 st:219,039,959> NLQA PRODUCTION AUTHORITY COMMAND: presence username=nl-host.
[14-09-26 02:25:25.741] LOG  : Lua          f:1146 st:219,041,793> NLQA PRODUCTION AUTHORITY COMMAND: presence username=nl-guest.
[14-09-26 02:25:28.906] LOG  : Lua          f:1178 st:219,044,958> NLQA PRODUCTION AUTHORITY COMMAND: presence username=nl-host.
[14-09-26 02:25:29.446] LOG  : General      f:1181 st:219,045,499> SaveAll took 142.8399 ms.
[14-09-26 02:25:29.448] LOG  : General      f:1181 st:219,045,501> Saving players.
[14-09-26 02:25:29.507] LOG  : General      f:1181 st:219,045,559> Saving worldgen params.
[14-09-26 02:25:29.511] LOG  : General      f:1181 st:219,045,564> Saving GlobalModData.
[14-09-26 02:25:29.513] LOG  : General      f:1181 st:219,045,566> Saving finish.
[14-09-26 02:25:29.514] LOG  : General      f:1181 st:219,045,566> Saving took 212.7331 ms.
[14-09-26 02:25:30.733] LOG  : Lua          f:1196 st:219,046,785> NLQA PRODUCTION AUTHORITY COMMAND: presence username=nl-guest.
[14-09-26 02:25:33.915] LOG  : Lua          f:1228 st:219,049,967> NLQA PRODUCTION AUTHORITY COMMAND: presence username=nl-host.
[14-09-26 02:25:35.733] LOG  : Lua          f:1246 st:219,051,786> NLQA PRODUCTION AUTHORITY COMMAND: presence username=nl-guest.
[14-09-26 02:25:37.204] LOG  : Lua          f:1261 st:219,053,256> NLQA NPC PRODUCTION TICK id=marisol x=7910.01 y=11410.99.
[14-09-26 02:25:37.204] LOG  : Lua          f:1261 st:219,053,257> NLQA NPC PRODUCTION TICK id=kenji x=7911.99 y=11410.01.
[14-09-26 02:25:37.204] LOG  : Lua          f:1261 st:219,053,257> NLQA NPC PRODUCTION TICK id=amara x=7912.02 y=11413.50.
[14-09-26 02:25:38.907] LOG  : Lua          f:1278 st:219,054,959> NLQA PRODUCTION AUTHORITY COMMAND: presence username=nl-host.
[14-09-26 02:25:40.729] LOG  : Lua          f:1296 st:219,056,782> NLQA PRODUCTION AUTHORITY COMMAND: presence username=nl-guest.
[14-09-26 02:25:43.904] LOG  : Lua          f:1327 st:219,059,956> NLQA PRODUCTION AUTHORITY COMMAND: presence username=nl-host.
[14-09-26 02:25:45.735] LOG  : Lua          f:1346 st:219,061,787> NLQA PRODUCTION AUTHORITY COMMAND: presence username=nl-guest.
[14-09-26 02:25:48.914] LOG  : Lua          f:1378 st:219,064,966> NLQA PRODUCTION AUTHORITY COMMAND: presence username=nl-host.
[14-09-26 02:25:48.940] LOG  : Lua          f:1378 st:219,064,993> NLQA SOCIAL COMMAND: interact username=nl-host id=marisol action=chat.
[14-09-26 02:25:48.941] LOG  : Lua          f:1378 st:219,064,994> NLQA SOCIAL RESULT: username=nl-host message=I'd like to hear how you've been getting on..
[14-09-26 02:25:50.742] LOG  : Lua          f:1396 st:219,066,795> NLQA PRODUCTION AUTHORITY COMMAND: presence username=nl-guest.
[14-09-26 02:25:53.909] LOG  : Lua          f:1428 st:219,069,961> NLQA PRODUCTION AUTHORITY COMMAND: presence username=nl-host.
[14-09-26 02:25:54.606] LOG  : Lua          f:1435 st:219,070,658> NLQA NPC PRODUCTION MOVE id=amara x=7912.50 y=11413.50 waypoint=2.
[14-09-26 02:25:54.701] LOG  : Lua          f:1436 st:219,070,754> NLQA NPC PRODUCTION PATH id=amara from=7912.50,11413.50 to=7910.00,11415.00 waypoint=2.
[14-09-26 02:25:55.739] LOG  : Lua          f:1446 st:219,071,792> NLQA PRODUCTION AUTHORITY COMMAND: presence username=nl-guest.
[14-09-26 02:25:58.910] LOG  : Lua          f:1478 st:219,074,962> NLQA PRODUCTION AUTHORITY COMMAND: presence username=nl-host.
[14-09-26 02:26:00.737] LOG  : Lua          f:1496 st:219,076,790> NLQA PRODUCTION AUTHORITY COMMAND: presence username=nl-guest.
[14-09-26 02:26:03.909] LOG  : Lua          f:1528 st:219,079,961> NLQA PRODUCTION AUTHORITY COMMAND: presence username=nl-host.
[14-09-26 02:26:05.735] LOG  : Lua          f:1546 st:219,081,787> NLQA PRODUCTION AUTHORITY COMMAND: presence username=nl-guest.
[14-09-26 02:26:07.201] LOG  : Lua          f:1561 st:219,083,254> NLQA NPC PRODUCTION TICK id=marisol x=7910.58 y=11410.42.
[14-09-26 02:26:07.201] LOG  : Lua          f:1561 st:219,083,254> NLQA NPC PRODUCTION TICK id=kenji x=7911.42 y=11410.58.
[14-09-26 02:26:07.201] LOG  : Lua          f:1561 st:219,083,254> NLQA NPC PRODUCTION TICK id=amara x=7912.27 y=11413.73.
[14-09-26 02:26:08.904] LOG  : Lua          f:1578 st:219,084,957> NLQA PRODUCTION AUTHORITY COMMAND: presence username=nl-host.
[14-09-26 02:26:10.741] LOG  : Lua          f:1596 st:219,086,793> NLQA PRODUCTION AUTHORITY COMMAND: presence username=nl-guest.
[14-09-26 02:26:13.910] LOG  : Lua          f:1628 st:219,089,963> NLQA PRODUCTION AUTHORITY COMMAND: presence username=nl-host.
[14-09-26 02:26:15.742] LOG  : Lua          f:1646 st:219,091,795> NLQA PRODUCTION AUTHORITY COMMAND: presence username=nl-guest.
[14-09-26 02:26:18.905] LOG  : Lua          f:1678 st:219,094,957> NLQA PRODUCTION AUTHORITY COMMAND: presence username=nl-host.
[14-09-26 02:26:20.740] LOG  : Lua          f:1696 st:219,096,792> NLQA PRODUCTION AUTHORITY COMMAND: presence username=nl-guest.
[14-09-26 02:26:23.905] LOG  : Lua          f:1728 st:219,099,958> NLQA PRODUCTION AUTHORITY COMMAND: presence username=nl-host.
[14-09-26 02:26:25.734] LOG  : Lua          f:1746 st:219,101,786> NLQA PRODUCTION AUTHORITY COMMAND: presence username=nl-guest.
[14-09-26 02:26:28.913] LOG  : Lua          f:1778 st:219,104,966> NLQA PRODUCTION AUTHORITY COMMAND: presence username=nl-host.
[14-09-26 02:26:29.383] LOG  : General      f:1781 st:219,105,436> SaveAll took 78.6648 ms.
[14-09-26 02:26:29.384] LOG  : General      f:1781 st:219,105,436> Saving players.
[14-09-26 02:26:29.435] LOG  : General      f:1781 st:219,105,488> Saving worldgen params.
[14-09-26 02:26:29.438] LOG  : General      f:1781 st:219,105,491> Saving GlobalModData.
[14-09-26 02:26:29.440] LOG  : General      f:1781 st:219,105,492> Saving finish.
[14-09-26 02:26:29.440] LOG  : General      f:1781 st:219,105,493> Saving took 138.1295 ms.
[14-09-26 02:26:30.735] LOG  : Lua          f:1796 st:219,106,788> NLQA PRODUCTION AUTHORITY COMMAND: presence username=nl-guest.
[14-09-26 02:26:33.913] LOG  : Lua          f:1828 st:219,109,965> NLQA PRODUCTION AUTHORITY COMMAND: presence username=nl-host.
[14-09-26 02:26:35.736] LOG  : Lua          f:1846 st:219,111,788> NLQA PRODUCTION AUTHORITY COMMAND: presence username=nl-guest.
[14-09-26 02:26:37.205] LOG  : Lua          f:1861 st:219,113,257> NLQA NPC PRODUCTION TICK id=marisol x=7911.09 y=11409.91.
[14-09-26 02:26:37.205] LOG  : Lua          f:1861 st:219,113,258> NLQA NPC PRODUCTION TICK id=kenji x=7910.91 y=11411.09.
[14-09-26 02:26:37.205] LOG  : Lua          f:1861 st:219,113,258> NLQA NPC PRODUCTION TICK id=amara x=7911.76 y=11414.24.
[14-09-26 02:26:38.914] LOG  : Lua          f:1878 st:219,114,967> NLQA PRODUCTION AUTHORITY COMMAND: presence username=nl-host.
[14-09-26 02:26:40.741] LOG  : Lua          f:1896 st:219,116,793> NLQA PRODUCTION AUTHORITY COMMAND: presence username=nl-guest.
[14-09-26 02:26:43.903] LOG  : Lua          f:1927 st:219,119,956> NLQA PRODUCTION AUTHORITY COMMAND: presence username=nl-host.
[14-09-26 02:26:45.735] LOG  : Lua          f:1946 st:219,121,787> NLQA PRODUCTION AUTHORITY COMMAND: presence username=nl-guest.
[14-09-26 02:26:48.914] LOG  : Lua          f:1978 st:219,124,967> NLQA PRODUCTION AUTHORITY COMMAND: presence username=nl-host.
[14-09-26 02:26:48.956] LOG  : Lua          f:1978 st:219,125,009> NLQA SOCIAL COMMAND: interact username=nl-host id=marisol action=joke.
[14-09-26 02:26:48.956] LOG  : Lua          f:1978 st:219,125,009> NLQA SOCIAL RESULT: username=nl-host message=I needed that laugh today..
[14-09-26 02:26:48.988] LOG  : Lua          f:1978 st:219,125,041> NLQA HOUSEHOLD RESET: career fixture cleared persisted household and claims.
[14-09-26 02:26:48.990] LOG  : Lua          f:1978 st:219,125,042> NLQA CAREER WORLD SEED: username=nl-host item=Base.RippedSheets amount=9 square=7910,11409,0.
[14-09-26 02:26:50.737] LOG  : Lua          f:1996 st:219,126,789> NLQA PRODUCTION AUTHORITY COMMAND: presence username=nl-guest.
[14-09-26 02:26:51.640] LOG  : Lua          f:2005 st:219,127,693> NLQA PRODUCTION AUTHORITY COMMAND: select username=nl-host.
[14-09-26 02:26:51.641] LOG  : Lua          f:2005 st:219,127,693> NLQA PRODUCTION AUTHORITY SNAPSHOT: username=nl-host revision=62.
[14-09-26 02:26:52.158] LOG  : Lua          f:2010 st:219,128,210> NLQA PRODUCTION AUTHORITY COMMAND: deliver username=nl-host.
[14-09-26 02:26:52.158] LOG  : Lua          f:2010 st:219,128,211> NLQA PRODUCTION AUTHORITY SNAPSHOT: username=nl-host revision=63.
[14-09-26 02:26:52.189] LOG  : Lua          f:2010 st:219,128,241> NLQA HOUSEHOLD FURNISHING: CREATED household=home:nl-host kind=storage x=7910 y=11409 z=0.
[14-09-26 02:26:52.189] LOG  : Lua          f:2010 st:219,128,241> NLQA HOUSEHOLD FURNISHING: REUSED household=home:nl-host x=7910 y=11409 z=0.
[14-09-26 02:26:52.189] LOG  : Lua          f:2010 st:219,128,242> NLQA HOUSEHOLD RESULT: username=nl-host command=create message=Neighborhood Home created.
[14-09-26 02:26:52.708] LOG  : Lua          f:2016 st:219,128,760> NLQA HOUSEHOLD FURNISHING: REUSED household=home:nl-host x=7910 y=11409 z=0.
[14-09-26 02:26:52.708] LOG  : Lua          f:2016 st:219,128,760> NLQA HOUSEHOLD RESULT: username=nl-host command=invite message=Invitation sent to nl-guest.
[14-09-26 02:26:52.724] LOG  : Lua          f:2016 st:219,128,777> NLQA HOUSEHOLD FURNISHING: REUSED household=home:nl-host x=7910 y=11409 z=0.
[14-09-26 02:26:52.724] LOG  : Lua          f:2016 st:219,128,777> NLQA HOUSEHOLD FURNISHING: REUSED household=home:nl-host x=7910 y=11409 z=0.
[14-09-26 02:26:52.724] LOG  : Lua          f:2016 st:219,128,777> NLQA HOUSEHOLD RESULT: username=nl-guest command=accept message=Joined the household.
[14-09-26 02:26:52.802] LOG  : Lua          f:2017 st:219,128,855> NLQA HOUSEHOLD VIEWPOINT: guest loaded shared home tile x=7910 y=11409 z=0.
[14-09-26 02:26:53.012] LOG  : General      f:2018 st:219,129,065> shared-descriptor: released id=1000.
[14-09-26 02:26:53.741] LOG  : Lua          f:2026 st:219,129,794> NLQA HOUSEHOLD FURNISHING: REUSED household=home:nl-host x=7910 y=11409 z=0.
[14-09-26 02:26:53.741] LOG  : Lua          f:2026 st:219,129,794> NLQA HOUSEHOLD FURNISHING: REUSED household=home:nl-host x=7910 y=11409 z=0.
[14-09-26 02:26:53.742] LOG  : Lua          f:2026 st:219,129,795> NLQA HOUSEHOLD RESULT: username=nl-host command=store message=Stored 1 Base.RippedSheets in shared storage.
[14-09-26 02:26:53.773] LOG  : Lua          f:2026 st:219,129,825> NLQA HOUSEHOLD FURNISHING: REUSED household=home:nl-host x=7910 y=11409 z=0.
[14-09-26 02:26:53.773] LOG  : Lua          f:2026 st:219,129,826> NLQA HOUSEHOLD FURNISHING: REUSED household=home:nl-host x=7910 y=11409 z=0.
[14-09-26 02:26:53.773] LOG  : Lua          f:2026 st:219,129,826> NLQA HOUSEHOLD RESULT: username=nl-guest command=retrieve message=Retrieved 1 Base.RippedSheets from shared storage.
[14-09-26 02:26:53.903] WARN : Multiplayer  f:2027 st:219,129,956 at AntiCheat.log                       > Anti-cheat="Speed" is triggered for connection="nl-guest" server-option="AntiCheatSpeed" reason="PlayerPacketReliable: speed=402.053314 > limit=20.000000" counter=1/4 action="Kick" ping=0.
[14-09-26 02:26:53.908] WARN : Multiplayer  f:2027 st:219,129,960 at PacketTypes$PacketType.onServerPacket> The packet PlayerUpdateReliable is not valid.
[14-09-26 02:26:53.913] LOG  : Lua          f:2028 st:219,129,965> NLQA PRODUCTION AUTHORITY COMMAND: presence username=nl-host.
[14-09-26 02:26:54.702] WARN : Multiplayer  f:2035 st:219,130,754 at AntiCheat.log                       > Anti-cheat="Speed" is triggered for connection="nl-guest" server-option="AntiCheatSpeed" reason="PlayerPacketReliable: speed=402.053314 > limit=20.000000" counter=2/4 action="Kick" ping=0.
[14-09-26 02:26:54.702] WARN : Multiplayer  f:2035 st:219,130,754 at PacketTypes$PacketType.onServerPacket> The packet PlayerUpdateReliable is not valid.
[14-09-26 02:26:54.792] LOG  : Lua          f:2036 st:219,130,845> NLQA HOUSEHOLD FURNISHING: REUSED household=home:nl-host x=7910 y=11409 z=0.
[14-09-26 02:26:54.792] LOG  : Lua          f:2036 st:219,130,845> NLQA HOUSEHOLD FURNISHING: REUSED household=home:nl-host x=7910 y=11409 z=0.
[14-09-26 02:26:54.793] LOG  : Lua          f:2036 st:219,130,845> NLQA HOUSEHOLD RESULT: username=nl-host command=task message=Tidy shared home complete: +5 credits.
[14-09-26 02:26:55.802] LOG  : Lua          f:2047 st:219,131,854> NLQA PRODUCTION AUTHORITY COMMAND: presence username=nl-guest.
[14-09-26 02:26:56.502] LOG  : Lua          f:2054 st:219,132,555> NLQA NPC PRODUCTION MOVE id=marisol x=7911.48 y=11409.52 waypoint=2.
[14-09-26 02:26:56.502] LOG  : Lua          f:2054 st:219,132,555> NLQA NPC PRODUCTION MOVE id=kenji x=7910.52 y=11411.48 waypoint=1.
[14-09-26 02:26:56.600] LOG  : Lua          f:2055 st:219,132,653> NLQA NPC PRODUCTION PATH id=marisol from=7911.48,11409.52 to=7909.00,11411.00 waypoint=2.
[14-09-26 02:26:56.600] LOG  : Lua          f:2055 st:219,132,653> NLQA NPC PRODUCTION PATH id=kenji from=7910.52,11411.48 to=7912.00,11409.00 waypoint=1.
[14-09-26 02:26:58.917] LOG  : Lua          f:2078 st:219,134,969> NLQA PRODUCTION AUTHORITY COMMAND: presence username=nl-host.
[14-09-26 02:27:00.808] LOG  : Lua          f:2097 st:219,136,860> NLQA PRODUCTION AUTHORITY COMMAND: presence username=nl-guest.
[14-09-26 02:27:03.914] LOG  : Lua          f:2128 st:219,139,967> NLQA PRODUCTION AUTHORITY COMMAND: presence username=nl-host.
[14-09-26 02:27:05.801] LOG  : Lua          f:2146 st:219,141,853> NLQA PRODUCTION AUTHORITY COMMAND: presence username=nl-guest.
[14-09-26 02:27:07.202] LOG  : Lua          f:2161 st:219,143,255> NLQA NPC PRODUCTION TICK id=marisol x=7911.31 y=11409.69.
[14-09-26 02:27:07.202] LOG  : Lua          f:2161 st:219,143,255> NLQA NPC PRODUCTION TICK id=kenji x=7910.69 y=11411.31.
[14-09-26 02:27:07.202] LOG  : Lua          f:2161 st:219,143,255> NLQA NPC PRODUCTION TICK id=amara x=7911.20 y=11414.80.
[14-09-26 02:27:08.912] LOG  : Lua          f:2178 st:219,144,964> NLQA PRODUCTION AUTHORITY COMMAND: presence username=nl-host.
[14-09-26 02:27:10.803] LOG  : Lua          f:2197 st:219,146,856> NLQA PRODUCTION AUTHORITY COMMAND: presence username=nl-guest.
[14-09-26 02:27:13.913] LOG  : Lua          f:2228 st:219,149,965> NLQA PRODUCTION AUTHORITY COMMAND: presence username=nl-host.
[14-09-26 02:27:15.810] LOG  : Lua          f:2247 st:219,151,863> NLQA PRODUCTION AUTHORITY COMMAND: presence username=nl-guest.
[14-09-26 02:27:18.905] LOG  : Lua          f:2278 st:219,154,957> NLQA PRODUCTION AUTHORITY COMMAND: presence username=nl-host.
[14-09-26 02:27:20.803] LOG  : Lua          f:2296 st:219,156,856> NLQA PRODUCTION AUTHORITY COMMAND: presence username=nl-guest.
[14-09-26 02:27:23.908] LOG  : Lua          f:2328 st:219,159,960> NLQA PRODUCTION AUTHORITY COMMAND: presence username=nl-host.
[14-09-26 02:27:25.803] LOG  : Lua          f:2346 st:219,161,855> NLQA PRODUCTION AUTHORITY COMMAND: presence username=nl-guest.
[14-09-26 02:27:28.916] LOG  : Lua          f:2378 st:219,164,969> NLQA PRODUCTION AUTHORITY COMMAND: presence username=nl-host.
[14-09-26 02:27:29.450] LOG  : General      f:2382 st:219,165,503> SaveAll took 49.3514 ms.
[14-09-26 02:27:29.450] LOG  : General      f:2382 st:219,165,503> Saving players.
[14-09-26 02:27:29.501] LOG  : General      f:2382 st:219,165,553> Saving worldgen params.
[14-09-26 02:27:29.503] LOG  : General      f:2382 st:219,165,556> Saving GlobalModData.
[14-09-26 02:27:29.505] LOG  : General      f:2382 st:219,165,558> Saving finish.
[14-09-26 02:27:29.505] LOG  : General      f:2382 st:219,165,558> Saving took 106.5759 ms.
[14-09-26 02:27:30.799] LOG  : Lua          f:2396 st:219,166,851> NLQA PRODUCTION AUTHORITY COMMAND: presence username=nl-guest.
[14-09-26 02:27:33.907] LOG  : Lua          f:2428 st:219,169,959> NLQA PRODUCTION AUTHORITY COMMAND: presence username=nl-host.
[14-09-26 02:27:35.803] LOG  : Lua          f:2446 st:219,171,855> NLQA PRODUCTION AUTHORITY COMMAND: presence username=nl-guest.
[14-09-26 02:27:37.204] LOG  : Lua          f:2461 st:219,173,257> NLQA NPC PRODUCTION TICK id=marisol x=7910.75 y=11410.25.
[14-09-26 02:27:37.204] LOG  : Lua          f:2461 st:219,173,257> NLQA NPC PRODUCTION TICK id=kenji x=7911.25 y=11410.75.
[14-09-26 02:27:37.204] LOG  : Lua          f:2461 st:219,173,257> NLQA NPC PRODUCTION TICK id=amara x=7910.63 y=11415.37.
[14-09-26 02:27:38.909] LOG  : Lua          f:2478 st:219,174,961> NLQA PRODUCTION AUTHORITY COMMAND: presence username=nl-host.
[14-09-26 02:27:40.809] LOG  : Lua          f:2497 st:219,176,862> NLQA PRODUCTION AUTHORITY COMMAND: presence username=nl-guest.
[14-09-26 02:27:43.005] LOG  : Lua          f:2519 st:219,179,057> NLQA NPC PRODUCTION MOVE id=amara x=7910.52 y=11415.48 waypoint=1.
[14-09-26 02:27:43.102] LOG  : Lua          f:2520 st:219,179,155> NLQA NPC PRODUCTION PATH id=amara from=7910.52,11415.48 to=7912.00,11413.00 waypoint=1.
[14-09-26 02:27:43.906] LOG  : Lua          f:2528 st:219,179,958> NLQA PRODUCTION AUTHORITY COMMAND: presence username=nl-host.
[14-09-26 02:27:45.802] LOG  : Lua          f:2546 st:219,181,855> NLQA PRODUCTION AUTHORITY COMMAND: presence username=nl-guest.
[14-09-26 02:27:48.913] LOG  : Lua          f:2578 st:219,184,965> NLQA PRODUCTION AUTHORITY COMMAND: presence username=nl-host.
[14-09-26 02:27:50.803] LOG  : Lua          f:2596 st:219,186,855> NLQA PRODUCTION AUTHORITY COMMAND: presence username=nl-guest.
[14-09-26 02:27:53.906] LOG  : Lua          f:2628 st:219,189,958> NLQA PRODUCTION AUTHORITY COMMAND: presence username=nl-host.
[14-09-26 02:27:55.807] LOG  : Lua          f:2647 st:219,191,860> NLQA PRODUCTION AUTHORITY COMMAND: presence username=nl-guest.
[14-09-26 02:27:58.916] LOG  : Lua          f:2678 st:219,194,968> NLQA PRODUCTION AUTHORITY COMMAND: presence username=nl-host.
[14-09-26 02:28:00.799] LOG  : Lua          f:2696 st:219,196,852> NLQA PRODUCTION AUTHORITY COMMAND: presence username=nl-guest.
[14-09-26 02:28:03.909] LOG  : Lua          f:2728 st:219,199,961> NLQA PRODUCTION AUTHORITY COMMAND: presence username=nl-host.
[14-09-26 02:28:05.795] LOG  : Lua          f:2746 st:219,201,848> NLQA PRODUCTION AUTHORITY COMMAND: presence username=nl-guest.
[14-09-26 02:28:07.202] LOG  : Lua          f:2761 st:219,203,255> NLQA NPC PRODUCTION TICK id=marisol x=7910.24 y=11410.76.
[14-09-26 02:28:07.202] LOG  : Lua          f:2761 st:219,203,255> NLQA NPC PRODUCTION TICK id=kenji x=7911.76 y=11410.24.
[14-09-26 02:28:07.202] LOG  : Lua          f:2761 st:219,203,255> NLQA NPC PRODUCTION TICK id=amara x=7910.91 y=11415.09.
[14-09-26 02:28:08.911] LOG  : Lua          f:2778 st:219,204,963> NLQA PRODUCTION AUTHORITY COMMAND: presence username=nl-host.
[14-09-26 02:28:10.801] LOG  : Lua          f:2796 st:219,206,854> NLQA PRODUCTION AUTHORITY COMMAND: presence username=nl-guest.
[14-09-26 02:28:13.912] LOG  : Lua          f:2828 st:219,209,964> NLQA PRODUCTION AUTHORITY COMMAND: presence username=nl-host.
[14-09-26 02:28:15.810] LOG  : Lua          f:2847 st:219,211,862> NLQA PRODUCTION AUTHORITY COMMAND: presence username=nl-guest.
[14-09-26 02:28:18.916] LOG  : Lua          f:2878 st:219,214,968> NLQA PRODUCTION AUTHORITY COMMAND: presence username=nl-host.
[14-09-26 02:28:20.808] LOG  : Lua          f:2897 st:219,216,860> NLQA PRODUCTION AUTHORITY COMMAND: presence username=nl-guest.
[14-09-26 02:28:23.912] LOG  : Lua          f:2928 st:219,219,965> NLQA PRODUCTION AUTHORITY COMMAND: presence username=nl-host.
[14-09-26 02:28:25.809] LOG  : Lua          f:2947 st:219,221,861> NLQA PRODUCTION AUTHORITY COMMAND: presence username=nl-guest.
[14-09-26 02:28:28.909] LOG  : Lua          f:2978 st:219,224,961> NLQA PRODUCTION AUTHORITY COMMAND: presence username=nl-host.
[14-09-26 02:28:29.557] LOG  : General      f:2983 st:219,225,610> SaveAll took 55.9668 ms.
[14-09-26 02:28:29.557] LOG  : General      f:2983 st:219,225,610> Saving players.
[14-09-26 02:28:29.615] LOG  : General      f:2983 st:219,225,668> Saving worldgen params.
[14-09-26 02:28:29.619] LOG  : General      f:2983 st:219,225,671> Saving GlobalModData.
[14-09-26 02:28:29.621] LOG  : General      f:2983 st:219,225,673> Saving finish.
[14-09-26 02:28:29.621] LOG  : General      f:2983 st:219,225,674> Saving took 121.2223 ms.
[14-09-26 02:28:30.801] LOG  : Lua          f:2996 st:219,226,854> NLQA PRODUCTION AUTHORITY COMMAND: presence username=nl-guest.
[14-09-26 02:28:33.904] LOG  : Lua          f:3028 st:219,229,956> NLQA PRODUCTION AUTHORITY COMMAND: presence username=nl-host.
[14-09-26 02:28:35.800] LOG  : Lua          f:3046 st:219,231,852> NLQA PRODUCTION AUTHORITY COMMAND: presence username=nl-guest.
[14-09-26 02:28:37.205] LOG  : Lua          f:3061 st:219,233,257> NLQA NPC PRODUCTION TICK id=marisol x=7909.67 y=11411.33.
[14-09-26 02:28:37.205] LOG  : Lua          f:3061 st:219,233,257> NLQA NPC PRODUCTION TICK id=kenji x=7912.33 y=11409.67.
[14-09-26 02:28:37.205] LOG  : Lua          f:3061 st:219,233,258> NLQA NPC PRODUCTION TICK id=amara x=7911.48 y=11414.52.
[14-09-26 02:28:38.905] LOG  : Lua          f:3078 st:219,234,957> NLQA PRODUCTION AUTHORITY COMMAND: presence username=nl-host.
[14-09-26 02:28:40.805] LOG  : Lua          f:3097 st:219,236,857> NLQA PRODUCTION AUTHORITY COMMAND: presence username=nl-guest.
[14-09-26 02:28:41.804] LOG  : Lua          f:3107 st:219,237,856> NLQA NPC PRODUCTION MOVE id=marisol x=7909.56 y=11411.44 waypoint=1.
[14-09-26 02:28:41.804] LOG  : Lua          f:3107 st:219,237,857> NLQA NPC PRODUCTION MOVE id=kenji x=7912.44 y=11409.56 waypoint=2.
[14-09-26 02:28:41.900] LOG  : Lua          f:3108 st:219,237,952> NLQA NPC PRODUCTION PATH id=marisol from=7909.56,11411.44 to=7911.00,11409.00 waypoint=1.
[14-09-26 02:28:41.900] LOG  : Lua          f:3108 st:219,237,953> NLQA NPC PRODUCTION PATH id=kenji from=7912.44,11409.56 to=7910.00,11411.00 waypoint=2.
[14-09-26 02:28:43.917] LOG  : Lua          f:3128 st:219,239,970> NLQA PRODUCTION AUTHORITY COMMAND: presence username=nl-host.
[14-09-26 02:28:45.803] LOG  : Lua          f:3147 st:219,241,855> NLQA PRODUCTION AUTHORITY COMMAND: presence username=nl-guest.
[14-09-26 02:28:48.916] LOG  : Lua          f:3178 st:219,244,968> NLQA PRODUCTION AUTHORITY COMMAND: presence username=nl-host.
[14-09-26 02:28:50.800] LOG  : Lua          f:3196 st:219,246,852> NLQA PRODUCTION AUTHORITY COMMAND: presence username=nl-guest.
[14-09-26 02:28:53.905] LOG  : Lua          f:3228 st:219,249,957> NLQA PRODUCTION AUTHORITY COMMAND: presence username=nl-host.
[14-09-26 02:28:55.799] LOG  : Lua          f:3246 st:219,251,852> NLQA PRODUCTION AUTHORITY COMMAND: presence username=nl-guest.
[14-09-26 02:28:58.913] LOG  : Lua          f:3278 st:219,254,966> NLQA PRODUCTION AUTHORITY COMMAND: presence username=nl-host.
[14-09-26 02:29:00.802] LOG  : Lua          f:3297 st:219,256,855> NLQA PRODUCTION AUTHORITY COMMAND: presence username=nl-guest.
[14-09-26 02:29:01.604] WARN : Multiplayer  f:3305 st:219,257,656 at AntiCheat.log                       > Anti-cheat="Speed" is triggered for connection="nl-guest" server-option="AntiCheatSpeed" reason="cooldown" counter=1/4 action="Kick" ping=0.
[14-09-26 02:29:03.908] LOG  : Lua          f:3328 st:219,259,960> NLQA PRODUCTION AUTHORITY COMMAND: presence username=nl-host.
[14-09-26 02:29:05.801] LOG  : Lua          f:3346 st:219,261,853> NLQA PRODUCTION AUTHORITY COMMAND: presence username=nl-guest.
[14-09-26 02:29:07.205] LOG  : Lua          f:3361 st:219,263,257> NLQA NPC PRODUCTION TICK id=marisol x=7910.01 y=11410.99.
[14-09-26 02:29:07.205] LOG  : Lua          f:3361 st:219,263,257> NLQA NPC PRODUCTION TICK id=kenji x=7911.99 y=11410.01.
[14-09-26 02:29:07.205] LOG  : Lua          f:3361 st:219,263,258> NLQA NPC PRODUCTION TICK id=amara x=7912.05 y=11413.95.
[14-09-26 02:29:08.909] LOG  : Lua          f:3378 st:219,264,961> NLQA PRODUCTION AUTHORITY COMMAND: presence username=nl-host.
[14-09-26 02:29:10.799] LOG  : Lua          f:3396 st:219,266,852> NLQA PRODUCTION AUTHORITY COMMAND: presence username=nl-guest.
[14-09-26 02:29:13.910] LOG  : Lua          f:3428 st:219,269,962> NLQA PRODUCTION AUTHORITY COMMAND: presence username=nl-host.
[14-09-26 02:29:15.809] LOG  : Lua          f:3447 st:219,271,862> NLQA PRODUCTION AUTHORITY COMMAND: presence username=nl-guest.
[14-09-26 02:29:18.911] LOG  : Lua          f:3478 st:219,274,963> NLQA PRODUCTION AUTHORITY COMMAND: presence username=nl-host.
[14-09-26 02:29:20.797] LOG  : Lua          f:3496 st:219,276,849> NLQA PRODUCTION AUTHORITY COMMAND: presence username=nl-guest.
