[14-09-26 02:35:54.493] LOG  : General      f:0 st:219,670,545> SLF4J(W): No SLF4J providers were found..
[14-09-26 02:35:54.493] LOG  : General      f:0 st:219,670,546> SLF4J(W): Defaulting to no-operation (NOP) logger implementation.
[14-09-26 02:35:54.494] LOG  : General      f:0 st:219,670,546> SLF4J(W): See https://www.slf4j.org/codes.html#noProviders for further details..
[14-09-26 02:35:54.538] LOG  : General      f:0 st:219,670,590> Logs configuration:.
[14-09-26 02:35:54.540] LOG  : General      f:0 st:219,670,593>      General: General.
[14-09-26 02:35:54.540] LOG  : General      f:0 st:219,670,593>      Network: General.
[14-09-26 02:35:54.542] LOG  : General      f:0 st:219,670,594>          Lua: General.
[14-09-26 02:35:54.542] LOG  : General      f:0 st:219,670,594>          Mod: General.
[14-09-26 02:35:54.542] LOG  : General      f:0 st:219,670,594>  Multiplayer: General.
[14-09-26 02:35:54.543] LOG  : General      f:0 st:219,670,595>       Packet: Warning.
[14-09-26 02:35:54.543] LOG  : General      f:0 st:219,670,595> NetworkFileDebug: Warning.
[14-09-26 02:35:54.543] LOG  : General      f:0 st:219,670,596>         ZNet: Warning.
[14-09-26 02:35:54.544] LOG  : General      f:0 st:219,670,596> DetailedInfo: Warning.
[14-09-26 02:35:54.544] LOG  : General      f:0 st:219,670,596>    LuaObject: Warning.
[14-09-26 02:35:54.544] LOG  : General      f:0 st:219,670,597>   GameOption: Warning.
[14-09-26 02:35:54.545] LOG  : General      f:0 st:219,670,597>        Sound: Warning.
[14-09-26 02:35:54.545] LOG  : General      f:0 st:219,670,597>       Zombie: Warning.
[14-09-26 02:35:54.545] LOG  : General      f:0 st:219,670,598>       Combat: Warning.
[14-09-26 02:35:54.546] LOG  : General      f:0 st:219,670,598>      Objects: Warning.
[14-09-26 02:35:54.546] LOG  : General      f:0 st:219,670,599>    Fireplace: Warning.
[14-09-26 02:35:54.547] LOG  : General      f:0 st:219,670,599>        Radio: Warning.
[14-09-26 02:35:54.547] LOG  : General      f:0 st:219,670,599>   MapLoading: Warning.
[14-09-26 02:35:54.547] LOG  : General      f:0 st:219,670,600>     Clothing: Warning.
[14-09-26 02:35:54.547] LOG  : General      f:0 st:219,670,600>    Animation: Warning.
[14-09-26 02:35:54.548] LOG  : General      f:0 st:219,670,600> AnimationDetailed: Warning.
[14-09-26 02:35:54.548] LOG  : General      f:0 st:219,670,601> AnimationLayers: Warning.
[14-09-26 02:35:54.548] LOG  : General      f:0 st:219,670,601>        Asset: Warning.
[14-09-26 02:35:54.549] LOG  : General      f:0 st:219,670,601>       Script: Warning.
[14-09-26 02:35:54.549] LOG  : General      f:0 st:219,670,602>       Shader: Warning.
[14-09-26 02:35:54.549] LOG  : General      f:0 st:219,670,602>       Sprite: Warning.
[14-09-26 02:35:54.549] LOG  : General      f:0 st:219,670,602>        Input: Warning.
[14-09-26 02:35:54.550] LOG  : General      f:0 st:219,670,603>       Recipe: Warning.
[14-09-26 02:35:54.550] LOG  : General      f:0 st:219,670,603> ActionSystem: Warning.
[14-09-26 02:35:54.550] LOG  : General      f:0 st:219,670,603> ActionSystemEvents: Warning.
[14-09-26 02:35:54.551] LOG  : General      f:0 st:219,670,604>    IsoRegion: Warning.
[14-09-26 02:35:54.551] LOG  : General      f:0 st:219,670,604>       FileIO: Warning.
[14-09-26 02:35:54.551] LOG  : General      f:0 st:219,670,605>       Damage: Warning.
[14-09-26 02:35:54.552] LOG  : General      f:0 st:219,670,605>        Death: Warning.
[14-09-26 02:35:54.552] LOG  : General      f:0 st:219,670,605>      Discord: Warning.
[14-09-26 02:35:54.552] LOG  : General      f:0 st:219,670,606>    Statistic: Warning.
[14-09-26 02:35:54.553] LOG  : General      f:0 st:219,670,606>      Vehicle: Warning.
[14-09-26 02:35:54.553] LOG  : General      f:0 st:219,670,606>   VehicleHit: Warning.
[14-09-26 02:35:54.554] LOG  : General      f:0 st:219,670,606>        Voice: Warning.
[14-09-26 02:35:54.554] LOG  : General      f:0 st:219,670,607>     Checksum: Warning.
[14-09-26 02:35:54.554] LOG  : General      f:0 st:219,670,608>       Animal: Warning.
[14-09-26 02:35:54.555] LOG  : General      f:0 st:219,670,608>   ItemPicker: Warning.
[14-09-26 02:35:54.555] LOG  : General      f:0 st:219,670,608>   CraftLogic: Warning.
[14-09-26 02:35:54.555] LOG  : General      f:0 st:219,670,609>       Action: Warning.
[14-09-26 02:35:54.557] LOG  : General      f:0 st:219,670,609>       Entity: Warning.
[14-09-26 02:35:54.557] LOG  : General      f:0 st:219,670,609>    Lightning: Warning.
[14-09-26 02:35:54.557] LOG  : General      f:0 st:219,670,609>      Grapple: Warning.
[14-09-26 02:35:54.558] LOG  : General      f:0 st:219,670,610>    ExitDebug: Warning.
[14-09-26 02:35:54.558] LOG  : General      f:0 st:219,670,610>   BodyDamage: Warning.
[14-09-26 02:35:54.558] LOG  : General      f:0 st:219,670,610>          Xml: Warning.
[14-09-26 02:35:54.559] LOG  : General      f:0 st:219,670,611>      Physics: Warning.
[14-09-26 02:35:54.559] LOG  : General      f:0 st:219,670,611>   Ballistics: Warning.
[14-09-26 02:35:54.559] LOG  : General      f:0 st:219,670,611>      Ragdoll: Warning.
[14-09-26 02:35:54.559] LOG  : General      f:0 st:219,670,611>     PZBullet: Warning.
[14-09-26 02:35:54.559] LOG  : General      f:0 st:219,670,612> ModelManager: Warning.
[14-09-26 02:35:54.560] LOG  : General      f:0 st:219,670,612> LoadAnimation: Warning.
[14-09-26 02:35:54.560] LOG  : General      f:0 st:219,670,612>         Zone: Warning.
[14-09-26 02:35:54.560] LOG  : General      f:0 st:219,670,613>     WorldGen: Warning.
[14-09-26 02:35:54.560] LOG  : General      f:0 st:219,670,613>     Foraging: Warning.
[14-09-26 02:35:54.561] LOG  : General      f:0 st:219,670,613>       Saving: Warning.
[14-09-26 02:35:54.561] LOG  : General      f:0 st:219,670,614>        Fluid: Warning.
[14-09-26 02:35:54.561] LOG  : General      f:0 st:219,670,614>       Energy: Warning.
[14-09-26 02:35:54.562] LOG  : General      f:0 st:219,670,614>  Translation: Warning.
[14-09-26 02:35:54.562] LOG  : General      f:0 st:219,670,615>     Moveable: Warning.
[14-09-26 02:35:54.562] LOG  : General      f:0 st:219,670,615>     Basement: Warning.
[14-09-26 02:35:54.563] LOG  : General      f:0 st:219,670,615>   FallDamage: Warning.
[14-09-26 02:35:54.563] LOG  : General      f:0 st:219,670,616>        ImGui: Warning.
[14-09-26 02:35:54.563] LOG  : General      f:0 st:219,670,616> CharacterTrait: Warning.
[14-09-26 02:35:54.563] LOG  : General      f:0 st:219,670,616>         ISUI: Warning.
[14-09-26 02:35:54.563] LOG  : General      f:0 st:219,670,616> ISUIStackTrace: Warning.
[14-09-26 02:35:54.565] LOG  : General      f:0 st:219,670,617> FaceLocationFix: Warning.
[14-09-26 02:35:54.565] LOG  : General      f:0 st:219,670,617>      Context: Warning.
[14-09-26 02:35:54.565] LOG  : General      f:0 st:219,670,617> AnimationRecorder: Warning.
[14-09-26 02:35:54.565] LOG  : General      f:0 st:219,670,618>      Default: Warning.
[14-09-26 02:35:54.566] LOG  : General      f:0 st:219,670,618> version=42.20.4 b0bbce05d5 demo=false.
[14-09-26 02:35:54.566] LOG  : General      f:0 st:219,670,618> revision=b0bbce05d5.
[14-09-26 02:35:54.570] LOG  : General      f:0 st:219,670,622> unknown option "-debug".
[14-09-26 02:35:54.571] LOG  : General      f:0 st:219,670,624> checking server WorldVersion in map_t.bin.
[14-09-26 02:35:54.578] LOG  : General      f:0 st:219,670,631> Loading networking libraries....
[14-09-26 02:35:54.579] LOG  : General      f:0 st:219,670,631> Loading RakNet64....
[14-09-26 02:35:54.580] LOG  : General      f:0 st:219,670,633> Loading ZNetNoSteam64....
[14-09-26 02:35:54.598] LOG  : General      f:0 st:219,670,651> SteamUtils started without Steam.
[14-09-26 02:35:56.368] LOG  : General      f:0 st:219,672,420> LightingFPS set to 15.
[14-09-26 02:35:57.044] LOG  : General      f:0 st:219,673,097> compressionElapsed=449ms, mergingElapsed=209ms.
[14-09-26 02:35:57.069] LOG  : General      f:0 st:219,673,122> Backup made in 685 ms.
[14-09-26 02:35:57.469] LOG  : General      f:0 st:219,673,522> admin password changed via -adminpassword option.
[14-09-26 02:35:57.472] LOG  : Network      f:0 st:219,673,525> Initialising Server Systems....
[14-09-26 02:35:57.780] LOG  : Mod          f:0 st:219,673,833> refusing to list examplemod.
[14-09-26 02:35:57.798] LOG  : Mod          f:0 st:219,673,851> loading NeighborhoodLifeHUD.
[14-09-26 02:35:57.801] LOG  : Mod          f:0 st:219,673,853> loading NeighborhoodQA.
[14-09-26 02:35:59.596] LOG  : General      f:0 st:219,675,648> scriptChecksum: 96412105bed4585e5d2a315edcd208c3.
[14-09-26 02:36:00.105] ERROR: General      f:0 st:219,676,158 at FluidContainerScript.load           > Sanitizing container name 'Large Bucket', name may not contain whitespaces..
[14-09-26 02:36:00.328] WARN : Script       f:0 st:219,676,380 at VehicleScript.Loaded                > vehicle "RaceCar58" extents != physicsChassisShape.
[14-09-26 02:36:00.354] WARN : Script       f:0 st:219,676,406 at VehicleScript.Loaded                > vehicle "AmbulanceBurnt" extents != physicsChassisShape.
[14-09-26 02:36:00.360] WARN : Script       f:0 st:219,676,412 at VehicleScript.Loaded                > vehicle "PickUpVanLightsBurnt" extents != physicsChassisShape.
[14-09-26 02:36:00.375] WARN : Script       f:0 st:219,676,428 at VehicleScript.Loaded                > vehicle "Trailer_Horsebox" extents != physicsChassisShape.
[14-09-26 02:36:00.392] WARN : Script       f:0 st:219,676,445 at VehicleScript.Loaded                > vehicle "ModernCar02Burnt" extents != physicsChassisShape.
[14-09-26 02:36:00.396] WARN : Script       f:0 st:219,676,449 at VehicleScript.Loaded                > vehicle "RaceCarBurnt" extents != physicsChassisShape.
[14-09-26 02:36:00.399] WARN : Script       f:0 st:219,676,452 at VehicleScript.Loaded                > vehicle "Trailer_Livestock" extents != physicsChassisShape.
[14-09-26 02:36:00.401] WARN : Script       f:0 st:219,676,454 at VehicleScript.Loaded                > vehicle "RaceCar34" extents != physicsChassisShape.
[14-09-26 02:36:00.412] WARN : Script       f:0 st:219,676,465 at VehicleScript.Loaded                > vehicle "RaceCar12" extents != physicsChassisShape.
[14-09-26 02:36:00.420] ERROR: General      f:0 st:219,676,473 at FluidContainerScript.load           > Sanitizing container name 'Fuel Pump', name may not contain whitespaces..
[14-09-26 02:36:00.474] WARN : General      f:0 st:219,676,526 at XuiSkin$EntityUiStyle.Load          > Could not find icon: Item_Dice, script = Entity_DisplayName_Default.
[14-09-26 02:36:00.474] WARN : General      f:0 st:219,676,527 at XuiSkin$EntityUiStyle.LoadComponentInfo> Could not find icon: Item_Dice.
[14-09-26 02:36:00.474] WARN : General      f:0 st:219,676,527 at XuiSkin$EntityUiStyle.LoadComponentInfo> Could not find icon: Item_Dice.
[14-09-26 02:36:00.475] WARN : General      f:0 st:219,676,527 at XuiSkin$EntityUiStyle.LoadComponentInfo> Could not find icon: Item_Dice.
[14-09-26 02:36:00.475] WARN : General      f:0 st:219,676,528 at XuiSkin$EntityUiStyle.LoadComponentInfo> Could not find icon: Item_Dice.
[14-09-26 02:36:00.476] WARN : General      f:0 st:219,676,529 at XuiSkin$EntityUiStyle.Load          > Could not find icon: Build_FloorDirt, script = Dirt Floor.
[14-09-26 02:36:00.476] WARN : General      f:0 st:219,676,529 at XuiSkin$EntityUiStyle.Load          > Could not find icon: Build_DoorframeStone, script = Stone Doorframe.
[14-09-26 02:36:00.476] WARN : General      f:0 st:219,676,529 at XuiSkin$EntityUiStyle.Load          > Could not find icon: Build_PotteryBench, script = Pottery Bench.
[14-09-26 02:36:00.477] WARN : General      f:0 st:219,676,530 at XuiSkin$EntityUiStyle.LoadComponentInfo> Could not find icon: Build_PotteryBench.
[14-09-26 02:36:00.477] WARN : General      f:0 st:219,676,530 at XuiSkin$EntityUiStyle.Load          > Could not find icon: Build_Cairn, script = Stone Cairn.
[14-09-26 02:36:00.477] WARN : General      f:0 st:219,676,530 at XuiSkin$EntityUiStyle.Load          > Could not find icon: Build_WallWood, script = Wooden Wall (Advanced).
[14-09-26 02:36:00.478] WARN : General      f:0 st:219,676,531 at XuiSkin$EntityUiStyle.Load          > Could not find icon: Build_WallWood, script = Wooden Wall (Basic).
[14-09-26 02:36:00.478] WARN : General      f:0 st:219,676,531 at XuiSkin$EntityUiStyle.Load          > Could not find icon: Build_LeanToShelterSticks, script = Lean-to Shelter.
[14-09-26 02:36:00.478] WARN : General      f:0 st:219,676,531 at XuiSkin$EntityUiStyle.Load          > Could not find icon: Build_PotteryWheel, script = Pottery Wheel.
[14-09-26 02:36:00.478] WARN : General      f:0 st:219,676,532 at XuiSkin$EntityUiStyle.LoadComponentInfo> Could not find icon: Build_PotteryWheel.
[14-09-26 02:36:00.480] WARN : General      f:0 st:219,676,532 at XuiSkin$EntityUiStyle.Load          > Could not find icon: Build_CabinetStone, script = Stone Cabinet.
[14-09-26 02:36:00.480] WARN : General      f:0 st:219,676,532 at XuiSkin$EntityUiStyle.Load          > Could not find icon: Build_WallWood, script = Wooden Wall (Craftsman).
[14-09-26 02:36:00.481] WARN : General      f:0 st:219,676,533 at XuiSkin$EntityUiStyle.Load          > Could not find icon: Build_WoodSign_Left, script = Paint Sign - Left Arrow.
[14-09-26 02:36:00.481] WARN : General      f:0 st:219,676,533 at XuiSkin$EntityUiStyle.Load          > Could not find icon: Build_PrimitiveFurnace, script = Primitive Furnace.
[14-09-26 02:36:00.481] WARN : General      f:0 st:219,676,534 at XuiSkin$EntityUiStyle.Load          > Could not find icon: Build_DoorframeWood, script = Wooden Doorframe (Craftsman).
[14-09-26 02:36:00.482] WARN : General      f:0 st:219,676,534 at XuiSkin$EntityUiStyle.Load          > Could not find icon: Build_DoorframeWood, script = Wooden Doorframe (Advanced).
[14-09-26 02:36:00.482] WARN : General      f:0 st:219,676,535 at XuiSkin$EntityUiStyle.Load          > Could not find icon: Build_DoorframeWood, script = Wooden Doorframe (Basic).
[14-09-26 02:36:00.483] WARN : General      f:0 st:219,676,535 at XuiSkin$EntityUiStyle.Load          > Could not find icon: Build_WindowframeLogs, script = Log Window Frame.
[14-09-26 02:36:00.483] WARN : General      f:0 st:219,676,535 at XuiSkin$EntityUiStyle.Load          > Could not find icon: Build_FloorGravel, script = Gravel Floor.
[14-09-26 02:36:00.483] WARN : General      f:0 st:219,676,536 at XuiSkin$EntityUiStyle.Load          > Could not find icon: Item_WaterBottle, script = Bottling Machine.
[14-09-26 02:36:00.484] WARN : General      f:0 st:219,676,536 at XuiSkin$EntityUiStyle.Load          > Could not find icon: Build_WallBrick, script = Brick Wall (Basic).
[14-09-26 02:36:00.484] WARN : General      f:0 st:219,676,536 at XuiSkin$EntityUiStyle.Load          > Could not find icon: Build_WallBrick, script = Brick Wall (Craftsman).
[14-09-26 02:36:00.484] WARN : General      f:0 st:219,676,536 at XuiSkin$EntityUiStyle.Load          > Could not find icon: Build_DryingFrameLarge, script = Large Leather Drying Rack.
[14-09-26 02:36:00.484] WARN : General      f:0 st:219,676,537 at XuiSkin$EntityUiStyle.Load          > Could not find icon: Build_RippleComb, script = Ripple Comb.
[14-09-26 02:36:00.485] WARN : General      f:0 st:219,676,537 at XuiSkin$EntityUiStyle.Load          > Could not find icon: Build_Wall_Paint, script = Paint Wall / Item.
[14-09-26 02:36:00.485] WARN : General      f:0 st:219,676,537 at XuiSkin$EntityUiStyle.Load          > Could not find icon: Build_FenceWood, script = Wooden Fence (Craftsman).
[14-09-26 02:36:00.485] WARN : General      f:0 st:219,676,537 at XuiSkin$EntityUiStyle.Load          > Could not find icon: Build_FenceWood, script = Wooden Fence (Advanced).
[14-09-26 02:36:00.485] WARN : General      f:0 st:219,676,538 at XuiSkin$EntityUiStyle.Load          > Could not find icon: Build_LogTable, script = Log Table.
[14-09-26 02:36:00.486] WARN : General      f:0 st:219,676,538 at XuiSkin$EntityUiStyle.Load          > Could not find icon: Build_FenceWood, script = Wooden Fence (Basic).
[14-09-26 02:36:00.486] WARN : General      f:0 st:219,676,538 at XuiSkin$EntityUiStyle.Load          > Could not find icon: Build_ForgeAdvanced, script = Advanced Forge.
[14-09-26 02:36:00.486] WARN : General      f:0 st:219,676,538 at XuiSkin$EntityUiStyle.Load          > Could not find icon: Build_GunLocker, script = Small Metal Locker (Craftsman).
[14-09-26 02:36:00.486] WARN : General      f:0 st:219,676,539 at XuiSkin$EntityUiStyle.Load          > Could not find icon: Build_GunLocker, script = Small Metal Locker (Basic).
[14-09-26 02:36:00.487] WARN : General      f:0 st:219,676,539 at XuiSkin$EntityUiStyle.Load          > Could not find icon: Build_RainCollectorCrate, script = Rain Collector Crate (Tarp).
[14-09-26 02:36:00.488] WARN : General      f:0 st:219,676,540 at XuiSkin$EntityUiStyle.Load          > Could not find icon: Build_ButterChurn, script = Butter Churn.
[14-09-26 02:36:00.488] WARN : General      f:0 st:219,676,540 at XuiSkin$EntityUiStyle.Load          > Could not find icon: Build_Stake_SkullCow, script = Cow Skull Pole.
[14-09-26 02:36:00.488] WARN : General      f:0 st:219,676,541 at XuiSkin$EntityUiStyle.Load          > Could not find icon: Build_FloorTileMetal, script = Metal Floor.
[14-09-26 02:36:00.488] WARN : General      f:0 st:219,676,541 at XuiSkin$EntityUiStyle.Load          > Could not find icon: Build_Handpress, script = Hand-Operated Press.
[14-09-26 02:36:00.489] WARN : General      f:0 st:219,676,541 at XuiSkin$EntityUiStyle.LoadComponentInfo> Could not find icon: Build_Handpress.
[14-09-26 02:36:00.489] WARN : General      f:0 st:219,676,541 at XuiSkin$EntityUiStyle.Load          > Could not find icon: Build_MetalCounterCorner, script = Metal Counter Corner (Craftsman).
[14-09-26 02:36:00.489] WARN : General      f:0 st:219,676,542 at XuiSkin$EntityUiStyle.Load          > Could not find icon: Build_MetalCounterCorner, script = Metal Counter Corner (Basic).
[14-09-26 02:36:00.490] WARN : General      f:0 st:219,676,542 at XuiSkin$EntityUiStyle.Load          > Could not find icon: Build_WoodCounterCorner, script = Wooden Counter Corner (Basic).
[14-09-26 02:36:00.490] WARN : General      f:0 st:219,676,542 at XuiSkin$EntityUiStyle.Load          > Could not find icon: Build_HeckleComb, script = Heckle Comb.
[14-09-26 02:36:00.490] WARN : General      f:0 st:219,676,542 at XuiSkin$EntityUiStyle.Load          > Could not find icon: Build_Stake_SkullPig, script = Pig Skull Pole.
[14-09-26 02:36:00.490] WARN : General      f:0 st:219,676,543 at XuiSkin$EntityUiStyle.Load          > Could not find icon: Build_ScutchingBoard, script = Scutching Board.
[14-09-26 02:36:00.491] WARN : General      f:0 st:219,676,543 at XuiSkin$EntityUiStyle.Load          > Could not find icon: Build_FenceMetalPosts, script = Metal Pole Fence Gate.
[14-09-26 02:36:00.491] WARN : General      f:0 st:219,676,543 at XuiSkin$EntityUiStyle.Load          > Could not find icon: Build_DoublePoleGate, script = Double Tall Metal Pole Gate.
[14-09-26 02:36:00.491] WARN : General      f:0 st:219,676,544 at XuiSkin$EntityUiStyle.Load          > Could not find icon: Build_WoodCounter, script = Wooden Counter (Advanced).
[14-09-26 02:36:00.491] WARN : General      f:0 st:219,676,544 at XuiSkin$EntityUiStyle.Load          > Could not find icon: Build_WoodCounterCorner, script = Wooden Counter Corner (Craftsman).
[14-09-26 02:36:00.491] WARN : General      f:0 st:219,676,544 at XuiSkin$EntityUiStyle.Load          > Could not find icon: Build_WoodCounter, script = Wooden Counter (Basic).
[14-09-26 02:36:00.491] WARN : General      f:0 st:219,676,544 at XuiSkin$EntityUiStyle.Load          > Could not find icon: Build_WoodCounterCorner, script = Wooden Counter Corner (Advanced).
[14-09-26 02:36:00.492] WARN : General      f:0 st:219,676,545 at XuiSkin$EntityUiStyle.Load          > Could not find icon: Build_WoodCounter, script = Wooden Counter (Craftsman).
[14-09-26 02:36:00.492] WARN : General      f:0 st:219,676,545 at XuiSkin$EntityUiStyle.Load          > Could not find icon: Build_RainCollectorBarrel2, script = Rain Collector Barrel (Garbage Bags).
[14-09-26 02:36:00.492] WARN : General      f:0 st:219,676,545 at XuiSkin$EntityUiStyle.Load          > Could not find icon: Build_WoodSign_Up, script = Paint Sign - Up Arrow.
[14-09-26 02:36:00.492] WARN : General      f:0 st:219,676,545 at XuiSkin$EntityUiStyle.Load          > Could not find icon: Build_WoodSign_Right, script = Paint Sign - Right Arrow.
[14-09-26 02:36:00.492] WARN : General      f:0 st:219,676,546 at XuiSkin$EntityUiStyle.Load          > Could not find icon: Item_SheetMetal, script = Hydraulic Press.
[14-09-26 02:36:00.494] WARN : General      f:0 st:219,676,546 at XuiSkin$EntityUiStyle.Load          > Could not find icon: Build_FenceMetal, script = Metal Fence (Craftsman).
[14-09-26 02:36:00.494] WARN : General      f:0 st:219,676,546 at XuiSkin$EntityUiStyle.Load          > Could not find icon: Build_FenceLogs, script = Log Fence.
[14-09-26 02:36:00.494] WARN : General      f:0 st:219,676,547 at XuiSkin$EntityUiStyle.Load          > Could not find icon: Build_FenceMetal, script = Metal Fence (Basic).
[14-09-26 02:36:00.495] WARN : General      f:0 st:219,676,547 at XuiSkin$EntityUiStyle.Load          > Could not find icon: Item_Orange, script = Juice Maker.
[14-09-26 02:36:00.495] WARN : General      f:0 st:219,676,547 at XuiSkin$EntityUiStyle.Load          > Could not find icon: Build_Campfire, script = Campfire.
[14-09-26 02:36:00.495] WARN : General      f:0 st:219,676,547 at XuiSkin$EntityUiStyle.LoadComponentInfo> Could not find icon: Build_Campfire.
[14-09-26 02:36:00.495] WARN : General      f:0 st:219,676,547 at XuiSkin$EntityUiStyle.Load          > Could not find icon: Build_StairsMetal, script = Metal Stairs.
[14-09-26 02:36:00.495] WARN : General      f:0 st:219,676,548 at XuiSkin$EntityUiStyle.Load          > Could not find icon: Build_TroughWoodShort, script = Short Wooden Feeding Trough.
[14-09-26 02:36:00.496] WARN : General      f:0 st:219,676,548 at XuiSkin$EntityUiStyle.Load          > Could not find icon: Item_Anvil_Forged, script = Advanced Makeshift Electric Blower Forge.
[14-09-26 02:36:00.496] WARN : General      f:0 st:219,676,548 at XuiSkin$EntityUiStyle.LoadComponentInfo> Could not find icon: Item_Anvil_Forged.
[14-09-26 02:36:00.496] WARN : General      f:0 st:219,676,548 at XuiSkin$EntityUiStyle.Load          > Could not find icon: Build_WallStone, script = Stone Wall.
[14-09-26 02:36:00.496] WARN : General      f:0 st:219,676,549 at XuiSkin$EntityUiStyle.Load          > Could not find icon: Build_Stake_SkullDoe, script = Doe Skull Pole.
[14-09-26 02:36:00.496] WARN : General      f:0 st:219,676,549 at XuiSkin$EntityUiStyle.Load          > Could not find icon: Build_WindowBlack, script = Wooden Windows.
[14-09-26 02:36:00.497] WARN : General      f:0 st:219,676,549 at XuiSkin$EntityUiStyle.Load          > Could not find icon: Item_Clamp_Forged, script = Standing Drill Press.
[14-09-26 02:36:00.497] WARN : General      f:0 st:219,676,549 at XuiSkin$EntityUiStyle.LoadComponentInfo> Could not find icon: Item_Clamp_Forged.
[14-09-26 02:36:00.497] WARN : General      f:0 st:219,676,549 at XuiSkin$EntityUiStyle.Load          > Could not find icon: Build_KilnSmall, script = Primitive Kiln.
[14-09-26 02:36:00.497] WARN : General      f:0 st:219,676,550 at XuiSkin$EntityUiStyle.Load          > Could not find icon: Build_ShelvesMetal, script = Metal Shelves (Basic).
[14-09-26 02:36:00.498] WARN : General      f:0 st:219,676,550 at XuiSkin$EntityUiStyle.Load          > Could not find icon: Build_ShelvesMetal, script = Metal Shelves (Craftsman).
[14-09-26 02:36:00.498] WARN : General      f:0 st:219,676,550 at XuiSkin$EntityUiStyle.Load          > Could not find icon: Build_DomeKiln, script = Dome Kiln.
[14-09-26 02:36:00.498] WARN : General      f:0 st:219,676,550 at XuiSkin$EntityUiStyle.Load          > Could not find icon: Build_Loom, script = Loom.
[14-09-26 02:36:00.498] WARN : General      f:0 st:219,676,551 at XuiSkin$EntityUiStyle.Load          > Could not find icon: Build_BarricadeWindow_Sheet, script = Metal Sheet Barricade.
[14-09-26 02:36:00.499] WARN : General      f:0 st:219,676,551 at XuiSkin$EntityUiStyle.Load          > Could not find icon: Build_DoubleWoodGate, script = Double Tall Wooden Gate.
[14-09-26 02:36:00.499] WARN : General      f:0 st:219,676,551 at XuiSkin$EntityUiStyle.Load          > Could not find icon: Build_StoneMill, script = Stone Mill.
[14-09-26 02:36:00.499] WARN : General      f:0 st:219,676,551 at XuiSkin$EntityUiStyle.LoadComponentInfo> Could not find icon: Build_StoneMill.
[14-09-26 02:36:00.499] WARN : General      f:0 st:219,676,552 at XuiSkin$EntityUiStyle.Load          > Could not find icon: Build_WallMetal, script = Metal Wall (Craftsman).
[14-09-26 02:36:00.499] WARN : General      f:0 st:219,676,552 at XuiSkin$EntityUiStyle.Load          > Could not find icon: Item_ClayMold_Shingle, script = Well.
[14-09-26 02:36:00.499] WARN : General      f:0 st:219,676,552 at XuiSkin$EntityUiStyle.Load          > Could not find icon: Item_Boulder, script = Boulder.
[14-09-26 02:36:00.500] WARN : General      f:0 st:219,676,552 at XuiSkin$EntityUiStyle.LoadComponentInfo> Could not find icon: Item_Boulder.
[14-09-26 02:36:00.500] WARN : General      f:0 st:219,676,553 at XuiSkin$EntityUiStyle.Load          > Could not find icon: Build_WindowframeWood, script = Wooden Window Frame (Advanced).
[14-09-26 02:36:00.501] WARN : General      f:0 st:219,676,553 at XuiSkin$EntityUiStyle.Load          > Could not find icon: Build_WindowframeWood, script = Wooden Window Frame (Craftsman).
[14-09-26 02:36:00.501] WARN : General      f:0 st:219,676,553 at XuiSkin$EntityUiStyle.Load          > Could not find icon: Build_StickBookcase, script = Crude Wooden Bookcase.
[14-09-26 02:36:00.501] WARN : General      f:0 st:219,676,553 at XuiSkin$EntityUiStyle.Load          > Could not find icon: Build_CabinetMetal, script = Big Metal Locker (Basic).
[14-09-26 02:36:00.501] WARN : General      f:0 st:219,676,554 at XuiSkin$EntityUiStyle.Load          > Could not find icon: Build_ChoppingBlock, script = Chopping Block.
[14-09-26 02:36:00.502] WARN : General      f:0 st:219,676,554 at XuiSkin$EntityUiStyle.LoadComponentInfo> Could not find icon: Build_ChoppingBlock.
[14-09-26 02:36:00.502] WARN : General      f:0 st:219,676,554 at XuiSkin$EntityUiStyle.Load          > Could not find icon: Build_WallMetal, script = Metal Wall (Basic).
[14-09-26 02:36:00.502] WARN : General      f:0 st:219,676,554 at XuiSkin$EntityUiStyle.Load          > Could not find icon: Item_Logs, script = Sawmill.
[14-09-26 02:36:00.502] WARN : General      f:0 st:219,676,555 at XuiSkin$EntityUiStyle.Load          > Could not find icon: Build_WindowframeWood, script = Wooden Window Frame (Basic).
[14-09-26 02:36:00.503] WARN : General      f:0 st:219,676,555 at XuiSkin$EntityUiStyle.Load          > Could not find icon: Build_CabinetMetal, script = Big Metal Locker (Craftsman).
[14-09-26 02:36:00.503] WARN : General      f:0 st:219,676,555 at XuiSkin$EntityUiStyle.Load          > Could not find icon: Build_WindowframeBrick, script = Brick Window Frame (Craftsman).
[14-09-26 02:36:00.503] WARN : General      f:0 st:219,676,555 at XuiSkin$EntityUiStyle.Load          > Could not find icon: Build_WindowframeBrick, script = Brick Window Frame (Basic).
[14-09-26 02:36:00.503] WARN : General      f:0 st:219,676,556 at XuiSkin$EntityUiStyle.Load          > Could not find icon: Build_CookingPitSimple, script = Fire Pit (Stones).
[14-09-26 02:36:00.504] WARN : General      f:0 st:219,676,556 at XuiSkin$EntityUiStyle.Load          > Could not find icon: Build_FenceWire, script = Barbed Wire Fence.
[14-09-26 02:36:00.504] WARN : General      f:0 st:219,676,556 at XuiSkin$EntityUiStyle.Load          > Could not find icon: Build_CrateMetal, script = Metal Crate (Craftsman).
[14-09-26 02:36:00.504] WARN : General      f:0 st:219,676,556 at XuiSkin$EntityUiStyle.Load          > Could not find icon: Build_CrateMetal, script = Metal Crate (Basic).
[14-09-26 02:36:00.504] WARN : General      f:0 st:219,676,557 at XuiSkin$EntityUiStyle.Load          > Could not find icon: Build_AnvilStone, script = Stone Anvil.
[14-09-26 02:36:00.504] WARN : General      f:0 st:219,676,557 at XuiSkin$EntityUiStyle.LoadComponentInfo> Could not find icon: Build_AnvilStone.
[14-09-26 02:36:00.505] WARN : General      f:0 st:219,676,557 at XuiSkin$EntityUiStyle.Load          > Could not find icon: Item_WaterTank, script = Water Dispenser.
[14-09-26 02:36:00.505] WARN : General      f:0 st:219,676,557 at XuiSkin$EntityUiStyle.Load          > Could not find icon: Build_DoorframeMetal, script = Metal Doorframe (Basic).
[14-09-26 02:36:00.505] WARN : General      f:0 st:219,676,558 at XuiSkin$EntityUiStyle.Load          > Could not find icon: Build_LeanToShelterLeather, script = Leather Shelter.
[14-09-26 02:36:00.505] WARN : General      f:0 st:219,676,558 at XuiSkin$EntityUiStyle.Load          > Could not find icon: Build_DoorframeMetal, script = Metal Doorframe (Craftsman).
[14-09-26 02:36:00.506] WARN : General      f:0 st:219,676,558 at XuiSkin$EntityUiStyle.Load          > Could not find icon: Build_TableLargeWood, script = Wooden Table (Advanced).
[14-09-26 02:36:00.506] WARN : General      f:0 st:219,676,558 at XuiSkin$EntityUiStyle.LoadComponentInfo> Could not find icon: Build_TableLargeWood.
[14-09-26 02:36:00.506] WARN : General      f:0 st:219,676,558 at XuiSkin$EntityUiStyle.Load          > Could not find icon: Build_LogSeat2, script = Crude Wooden Stool.
[14-09-26 02:36:00.506] WARN : General      f:0 st:219,676,559 at XuiSkin$EntityUiStyle.Load          > Could not find icon: Build_TableLargeWood, script = Wooden Table (Basic).
[14-09-26 02:36:00.506] WARN : General      f:0 st:219,676,559 at XuiSkin$EntityUiStyle.LoadComponentInfo> Could not find icon: Build_TableLargeWood.
[14-09-26 02:36:00.507] WARN : General      f:0 st:219,676,559 at XuiSkin$EntityUiStyle.Load          > Could not find icon: Build_TableLargeWood, script = Wooden Table (Craftsman).
[14-09-26 02:36:00.507] WARN : General      f:0 st:219,676,559 at XuiSkin$EntityUiStyle.LoadComponentInfo> Could not find icon: Build_TableLargeWood.
[14-09-26 02:36:00.507] WARN : General      f:0 st:219,676,560 at XuiSkin$EntityUiStyle.Load          > Could not find icon: Build_HerbDryerSmall, script = Simple Small Plant Drying Rack.
[14-09-26 02:36:00.507] WARN : General      f:0 st:219,676,560 at XuiSkin$EntityUiStyle.Load          > Could not find icon: Build_DoorframeBrick, script = Brick Doorframe (Basic).
[14-09-26 02:36:00.508] WARN : General      f:0 st:219,676,560 at XuiSkin$EntityUiStyle.Load          > Could not find icon: Build_DoorframeBrick, script = Brick Doorframe (Craftsman).
[14-09-26 02:36:00.508] WARN : General      f:0 st:219,676,560 at XuiSkin$EntityUiStyle.Load          > Could not find icon: Item_Key_Blank, script = Key Duplicator.
[14-09-26 02:36:00.508] WARN : General      f:0 st:219,676,561 at XuiSkin$EntityUiStyle.Load          > Could not find icon: Build_MetalCounter, script = Metal Counter (Basic).
[14-09-26 02:36:00.508] WARN : General      f:0 st:219,676,561 at XuiSkin$EntityUiStyle.Load          > Could not find icon: Build_MetalCounter, script = Metal Counter (Craftsman).
[14-09-26 02:36:00.509] WARN : General      f:0 st:219,676,561 at XuiSkin$EntityUiStyle.Load          > Could not find icon: Build_WallLogs, script = Log Wall.
[14-09-26 02:36:00.509] WARN : General      f:0 st:219,676,561 at XuiSkin$EntityUiStyle.Load          > Could not find icon: Item_Anvil_Forged, script = Electric Blower Forge.
[14-09-26 02:36:00.509] WARN : General      f:0 st:219,676,561 at XuiSkin$EntityUiStyle.LoadComponentInfo> Could not find icon: Item_Anvil_Forged.
[14-09-26 02:36:00.509] WARN : General      f:0 st:219,676,562 at XuiSkin$EntityUiStyle.Load          > Could not find icon: Build_DryingFrameSmall, script = Small Leather Drying Rack.
[14-09-26 02:36:00.510] WARN : General      f:0 st:219,676,562 at XuiSkin$EntityUiStyle.Load          > Could not find icon: Build_WindowframeStone, script = Stone Window Frame.
[14-09-26 02:36:00.510] WARN : General      f:0 st:219,676,562 at XuiSkin$EntityUiStyle.Load          > Could not find icon: Build_FurnaceAdvanced, script = Advanced Furnace.
[14-09-26 02:36:00.510] WARN : General      f:0 st:219,676,562 at XuiSkin$EntityUiStyle.Load          > Could not find icon: Build_DryingFrameSmall, script = Medium Leather Drying Rack.
[14-09-26 02:36:00.510] WARN : General      f:0 st:219,676,563 at XuiSkin$EntityUiStyle.Load          > Could not find icon: Item_Rock, script = Grinding Slab.
[14-09-26 02:36:00.511] WARN : General      f:0 st:219,676,563 at XuiSkin$EntityUiStyle.LoadComponentInfo> Could not find icon: Item_Rock.
[14-09-26 02:36:00.511] WARN : General      f:0 st:219,676,563 at XuiSkin$EntityUiStyle.Load          > Could not find icon: Build_BarrelOven, script = Metal Barrel Oven.
[14-09-26 02:36:00.511] WARN : General      f:0 st:219,676,564 at XuiSkin$EntityUiStyle.Load          > Could not find icon: Build_CharcoalDrum, script = Charcoal Burning Barrel.
[14-09-26 02:36:00.511] WARN : General      f:0 st:219,676,564 at XuiSkin$EntityUiStyle.Load          > Could not find icon: Build_StairsWood, script = Wooden Stairs.
[14-09-26 02:36:00.512] WARN : General      f:0 st:219,676,564 at XuiSkin$EntityUiStyle.Load          > Could not find icon: Item_Ingot_Steel, script = Arc Furnace.
[14-09-26 02:36:00.512] WARN : General      f:0 st:219,676,565 at XuiSkin$EntityUiStyle.LoadComponentInfo> Could not find icon: Item_Ingot_Steel.
[14-09-26 02:36:00.512] WARN : General      f:0 st:219,676,565 at XuiSkin$EntityUiStyle.Load          > Could not find icon: Build_TroughMetal, script = Long Metal Feeding Trough.
[14-09-26 02:36:00.513] WARN : General      f:0 st:219,676,565 at XuiSkin$EntityUiStyle.Load          > Could not find icon: Build_KilnLarge, script = Advanced Kiln.
[14-09-26 02:36:00.513] WARN : General      f:0 st:219,676,566 at XuiSkin$EntityUiStyle.Load          > Could not find icon: Build_ShelfWood, script = Wooden Shelf (Basic).
[14-09-26 02:36:00.513] WARN : General      f:0 st:219,676,566 at XuiSkin$EntityUiStyle.Load          > Could not find icon: Build_RainCollectorCrate2, script = Rain Collector Crate (Garbage Bags).
[14-09-26 02:36:00.514] WARN : General      f:0 st:219,676,566 at XuiSkin$EntityUiStyle.Load          > Could not find icon: Build_HerbDryerLarge, script = Simple Large Plant Drying Rack.
[14-09-26 02:36:00.514] WARN : General      f:0 st:219,676,567 at XuiSkin$EntityUiStyle.Load          > Could not find icon: Build_WoodPicket, script = Wooden Marker.
[14-09-26 02:36:00.514] WARN : General      f:0 st:219,676,567 at XuiSkin$EntityUiStyle.Load          > Could not find icon: Build_ShelfWood, script = Wooden Shelf (Craftsman).
[14-09-26 02:36:00.515] WARN : General      f:0 st:219,676,567 at XuiSkin$EntityUiStyle.Load          > Could not find icon: Build_FloorSand, script = Sand Floor.
[14-09-26 02:36:00.515] WARN : General      f:0 st:219,676,568 at XuiSkin$EntityUiStyle.Load          > Could not find icon: Build_Sidetable, script = Wood Table with Drawer.
[14-09-26 02:36:00.515] WARN : General      f:0 st:219,676,568 at XuiSkin$EntityUiStyle.Load          > Could not find icon: Build_TanningBarrel, script = Tannin Barrel.
[14-09-26 02:36:00.515] WARN : General      f:0 st:219,676,568 at XuiSkin$EntityUiStyle.Load          > Could not find icon: Build_Sidetable, script = Wooden Table with Drawer (Craftsman).
[14-09-26 02:36:00.516] WARN : General      f:0 st:219,676,569 at XuiSkin$EntityUiStyle.Load          > Could not find icon: Build_Sidetable, script = Wooden Table with Drawer (Basic).
[14-09-26 02:36:00.516] WARN : General      f:0 st:219,676,569 at XuiSkin$EntityUiStyle.Load          > Could not find icon: Build_Bed, script = Wooden Bed.
[14-09-26 02:36:00.517] WARN : General      f:0 st:219,676,570 at XuiSkin$EntityUiStyle.Load          > Could not find icon: Build_SmeltingFurnace, script = Simple Forge.
[14-09-26 02:36:00.517] WARN : General      f:0 st:219,676,570 at XuiSkin$EntityUiStyle.Load          > Could not find icon: Build_LogBench, script = Log Bench.
[14-09-26 02:36:00.517] WARN : General      f:0 st:219,676,570 at XuiSkin$EntityUiStyle.Load          > Could not find icon: Build_StickBookcaseSmall, script = Crude Small Wooden Bookcase.
[14-09-26 02:36:00.518] WARN : General      f:0 st:219,676,571 at XuiSkin$EntityUiStyle.Load          > Could not find icon: Item_WaterDrop, script = Water Pump.
[14-09-26 02:36:00.518] WARN : General      f:0 st:219,676,571 at XuiSkin$EntityUiStyle.Load          > Could not find icon: Build_Grindstone, script = Grindstone.
[14-09-26 02:36:00.518] WARN : General      f:0 st:219,676,571 at XuiSkin$EntityUiStyle.Load          > Could not find icon: Item_Hacksaw, script = Metal Bandsaw.
[14-09-26 02:36:00.518] WARN : General      f:0 st:219,676,571 at XuiSkin$EntityUiStyle.Load          > Could not find icon: Build_BookcaseShort, script = Small Wooden Bookcase (Craftsman).
[14-09-26 02:36:00.519] WARN : General      f:0 st:219,676,572 at XuiSkin$EntityUiStyle.Load          > Could not find icon: Build_MetalworkBench, script = Metalworkbench.
[14-09-26 02:36:00.519] WARN : General      f:0 st:219,676,572 at XuiSkin$EntityUiStyle.LoadComponentInfo> Could not find icon: Build_MetalworkBench.
[14-09-26 02:36:00.519] WARN : General      f:0 st:219,676,572 at XuiSkin$EntityUiStyle.Load          > Could not find icon: Item_Handle, script = Wooden Fence Post.
[14-09-26 02:36:00.519] WARN : General      f:0 st:219,676,572 at XuiSkin$EntityUiStyle.LoadComponentInfo> Could not find icon: Item_Handle.
[14-09-26 02:36:00.519] WARN : General      f:0 st:219,676,572 at XuiSkin$EntityUiStyle.Load          > Could not find icon: Build_BookcaseShort, script = Small Wooden Bookcase (Basic).
[14-09-26 02:36:00.519] WARN : General      f:0 st:219,676,573 at XuiSkin$EntityUiStyle.Load          > Could not find icon: Build_Composter, script = Composter (Basic).
[14-09-26 02:36:00.521] WARN : General      f:0 st:219,676,573 at XuiSkin$EntityUiStyle.Load          > Could not find icon: Build_FenceStakes, script = Crude Wooden Fence.
[14-09-26 02:36:00.521] WARN : General      f:0 st:219,676,573 at XuiSkin$EntityUiStyle.Load          > Could not find icon: Build_DoorframeLogs, script = Log Doorframe.
[14-09-26 02:36:00.521] WARN : General      f:0 st:219,676,573 at XuiSkin$EntityUiStyle.Load          > Could not find icon: Build_DoorFenceWood, script = Wooden Fence Gate.
[14-09-26 02:36:00.521] WARN : General      f:0 st:219,676,574 at XuiSkin$EntityUiStyle.Load          > Could not find icon: Build_SofteningBeam, script = Softening Beam.
[14-09-26 02:36:00.521] WARN : General      f:0 st:219,676,574 at XuiSkin$EntityUiStyle.Load          > Could not find icon: Build_ShortWireFence, script = Small Metal Wire Fence.
[14-09-26 02:36:00.522] WARN : General      f:0 st:219,676,574 at XuiSkin$EntityUiStyle.Load          > Could not find icon: Build_Stake_SkullStag, script = Deer Skull Pole.
[14-09-26 02:36:00.522] WARN : General      f:0 st:219,676,574 at XuiSkin$EntityUiStyle.Load          > Could not find icon: Item_Charcoal, script = Pit of Coals.
[14-09-26 02:36:00.522] WARN : General      f:0 st:219,676,575 at XuiSkin$EntityUiStyle.Load          > Could not find icon: Build_HerbDryerSmall, script = Small Plant Drying Rack.
[14-09-26 02:36:00.522] WARN : General      f:0 st:219,676,575 at XuiSkin$EntityUiStyle.Load          > Could not find icon: Item_BlowTorch, script = Metalwork Lathe.
[14-09-26 02:36:00.523] WARN : General      f:0 st:219,676,575 at XuiSkin$EntityUiStyle.LoadComponentInfo> Could not find icon: Item_BlowTorch.
[14-09-26 02:36:00.523] WARN : General      f:0 st:219,676,575 at XuiSkin$EntityUiStyle.Load          > Could not find icon: Build_LogTable2, script = Crude Wooden Table.
[14-09-26 02:36:00.523] WARN : General      f:0 st:219,676,576 at XuiSkin$EntityUiStyle.Load          > Could not find icon: Build_Coffin, script = Wooden Coffin.
[14-09-26 02:36:00.523] WARN : General      f:0 st:219,676,576 at XuiSkin$EntityUiStyle.Load          > Could not find icon: Build_Stake_Antlers, script = Antlers Pole.
[14-09-26 02:36:00.523] WARN : General      f:0 st:219,676,576 at XuiSkin$EntityUiStyle.Load          > Could not find icon: Build_Stake_SkullSheep, script = Sheep Skull Pole.
[14-09-26 02:36:00.524] WARN : General      f:0 st:219,676,576 at XuiSkin$EntityUiStyle.Load          > Could not find icon: Item_WaterDrop, script = Steam Turbine.
[14-09-26 02:36:00.524] WARN : General      f:0 st:219,676,577 at XuiSkin$EntityUiStyle.Load          > Could not find icon: Build_Coop2, script = Chicken Hutch (Dark Wood).
[14-09-26 02:36:00.524] WARN : General      f:0 st:219,676,577 at XuiSkin$EntityUiStyle.Load          > Could not find icon: Build_FenceOpenLogs, script = Wide Log Gate.
[14-09-26 02:36:00.524] WARN : General      f:0 st:219,676,577 at XuiSkin$EntityUiStyle.Load          > Could not find icon: Build_PoleGate, script = Big Pole Fence Gate.
[14-09-26 02:36:00.525] WARN : General      f:0 st:219,676,577 at XuiSkin$EntityUiStyle.Load          > Could not find icon: Build_StairsLogs, script = Log Stairs.
[14-09-26 02:36:00.525] WARN : General      f:0 st:219,676,578 at XuiSkin$EntityUiStyle.Load          > Could not find icon: Item_Toast, script = Toaster.
[14-09-26 02:36:00.525] WARN : General      f:0 st:219,676,578 at XuiSkin$EntityUiStyle.Load          > Could not find icon: Build_FloorTilePorcelain, script = Tile Floor.
[14-09-26 02:36:00.525] WARN : General      f:0 st:219,676,578 at XuiSkin$EntityUiStyle.Load          > Could not find icon: Build_CrossSimple, script = Crude Wooden Cross.
[14-09-26 02:36:00.525] WARN : General      f:0 st:219,676,578 at XuiSkin$EntityUiStyle.Load          > Could not find icon: Item_Charcoal, script = Large Pit of Coals.
[14-09-26 02:36:00.526] WARN : General      f:0 st:219,676,579 at XuiSkin$EntityUiStyle.Load          > Could not find icon: Build_ButcherHook, script = Butcher Hook.
[14-09-26 02:36:00.526] WARN : General      f:0 st:219,676,579 at XuiSkin$EntityUiStyle.Load          > Could not find icon: Build_SpinningWheel, script = Spinning Wheel.
[14-09-26 02:36:00.526] WARN : General      f:0 st:219,676,579 at XuiSkin$EntityUiStyle.Load          > Could not find icon: Build_Coop, script = Chicken Hutch (Light Wood).
[14-09-26 02:36:00.527] WARN : General      f:0 st:219,676,580 at XuiSkin$EntityUiStyle.Load          > Could not find icon: Build_Bookcase, script = Wooden Bookcase (Basic).
[14-09-26 02:36:00.527] WARN : General      f:0 st:219,676,580 at XuiSkin$EntityUiStyle.LoadComponentInfo> Could not find icon: Build_Bookcase.
[14-09-26 02:36:00.527] WARN : General      f:0 st:219,676,580 at XuiSkin$EntityUiStyle.Load          > Could not find icon: Item_Petrol, script = Generator Maintenance.
[14-09-26 02:36:00.527] WARN : General      f:0 st:219,676,580 at XuiSkin$EntityUiStyle.Load          > Could not find icon: Build_Bookcase, script = Wooden Bookcase (Craftsman).
[14-09-26 02:36:00.528] WARN : General      f:0 st:219,676,581 at XuiSkin$EntityUiStyle.Load          > Could not find icon: Build_BarricadeWindow_Bars, script = Metal Bar Barricade.
[14-09-26 02:36:00.528] WARN : General      f:0 st:219,676,581 at XuiSkin$EntityUiStyle.Load          > Could not find icon: Build_Stake_SkullBull, script = Bull Skull Pole.
[14-09-26 02:36:00.528] WARN : General      f:0 st:219,676,581 at XuiSkin$EntityUiStyle.Load          > Could not find icon: Build_Wall_Plaster, script = Plaster Wall.
[14-09-26 02:36:00.528] WARN : General      f:0 st:219,676,581 at XuiSkin$EntityUiStyle.Load          > Could not find icon: Build_CookingPit, script = Fire Pit (Stone Blocks).
[14-09-26 02:36:00.529] WARN : General      f:0 st:219,676,582 at XuiSkin$EntityUiStyle.Load          > Could not find icon: Build_LoomSimple, script = Simple Loom.
[14-09-26 02:36:00.529] WARN : General      f:0 st:219,676,582 at XuiSkin$EntityUiStyle.Load          > Could not find icon: Build_WoodSign_Skull, script = Paint Sign - Skull.
[14-09-26 02:36:00.529] WARN : General      f:0 st:219,676,582 at XuiSkin$EntityUiStyle.Load          > Could not find icon: Build_WindowframeMetal, script = Metal Window Frame (Basic).
[14-09-26 02:36:00.529] WARN : General      f:0 st:219,676,582 at XuiSkin$EntityUiStyle.Load          > Could not find icon: Build_WindowframeMetal, script = Metal Window Frame (Craftsman).
[14-09-26 02:36:00.529] WARN : General      f:0 st:219,676,582 at XuiSkin$EntityUiStyle.Load          > Could not find icon: Build_DoubleWireGate, script = Double Tall Wire Fence Gate.
[14-09-26 02:36:00.529] WARN : General      f:0 st:219,676,583 at XuiSkin$EntityUiStyle.Load          > Could not find icon: Build_RainCollectorBarrel, script = Rain Collector Barrel (Tarp).
[14-09-26 02:36:00.529] WARN : General      f:0 st:219,676,583 at XuiSkin$EntityUiStyle.Load          > Could not find icon: Build_FenceBrick, script = Short Brick Wall.
[14-09-26 02:36:00.531] WARN : General      f:0 st:219,676,583 at XuiSkin$EntityUiStyle.Load          > Could not find icon: Build_LogSeat, script = Short Log Bench.
[14-09-26 02:36:00.531] WARN : General      f:0 st:219,676,583 at XuiSkin$EntityUiStyle.LoadComponentInfo> Could not find icon: Build_LogSeat.
[14-09-26 02:36:00.531] WARN : General      f:0 st:219,676,584 at XuiSkin$EntityUiStyle.Load          > Could not find icon: Build_FenceMetalPosts, script = Metal Pole Fence.
[14-09-26 02:36:00.531] WARN : General      f:0 st:219,676,584 at XuiSkin$EntityUiStyle.Load          > Could not find icon: Build_DoorWood, script = Wooden Door (Advanced).
[14-09-26 02:36:00.532] WARN : General      f:0 st:219,676,584 at XuiSkin$EntityUiStyle.Load          > Could not find icon: Build_WallframeMetal, script = Metal Wall Frame.
[14-09-26 02:36:00.532] WARN : General      f:0 st:219,676,584 at XuiSkin$EntityUiStyle.Load          > Could not find icon: Build_DoorWood, script = Wooden Door (Basic).
[14-09-26 02:36:00.532] WARN : General      f:0 st:219,676,584 at XuiSkin$EntityUiStyle.Load          > Could not find icon: Build_WallframeWood, script = Wooden Wall Frame.
[14-09-26 02:36:00.532] WARN : General      f:0 st:219,676,585 at XuiSkin$EntityUiStyle.Load          > Could not find icon: Item_Anvil_Stone, script = Primitive Forge.
[14-09-26 02:36:00.532] WARN : General      f:0 st:219,676,585 at XuiSkin$EntityUiStyle.Load          > Could not find icon: Build_DoorMetal, script = Metal Door (Poor).
[14-09-26 02:36:00.533] WARN : General      f:0 st:219,676,585 at XuiSkin$EntityUiStyle.Load          > Could not find icon: Build_DoorWeldedMetal, script = Metal Door (Shoddy).
[14-09-26 02:36:00.533] WARN : General      f:0 st:219,676,585 at XuiSkin$EntityUiStyle.Load          > Could not find icon: Build_DoorWood, script = Wooden Door (Craftsman).
[14-09-26 02:36:00.533] WARN : General      f:0 st:219,676,586 at XuiSkin$EntityUiStyle.Load          > Could not find icon: Build_Cross, script = Wooden Cross.
[14-09-26 02:36:00.533] WARN : General      f:0 st:219,676,586 at XuiSkin$EntityUiStyle.Load          > Could not find icon: Build_ShelvesWood, script = Double Wooden Shelves.
[14-09-26 02:36:00.533] WARN : General      f:0 st:219,676,586 at XuiSkin$EntityUiStyle.Load          > Could not find icon: Item_MugFulll, script = Coffee Machine.
[14-09-26 02:36:00.534] WARN : General      f:0 st:219,676,586 at XuiSkin$EntityUiStyle.Load          > Could not find icon: Item_RailroadRail_Short, script = Makeshift Electric Blower Forge.
[14-09-26 02:36:00.534] WARN : General      f:0 st:219,676,586 at XuiSkin$EntityUiStyle.LoadComponentInfo> Could not find icon: Item_RailroadRail_Short.
[14-09-26 02:36:00.534] WARN : General      f:0 st:219,676,587 at XuiSkin$EntityUiStyle.Load          > Could not find icon: Build_LeanToShelterTarp, script = Tarp Shelter.
[14-09-26 02:36:00.534] WARN : General      f:0 st:219,676,587 at XuiSkin$EntityUiStyle.Load          > Could not find icon: Build_HerbDryerLarge, script = Large Plant Drying Rack.
[14-09-26 02:36:00.535] WARN : General      f:0 st:219,676,587 at XuiSkin$EntityUiStyle.Load          > Could not find icon: Build_StoneQuern, script = Stone Quern.
[14-09-26 02:36:00.535] WARN : General      f:0 st:219,676,587 at XuiSkin$EntityUiStyle.LoadComponentInfo> Could not find icon: Build_StoneQuern.
[14-09-26 02:36:00.535] WARN : General      f:0 st:219,676,587 at XuiSkin$EntityUiStyle.Load          > Could not find icon: Build_WoodSign, script = Wooden Sign.
[14-09-26 02:36:00.535] WARN : General      f:0 st:219,676,588 at XuiSkin$EntityUiStyle.Load          > Could not find icon: Build_WoodPole_Tall, script = Wooden Pole.
[14-09-26 02:36:00.535] WARN : General      f:0 st:219,676,588 at XuiSkin$EntityUiStyle.Load          > Could not find icon: Build_WoodSign_Down, script = Paint Sign - Down Arrow.
[14-09-26 02:36:00.536] WARN : General      f:0 st:219,676,588 at XuiSkin$EntityUiStyle.Load          > Could not find icon: Item_Dice, script = Test Entity.
[14-09-26 02:36:00.536] WARN : General      f:0 st:219,676,588 at XuiSkin$EntityUiStyle.LoadComponentInfo> Could not find icon: Item_Note2.
[14-09-26 02:36:00.536] WARN : General      f:0 st:219,676,589 at XuiSkin$EntityUiStyle.Load          > Could not find icon: Build_SandbagWall, script = Sandbag Wall.
[14-09-26 02:36:00.536] WARN : General      f:0 st:219,676,589 at XuiSkin$EntityUiStyle.Load          > Could not find icon: Build_SmeltingFurnace, script = Simple Furnace.
[14-09-26 02:36:00.536] WARN : General      f:0 st:219,676,589 at XuiSkin$EntityUiStyle.Load          > Could not find icon: Build_BarricadeWindow_Plank, script = Planks Barricade.
[14-09-26 02:36:00.536] WARN : General      f:0 st:219,676,589 at XuiSkin$EntityUiStyle.Load          > Could not find icon: Item_Logs, script = Tree Stump.
[14-09-26 02:36:00.537] WARN : General      f:0 st:219,676,589 at XuiSkin$EntityUiStyle.LoadComponentInfo> Could not find icon: Item_Logs.
[14-09-26 02:36:00.537] WARN : General      f:0 st:219,676,590 at XuiSkin$EntityUiStyle.Load          > Could not find icon: Build_CrateWood, script = Wooden Crate (Craftsman).
[14-09-26 02:36:00.537] WARN : General      f:0 st:219,676,590 at XuiSkin$EntityUiStyle.Load          > Could not find icon: Build_TallWireGate, script = Big Wire Fence Gate.
[14-09-26 02:36:00.537] WARN : General      f:0 st:219,676,590 at XuiSkin$EntityUiStyle.Load          > Could not find icon: Build_CrateWood, script = Wooden Crate (Basic).
[14-09-26 02:36:00.537] WARN : General      f:0 st:219,676,590 at XuiSkin$EntityUiStyle.Load          > Could not find icon: Build_DoubleWireFence, script = Big Wire Fence.
[14-09-26 02:36:00.538] WARN : General      f:0 st:219,676,590 at XuiSkin$EntityUiStyle.Load          > Could not find icon: Build_Composter, script = Composter (Craftsman).
[14-09-26 02:36:00.538] WARN : General      f:0 st:219,676,591 at XuiSkin$EntityUiStyle.Load          > Could not find icon: Build_Amphora, script = Amphora.
[14-09-26 02:36:00.538] WARN : General      f:0 st:219,676,591 at XuiSkin$EntityUiStyle.Load          > Could not find icon: Build_Coalpit, script = Charcoal Burning Pile.
[14-09-26 02:36:00.538] WARN : General      f:0 st:219,676,591 at XuiSkin$EntityUiStyle.Load          > Could not find icon: Build_FloorTileWood, script = Wooden Floor (Craftsman).
[14-09-26 02:36:00.539] WARN : General      f:0 st:219,676,591 at XuiSkin$EntityUiStyle.Load          > Could not find icon: Build_FloorTileWood, script = Wooden Floor (Advanced).
[14-09-26 02:36:00.539] WARN : General      f:0 st:219,676,592 at XuiSkin$EntityUiStyle.Load          > Could not find icon: Build_FloorTileWood, script = Wooden Floor (Basic).
[14-09-26 02:36:00.539] WARN : General      f:0 st:219,676,592 at XuiSkin$EntityUiStyle.Load          > Could not find icon: Item_CarBatteryCharger, script = CeroSec - FS-800.
[14-09-26 02:36:00.539] WARN : General      f:0 st:219,676,592 at XuiSkin$EntityUiStyle.Load          > Could not find icon: Build_Wall_Wallpaper, script = Apply Wallpaper.
[14-09-26 02:36:00.539] WARN : General      f:0 st:219,676,592 at XuiSkin$EntityUiStyle.Load          > Could not find icon: Build_Chair, script = Wooden Chair (Basic).
[14-09-26 02:36:00.539] WARN : General      f:0 st:219,676,593 at XuiSkin$EntityUiStyle.Load          > Could not find icon: Build_FlashlightLamp, script = Wooden Flashlight Pillar.
[14-09-26 02:36:00.541] WARN : General      f:0 st:219,676,593 at XuiSkin$EntityUiStyle.Load          > Could not find icon: Build_Chair, script = Wooden Chair (Advanced).
[14-09-26 02:36:00.541] WARN : General      f:0 st:219,676,593 at XuiSkin$EntityUiStyle.Load          > Could not find icon: Build_FenceHighMetalPosts, script = Big Metal Pole Fence.
[14-09-26 02:36:00.541] WARN : General      f:0 st:219,676,593 at XuiSkin$EntityUiStyle.Load          > Could not find icon: Build_Chair, script = Wooden Chair (Craftsman).
[14-09-26 02:36:00.541] WARN : General      f:0 st:219,676,593 at XuiSkin$EntityUiStyle.Load          > Could not find icon: Build_LogStool, script = Log Stool.
[14-09-26 02:36:00.541] WARN : General      f:0 st:219,676,594 at XuiSkin$EntityUiStyle.Load          > Could not find icon: Build_TableSmallWood, script = Small Wooden Table (Craftsman).
[14-09-26 02:36:00.542] WARN : General      f:0 st:219,676,594 at XuiSkin$EntityUiStyle.LoadComponentInfo> Could not find icon: Build_TableSmallWood.
[14-09-26 02:36:00.542] WARN : General      f:0 st:219,676,594 at XuiSkin$EntityUiStyle.Load          > Could not find icon: Build_TableSmallWood, script = Small Wooden Table (Advanced).
[14-09-26 02:36:00.542] WARN : General      f:0 st:219,676,594 at XuiSkin$EntityUiStyle.LoadComponentInfo> Could not find icon: Build_TableSmallWood.
[14-09-26 02:36:00.542] WARN : General      f:0 st:219,676,595 at XuiSkin$EntityUiStyle.Load          > Could not find icon: Build_TableSmallWood, script = Small Wooden Table (Basic).
[14-09-26 02:36:00.542] WARN : General      f:0 st:219,676,595 at XuiSkin$EntityUiStyle.LoadComponentInfo> Could not find icon: Build_TableSmallWood.
[14-09-26 02:36:00.543] WARN : General      f:0 st:219,676,595 at XuiSkin$EntityUiStyle.Load          > Could not find icon: Item_CarBatteryCharger, script = Test Kiln.
[14-09-26 02:36:00.543] WARN : General      f:0 st:219,676,595 at XuiSkin$EntityUiStyle.LoadComponentInfo> Could not find icon: Item_Note2.
[14-09-26 02:36:00.543] WARN : General      f:0 st:219,676,595 at XuiSkin$EntityUiStyle.Load          > Could not find icon: Build_ShortWireGate, script = Metal Wire Fence Gate.
[14-09-26 02:36:00.543] WARN : General      f:0 st:219,676,596 at XuiSkin$EntityUiStyle.Load          > Could not find icon: Build_LogSeat, script = Log Seat.
[14-09-26 02:36:00.543] WARN : General      f:0 st:219,676,596 at XuiSkin$EntityUiStyle.Load          > Could not find icon: Item_PropaneTank, script = Steam Boiler.
[14-09-26 02:36:00.544] WARN : General      f:0 st:219,676,596 at XuiSkin$EntityUiStyle.Load          > Could not find icon: Build_TroughWoodLong, script = Long Wooden Feeding Trough.
[14-09-26 02:36:00.544] WARN : General      f:0 st:219,676,596 at XuiSkin$EntityUiStyle.Load          > Could not find icon: Build_MetalworkTable, script = Metalwork Table.
[14-09-26 02:36:00.544] WARN : General      f:0 st:219,676,597 at XuiSkin$EntityUiStyle.LoadComponentInfo> Could not find icon: Build_MetalworkTable.
[14-09-26 02:36:00.545] WARN : General      f:0 st:219,676,598 at XuiSkin$EntityUiStyle.Load          > Could not find icon: Item_Dice, script = Entity_DisplayName_Default.
[14-09-26 02:36:00.545] WARN : General      f:0 st:219,676,598 at XuiSkin$EntityUiStyle.LoadComponentInfo> Could not find icon: Item_Dice.
[14-09-26 02:36:00.546] WARN : General      f:0 st:219,676,598 at XuiSkin$EntityUiStyle.LoadComponentInfo> Could not find icon: Item_Dice.
[14-09-26 02:36:00.546] WARN : General      f:0 st:219,676,598 at XuiSkin$EntityUiStyle.LoadComponentInfo> Could not find icon: Item_Dice.
[14-09-26 02:36:00.546] WARN : General      f:0 st:219,676,599 at XuiSkin$EntityUiStyle.LoadComponentInfo> Could not find icon: Item_Dice.
[14-09-26 02:36:00.547] WARN : General      f:0 st:219,676,599 at XuiSkin$EntityUiStyle.Load          > Could not find icon: Build_FloorDirt, script = Dirt Floor.
[14-09-26 02:36:00.547] WARN : General      f:0 st:219,676,599 at XuiSkin$EntityUiStyle.Load          > Could not find icon: Build_DoorframeStone, script = Stone Doorframe.
[14-09-26 02:36:00.547] WARN : General      f:0 st:219,676,600 at XuiSkin$EntityUiStyle.Load          > Could not find icon: Build_PotteryBench, script = Pottery Bench.
[14-09-26 02:36:00.547] WARN : General      f:0 st:219,676,600 at XuiSkin$EntityUiStyle.LoadComponentInfo> Could not find icon: Build_PotteryBench.
[14-09-26 02:36:00.548] WARN : General      f:0 st:219,676,600 at XuiSkin$EntityUiStyle.Load          > Could not find icon: Build_Cairn, script = Stone Cairn.
[14-09-26 02:36:00.548] WARN : General      f:0 st:219,676,600 at XuiSkin$EntityUiStyle.Load          > Could not find icon: Build_WallWood, script = Wooden Wall (Advanced).
[14-09-26 02:36:00.548] WARN : General      f:0 st:219,676,601 at XuiSkin$EntityUiStyle.Load          > Could not find icon: Build_WallWood, script = Wooden Wall (Basic).
[14-09-26 02:36:00.548] WARN : General      f:0 st:219,676,601 at XuiSkin$EntityUiStyle.Load          > Could not find icon: Build_LeanToShelterSticks, script = Lean-to Shelter.
[14-09-26 02:36:00.548] WARN : General      f:0 st:219,676,601 at XuiSkin$EntityUiStyle.Load          > Could not find icon: Build_PotteryWheel, script = Pottery Wheel.
[14-09-26 02:36:00.549] WARN : General      f:0 st:219,676,601 at XuiSkin$EntityUiStyle.LoadComponentInfo> Could not find icon: Build_PotteryWheel.
[14-09-26 02:36:00.549] WARN : General      f:0 st:219,676,601 at XuiSkin$EntityUiStyle.Load          > Could not find icon: Build_CabinetStone, script = Stone Cabinet.
[14-09-26 02:36:00.549] WARN : General      f:0 st:219,676,602 at XuiSkin$EntityUiStyle.Load          > Could not find icon: Build_WallWood, script = Wooden Wall (Craftsman).
[14-09-26 02:36:00.549] WARN : General      f:0 st:219,676,602 at XuiSkin$EntityUiStyle.Load          > Could not find icon: Build_WoodSign_Left, script = Paint Sign - Left Arrow.
[14-09-26 02:36:00.549] WARN : General      f:0 st:219,676,602 at XuiSkin$EntityUiStyle.Load          > Could not find icon: Build_PrimitiveFurnace, script = Primitive Furnace.
[14-09-26 02:36:00.549] WARN : General      f:0 st:219,676,602 at XuiSkin$EntityUiStyle.Load          > Could not find icon: Build_DoorframeWood, script = Wooden Doorframe (Craftsman).
[14-09-26 02:36:00.549] WARN : General      f:0 st:219,676,602 at XuiSkin$EntityUiStyle.Load          > Could not find icon: Build_DoorframeWood, script = Wooden Doorframe (Advanced).
[14-09-26 02:36:00.550] WARN : General      f:0 st:219,676,603 at XuiSkin$EntityUiStyle.Load          > Could not find icon: Build_DoorframeWood, script = Wooden Doorframe (Basic).
[14-09-26 02:36:00.550] WARN : General      f:0 st:219,676,603 at XuiSkin$EntityUiStyle.Load          > Could not find icon: Build_WindowframeLogs, script = Log Window Frame.
[14-09-26 02:36:00.550] WARN : General      f:0 st:219,676,603 at XuiSkin$EntityUiStyle.Load          > Could not find icon: Build_FloorGravel, script = Gravel Floor.
[14-09-26 02:36:00.550] WARN : General      f:0 st:219,676,603 at XuiSkin$EntityUiStyle.Load          > Could not find icon: Item_WaterBottle, script = Bottling Machine.
[14-09-26 02:36:00.551] WARN : General      f:0 st:219,676,604 at XuiSkin$EntityUiStyle.Load          > Could not find icon: Build_WallBrick, script = Brick Wall (Basic).
[14-09-26 02:36:00.551] WARN : General      f:0 st:219,676,604 at XuiSkin$EntityUiStyle.Load          > Could not find icon: Build_WallBrick, script = Brick Wall (Craftsman).
[14-09-26 02:36:00.551] WARN : General      f:0 st:219,676,604 at XuiSkin$EntityUiStyle.Load          > Could not find icon: Build_DryingFrameLarge, script = Large Leather Drying Rack.
[14-09-26 02:36:00.551] WARN : General      f:0 st:219,676,604 at XuiSkin$EntityUiStyle.Load          > Could not find icon: Build_RippleComb, script = Ripple Comb.
[14-09-26 02:36:00.552] WARN : General      f:0 st:219,676,605 at XuiSkin$EntityUiStyle.Load          > Could not find icon: Build_Wall_Paint, script = Paint Wall / Item.
[14-09-26 02:36:00.552] WARN : General      f:0 st:219,676,605 at XuiSkin$EntityUiStyle.Load          > Could not find icon: Build_FenceWood, script = Wooden Fence (Craftsman).
[14-09-26 02:36:00.552] WARN : General      f:0 st:219,676,605 at XuiSkin$EntityUiStyle.Load          > Could not find icon: Build_FenceWood, script = Wooden Fence (Advanced).
[14-09-26 02:36:00.552] WARN : General      f:0 st:219,676,605 at XuiSkin$EntityUiStyle.Load          > Could not find icon: Build_LogTable, script = Log Table.
[14-09-26 02:36:00.552] WARN : General      f:0 st:219,676,605 at XuiSkin$EntityUiStyle.Load          > Could not find icon: Build_FenceWood, script = Wooden Fence (Basic).
[14-09-26 02:36:00.553] WARN : General      f:0 st:219,676,606 at XuiSkin$EntityUiStyle.Load          > Could not find icon: Build_ForgeAdvanced, script = Advanced Forge.
[14-09-26 02:36:00.553] WARN : General      f:0 st:219,676,606 at XuiSkin$EntityUiStyle.Load          > Could not find icon: Build_GunLocker, script = Small Metal Locker (Craftsman).
[14-09-26 02:36:00.553] WARN : General      f:0 st:219,676,606 at XuiSkin$EntityUiStyle.Load          > Could not find icon: Build_GunLocker, script = Small Metal Locker (Basic).
[14-09-26 02:36:00.553] WARN : General      f:0 st:219,676,606 at XuiSkin$EntityUiStyle.Load          > Could not find icon: Build_RainCollectorCrate, script = Rain Collector Crate (Tarp).
[14-09-26 02:36:00.553] WARN : General      f:0 st:219,676,606 at XuiSkin$EntityUiStyle.Load          > Could not find icon: Build_ButterChurn, script = Butter Churn.
[14-09-26 02:36:00.553] WARN : General      f:0 st:219,676,606 at XuiSkin$EntityUiStyle.Load          > Could not find icon: Build_Stake_SkullCow, script = Cow Skull Pole.
[14-09-26 02:36:00.553] WARN : General      f:0 st:219,676,607 at XuiSkin$EntityUiStyle.Load          > Could not find icon: Build_FloorTileMetal, script = Metal Floor.
[14-09-26 02:36:00.554] WARN : General      f:0 st:219,676,607 at XuiSkin$EntityUiStyle.Load          > Could not find icon: Build_Handpress, script = Hand-Operated Press.
[14-09-26 02:36:00.554] WARN : General      f:0 st:219,676,607 at XuiSkin$EntityUiStyle.LoadComponentInfo> Could not find icon: Build_Handpress.
[14-09-26 02:36:00.554] WARN : General      f:0 st:219,676,607 at XuiSkin$EntityUiStyle.Load          > Could not find icon: Build_MetalCounterCorner, script = Metal Counter Corner (Craftsman).
[14-09-26 02:36:00.554] WARN : General      f:0 st:219,676,607 at XuiSkin$EntityUiStyle.Load          > Could not find icon: Build_MetalCounterCorner, script = Metal Counter Corner (Basic).
[14-09-26 02:36:00.554] WARN : General      f:0 st:219,676,608 at XuiSkin$EntityUiStyle.Load          > Could not find icon: Build_WoodCounterCorner, script = Wooden Counter Corner (Basic).
[14-09-26 02:36:00.556] WARN : General      f:0 st:219,676,608 at XuiSkin$EntityUiStyle.Load          > Could not find icon: Build_HeckleComb, script = Heckle Comb.
[14-09-26 02:36:00.556] WARN : General      f:0 st:219,676,608 at XuiSkin$EntityUiStyle.Load          > Could not find icon: Build_Stake_SkullPig, script = Pig Skull Pole.
[14-09-26 02:36:00.556] WARN : General      f:0 st:219,676,608 at XuiSkin$EntityUiStyle.Load          > Could not find icon: Build_ScutchingBoard, script = Scutching Board.
[14-09-26 02:36:00.556] WARN : General      f:0 st:219,676,608 at XuiSkin$EntityUiStyle.Load          > Could not find icon: Build_FenceMetalPosts, script = Metal Pole Fence Gate.
[14-09-26 02:36:00.556] WARN : General      f:0 st:219,676,609 at XuiSkin$EntityUiStyle.Load          > Could not find icon: Build_DoublePoleGate, script = Double Tall Metal Pole Gate.
[14-09-26 02:36:00.556] WARN : General      f:0 st:219,676,609 at XuiSkin$EntityUiStyle.Load          > Could not find icon: Build_WoodCounter, script = Wooden Counter (Advanced).
[14-09-26 02:36:00.557] WARN : General      f:0 st:219,676,609 at XuiSkin$EntityUiStyle.Load          > Could not find icon: Build_WoodCounterCorner, script = Wooden Counter Corner (Craftsman).
[14-09-26 02:36:00.557] WARN : General      f:0 st:219,676,609 at XuiSkin$EntityUiStyle.Load          > Could not find icon: Build_WoodCounter, script = Wooden Counter (Basic).
[14-09-26 02:36:00.557] WARN : General      f:0 st:219,676,609 at XuiSkin$EntityUiStyle.Load          > Could not find icon: Build_WoodCounterCorner, script = Wooden Counter Corner (Advanced).
[14-09-26 02:36:00.557] WARN : General      f:0 st:219,676,610 at XuiSkin$EntityUiStyle.Load          > Could not find icon: Build_WoodCounter, script = Wooden Counter (Craftsman).
[14-09-26 02:36:00.558] WARN : General      f:0 st:219,676,610 at XuiSkin$EntityUiStyle.Load          > Could not find icon: Build_RainCollectorBarrel2, script = Rain Collector Barrel (Garbage Bags).
[14-09-26 02:36:00.558] WARN : General      f:0 st:219,676,610 at XuiSkin$EntityUiStyle.Load          > Could not find icon: Build_WoodSign_Up, script = Paint Sign - Up Arrow.
[14-09-26 02:36:00.559] WARN : General      f:0 st:219,676,611 at XuiSkin$EntityUiStyle.Load          > Could not find icon: Build_WoodSign_Right, script = Paint Sign - Right Arrow.
[14-09-26 02:36:00.559] WARN : General      f:0 st:219,676,611 at XuiSkin$EntityUiStyle.Load          > Could not find icon: Item_SheetMetal, script = Hydraulic Press.
[14-09-26 02:36:00.559] WARN : General      f:0 st:219,676,612 at XuiSkin$EntityUiStyle.Load          > Could not find icon: Build_FenceMetal, script = Metal Fence (Craftsman).
[14-09-26 02:36:00.559] WARN : General      f:0 st:219,676,612 at XuiSkin$EntityUiStyle.Load          > Could not find icon: Build_FenceLogs, script = Log Fence.
[14-09-26 02:36:00.559] WARN : General      f:0 st:219,676,612 at XuiSkin$EntityUiStyle.Load          > Could not find icon: Build_FenceMetal, script = Metal Fence (Basic).
[14-09-26 02:36:00.560] WARN : General      f:0 st:219,676,612 at XuiSkin$EntityUiStyle.Load          > Could not find icon: Item_Orange, script = Juice Maker.
[14-09-26 02:36:00.560] WARN : General      f:0 st:219,676,612 at XuiSkin$EntityUiStyle.Load          > Could not find icon: Build_Campfire, script = Campfire.
[14-09-26 02:36:00.560] WARN : General      f:0 st:219,676,613 at XuiSkin$EntityUiStyle.LoadComponentInfo> Could not find icon: Build_Campfire.
[14-09-26 02:36:00.561] WARN : General      f:0 st:219,676,613 at XuiSkin$EntityUiStyle.Load          > Could not find icon: Build_StairsMetal, script = Metal Stairs.
[14-09-26 02:36:00.561] WARN : General      f:0 st:219,676,613 at XuiSkin$EntityUiStyle.Load          > Could not find icon: Build_TroughWoodShort, script = Short Wooden Feeding Trough.
[14-09-26 02:36:00.561] WARN : General      f:0 st:219,676,613 at XuiSkin$EntityUiStyle.Load          > Could not find icon: Item_Anvil_Forged, script = Advanced Makeshift Electric Blower Forge.
[14-09-26 02:36:00.561] WARN : General      f:0 st:219,676,613 at XuiSkin$EntityUiStyle.LoadComponentInfo> Could not find icon: Item_Anvil_Forged.
[14-09-26 02:36:00.561] WARN : General      f:0 st:219,676,614 at XuiSkin$EntityUiStyle.Load          > Could not find icon: Build_WallStone, script = Stone Wall.
[14-09-26 02:36:00.562] WARN : General      f:0 st:219,676,614 at XuiSkin$EntityUiStyle.Load          > Could not find icon: Build_Stake_SkullDoe, script = Doe Skull Pole.
[14-09-26 02:36:00.562] WARN : General      f:0 st:219,676,614 at XuiSkin$EntityUiStyle.Load          > Could not find icon: Build_WindowBlack, script = Wooden Windows.
[14-09-26 02:36:00.562] WARN : General      f:0 st:219,676,614 at XuiSkin$EntityUiStyle.Load          > Could not find icon: Item_Clamp_Forged, script = Standing Drill Press.
[14-09-26 02:36:00.562] WARN : General      f:0 st:219,676,614 at XuiSkin$EntityUiStyle.LoadComponentInfo> Could not find icon: Item_Clamp_Forged.
[14-09-26 02:36:00.562] WARN : General      f:0 st:219,676,615 at XuiSkin$EntityUiStyle.Load          > Could not find icon: Build_KilnSmall, script = Primitive Kiln.
[14-09-26 02:36:00.563] WARN : General      f:0 st:219,676,615 at XuiSkin$EntityUiStyle.Load          > Could not find icon: Build_ShelvesMetal, script = Metal Shelves (Basic).
[14-09-26 02:36:00.563] WARN : General      f:0 st:219,676,615 at XuiSkin$EntityUiStyle.Load          > Could not find icon: Build_ShelvesMetal, script = Metal Shelves (Craftsman).
[14-09-26 02:36:00.563] WARN : General      f:0 st:219,676,615 at XuiSkin$EntityUiStyle.Load          > Could not find icon: Build_DomeKiln, script = Dome Kiln.
[14-09-26 02:36:00.563] WARN : General      f:0 st:219,676,616 at XuiSkin$EntityUiStyle.Load          > Could not find icon: Build_Loom, script = Loom.
[14-09-26 02:36:00.563] WARN : General      f:0 st:219,676,616 at XuiSkin$EntityUiStyle.Load          > Could not find icon: Build_BarricadeWindow_Sheet, script = Metal Sheet Barricade.
[14-09-26 02:36:00.563] WARN : General      f:0 st:219,676,616 at XuiSkin$EntityUiStyle.Load          > Could not find icon: Build_DoubleWoodGate, script = Double Tall Wooden Gate.
[14-09-26 02:36:00.563] WARN : General      f:0 st:219,676,616 at XuiSkin$EntityUiStyle.Load          > Could not find icon: Build_StoneMill, script = Stone Mill.
[14-09-26 02:36:00.564] WARN : General      f:0 st:219,676,616 at XuiSkin$EntityUiStyle.LoadComponentInfo> Could not find icon: Build_StoneMill.
[14-09-26 02:36:00.564] WARN : General      f:0 st:219,676,617 at XuiSkin$EntityUiStyle.Load          > Could not find icon: Build_WallMetal, script = Metal Wall (Craftsman).
[14-09-26 02:36:00.564] WARN : General      f:0 st:219,676,617 at XuiSkin$EntityUiStyle.Load          > Could not find icon: Item_ClayMold_Shingle, script = Well.
[14-09-26 02:36:00.564] WARN : General      f:0 st:219,676,617 at XuiSkin$EntityUiStyle.Load          > Could not find icon: Item_Boulder, script = Boulder.
[14-09-26 02:36:00.564] WARN : General      f:0 st:219,676,617 at XuiSkin$EntityUiStyle.LoadComponentInfo> Could not find icon: Item_Boulder.
[14-09-26 02:36:00.564] WARN : General      f:0 st:219,676,617 at XuiSkin$EntityUiStyle.Load          > Could not find icon: Build_WindowframeWood, script = Wooden Window Frame (Advanced).
[14-09-26 02:36:00.564] WARN : General      f:0 st:219,676,618 at XuiSkin$EntityUiStyle.Load          > Could not find icon: Build_WindowframeWood, script = Wooden Window Frame (Craftsman).
[14-09-26 02:36:00.566] WARN : General      f:0 st:219,676,618 at XuiSkin$EntityUiStyle.Load          > Could not find icon: Build_StickBookcase, script = Crude Wooden Bookcase.
[14-09-26 02:36:00.566] WARN : General      f:0 st:219,676,618 at XuiSkin$EntityUiStyle.Load          > Could not find icon: Build_CabinetMetal, script = Big Metal Locker (Basic).
[14-09-26 02:36:00.566] WARN : General      f:0 st:219,676,618 at XuiSkin$EntityUiStyle.Load          > Could not find icon: Build_ChoppingBlock, script = Chopping Block.
[14-09-26 02:36:00.566] WARN : General      f:0 st:219,676,618 at XuiSkin$EntityUiStyle.LoadComponentInfo> Could not find icon: Build_ChoppingBlock.
[14-09-26 02:36:00.566] WARN : General      f:0 st:219,676,619 at XuiSkin$EntityUiStyle.Load          > Could not find icon: Build_WallMetal, script = Metal Wall (Basic).
[14-09-26 02:36:00.567] WARN : General      f:0 st:219,676,619 at XuiSkin$EntityUiStyle.Load          > Could not find icon: Item_Logs, script = Sawmill.
[14-09-26 02:36:00.567] WARN : General      f:0 st:219,676,619 at XuiSkin$EntityUiStyle.Load          > Could not find icon: Build_WindowframeWood, script = Wooden Window Frame (Basic).
[14-09-26 02:36:00.567] WARN : General      f:0 st:219,676,619 at XuiSkin$EntityUiStyle.Load          > Could not find icon: Build_CabinetMetal, script = Big Metal Locker (Craftsman).
[14-09-26 02:36:00.567] WARN : General      f:0 st:219,676,619 at XuiSkin$EntityUiStyle.Load          > Could not find icon: Build_WindowframeBrick, script = Brick Window Frame (Craftsman).
[14-09-26 02:36:00.567] WARN : General      f:0 st:219,676,620 at XuiSkin$EntityUiStyle.Load          > Could not find icon: Build_WindowframeBrick, script = Brick Window Frame (Basic).
[14-09-26 02:36:00.568] WARN : General      f:0 st:219,676,620 at XuiSkin$EntityUiStyle.Load          > Could not find icon: Build_CookingPitSimple, script = Fire Pit (Stones).
[14-09-26 02:36:00.568] WARN : General      f:0 st:219,676,620 at XuiSkin$EntityUiStyle.Load          > Could not find icon: Build_FenceWire, script = Barbed Wire Fence.
[14-09-26 02:36:00.568] WARN : General      f:0 st:219,676,620 at XuiSkin$EntityUiStyle.Load          > Could not find icon: Build_CrateMetal, script = Metal Crate (Craftsman).
[14-09-26 02:36:00.568] WARN : General      f:0 st:219,676,620 at XuiSkin$EntityUiStyle.Load          > Could not find icon: Build_CrateMetal, script = Metal Crate (Basic).
[14-09-26 02:36:00.568] WARN : General      f:0 st:219,676,621 at XuiSkin$EntityUiStyle.Load          > Could not find icon: Build_AnvilStone, script = Stone Anvil.
[14-09-26 02:36:00.569] WARN : General      f:0 st:219,676,621 at XuiSkin$EntityUiStyle.LoadComponentInfo> Could not find icon: Build_AnvilStone.
[14-09-26 02:36:00.569] WARN : General      f:0 st:219,676,621 at XuiSkin$EntityUiStyle.Load          > Could not find icon: Item_WaterTank, script = Water Dispenser.
[14-09-26 02:36:00.569] WARN : General      f:0 st:219,676,621 at XuiSkin$EntityUiStyle.Load          > Could not find icon: Build_DoorframeMetal, script = Metal Doorframe (Basic).
[14-09-26 02:36:00.569] WARN : General      f:0 st:219,676,621 at XuiSkin$EntityUiStyle.Load          > Could not find icon: Build_LeanToShelterLeather, script = Leather Shelter.
[14-09-26 02:36:00.570] WARN : General      f:0 st:219,676,622 at XuiSkin$EntityUiStyle.Load          > Could not find icon: Build_DoorframeMetal, script = Metal Doorframe (Craftsman).
[14-09-26 02:36:00.570] WARN : General      f:0 st:219,676,622 at XuiSkin$EntityUiStyle.Load          > Could not find icon: Build_TableLargeWood, script = Wooden Table (Advanced).
[14-09-26 02:36:00.570] WARN : General      f:0 st:219,676,622 at XuiSkin$EntityUiStyle.LoadComponentInfo> Could not find icon: Build_TableLargeWood.
[14-09-26 02:36:00.570] WARN : General      f:0 st:219,676,622 at XuiSkin$EntityUiStyle.Load          > Could not find icon: Build_LogSeat2, script = Crude Wooden Stool.
[14-09-26 02:36:00.570] WARN : General      f:0 st:219,676,622 at XuiSkin$EntityUiStyle.Load          > Could not find icon: Build_TableLargeWood, script = Wooden Table (Basic).
[14-09-26 02:36:00.571] WARN : General      f:0 st:219,676,623 at XuiSkin$EntityUiStyle.LoadComponentInfo> Could not find icon: Build_TableLargeWood.
[14-09-26 02:36:00.571] WARN : General      f:0 st:219,676,623 at XuiSkin$EntityUiStyle.Load          > Could not find icon: Build_TableLargeWood, script = Wooden Table (Craftsman).
[14-09-26 02:36:00.571] WARN : General      f:0 st:219,676,623 at XuiSkin$EntityUiStyle.LoadComponentInfo> Could not find icon: Build_TableLargeWood.
[14-09-26 02:36:00.571] WARN : General      f:0 st:219,676,623 at XuiSkin$EntityUiStyle.Load          > Could not find icon: Build_HerbDryerSmall, script = Simple Small Plant Drying Rack.
[14-09-26 02:36:00.571] WARN : General      f:0 st:219,676,623 at XuiSkin$EntityUiStyle.Load          > Could not find icon: Build_DoorframeBrick, script = Brick Doorframe (Basic).
[14-09-26 02:36:00.571] WARN : General      f:0 st:219,676,624 at XuiSkin$EntityUiStyle.Load          > Could not find icon: Build_DoorframeBrick, script = Brick Doorframe (Craftsman).
[14-09-26 02:36:00.572] WARN : General      f:0 st:219,676,624 at XuiSkin$EntityUiStyle.Load          > Could not find icon: Item_Key_Blank, script = Key Duplicator.
[14-09-26 02:36:00.572] WARN : General      f:0 st:219,676,624 at XuiSkin$EntityUiStyle.Load          > Could not find icon: Build_MetalCounter, script = Metal Counter (Basic).
[14-09-26 02:36:00.572] WARN : General      f:0 st:219,676,624 at XuiSkin$EntityUiStyle.Load          > Could not find icon: Build_MetalCounter, script = Metal Counter (Craftsman).
[14-09-26 02:36:00.572] WARN : General      f:0 st:219,676,624 at XuiSkin$EntityUiStyle.Load          > Could not find icon: Build_WallLogs, script = Log Wall.
[14-09-26 02:36:00.572] WARN : General      f:0 st:219,676,625 at XuiSkin$EntityUiStyle.Load          > Could not find icon: Item_Anvil_Forged, script = Electric Blower Forge.
[14-09-26 02:36:00.573] WARN : General      f:0 st:219,676,625 at XuiSkin$EntityUiStyle.LoadComponentInfo> Could not find icon: Item_Anvil_Forged.
[14-09-26 02:36:00.573] WARN : General      f:0 st:219,676,625 at XuiSkin$EntityUiStyle.Load          > Could not find icon: Build_DryingFrameSmall, script = Small Leather Drying Rack.
[14-09-26 02:36:00.573] WARN : General      f:0 st:219,676,625 at XuiSkin$EntityUiStyle.Load          > Could not find icon: Build_WindowframeStone, script = Stone Window Frame.
[14-09-26 02:36:00.573] WARN : General      f:0 st:219,676,625 at XuiSkin$EntityUiStyle.Load          > Could not find icon: Build_FurnaceAdvanced, script = Advanced Furnace.
[14-09-26 02:36:00.573] WARN : General      f:0 st:219,676,626 at XuiSkin$EntityUiStyle.Load          > Could not find icon: Build_DryingFrameSmall, script = Medium Leather Drying Rack.
[14-09-26 02:36:00.574] WARN : General      f:0 st:219,676,626 at XuiSkin$EntityUiStyle.Load          > Could not find icon: Item_Rock, script = Grinding Slab.
[14-09-26 02:36:00.574] WARN : General      f:0 st:219,676,626 at XuiSkin$EntityUiStyle.LoadComponentInfo> Could not find icon: Item_Rock.
[14-09-26 02:36:00.574] WARN : General      f:0 st:219,676,626 at XuiSkin$EntityUiStyle.Load          > Could not find icon: Build_BarrelOven, script = Metal Barrel Oven.
[14-09-26 02:36:00.574] WARN : General      f:0 st:219,676,626 at XuiSkin$EntityUiStyle.Load          > Could not find icon: Build_CharcoalDrum, script = Charcoal Burning Barrel.
[14-09-26 02:36:00.574] WARN : General      f:0 st:219,676,627 at XuiSkin$EntityUiStyle.Load          > Could not find icon: Build_StairsWood, script = Wooden Stairs.
[14-09-26 02:36:00.575] WARN : General      f:0 st:219,676,627 at XuiSkin$EntityUiStyle.Load          > Could not find icon: Item_Ingot_Steel, script = Arc Furnace.
[14-09-26 02:36:00.575] WARN : General      f:0 st:219,676,627 at XuiSkin$EntityUiStyle.LoadComponentInfo> Could not find icon: Item_Ingot_Steel.
[14-09-26 02:36:00.575] WARN : General      f:0 st:219,676,627 at XuiSkin$EntityUiStyle.Load          > Could not find icon: Build_TroughMetal, script = Long Metal Feeding Trough.
[14-09-26 02:36:00.575] WARN : General      f:0 st:219,676,628 at XuiSkin$EntityUiStyle.Load          > Could not find icon: Build_KilnLarge, script = Advanced Kiln.
[14-09-26 02:36:00.576] WARN : General      f:0 st:219,676,628 at XuiSkin$EntityUiStyle.Load          > Could not find icon: Build_ShelfWood, script = Wooden Shelf (Basic).
[14-09-26 02:36:00.576] WARN : General      f:0 st:219,676,628 at XuiSkin$EntityUiStyle.Load          > Could not find icon: Build_RainCollectorCrate2, script = Rain Collector Crate (Garbage Bags).
[14-09-26 02:36:00.576] WARN : General      f:0 st:219,676,628 at XuiSkin$EntityUiStyle.Load          > Could not find icon: Build_HerbDryerLarge, script = Simple Large Plant Drying Rack.
[14-09-26 02:36:00.576] WARN : General      f:0 st:219,676,629 at XuiSkin$EntityUiStyle.Load          > Could not find icon: Build_WoodPicket, script = Wooden Marker.
[14-09-26 02:36:00.576] WARN : General      f:0 st:219,676,629 at XuiSkin$EntityUiStyle.Load          > Could not find icon: Build_ShelfWood, script = Wooden Shelf (Craftsman).
[14-09-26 02:36:00.577] WARN : General      f:0 st:219,676,629 at XuiSkin$EntityUiStyle.Load          > Could not find icon: Build_FloorSand, script = Sand Floor.
[14-09-26 02:36:00.577] WARN : General      f:0 st:219,676,629 at XuiSkin$EntityUiStyle.Load          > Could not find icon: Build_Sidetable, script = Wood Table with Drawer.
[14-09-26 02:36:00.577] WARN : General      f:0 st:219,676,629 at XuiSkin$EntityUiStyle.Load          > Could not find icon: Build_TanningBarrel, script = Tannin Barrel.
[14-09-26 02:36:00.577] WARN : General      f:0 st:219,676,630 at XuiSkin$EntityUiStyle.Load          > Could not find icon: Build_Sidetable, script = Wooden Table with Drawer (Craftsman).
[14-09-26 02:36:00.577] WARN : General      f:0 st:219,676,630 at XuiSkin$EntityUiStyle.Load          > Could not find icon: Build_Sidetable, script = Wooden Table with Drawer (Basic).
[14-09-26 02:36:00.578] WARN : General      f:0 st:219,676,630 at XuiSkin$EntityUiStyle.Load          > Could not find icon: Build_Bed, script = Wooden Bed.
[14-09-26 02:36:00.578] WARN : General      f:0 st:219,676,630 at XuiSkin$EntityUiStyle.Load          > Could not find icon: Build_SmeltingFurnace, script = Simple Forge.
[14-09-26 02:36:00.578] WARN : General      f:0 st:219,676,630 at XuiSkin$EntityUiStyle.Load          > Could not find icon: Build_LogBench, script = Log Bench.
[14-09-26 02:36:00.578] WARN : General      f:0 st:219,676,631 at XuiSkin$EntityUiStyle.Load          > Could not find icon: Build_StickBookcaseSmall, script = Crude Small Wooden Bookcase.
[14-09-26 02:36:00.578] WARN : General      f:0 st:219,676,631 at XuiSkin$EntityUiStyle.Load          > Could not find icon: Item_WaterDrop, script = Water Pump.
[14-09-26 02:36:00.579] WARN : General      f:0 st:219,676,631 at XuiSkin$EntityUiStyle.Load          > Could not find icon: Build_Grindstone, script = Grindstone.
[14-09-26 02:36:00.579] WARN : General      f:0 st:219,676,631 at XuiSkin$EntityUiStyle.Load          > Could not find icon: Item_Hacksaw, script = Metal Bandsaw.
[14-09-26 02:36:00.579] WARN : General      f:0 st:219,676,631 at XuiSkin$EntityUiStyle.Load          > Could not find icon: Build_BookcaseShort, script = Small Wooden Bookcase (Craftsman).
[14-09-26 02:36:00.579] WARN : General      f:0 st:219,676,632 at XuiSkin$EntityUiStyle.Load          > Could not find icon: Build_MetalworkBench, script = Metalworkbench.
[14-09-26 02:36:00.579] WARN : General      f:0 st:219,676,632 at XuiSkin$EntityUiStyle.LoadComponentInfo> Could not find icon: Build_MetalworkBench.
[14-09-26 02:36:00.580] WARN : General      f:0 st:219,676,632 at XuiSkin$EntityUiStyle.Load          > Could not find icon: Item_Handle, script = Wooden Fence Post.
[14-09-26 02:36:00.580] WARN : General      f:0 st:219,676,632 at XuiSkin$EntityUiStyle.LoadComponentInfo> Could not find icon: Item_Handle.
[14-09-26 02:36:00.580] WARN : General      f:0 st:219,676,632 at XuiSkin$EntityUiStyle.Load          > Could not find icon: Build_BookcaseShort, script = Small Wooden Bookcase (Basic).
[14-09-26 02:36:00.580] WARN : General      f:0 st:219,676,632 at XuiSkin$EntityUiStyle.Load          > Could not find icon: Build_Composter, script = Composter (Basic).
[14-09-26 02:36:00.580] WARN : General      f:0 st:219,676,633 at XuiSkin$EntityUiStyle.Load          > Could not find icon: Build_FenceStakes, script = Crude Wooden Fence.
[14-09-26 02:36:00.580] WARN : General      f:0 st:219,676,633 at XuiSkin$EntityUiStyle.Load          > Could not find icon: Build_DoorframeLogs, script = Log Doorframe.
[14-09-26 02:36:00.581] WARN : General      f:0 st:219,676,633 at XuiSkin$EntityUiStyle.Load          > Could not find icon: Build_DoorFenceWood, script = Wooden Fence Gate.
[14-09-26 02:36:00.581] WARN : General      f:0 st:219,676,633 at XuiSkin$EntityUiStyle.Load          > Could not find icon: Build_SofteningBeam, script = Softening Beam.
[14-09-26 02:36:00.581] WARN : General      f:0 st:219,676,633 at XuiSkin$EntityUiStyle.Load          > Could not find icon: Build_ShortWireFence, script = Small Metal Wire Fence.
[14-09-26 02:36:00.581] WARN : General      f:0 st:219,676,634 at XuiSkin$EntityUiStyle.Load          > Could not find icon: Build_Stake_SkullStag, script = Deer Skull Pole.
[14-09-26 02:36:00.581] WARN : General      f:0 st:219,676,634 at XuiSkin$EntityUiStyle.Load          > Could not find icon: Item_Charcoal, script = Pit of Coals.
[14-09-26 02:36:00.581] WARN : General      f:0 st:219,676,634 at XuiSkin$EntityUiStyle.Load          > Could not find icon: Build_HerbDryerSmall, script = Small Plant Drying Rack.
[14-09-26 02:36:00.582] WARN : General      f:0 st:219,676,634 at XuiSkin$EntityUiStyle.Load          > Could not find icon: Item_BlowTorch, script = Metalwork Lathe.
[14-09-26 02:36:00.582] WARN : General      f:0 st:219,676,635 at XuiSkin$EntityUiStyle.LoadComponentInfo> Could not find icon: Item_BlowTorch.
[14-09-26 02:36:00.582] WARN : General      f:0 st:219,676,635 at XuiSkin$EntityUiStyle.Load          > Could not find icon: Build_LogTable2, script = Crude Wooden Table.
[14-09-26 02:36:00.582] WARN : General      f:0 st:219,676,635 at XuiSkin$EntityUiStyle.Load          > Could not find icon: Build_Coffin, script = Wooden Coffin.
[14-09-26 02:36:00.582] WARN : General      f:0 st:219,676,635 at XuiSkin$EntityUiStyle.Load          > Could not find icon: Build_Stake_Antlers, script = Antlers Pole.
[14-09-26 02:36:00.583] WARN : General      f:0 st:219,676,635 at XuiSkin$EntityUiStyle.Load          > Could not find icon: Build_Stake_SkullSheep, script = Sheep Skull Pole.
[14-09-26 02:36:00.583] WARN : General      f:0 st:219,676,636 at XuiSkin$EntityUiStyle.Load          > Could not find icon: Item_WaterDrop, script = Steam Turbine.
[14-09-26 02:36:00.583] WARN : General      f:0 st:219,676,636 at XuiSkin$EntityUiStyle.Load          > Could not find icon: Build_Coop2, script = Chicken Hutch (Dark Wood).
[14-09-26 02:36:00.583] WARN : General      f:0 st:219,676,636 at XuiSkin$EntityUiStyle.Load          > Could not find icon: Build_FenceOpenLogs, script = Wide Log Gate.
[14-09-26 02:36:00.583] WARN : General      f:0 st:219,676,636 at XuiSkin$EntityUiStyle.Load          > Could not find icon: Build_PoleGate, script = Big Pole Fence Gate.
[14-09-26 02:36:00.584] WARN : General      f:0 st:219,676,636 at XuiSkin$EntityUiStyle.Load          > Could not find icon: Build_StairsLogs, script = Log Stairs.
[14-09-26 02:36:00.584] WARN : General      f:0 st:219,676,637 at XuiSkin$EntityUiStyle.Load          > Could not find icon: Item_Toast, script = Toaster.
[14-09-26 02:36:00.584] WARN : General      f:0 st:219,676,637 at XuiSkin$EntityUiStyle.Load          > Could not find icon: Build_FloorTilePorcelain, script = Tile Floor.
[14-09-26 02:36:00.584] WARN : General      f:0 st:219,676,637 at XuiSkin$EntityUiStyle.Load          > Could not find icon: Build_CrossSimple, script = Crude Wooden Cross.
[14-09-26 02:36:00.584] WARN : General      f:0 st:219,676,637 at XuiSkin$EntityUiStyle.Load          > Could not find icon: Item_Charcoal, script = Large Pit of Coals.
[14-09-26 02:36:00.585] WARN : General      f:0 st:219,676,637 at XuiSkin$EntityUiStyle.Load          > Could not find icon: Build_ButcherHook, script = Butcher Hook.
[14-09-26 02:36:00.585] WARN : General      f:0 st:219,676,638 at XuiSkin$EntityUiStyle.Load          > Could not find icon: Build_SpinningWheel, script = Spinning Wheel.
[14-09-26 02:36:00.585] WARN : General      f:0 st:219,676,638 at XuiSkin$EntityUiStyle.Load          > Could not find icon: Build_Coop, script = Chicken Hutch (Light Wood).
[14-09-26 02:36:00.585] WARN : General      f:0 st:219,676,638 at XuiSkin$EntityUiStyle.Load          > Could not find icon: Build_Bookcase, script = Wooden Bookcase (Basic).
[14-09-26 02:36:00.585] WARN : General      f:0 st:219,676,638 at XuiSkin$EntityUiStyle.LoadComponentInfo> Could not find icon: Build_Bookcase.
[14-09-26 02:36:00.586] WARN : General      f:0 st:219,676,638 at XuiSkin$EntityUiStyle.Load          > Could not find icon: Item_Petrol, script = Generator Maintenance.
[14-09-26 02:36:00.586] WARN : General      f:0 st:219,676,639 at XuiSkin$EntityUiStyle.Load          > Could not find icon: Build_Bookcase, script = Wooden Bookcase (Craftsman).
[14-09-26 02:36:00.586] WARN : General      f:0 st:219,676,639 at XuiSkin$EntityUiStyle.Load          > Could not find icon: Build_BarricadeWindow_Bars, script = Metal Bar Barricade.
[14-09-26 02:36:00.586] WARN : General      f:0 st:219,676,639 at XuiSkin$EntityUiStyle.Load          > Could not find icon: Build_Stake_SkullBull, script = Bull Skull Pole.
[14-09-26 02:36:00.586] WARN : General      f:0 st:219,676,639 at XuiSkin$EntityUiStyle.Load          > Could not find icon: Build_Wall_Plaster, script = Plaster Wall.
[14-09-26 02:36:00.587] WARN : General      f:0 st:219,676,640 at XuiSkin$EntityUiStyle.Load          > Could not find icon: Build_CookingPit, script = Fire Pit (Stone Blocks).
[14-09-26 02:36:00.587] WARN : General      f:0 st:219,676,640 at XuiSkin$EntityUiStyle.Load          > Could not find icon: Build_LoomSimple, script = Simple Loom.
[14-09-26 02:36:00.587] WARN : General      f:0 st:219,676,640 at XuiSkin$EntityUiStyle.Load          > Could not find icon: Build_WoodSign_Skull, script = Paint Sign - Skull.
[14-09-26 02:36:00.587] WARN : General      f:0 st:219,676,640 at XuiSkin$EntityUiStyle.Load          > Could not find icon: Build_WindowframeMetal, script = Metal Window Frame (Basic).
[14-09-26 02:36:00.587] WARN : General      f:0 st:219,676,640 at XuiSkin$EntityUiStyle.Load          > Could not find icon: Build_WindowframeMetal, script = Metal Window Frame (Craftsman).
[14-09-26 02:36:00.588] WARN : General      f:0 st:219,676,640 at XuiSkin$EntityUiStyle.Load          > Could not find icon: Build_DoubleWireGate, script = Double Tall Wire Fence Gate.
[14-09-26 02:36:00.588] WARN : General      f:0 st:219,676,641 at XuiSkin$EntityUiStyle.Load          > Could not find icon: Build_RainCollectorBarrel, script = Rain Collector Barrel (Tarp).
[14-09-26 02:36:00.588] WARN : General      f:0 st:219,676,641 at XuiSkin$EntityUiStyle.Load          > Could not find icon: Build_FenceBrick, script = Short Brick Wall.
[14-09-26 02:36:00.588] WARN : General      f:0 st:219,676,641 at XuiSkin$EntityUiStyle.Load          > Could not find icon: Build_LogSeat, script = Short Log Bench.
[14-09-26 02:36:00.588] WARN : General      f:0 st:219,676,641 at XuiSkin$EntityUiStyle.LoadComponentInfo> Could not find icon: Build_LogSeat.
[14-09-26 02:36:00.588] WARN : General      f:0 st:219,676,641 at XuiSkin$EntityUiStyle.Load          > Could not find icon: Build_FenceMetalPosts, script = Metal Pole Fence.
[14-09-26 02:36:00.589] WARN : General      f:0 st:219,676,641 at XuiSkin$EntityUiStyle.Load          > Could not find icon: Build_DoorWood, script = Wooden Door (Advanced).
[14-09-26 02:36:00.589] WARN : General      f:0 st:219,676,642 at XuiSkin$EntityUiStyle.Load          > Could not find icon: Build_WallframeMetal, script = Metal Wall Frame.
[14-09-26 02:36:00.589] WARN : General      f:0 st:219,676,642 at XuiSkin$EntityUiStyle.Load          > Could not find icon: Build_DoorWood, script = Wooden Door (Basic).
[14-09-26 02:36:00.589] WARN : General      f:0 st:219,676,642 at XuiSkin$EntityUiStyle.Load          > Could not find icon: Build_WallframeWood, script = Wooden Wall Frame.
[14-09-26 02:36:00.589] WARN : General      f:0 st:219,676,642 at XuiSkin$EntityUiStyle.Load          > Could not find icon: Item_Anvil_Stone, script = Primitive Forge.
[14-09-26 02:36:00.589] WARN : General      f:0 st:219,676,643 at XuiSkin$EntityUiStyle.Load          > Could not find icon: Build_DoorMetal, script = Metal Door (Poor).
[14-09-26 02:36:00.589] WARN : General      f:0 st:219,676,643 at XuiSkin$EntityUiStyle.Load          > Could not find icon: Build_DoorWeldedMetal, script = Metal Door (Shoddy).
[14-09-26 02:36:00.591] WARN : General      f:0 st:219,676,644 at XuiSkin$EntityUiStyle.Load          > Could not find icon: Build_DoorWood, script = Wooden Door (Craftsman).
[14-09-26 02:36:00.592] WARN : General      f:0 st:219,676,644 at XuiSkin$EntityUiStyle.Load          > Could not find icon: Build_Cross, script = Wooden Cross.
[14-09-26 02:36:00.592] WARN : General      f:0 st:219,676,644 at XuiSkin$EntityUiStyle.Load          > Could not find icon: Build_ShelvesWood, script = Double Wooden Shelves.
[14-09-26 02:36:00.592] WARN : General      f:0 st:219,676,644 at XuiSkin$EntityUiStyle.Load          > Could not find icon: Item_MugFulll, script = Coffee Machine.
[14-09-26 02:36:00.592] WARN : General      f:0 st:219,676,645 at XuiSkin$EntityUiStyle.Load          > Could not find icon: Item_RailroadRail_Short, script = Makeshift Electric Blower Forge.
[14-09-26 02:36:00.592] WARN : General      f:0 st:219,676,645 at XuiSkin$EntityUiStyle.LoadComponentInfo> Could not find icon: Item_RailroadRail_Short.
[14-09-26 02:36:00.593] WARN : General      f:0 st:219,676,645 at XuiSkin$EntityUiStyle.Load          > Could not find icon: Build_LeanToShelterTarp, script = Tarp Shelter.
[14-09-26 02:36:00.593] WARN : General      f:0 st:219,676,645 at XuiSkin$EntityUiStyle.Load          > Could not find icon: Build_HerbDryerLarge, script = Large Plant Drying Rack.
[14-09-26 02:36:00.593] WARN : General      f:0 st:219,676,646 at XuiSkin$EntityUiStyle.Load          > Could not find icon: Build_StoneQuern, script = Stone Quern.
[14-09-26 02:36:00.593] WARN : General      f:0 st:219,676,646 at XuiSkin$EntityUiStyle.LoadComponentInfo> Could not find icon: Build_StoneQuern.
[14-09-26 02:36:00.593] WARN : General      f:0 st:219,676,646 at XuiSkin$EntityUiStyle.Load          > Could not find icon: Build_WoodSign, script = Wooden Sign.
[14-09-26 02:36:00.594] WARN : General      f:0 st:219,676,646 at XuiSkin$EntityUiStyle.Load          > Could not find icon: Build_WoodPole_Tall, script = Wooden Pole.
[14-09-26 02:36:00.594] WARN : General      f:0 st:219,676,646 at XuiSkin$EntityUiStyle.Load          > Could not find icon: Build_WoodSign_Down, script = Paint Sign - Down Arrow.
[14-09-26 02:36:00.594] WARN : General      f:0 st:219,676,647 at XuiSkin$EntityUiStyle.Load          > Could not find icon: Item_Dice, script = Test Entity.
[14-09-26 02:36:00.594] WARN : General      f:0 st:219,676,647 at XuiSkin$EntityUiStyle.LoadComponentInfo> Could not find icon: Item_Note2.
[14-09-26 02:36:00.594] WARN : General      f:0 st:219,676,647 at XuiSkin$EntityUiStyle.Load          > Could not find icon: Build_SandbagWall, script = Sandbag Wall.
[14-09-26 02:36:00.595] WARN : General      f:0 st:219,676,647 at XuiSkin$EntityUiStyle.Load          > Could not find icon: Build_SmeltingFurnace, script = Simple Furnace.
[14-09-26 02:36:00.595] WARN : General      f:0 st:219,676,647 at XuiSkin$EntityUiStyle.Load          > Could not find icon: Build_BarricadeWindow_Plank, script = Planks Barricade.
[14-09-26 02:36:00.595] WARN : General      f:0 st:219,676,648 at XuiSkin$EntityUiStyle.Load          > Could not find icon: Item_Logs, script = Tree Stump.
[14-09-26 02:36:00.595] WARN : General      f:0 st:219,676,648 at XuiSkin$EntityUiStyle.LoadComponentInfo> Could not find icon: Item_Logs.
[14-09-26 02:36:00.595] WARN : General      f:0 st:219,676,648 at XuiSkin$EntityUiStyle.Load          > Could not find icon: Build_CrateWood, script = Wooden Crate (Craftsman).
[14-09-26 02:36:00.596] WARN : General      f:0 st:219,676,648 at XuiSkin$EntityUiStyle.Load          > Could not find icon: Build_TallWireGate, script = Big Wire Fence Gate.
[14-09-26 02:36:00.596] WARN : General      f:0 st:219,676,648 at XuiSkin$EntityUiStyle.Load          > Could not find icon: Build_CrateWood, script = Wooden Crate (Basic).
[14-09-26 02:36:00.596] WARN : General      f:0 st:219,676,649 at XuiSkin$EntityUiStyle.Load          > Could not find icon: Build_DoubleWireFence, script = Big Wire Fence.
[14-09-26 02:36:00.596] WARN : General      f:0 st:219,676,649 at XuiSkin$EntityUiStyle.Load          > Could not find icon: Build_Composter, script = Composter (Craftsman).
[14-09-26 02:36:00.596] WARN : General      f:0 st:219,676,649 at XuiSkin$EntityUiStyle.Load          > Could not find icon: Build_Amphora, script = Amphora.
[14-09-26 02:36:00.597] WARN : General      f:0 st:219,676,649 at XuiSkin$EntityUiStyle.Load          > Could not find icon: Build_Coalpit, script = Charcoal Burning Pile.
[14-09-26 02:36:00.597] WARN : General      f:0 st:219,676,649 at XuiSkin$EntityUiStyle.Load          > Could not find icon: Build_FloorTileWood, script = Wooden Floor (Craftsman).
[14-09-26 02:36:00.597] WARN : General      f:0 st:219,676,650 at XuiSkin$EntityUiStyle.Load          > Could not find icon: Build_FloorTileWood, script = Wooden Floor (Advanced).
[14-09-26 02:36:00.597] WARN : General      f:0 st:219,676,650 at XuiSkin$EntityUiStyle.Load          > Could not find icon: Build_FloorTileWood, script = Wooden Floor (Basic).
[14-09-26 02:36:00.597] WARN : General      f:0 st:219,676,650 at XuiSkin$EntityUiStyle.Load          > Could not find icon: Item_CarBatteryCharger, script = CeroSec - FS-800.
[14-09-26 02:36:00.598] WARN : General      f:0 st:219,676,650 at XuiSkin$EntityUiStyle.Load          > Could not find icon: Build_Wall_Wallpaper, script = Apply Wallpaper.
[14-09-26 02:36:00.598] WARN : General      f:0 st:219,676,650 at XuiSkin$EntityUiStyle.Load          > Could not find icon: Build_Chair, script = Wooden Chair (Basic).
[14-09-26 02:36:00.598] WARN : General      f:0 st:219,676,651 at XuiSkin$EntityUiStyle.Load          > Could not find icon: Build_FlashlightLamp, script = Wooden Flashlight Pillar.
[14-09-26 02:36:00.598] WARN : General      f:0 st:219,676,651 at XuiSkin$EntityUiStyle.Load          > Could not find icon: Build_Chair, script = Wooden Chair (Advanced).
[14-09-26 02:36:00.598] WARN : General      f:0 st:219,676,651 at XuiSkin$EntityUiStyle.Load          > Could not find icon: Build_FenceHighMetalPosts, script = Big Metal Pole Fence.
[14-09-26 02:36:00.599] WARN : General      f:0 st:219,676,651 at XuiSkin$EntityUiStyle.Load          > Could not find icon: Build_Chair, script = Wooden Chair (Craftsman).
[14-09-26 02:36:00.599] WARN : General      f:0 st:219,676,651 at XuiSkin$EntityUiStyle.Load          > Could not find icon: Build_LogStool, script = Log Stool.
[14-09-26 02:36:00.599] WARN : General      f:0 st:219,676,652 at XuiSkin$EntityUiStyle.Load          > Could not find icon: Build_TableSmallWood, script = Small Wooden Table (Craftsman).
[14-09-26 02:36:00.599] WARN : General      f:0 st:219,676,652 at XuiSkin$EntityUiStyle.LoadComponentInfo> Could not find icon: Build_TableSmallWood.
[14-09-26 02:36:00.599] WARN : General      f:0 st:219,676,652 at XuiSkin$EntityUiStyle.Load          > Could not find icon: Build_TableSmallWood, script = Small Wooden Table (Advanced).
[14-09-26 02:36:00.599] WARN : General      f:0 st:219,676,652 at XuiSkin$EntityUiStyle.LoadComponentInfo> Could not find icon: Build_TableSmallWood.
[14-09-26 02:36:00.599] WARN : General      f:0 st:219,676,652 at XuiSkin$EntityUiStyle.Load          > Could not find icon: Build_TableSmallWood, script = Small Wooden Table (Basic).
[14-09-26 02:36:00.599] WARN : General      f:0 st:219,676,653 at XuiSkin$EntityUiStyle.LoadComponentInfo> Could not find icon: Build_TableSmallWood.
[14-09-26 02:36:00.601] WARN : General      f:0 st:219,676,653 at XuiSkin$EntityUiStyle.Load          > Could not find icon: Item_CarBatteryCharger, script = Test Kiln.
[14-09-26 02:36:00.601] WARN : General      f:0 st:219,676,653 at XuiSkin$EntityUiStyle.LoadComponentInfo> Could not find icon: Item_Note2.
[14-09-26 02:36:00.601] WARN : General      f:0 st:219,676,653 at XuiSkin$EntityUiStyle.Load          > Could not find icon: Build_ShortWireGate, script = Metal Wire Fence Gate.
[14-09-26 02:36:00.601] WARN : General      f:0 st:219,676,653 at XuiSkin$EntityUiStyle.Load          > Could not find icon: Build_LogSeat, script = Log Seat.
[14-09-26 02:36:00.601] WARN : General      f:0 st:219,676,654 at XuiSkin$EntityUiStyle.Load          > Could not find icon: Item_PropaneTank, script = Steam Boiler.
[14-09-26 02:36:00.602] WARN : General      f:0 st:219,676,654 at XuiSkin$EntityUiStyle.Load          > Could not find icon: Build_TroughWoodLong, script = Long Wooden Feeding Trough.
[14-09-26 02:36:00.602] WARN : General      f:0 st:219,676,654 at XuiSkin$EntityUiStyle.Load          > Could not find icon: Build_MetalworkTable, script = Metalwork Table.
[14-09-26 02:36:00.602] WARN : General      f:0 st:219,676,654 at XuiSkin$EntityUiStyle.LoadComponentInfo> Could not find icon: Build_MetalworkTable.
[14-09-26 02:36:00.603] WARN : General      f:0 st:219,676,655 at XuiSkin$EntityUiStyle.Load          > Could not find icon: Item_Dice, script = Entity_DisplayName_Default.
[14-09-26 02:36:00.603] WARN : General      f:0 st:219,676,655 at XuiSkin$EntityUiStyle.LoadComponentInfo> Could not find icon: Item_Dice.
[14-09-26 02:36:00.603] WARN : General      f:0 st:219,676,655 at XuiSkin$EntityUiStyle.LoadComponentInfo> Could not find icon: Item_Dice.
[14-09-26 02:36:00.603] WARN : General      f:0 st:219,676,656 at XuiSkin$EntityUiStyle.LoadComponentInfo> Could not find icon: Item_Dice.
[14-09-26 02:36:00.604] WARN : General      f:0 st:219,676,656 at XuiSkin$EntityUiStyle.LoadComponentInfo> Could not find icon: Item_Dice.
[14-09-26 02:36:00.604] WARN : General      f:0 st:219,676,656 at XuiSkin$EntityUiStyle.Load          > Could not find icon: Build_FloorDirt, script = Dirt Floor.
[14-09-26 02:36:00.604] WARN : General      f:0 st:219,676,657 at XuiSkin$EntityUiStyle.Load          > Could not find icon: Build_DoorframeStone, script = Stone Doorframe.
[14-09-26 02:36:00.605] WARN : General      f:0 st:219,676,657 at XuiSkin$EntityUiStyle.Load          > Could not find icon: Build_PotteryBench, script = Pottery Bench.
[14-09-26 02:36:00.605] WARN : General      f:0 st:219,676,657 at XuiSkin$EntityUiStyle.LoadComponentInfo> Could not find icon: Build_PotteryBench.
[14-09-26 02:36:00.605] WARN : General      f:0 st:219,676,657 at XuiSkin$EntityUiStyle.Load          > Could not find icon: Build_Cairn, script = Stone Cairn.
[14-09-26 02:36:00.605] WARN : General      f:0 st:219,676,657 at XuiSkin$EntityUiStyle.Load          > Could not find icon: Build_WallWood, script = Wooden Wall (Advanced).
[14-09-26 02:36:00.605] WARN : General      f:0 st:219,676,658 at XuiSkin$EntityUiStyle.Load          > Could not find icon: Build_WallWood, script = Wooden Wall (Basic).
[14-09-26 02:36:00.606] WARN : General      f:0 st:219,676,658 at XuiSkin$EntityUiStyle.Load          > Could not find icon: Build_LeanToShelterSticks, script = Lean-to Shelter.
[14-09-26 02:36:00.606] WARN : General      f:0 st:219,676,658 at XuiSkin$EntityUiStyle.Load          > Could not find icon: Build_PotteryWheel, script = Pottery Wheel.
[14-09-26 02:36:00.606] WARN : General      f:0 st:219,676,659 at XuiSkin$EntityUiStyle.LoadComponentInfo> Could not find icon: Build_PotteryWheel.
[14-09-26 02:36:00.606] WARN : General      f:0 st:219,676,659 at XuiSkin$EntityUiStyle.Load          > Could not find icon: Build_CabinetStone, script = Stone Cabinet.
[14-09-26 02:36:00.607] WARN : General      f:0 st:219,676,659 at XuiSkin$EntityUiStyle.Load          > Could not find icon: Build_WallWood, script = Wooden Wall (Craftsman).
[14-09-26 02:36:00.607] WARN : General      f:0 st:219,676,659 at XuiSkin$EntityUiStyle.Load          > Could not find icon: Build_WoodSign_Left, script = Paint Sign - Left Arrow.
[14-09-26 02:36:00.607] WARN : General      f:0 st:219,676,659 at XuiSkin$EntityUiStyle.Load          > Could not find icon: Build_PrimitiveFurnace, script = Primitive Furnace.
[14-09-26 02:36:00.607] WARN : General      f:0 st:219,676,659 at XuiSkin$EntityUiStyle.Load          > Could not find icon: Build_DoorframeWood, script = Wooden Doorframe (Craftsman).
[14-09-26 02:36:00.607] WARN : General      f:0 st:219,676,660 at XuiSkin$EntityUiStyle.Load          > Could not find icon: Build_DoorframeWood, script = Wooden Doorframe (Advanced).
[14-09-26 02:36:00.608] WARN : General      f:0 st:219,676,660 at XuiSkin$EntityUiStyle.Load          > Could not find icon: Build_DoorframeWood, script = Wooden Doorframe (Basic).
[14-09-26 02:36:00.608] WARN : General      f:0 st:219,676,660 at XuiSkin$EntityUiStyle.Load          > Could not find icon: Build_WindowframeLogs, script = Log Window Frame.
[14-09-26 02:36:00.608] WARN : General      f:0 st:219,676,660 at XuiSkin$EntityUiStyle.Load          > Could not find icon: Build_FloorGravel, script = Gravel Floor.
[14-09-26 02:36:00.608] WARN : General      f:0 st:219,676,660 at XuiSkin$EntityUiStyle.Load          > Could not find icon: Item_WaterBottle, script = Bottling Machine.
[14-09-26 02:36:00.608] WARN : General      f:0 st:219,676,661 at XuiSkin$EntityUiStyle.Load          > Could not find icon: Build_WallBrick, script = Brick Wall (Basic).
[14-09-26 02:36:00.609] WARN : General      f:0 st:219,676,661 at XuiSkin$EntityUiStyle.Load          > Could not find icon: Build_WallBrick, script = Brick Wall (Craftsman).
[14-09-26 02:36:00.609] WARN : General      f:0 st:219,676,661 at XuiSkin$EntityUiStyle.Load          > Could not find icon: Build_DryingFrameLarge, script = Large Leather Drying Rack.
[14-09-26 02:36:00.609] WARN : General      f:0 st:219,676,661 at XuiSkin$EntityUiStyle.Load          > Could not find icon: Build_RippleComb, script = Ripple Comb.
[14-09-26 02:36:00.609] WARN : General      f:0 st:219,676,661 at XuiSkin$EntityUiStyle.Load          > Could not find icon: Build_Wall_Paint, script = Paint Wall / Item.
[14-09-26 02:36:00.609] WARN : General      f:0 st:219,676,662 at XuiSkin$EntityUiStyle.Load          > Could not find icon: Build_FenceWood, script = Wooden Fence (Craftsman).
[14-09-26 02:36:00.609] WARN : General      f:0 st:219,676,662 at XuiSkin$EntityUiStyle.Load          > Could not find icon: Build_FenceWood, script = Wooden Fence (Advanced).
[14-09-26 02:36:00.609] WARN : General      f:0 st:219,676,662 at XuiSkin$EntityUiStyle.Load          > Could not find icon: Build_LogTable, script = Log Table.
[14-09-26 02:36:00.610] WARN : General      f:0 st:219,676,662 at XuiSkin$EntityUiStyle.Load          > Could not find icon: Build_FenceWood, script = Wooden Fence (Basic).
[14-09-26 02:36:00.610] WARN : General      f:0 st:219,676,663 at XuiSkin$EntityUiStyle.Load          > Could not find icon: Build_ForgeAdvanced, script = Advanced Forge.
[14-09-26 02:36:00.611] WARN : General      f:0 st:219,676,663 at XuiSkin$EntityUiStyle.Load          > Could not find icon: Build_GunLocker, script = Small Metal Locker (Craftsman).
[14-09-26 02:36:00.611] WARN : General      f:0 st:219,676,663 at XuiSkin$EntityUiStyle.Load          > Could not find icon: Build_GunLocker, script = Small Metal Locker (Basic).
[14-09-26 02:36:00.611] WARN : General      f:0 st:219,676,663 at XuiSkin$EntityUiStyle.Load          > Could not find icon: Build_RainCollectorCrate, script = Rain Collector Crate (Tarp).
[14-09-26 02:36:00.611] WARN : General      f:0 st:219,676,663 at XuiSkin$EntityUiStyle.Load          > Could not find icon: Build_ButterChurn, script = Butter Churn.
[14-09-26 02:36:00.611] WARN : General      f:0 st:219,676,664 at XuiSkin$EntityUiStyle.Load          > Could not find icon: Build_Stake_SkullCow, script = Cow Skull Pole.
[14-09-26 02:36:00.612] WARN : General      f:0 st:219,676,664 at XuiSkin$EntityUiStyle.Load          > Could not find icon: Build_FloorTileMetal, script = Metal Floor.
[14-09-26 02:36:00.612] WARN : General      f:0 st:219,676,664 at XuiSkin$EntityUiStyle.Load          > Could not find icon: Build_Handpress, script = Hand-Operated Press.
[14-09-26 02:36:00.612] WARN : General      f:0 st:219,676,664 at XuiSkin$EntityUiStyle.LoadComponentInfo> Could not find icon: Build_Handpress.
[14-09-26 02:36:00.612] WARN : General      f:0 st:219,676,664 at XuiSkin$EntityUiStyle.Load          > Could not find icon: Build_MetalCounterCorner, script = Metal Counter Corner (Craftsman).
[14-09-26 02:36:00.612] WARN : General      f:0 st:219,676,665 at XuiSkin$EntityUiStyle.Load          > Could not find icon: Build_MetalCounterCorner, script = Metal Counter Corner (Basic).
[14-09-26 02:36:00.613] WARN : General      f:0 st:219,676,665 at XuiSkin$EntityUiStyle.Load          > Could not find icon: Build_WoodCounterCorner, script = Wooden Counter Corner (Basic).
[14-09-26 02:36:00.613] WARN : General      f:0 st:219,676,665 at XuiSkin$EntityUiStyle.Load          > Could not find icon: Build_HeckleComb, script = Heckle Comb.
[14-09-26 02:36:00.613] WARN : General      f:0 st:219,676,665 at XuiSkin$EntityUiStyle.Load          > Could not find icon: Build_Stake_SkullPig, script = Pig Skull Pole.
[14-09-26 02:36:00.613] WARN : General      f:0 st:219,676,665 at XuiSkin$EntityUiStyle.Load          > Could not find icon: Build_ScutchingBoard, script = Scutching Board.
[14-09-26 02:36:00.613] WARN : General      f:0 st:219,676,666 at XuiSkin$EntityUiStyle.Load          > Could not find icon: Build_FenceMetalPosts, script = Metal Pole Fence Gate.
[14-09-26 02:36:00.613] WARN : General      f:0 st:219,676,666 at XuiSkin$EntityUiStyle.Load          > Could not find icon: Build_DoublePoleGate, script = Double Tall Metal Pole Gate.
[14-09-26 02:36:00.614] WARN : General      f:0 st:219,676,666 at XuiSkin$EntityUiStyle.Load          > Could not find icon: Build_WoodCounter, script = Wooden Counter (Advanced).
[14-09-26 02:36:00.614] WARN : General      f:0 st:219,676,666 at XuiSkin$EntityUiStyle.Load          > Could not find icon: Build_WoodCounterCorner, script = Wooden Counter Corner (Craftsman).
[14-09-26 02:36:00.614] WARN : General      f:0 st:219,676,666 at XuiSkin$EntityUiStyle.Load          > Could not find icon: Build_WoodCounter, script = Wooden Counter (Basic).
[14-09-26 02:36:00.614] WARN : General      f:0 st:219,676,667 at XuiSkin$EntityUiStyle.Load          > Could not find icon: Build_WoodCounterCorner, script = Wooden Counter Corner (Advanced).
[14-09-26 02:36:00.615] WARN : General      f:0 st:219,676,667 at XuiSkin$EntityUiStyle.Load          > Could not find icon: Build_WoodCounter, script = Wooden Counter (Craftsman).
[14-09-26 02:36:00.615] WARN : General      f:0 st:219,676,667 at XuiSkin$EntityUiStyle.Load          > Could not find icon: Build_RainCollectorBarrel2, script = Rain Collector Barrel (Garbage Bags).
[14-09-26 02:36:00.615] WARN : General      f:0 st:219,676,667 at XuiSkin$EntityUiStyle.Load          > Could not find icon: Build_WoodSign_Up, script = Paint Sign - Up Arrow.
[14-09-26 02:36:00.615] WARN : General      f:0 st:219,676,668 at XuiSkin$EntityUiStyle.Load          > Could not find icon: Build_WoodSign_Right, script = Paint Sign - Right Arrow.
[14-09-26 02:36:00.615] WARN : General      f:0 st:219,676,668 at XuiSkin$EntityUiStyle.Load          > Could not find icon: Item_SheetMetal, script = Hydraulic Press.
[14-09-26 02:36:00.616] WARN : General      f:0 st:219,676,668 at XuiSkin$EntityUiStyle.Load          > Could not find icon: Build_FenceMetal, script = Metal Fence (Craftsman).
[14-09-26 02:36:00.616] WARN : General      f:0 st:219,676,668 at XuiSkin$EntityUiStyle.Load          > Could not find icon: Build_FenceLogs, script = Log Fence.
[14-09-26 02:36:00.616] WARN : General      f:0 st:219,676,668 at XuiSkin$EntityUiStyle.Load          > Could not find icon: Build_FenceMetal, script = Metal Fence (Basic).
[14-09-26 02:36:00.616] WARN : General      f:0 st:219,676,669 at XuiSkin$EntityUiStyle.Load          > Could not find icon: Item_Orange, script = Juice Maker.
[14-09-26 02:36:00.616] WARN : General      f:0 st:219,676,669 at XuiSkin$EntityUiStyle.Load          > Could not find icon: Build_Campfire, script = Campfire.
[14-09-26 02:36:00.617] WARN : General      f:0 st:219,676,669 at XuiSkin$EntityUiStyle.LoadComponentInfo> Could not find icon: Build_Campfire.
[14-09-26 02:36:00.617] WARN : General      f:0 st:219,676,669 at XuiSkin$EntityUiStyle.Load          > Could not find icon: Build_StairsMetal, script = Metal Stairs.
[14-09-26 02:36:00.617] WARN : General      f:0 st:219,676,669 at XuiSkin$EntityUiStyle.Load          > Could not find icon: Build_TroughWoodShort, script = Short Wooden Feeding Trough.
[14-09-26 02:36:00.617] WARN : General      f:0 st:219,676,670 at XuiSkin$EntityUiStyle.Load          > Could not find icon: Item_Anvil_Forged, script = Advanced Makeshift Electric Blower Forge.
[14-09-26 02:36:00.617] WARN : General      f:0 st:219,676,670 at XuiSkin$EntityUiStyle.LoadComponentInfo> Could not find icon: Item_Anvil_Forged.
[14-09-26 02:36:00.618] WARN : General      f:0 st:219,676,670 at XuiSkin$EntityUiStyle.Load          > Could not find icon: Build_WallStone, script = Stone Wall.
[14-09-26 02:36:00.618] WARN : General      f:0 st:219,676,670 at XuiSkin$EntityUiStyle.Load          > Could not find icon: Build_Stake_SkullDoe, script = Doe Skull Pole.
[14-09-26 02:36:00.618] WARN : General      f:0 st:219,676,670 at XuiSkin$EntityUiStyle.Load          > Could not find icon: Build_WindowBlack, script = Wooden Windows.
[14-09-26 02:36:00.618] WARN : General      f:0 st:219,676,670 at XuiSkin$EntityUiStyle.Load          > Could not find icon: Item_Clamp_Forged, script = Standing Drill Press.
[14-09-26 02:36:00.618] WARN : General      f:0 st:219,676,670 at XuiSkin$EntityUiStyle.LoadComponentInfo> Could not find icon: Item_Clamp_Forged.
[14-09-26 02:36:00.618] WARN : General      f:0 st:219,676,671 at XuiSkin$EntityUiStyle.Load          > Could not find icon: Build_KilnSmall, script = Primitive Kiln.
[14-09-26 02:36:00.619] WARN : General      f:0 st:219,676,671 at XuiSkin$EntityUiStyle.Load          > Could not find icon: Build_ShelvesMetal, script = Metal Shelves (Basic).
[14-09-26 02:36:00.619] WARN : General      f:0 st:219,676,671 at XuiSkin$EntityUiStyle.Load          > Could not find icon: Build_ShelvesMetal, script = Metal Shelves (Craftsman).
[14-09-26 02:36:00.619] WARN : General      f:0 st:219,676,671 at XuiSkin$EntityUiStyle.Load          > Could not find icon: Build_DomeKiln, script = Dome Kiln.
[14-09-26 02:36:00.619] WARN : General      f:0 st:219,676,671 at XuiSkin$EntityUiStyle.Load          > Could not find icon: Build_Loom, script = Loom.
[14-09-26 02:36:00.619] WARN : General      f:0 st:219,676,671 at XuiSkin$EntityUiStyle.Load          > Could not find icon: Build_BarricadeWindow_Sheet, script = Metal Sheet Barricade.
[14-09-26 02:36:00.619] WARN : General      f:0 st:219,676,672 at XuiSkin$EntityUiStyle.Load          > Could not find icon: Build_DoubleWoodGate, script = Double Tall Wooden Gate.
[14-09-26 02:36:00.619] WARN : General      f:0 st:219,676,672 at XuiSkin$EntityUiStyle.Load          > Could not find icon: Build_StoneMill, script = Stone Mill.
[14-09-26 02:36:00.620] WARN : General      f:0 st:219,676,672 at XuiSkin$EntityUiStyle.LoadComponentInfo> Could not find icon: Build_StoneMill.
[14-09-26 02:36:00.620] WARN : General      f:0 st:219,676,672 at XuiSkin$EntityUiStyle.Load          > Could not find icon: Build_WallMetal, script = Metal Wall (Craftsman).
[14-09-26 02:36:00.620] WARN : General      f:0 st:219,676,672 at XuiSkin$EntityUiStyle.Load          > Could not find icon: Item_ClayMold_Shingle, script = Well.
[14-09-26 02:36:00.620] WARN : General      f:0 st:219,676,673 at XuiSkin$EntityUiStyle.Load          > Could not find icon: Item_Boulder, script = Boulder.
[14-09-26 02:36:00.620] WARN : General      f:0 st:219,676,673 at XuiSkin$EntityUiStyle.LoadComponentInfo> Could not find icon: Item_Boulder.
[14-09-26 02:36:00.621] WARN : General      f:0 st:219,676,673 at XuiSkin$EntityUiStyle.Load          > Could not find icon: Build_WindowframeWood, script = Wooden Window Frame (Advanced).
[14-09-26 02:36:00.621] WARN : General      f:0 st:219,676,673 at XuiSkin$EntityUiStyle.Load          > Could not find icon: Build_WindowframeWood, script = Wooden Window Frame (Craftsman).
[14-09-26 02:36:00.621] WARN : General      f:0 st:219,676,673 at XuiSkin$EntityUiStyle.Load          > Could not find icon: Build_StickBookcase, script = Crude Wooden Bookcase.
[14-09-26 02:36:00.621] WARN : General      f:0 st:219,676,674 at XuiSkin$EntityUiStyle.Load          > Could not find icon: Build_CabinetMetal, script = Big Metal Locker (Basic).
[14-09-26 02:36:00.621] WARN : General      f:0 st:219,676,674 at XuiSkin$EntityUiStyle.Load          > Could not find icon: Build_ChoppingBlock, script = Chopping Block.
[14-09-26 02:36:00.621] WARN : General      f:0 st:219,676,674 at XuiSkin$EntityUiStyle.LoadComponentInfo> Could not find icon: Build_ChoppingBlock.
[14-09-26 02:36:00.621] WARN : General      f:0 st:219,676,674 at XuiSkin$EntityUiStyle.Load          > Could not find icon: Build_WallMetal, script = Metal Wall (Basic).
[14-09-26 02:36:00.622] WARN : General      f:0 st:219,676,674 at XuiSkin$EntityUiStyle.Load          > Could not find icon: Item_Logs, script = Sawmill.
[14-09-26 02:36:00.622] WARN : General      f:0 st:219,676,675 at XuiSkin$EntityUiStyle.Load          > Could not find icon: Build_WindowframeWood, script = Wooden Window Frame (Basic).
[14-09-26 02:36:00.622] WARN : General      f:0 st:219,676,675 at XuiSkin$EntityUiStyle.Load          > Could not find icon: Build_CabinetMetal, script = Big Metal Locker (Craftsman).
[14-09-26 02:36:00.622] WARN : General      f:0 st:219,676,675 at XuiSkin$EntityUiStyle.Load          > Could not find icon: Build_WindowframeBrick, script = Brick Window Frame (Craftsman).
[14-09-26 02:36:00.622] WARN : General      f:0 st:219,676,675 at XuiSkin$EntityUiStyle.Load          > Could not find icon: Build_WindowframeBrick, script = Brick Window Frame (Basic).
[14-09-26 02:36:00.623] WARN : General      f:0 st:219,676,675 at XuiSkin$EntityUiStyle.Load          > Could not find icon: Build_CookingPitSimple, script = Fire Pit (Stones).
[14-09-26 02:36:00.623] WARN : General      f:0 st:219,676,676 at XuiSkin$EntityUiStyle.Load          > Could not find icon: Build_FenceWire, script = Barbed Wire Fence.
[14-09-26 02:36:00.623] WARN : General      f:0 st:219,676,676 at XuiSkin$EntityUiStyle.Load          > Could not find icon: Build_CrateMetal, script = Metal Crate (Craftsman).
[14-09-26 02:36:00.623] WARN : General      f:0 st:219,676,676 at XuiSkin$EntityUiStyle.Load          > Could not find icon: Build_CrateMetal, script = Metal Crate (Basic).
[14-09-26 02:36:00.623] WARN : General      f:0 st:219,676,676 at XuiSkin$EntityUiStyle.Load          > Could not find icon: Build_AnvilStone, script = Stone Anvil.
[14-09-26 02:36:00.623] WARN : General      f:0 st:219,676,676 at XuiSkin$EntityUiStyle.LoadComponentInfo> Could not find icon: Build_AnvilStone.
[14-09-26 02:36:00.624] WARN : General      f:0 st:219,676,676 at XuiSkin$EntityUiStyle.Load          > Could not find icon: Item_WaterTank, script = Water Dispenser.
[14-09-26 02:36:00.624] WARN : General      f:0 st:219,676,677 at XuiSkin$EntityUiStyle.Load          > Could not find icon: Build_DoorframeMetal, script = Metal Doorframe (Basic).
[14-09-26 02:36:00.624] WARN : General      f:0 st:219,676,677 at XuiSkin$EntityUiStyle.Load          > Could not find icon: Build_LeanToShelterLeather, script = Leather Shelter.
[14-09-26 02:36:00.624] WARN : General      f:0 st:219,676,677 at XuiSkin$EntityUiStyle.Load          > Could not find icon: Build_DoorframeMetal, script = Metal Doorframe (Craftsman).
[14-09-26 02:36:00.624] WARN : General      f:0 st:219,676,677 at XuiSkin$EntityUiStyle.Load          > Could not find icon: Build_TableLargeWood, script = Wooden Table (Advanced).
[14-09-26 02:36:00.625] WARN : General      f:0 st:219,676,677 at XuiSkin$EntityUiStyle.LoadComponentInfo> Could not find icon: Build_TableLargeWood.
[14-09-26 02:36:00.625] WARN : General      f:0 st:219,676,678 at XuiSkin$EntityUiStyle.Load          > Could not find icon: Build_LogSeat2, script = Crude Wooden Stool.
[14-09-26 02:36:00.625] WARN : General      f:0 st:219,676,678 at XuiSkin$EntityUiStyle.Load          > Could not find icon: Build_TableLargeWood, script = Wooden Table (Basic).
[14-09-26 02:36:00.625] WARN : General      f:0 st:219,676,678 at XuiSkin$EntityUiStyle.LoadComponentInfo> Could not find icon: Build_TableLargeWood.
[14-09-26 02:36:00.625] WARN : General      f:0 st:219,676,678 at XuiSkin$EntityUiStyle.Load          > Could not find icon: Build_TableLargeWood, script = Wooden Table (Craftsman).
[14-09-26 02:36:00.625] WARN : General      f:0 st:219,676,678 at XuiSkin$EntityUiStyle.LoadComponentInfo> Could not find icon: Build_TableLargeWood.
[14-09-26 02:36:00.626] WARN : General      f:0 st:219,676,679 at XuiSkin$EntityUiStyle.Load          > Could not find icon: Build_HerbDryerSmall, script = Simple Small Plant Drying Rack.
[14-09-26 02:36:00.626] WARN : General      f:0 st:219,676,679 at XuiSkin$EntityUiStyle.Load          > Could not find icon: Build_DoorframeBrick, script = Brick Doorframe (Basic).
[14-09-26 02:36:00.626] WARN : General      f:0 st:219,676,679 at XuiSkin$EntityUiStyle.Load          > Could not find icon: Build_DoorframeBrick, script = Brick Doorframe (Craftsman).
[14-09-26 02:36:00.626] WARN : General      f:0 st:219,676,679 at XuiSkin$EntityUiStyle.Load          > Could not find icon: Item_Key_Blank, script = Key Duplicator.
[14-09-26 02:36:00.626] WARN : General      f:0 st:219,676,679 at XuiSkin$EntityUiStyle.Load          > Could not find icon: Build_MetalCounter, script = Metal Counter (Basic).
[14-09-26 02:36:00.627] WARN : General      f:0 st:219,676,679 at XuiSkin$EntityUiStyle.Load          > Could not find icon: Build_MetalCounter, script = Metal Counter (Craftsman).
[14-09-26 02:36:00.627] WARN : General      f:0 st:219,676,680 at XuiSkin$EntityUiStyle.Load          > Could not find icon: Build_WallLogs, script = Log Wall.
[14-09-26 02:36:00.627] WARN : General      f:0 st:219,676,680 at XuiSkin$EntityUiStyle.Load          > Could not find icon: Item_Anvil_Forged, script = Electric Blower Forge.
[14-09-26 02:36:00.627] WARN : General      f:0 st:219,676,680 at XuiSkin$EntityUiStyle.LoadComponentInfo> Could not find icon: Item_Anvil_Forged.
[14-09-26 02:36:00.627] WARN : General      f:0 st:219,676,680 at XuiSkin$EntityUiStyle.Load          > Could not find icon: Build_DryingFrameSmall, script = Small Leather Drying Rack.
[14-09-26 02:36:00.628] WARN : General      f:0 st:219,676,681 at XuiSkin$EntityUiStyle.Load          > Could not find icon: Build_WindowframeStone, script = Stone Window Frame.
[14-09-26 02:36:00.628] WARN : General      f:0 st:219,676,681 at XuiSkin$EntityUiStyle.Load          > Could not find icon: Build_FurnaceAdvanced, script = Advanced Furnace.
[14-09-26 02:36:00.628] WARN : General      f:0 st:219,676,681 at XuiSkin$EntityUiStyle.Load          > Could not find icon: Build_DryingFrameSmall, script = Medium Leather Drying Rack.
[14-09-26 02:36:00.628] WARN : General      f:0 st:219,676,681 at XuiSkin$EntityUiStyle.Load          > Could not find icon: Item_Rock, script = Grinding Slab.
[14-09-26 02:36:00.629] WARN : General      f:0 st:219,676,681 at XuiSkin$EntityUiStyle.LoadComponentInfo> Could not find icon: Item_Rock.
[14-09-26 02:36:00.629] WARN : General      f:0 st:219,676,682 at XuiSkin$EntityUiStyle.Load          > Could not find icon: Build_BarrelOven, script = Metal Barrel Oven.
[14-09-26 02:36:00.629] WARN : General      f:0 st:219,676,682 at XuiSkin$EntityUiStyle.Load          > Could not find icon: Build_CharcoalDrum, script = Charcoal Burning Barrel.
[14-09-26 02:36:00.629] WARN : General      f:0 st:219,676,682 at XuiSkin$EntityUiStyle.Load          > Could not find icon: Build_StairsWood, script = Wooden Stairs.
[14-09-26 02:36:00.629] WARN : General      f:0 st:219,676,682 at XuiSkin$EntityUiStyle.Load          > Could not find icon: Item_Ingot_Steel, script = Arc Furnace.
[14-09-26 02:36:00.629] WARN : General      f:0 st:219,676,682 at XuiSkin$EntityUiStyle.LoadComponentInfo> Could not find icon: Item_Ingot_Steel.
[14-09-26 02:36:00.629] WARN : General      f:0 st:219,676,683 at XuiSkin$EntityUiStyle.Load          > Could not find icon: Build_TroughMetal, script = Long Metal Feeding Trough.
[14-09-26 02:36:00.629] WARN : General      f:0 st:219,676,683 at XuiSkin$EntityUiStyle.Load          > Could not find icon: Build_KilnLarge, script = Advanced Kiln.
[14-09-26 02:36:00.631] WARN : General      f:0 st:219,676,683 at XuiSkin$EntityUiStyle.Load          > Could not find icon: Build_ShelfWood, script = Wooden Shelf (Basic).
[14-09-26 02:36:00.631] WARN : General      f:0 st:219,676,683 at XuiSkin$EntityUiStyle.Load          > Could not find icon: Build_RainCollectorCrate2, script = Rain Collector Crate (Garbage Bags).
[14-09-26 02:36:00.631] WARN : General      f:0 st:219,676,683 at XuiSkin$EntityUiStyle.Load          > Could not find icon: Build_HerbDryerLarge, script = Simple Large Plant Drying Rack.
[14-09-26 02:36:00.631] WARN : General      f:0 st:219,676,684 at XuiSkin$EntityUiStyle.Load          > Could not find icon: Build_WoodPicket, script = Wooden Marker.
[14-09-26 02:36:00.631] WARN : General      f:0 st:219,676,684 at XuiSkin$EntityUiStyle.Load          > Could not find icon: Build_ShelfWood, script = Wooden Shelf (Craftsman).
[14-09-26 02:36:00.631] WARN : General      f:0 st:219,676,684 at XuiSkin$EntityUiStyle.Load          > Could not find icon: Build_FloorSand, script = Sand Floor.
[14-09-26 02:36:00.631] WARN : General      f:0 st:219,676,684 at XuiSkin$EntityUiStyle.Load          > Could not find icon: Build_Sidetable, script = Wood Table with Drawer.
[14-09-26 02:36:00.632] WARN : General      f:0 st:219,676,684 at XuiSkin$EntityUiStyle.Load          > Could not find icon: Build_TanningBarrel, script = Tannin Barrel.
[14-09-26 02:36:00.632] WARN : General      f:0 st:219,676,685 at XuiSkin$EntityUiStyle.Load          > Could not find icon: Build_Sidetable, script = Wooden Table with Drawer (Craftsman).
[14-09-26 02:36:00.632] WARN : General      f:0 st:219,676,685 at XuiSkin$EntityUiStyle.Load          > Could not find icon: Build_Sidetable, script = Wooden Table with Drawer (Basic).
[14-09-26 02:36:00.632] WARN : General      f:0 st:219,676,685 at XuiSkin$EntityUiStyle.Load          > Could not find icon: Build_Bed, script = Wooden Bed.
[14-09-26 02:36:00.632] WARN : General      f:0 st:219,676,685 at XuiSkin$EntityUiStyle.Load          > Could not find icon: Build_SmeltingFurnace, script = Simple Forge.
[14-09-26 02:36:00.633] WARN : General      f:0 st:219,676,685 at XuiSkin$EntityUiStyle.Load          > Could not find icon: Build_LogBench, script = Log Bench.
[14-09-26 02:36:00.633] WARN : General      f:0 st:219,676,685 at XuiSkin$EntityUiStyle.Load          > Could not find icon: Build_StickBookcaseSmall, script = Crude Small Wooden Bookcase.
[14-09-26 02:36:00.633] WARN : General      f:0 st:219,676,686 at XuiSkin$EntityUiStyle.Load          > Could not find icon: Item_WaterDrop, script = Water Pump.
[14-09-26 02:36:00.633] WARN : General      f:0 st:219,676,686 at XuiSkin$EntityUiStyle.Load          > Could not find icon: Build_Grindstone, script = Grindstone.
[14-09-26 02:36:00.633] WARN : General      f:0 st:219,676,686 at XuiSkin$EntityUiStyle.Load          > Could not find icon: Item_Hacksaw, script = Metal Bandsaw.
[14-09-26 02:36:00.634] WARN : General      f:0 st:219,676,686 at XuiSkin$EntityUiStyle.Load          > Could not find icon: Build_BookcaseShort, script = Small Wooden Bookcase (Craftsman).
[14-09-26 02:36:00.634] WARN : General      f:0 st:219,676,686 at XuiSkin$EntityUiStyle.Load          > Could not find icon: Build_MetalworkBench, script = Metalworkbench.
[14-09-26 02:36:00.634] WARN : General      f:0 st:219,676,687 at XuiSkin$EntityUiStyle.LoadComponentInfo> Could not find icon: Build_MetalworkBench.
[14-09-26 02:36:00.634] WARN : General      f:0 st:219,676,687 at XuiSkin$EntityUiStyle.Load          > Could not find icon: Item_Handle, script = Wooden Fence Post.
[14-09-26 02:36:00.634] WARN : General      f:0 st:219,676,687 at XuiSkin$EntityUiStyle.LoadComponentInfo> Could not find icon: Item_Handle.
[14-09-26 02:36:00.634] WARN : General      f:0 st:219,676,687 at XuiSkin$EntityUiStyle.Load          > Could not find icon: Build_BookcaseShort, script = Small Wooden Bookcase (Basic).
[14-09-26 02:36:00.635] WARN : General      f:0 st:219,676,687 at XuiSkin$EntityUiStyle.Load          > Could not find icon: Build_Composter, script = Composter (Basic).
[14-09-26 02:36:00.635] WARN : General      f:0 st:219,676,688 at XuiSkin$EntityUiStyle.Load          > Could not find icon: Build_FenceStakes, script = Crude Wooden Fence.
[14-09-26 02:36:00.635] WARN : General      f:0 st:219,676,688 at XuiSkin$EntityUiStyle.Load          > Could not find icon: Build_DoorframeLogs, script = Log Doorframe.
[14-09-26 02:36:00.635] WARN : General      f:0 st:219,676,688 at XuiSkin$EntityUiStyle.Load          > Could not find icon: Build_DoorFenceWood, script = Wooden Fence Gate.
[14-09-26 02:36:00.635] WARN : General      f:0 st:219,676,688 at XuiSkin$EntityUiStyle.Load          > Could not find icon: Build_SofteningBeam, script = Softening Beam.
[14-09-26 02:36:00.636] WARN : General      f:0 st:219,676,688 at XuiSkin$EntityUiStyle.Load          > Could not find icon: Build_ShortWireFence, script = Small Metal Wire Fence.
[14-09-26 02:36:00.636] WARN : General      f:0 st:219,676,689 at XuiSkin$EntityUiStyle.Load          > Could not find icon: Build_Stake_SkullStag, script = Deer Skull Pole.
[14-09-26 02:36:00.636] WARN : General      f:0 st:219,676,689 at XuiSkin$EntityUiStyle.Load          > Could not find icon: Item_Charcoal, script = Pit of Coals.
[14-09-26 02:36:00.636] WARN : General      f:0 st:219,676,689 at XuiSkin$EntityUiStyle.Load          > Could not find icon: Build_HerbDryerSmall, script = Small Plant Drying Rack.
[14-09-26 02:36:00.636] WARN : General      f:0 st:219,676,689 at XuiSkin$EntityUiStyle.Load          > Could not find icon: Item_BlowTorch, script = Metalwork Lathe.
[14-09-26 02:36:00.637] WARN : General      f:0 st:219,676,689 at XuiSkin$EntityUiStyle.LoadComponentInfo> Could not find icon: Item_BlowTorch.
[14-09-26 02:36:00.637] WARN : General      f:0 st:219,676,690 at XuiSkin$EntityUiStyle.Load          > Could not find icon: Build_LogTable2, script = Crude Wooden Table.
[14-09-26 02:36:00.637] WARN : General      f:0 st:219,676,690 at XuiSkin$EntityUiStyle.Load          > Could not find icon: Build_Coffin, script = Wooden Coffin.
[14-09-26 02:36:00.637] WARN : General      f:0 st:219,676,690 at XuiSkin$EntityUiStyle.Load          > Could not find icon: Build_Stake_Antlers, script = Antlers Pole.
[14-09-26 02:36:00.637] WARN : General      f:0 st:219,676,690 at XuiSkin$EntityUiStyle.Load          > Could not find icon: Build_Stake_SkullSheep, script = Sheep Skull Pole.
[14-09-26 02:36:00.637] WARN : General      f:0 st:219,676,690 at XuiSkin$EntityUiStyle.Load          > Could not find icon: Item_WaterDrop, script = Steam Turbine.
[14-09-26 02:36:00.638] WARN : General      f:0 st:219,676,690 at XuiSkin$EntityUiStyle.Load          > Could not find icon: Build_Coop2, script = Chicken Hutch (Dark Wood).
[14-09-26 02:36:00.638] WARN : General      f:0 st:219,676,691 at XuiSkin$EntityUiStyle.Load          > Could not find icon: Build_FenceOpenLogs, script = Wide Log Gate.
[14-09-26 02:36:00.638] WARN : General      f:0 st:219,676,691 at XuiSkin$EntityUiStyle.Load          > Could not find icon: Build_PoleGate, script = Big Pole Fence Gate.
[14-09-26 02:36:00.638] WARN : General      f:0 st:219,676,691 at XuiSkin$EntityUiStyle.Load          > Could not find icon: Build_StairsLogs, script = Log Stairs.
[14-09-26 02:36:00.638] WARN : General      f:0 st:219,676,691 at XuiSkin$EntityUiStyle.Load          > Could not find icon: Item_Toast, script = Toaster.
[14-09-26 02:36:00.639] WARN : General      f:0 st:219,676,691 at XuiSkin$EntityUiStyle.Load          > Could not find icon: Build_FloorTilePorcelain, script = Tile Floor.
[14-09-26 02:36:00.639] WARN : General      f:0 st:219,676,692 at XuiSkin$EntityUiStyle.Load          > Could not find icon: Build_CrossSimple, script = Crude Wooden Cross.
[14-09-26 02:36:00.639] WARN : General      f:0 st:219,676,692 at XuiSkin$EntityUiStyle.Load          > Could not find icon: Item_Charcoal, script = Large Pit of Coals.
[14-09-26 02:36:00.639] WARN : General      f:0 st:219,676,692 at XuiSkin$EntityUiStyle.Load          > Could not find icon: Build_ButcherHook, script = Butcher Hook.
[14-09-26 02:36:00.639] WARN : General      f:0 st:219,676,692 at XuiSkin$EntityUiStyle.Load          > Could not find icon: Build_SpinningWheel, script = Spinning Wheel.
[14-09-26 02:36:00.639] WARN : General      f:0 st:219,676,692 at XuiSkin$EntityUiStyle.Load          > Could not find icon: Build_Coop, script = Chicken Hutch (Light Wood).
[14-09-26 02:36:00.639] WARN : General      f:0 st:219,676,692 at XuiSkin$EntityUiStyle.Load          > Could not find icon: Build_Bookcase, script = Wooden Bookcase (Basic).
[14-09-26 02:36:00.639] WARN : General      f:0 st:219,676,693 at XuiSkin$EntityUiStyle.LoadComponentInfo> Could not find icon: Build_Bookcase.
[14-09-26 02:36:00.641] WARN : General      f:0 st:219,676,693 at XuiSkin$EntityUiStyle.Load          > Could not find icon: Item_Petrol, script = Generator Maintenance.
[14-09-26 02:36:00.641] WARN : General      f:0 st:219,676,693 at XuiSkin$EntityUiStyle.Load          > Could not find icon: Build_Bookcase, script = Wooden Bookcase (Craftsman).
[14-09-26 02:36:00.641] WARN : General      f:0 st:219,676,693 at XuiSkin$EntityUiStyle.Load          > Could not find icon: Build_BarricadeWindow_Bars, script = Metal Bar Barricade.
[14-09-26 02:36:00.641] WARN : General      f:0 st:219,676,693 at XuiSkin$EntityUiStyle.Load          > Could not find icon: Build_Stake_SkullBull, script = Bull Skull Pole.
[14-09-26 02:36:00.641] WARN : General      f:0 st:219,676,694 at XuiSkin$EntityUiStyle.Load          > Could not find icon: Build_Wall_Plaster, script = Plaster Wall.
[14-09-26 02:36:00.642] WARN : General      f:0 st:219,676,694 at XuiSkin$EntityUiStyle.Load          > Could not find icon: Build_CookingPit, script = Fire Pit (Stone Blocks).
[14-09-26 02:36:00.642] WARN : General      f:0 st:219,676,694 at XuiSkin$EntityUiStyle.Load          > Could not find icon: Build_LoomSimple, script = Simple Loom.
[14-09-26 02:36:00.642] WARN : General      f:0 st:219,676,694 at XuiSkin$EntityUiStyle.Load          > Could not find icon: Build_WoodSign_Skull, script = Paint Sign - Skull.
[14-09-26 02:36:00.642] WARN : General      f:0 st:219,676,694 at XuiSkin$EntityUiStyle.Load          > Could not find icon: Build_WindowframeMetal, script = Metal Window Frame (Basic).
[14-09-26 02:36:00.642] WARN : General      f:0 st:219,676,695 at XuiSkin$EntityUiStyle.Load          > Could not find icon: Build_WindowframeMetal, script = Metal Window Frame (Craftsman).
[14-09-26 02:36:00.642] WARN : General      f:0 st:219,676,695 at XuiSkin$EntityUiStyle.Load          > Could not find icon: Build_DoubleWireGate, script = Double Tall Wire Fence Gate.
[14-09-26 02:36:00.643] WARN : General      f:0 st:219,676,695 at XuiSkin$EntityUiStyle.Load          > Could not find icon: Build_RainCollectorBarrel, script = Rain Collector Barrel (Tarp).
[14-09-26 02:36:00.643] WARN : General      f:0 st:219,676,695 at XuiSkin$EntityUiStyle.Load          > Could not find icon: Build_FenceBrick, script = Short Brick Wall.
[14-09-26 02:36:00.643] WARN : General      f:0 st:219,676,695 at XuiSkin$EntityUiStyle.Load          > Could not find icon: Build_LogSeat, script = Short Log Bench.
[14-09-26 02:36:00.643] WARN : General      f:0 st:219,676,696 at XuiSkin$EntityUiStyle.LoadComponentInfo> Could not find icon: Build_LogSeat.
[14-09-26 02:36:00.643] WARN : General      f:0 st:219,676,696 at XuiSkin$EntityUiStyle.Load          > Could not find icon: Build_FenceMetalPosts, script = Metal Pole Fence.
[14-09-26 02:36:00.644] WARN : General      f:0 st:219,676,696 at XuiSkin$EntityUiStyle.Load          > Could not find icon: Build_DoorWood, script = Wooden Door (Advanced).
[14-09-26 02:36:00.644] WARN : General      f:0 st:219,676,696 at XuiSkin$EntityUiStyle.Load          > Could not find icon: Build_WallframeMetal, script = Metal Wall Frame.
[14-09-26 02:36:00.644] WARN : General      f:0 st:219,676,696 at XuiSkin$EntityUiStyle.Load          > Could not find icon: Build_DoorWood, script = Wooden Door (Basic).
[14-09-26 02:36:00.644] WARN : General      f:0 st:219,676,697 at XuiSkin$EntityUiStyle.Load          > Could not find icon: Build_WallframeWood, script = Wooden Wall Frame.
[14-09-26 02:36:00.644] WARN : General      f:0 st:219,676,697 at XuiSkin$EntityUiStyle.Load          > Could not find icon: Item_Anvil_Stone, script = Primitive Forge.
[14-09-26 02:36:00.645] WARN : General      f:0 st:219,676,697 at XuiSkin$EntityUiStyle.Load          > Could not find icon: Build_DoorMetal, script = Metal Door (Poor).
[14-09-26 02:36:00.645] WARN : General      f:0 st:219,676,697 at XuiSkin$EntityUiStyle.Load          > Could not find icon: Build_DoorWeldedMetal, script = Metal Door (Shoddy).
[14-09-26 02:36:00.645] WARN : General      f:0 st:219,676,697 at XuiSkin$EntityUiStyle.Load          > Could not find icon: Build_DoorWood, script = Wooden Door (Craftsman).
[14-09-26 02:36:00.645] WARN : General      f:0 st:219,676,698 at XuiSkin$EntityUiStyle.Load          > Could not find icon: Build_Cross, script = Wooden Cross.
[14-09-26 02:36:00.645] WARN : General      f:0 st:219,676,698 at XuiSkin$EntityUiStyle.Load          > Could not find icon: Build_ShelvesWood, script = Double Wooden Shelves.
[14-09-26 02:36:00.646] WARN : General      f:0 st:219,676,698 at XuiSkin$EntityUiStyle.Load          > Could not find icon: Item_MugFulll, script = Coffee Machine.
[14-09-26 02:36:00.646] WARN : General      f:0 st:219,676,698 at XuiSkin$EntityUiStyle.Load          > Could not find icon: Item_RailroadRail_Short, script = Makeshift Electric Blower Forge.
[14-09-26 02:36:00.646] WARN : General      f:0 st:219,676,698 at XuiSkin$EntityUiStyle.LoadComponentInfo> Could not find icon: Item_RailroadRail_Short.
[14-09-26 02:36:00.646] WARN : General      f:0 st:219,676,699 at XuiSkin$EntityUiStyle.Load          > Could not find icon: Build_LeanToShelterTarp, script = Tarp Shelter.
[14-09-26 02:36:00.646] WARN : General      f:0 st:219,676,699 at XuiSkin$EntityUiStyle.Load          > Could not find icon: Build_HerbDryerLarge, script = Large Plant Drying Rack.
[14-09-26 02:36:00.647] WARN : General      f:0 st:219,676,699 at XuiSkin$EntityUiStyle.Load          > Could not find icon: Build_StoneQuern, script = Stone Quern.
[14-09-26 02:36:00.647] WARN : General      f:0 st:219,676,699 at XuiSkin$EntityUiStyle.LoadComponentInfo> Could not find icon: Build_StoneQuern.
[14-09-26 02:36:00.647] WARN : General      f:0 st:219,676,699 at XuiSkin$EntityUiStyle.Load          > Could not find icon: Build_WoodSign, script = Wooden Sign.
[14-09-26 02:36:00.647] WARN : General      f:0 st:219,676,700 at XuiSkin$EntityUiStyle.Load          > Could not find icon: Build_WoodPole_Tall, script = Wooden Pole.
[14-09-26 02:36:00.647] WARN : General      f:0 st:219,676,700 at XuiSkin$EntityUiStyle.Load          > Could not find icon: Build_WoodSign_Down, script = Paint Sign - Down Arrow.
[14-09-26 02:36:00.648] WARN : General      f:0 st:219,676,700 at XuiSkin$EntityUiStyle.Load          > Could not find icon: Item_Dice, script = Test Entity.
[14-09-26 02:36:00.648] WARN : General      f:0 st:219,676,700 at XuiSkin$EntityUiStyle.LoadComponentInfo> Could not find icon: Item_Note2.
[14-09-26 02:36:00.648] WARN : General      f:0 st:219,676,700 at XuiSkin$EntityUiStyle.Load          > Could not find icon: Build_SandbagWall, script = Sandbag Wall.
[14-09-26 02:36:00.648] WARN : General      f:0 st:219,676,701 at XuiSkin$EntityUiStyle.Load          > Could not find icon: Build_SmeltingFurnace, script = Simple Furnace.
[14-09-26 02:36:00.648] WARN : General      f:0 st:219,676,701 at XuiSkin$EntityUiStyle.Load          > Could not find icon: Build_BarricadeWindow_Plank, script = Planks Barricade.
[14-09-26 02:36:00.649] WARN : General      f:0 st:219,676,701 at XuiSkin$EntityUiStyle.Load          > Could not find icon: Item_Logs, script = Tree Stump.
[14-09-26 02:36:00.649] WARN : General      f:0 st:219,676,701 at XuiSkin$EntityUiStyle.LoadComponentInfo> Could not find icon: Item_Logs.
[14-09-26 02:36:00.649] WARN : General      f:0 st:219,676,701 at XuiSkin$EntityUiStyle.Load          > Could not find icon: Build_CrateWood, script = Wooden Crate (Craftsman).
[14-09-26 02:36:00.649] WARN : General      f:0 st:219,676,701 at XuiSkin$EntityUiStyle.Load          > Could not find icon: Build_TallWireGate, script = Big Wire Fence Gate.
[14-09-26 02:36:00.649] WARN : General      f:0 st:219,676,702 at XuiSkin$EntityUiStyle.Load          > Could not find icon: Build_CrateWood, script = Wooden Crate (Basic).
[14-09-26 02:36:00.649] WARN : General      f:0 st:219,676,702 at XuiSkin$EntityUiStyle.Load          > Could not find icon: Build_DoubleWireFence, script = Big Wire Fence.
[14-09-26 02:36:00.650] WARN : General      f:0 st:219,676,702 at XuiSkin$EntityUiStyle.Load          > Could not find icon: Build_Composter, script = Composter (Craftsman).
[14-09-26 02:36:00.650] WARN : General      f:0 st:219,676,702 at XuiSkin$EntityUiStyle.Load          > Could not find icon: Build_Amphora, script = Amphora.
[14-09-26 02:36:00.650] WARN : General      f:0 st:219,676,702 at XuiSkin$EntityUiStyle.Load          > Could not find icon: Build_Coalpit, script = Charcoal Burning Pile.
[14-09-26 02:36:00.650] WARN : General      f:0 st:219,676,703 at XuiSkin$EntityUiStyle.Load          > Could not find icon: Build_FloorTileWood, script = Wooden Floor (Craftsman).
[14-09-26 02:36:00.650] WARN : General      f:0 st:219,676,703 at XuiSkin$EntityUiStyle.Load          > Could not find icon: Build_FloorTileWood, script = Wooden Floor (Advanced).
[14-09-26 02:36:00.651] WARN : General      f:0 st:219,676,703 at XuiSkin$EntityUiStyle.Load          > Could not find icon: Build_FloorTileWood, script = Wooden Floor (Basic).
[14-09-26 02:36:00.651] WARN : General      f:0 st:219,676,703 at XuiSkin$EntityUiStyle.Load          > Could not find icon: Item_CarBatteryCharger, script = CeroSec - FS-800.
[14-09-26 02:36:00.651] WARN : General      f:0 st:219,676,703 at XuiSkin$EntityUiStyle.Load          > Could not find icon: Build_Wall_Wallpaper, script = Apply Wallpaper.
[14-09-26 02:36:00.651] WARN : General      f:0 st:219,676,704 at XuiSkin$EntityUiStyle.Load          > Could not find icon: Build_Chair, script = Wooden Chair (Basic).
[14-09-26 02:36:00.651] WARN : General      f:0 st:219,676,704 at XuiSkin$EntityUiStyle.Load          > Could not find icon: Build_FlashlightLamp, script = Wooden Flashlight Pillar.
[14-09-26 02:36:00.652] WARN : General      f:0 st:219,676,704 at XuiSkin$EntityUiStyle.Load          > Could not find icon: Build_Chair, script = Wooden Chair (Advanced).
[14-09-26 02:36:00.652] WARN : General      f:0 st:219,676,704 at XuiSkin$EntityUiStyle.Load          > Could not find icon: Build_FenceHighMetalPosts, script = Big Metal Pole Fence.
[14-09-26 02:36:00.652] WARN : General      f:0 st:219,676,705 at XuiSkin$EntityUiStyle.Load          > Could not find icon: Build_Chair, script = Wooden Chair (Craftsman).
[14-09-26 02:36:00.652] WARN : General      f:0 st:219,676,705 at XuiSkin$EntityUiStyle.Load          > Could not find icon: Build_LogStool, script = Log Stool.
[14-09-26 02:36:00.652] WARN : General      f:0 st:219,676,705 at XuiSkin$EntityUiStyle.Load          > Could not find icon: Build_TableSmallWood, script = Small Wooden Table (Craftsman).
[14-09-26 02:36:00.653] WARN : General      f:0 st:219,676,705 at XuiSkin$EntityUiStyle.LoadComponentInfo> Could not find icon: Build_TableSmallWood.
[14-09-26 02:36:00.653] WARN : General      f:0 st:219,676,705 at XuiSkin$EntityUiStyle.Load          > Could not find icon: Build_TableSmallWood, script = Small Wooden Table (Advanced).
[14-09-26 02:36:00.653] WARN : General      f:0 st:219,676,705 at XuiSkin$EntityUiStyle.LoadComponentInfo> Could not find icon: Build_TableSmallWood.
[14-09-26 02:36:00.653] WARN : General      f:0 st:219,676,706 at XuiSkin$EntityUiStyle.Load          > Could not find icon: Build_TableSmallWood, script = Small Wooden Table (Basic).
[14-09-26 02:36:00.653] WARN : General      f:0 st:219,676,706 at XuiSkin$EntityUiStyle.LoadComponentInfo> Could not find icon: Build_TableSmallWood.
[14-09-26 02:36:00.653] WARN : General      f:0 st:219,676,706 at XuiSkin$EntityUiStyle.Load          > Could not find icon: Item_CarBatteryCharger, script = Test Kiln.
[14-09-26 02:36:00.654] WARN : General      f:0 st:219,676,706 at XuiSkin$EntityUiStyle.LoadComponentInfo> Could not find icon: Item_Note2.
[14-09-26 02:36:00.654] WARN : General      f:0 st:219,676,706 at XuiSkin$EntityUiStyle.Load          > Could not find icon: Build_ShortWireGate, script = Metal Wire Fence Gate.
[14-09-26 02:36:00.654] WARN : General      f:0 st:219,676,706 at XuiSkin$EntityUiStyle.Load          > Could not find icon: Build_LogSeat, script = Log Seat.
[14-09-26 02:36:00.654] WARN : General      f:0 st:219,676,707 at XuiSkin$EntityUiStyle.Load          > Could not find icon: Item_PropaneTank, script = Steam Boiler.
[14-09-26 02:36:00.654] WARN : General      f:0 st:219,676,707 at XuiSkin$EntityUiStyle.Load          > Could not find icon: Build_TroughWoodLong, script = Long Wooden Feeding Trough.
[14-09-26 02:36:00.654] WARN : General      f:0 st:219,676,707 at XuiSkin$EntityUiStyle.Load          > Could not find icon: Build_MetalworkTable, script = Metalwork Table.
[14-09-26 02:36:00.655] WARN : General      f:0 st:219,676,707 at XuiSkin$EntityUiStyle.LoadComponentInfo> Could not find icon: Build_MetalworkTable.
[14-09-26 02:36:00.655] WARN : General      f:0 st:219,676,708 at XuiSkin$EntityUiStyle.Load          > Could not find icon: Item_Dice, script = Entity_DisplayName_Default.
[14-09-26 02:36:00.655] WARN : General      f:0 st:219,676,708 at XuiSkin$EntityUiStyle.LoadComponentInfo> Could not find icon: Item_Dice.
[14-09-26 02:36:00.656] WARN : General      f:0 st:219,676,708 at XuiSkin$EntityUiStyle.LoadComponentInfo> Could not find icon: Item_Dice.
[14-09-26 02:36:00.656] WARN : General      f:0 st:219,676,708 at XuiSkin$EntityUiStyle.LoadComponentInfo> Could not find icon: Item_Dice.
[14-09-26 02:36:00.656] WARN : General      f:0 st:219,676,708 at XuiSkin$EntityUiStyle.LoadComponentInfo> Could not find icon: Item_Dice.
[14-09-26 02:36:00.656] WARN : General      f:0 st:219,676,709 at XuiSkin$EntityUiStyle.Load          > Could not find icon: Build_FloorDirt, script = Dirt Floor.
[14-09-26 02:36:00.656] WARN : General      f:0 st:219,676,709 at XuiSkin$EntityUiStyle.Load          > Could not find icon: Build_DoorframeStone, script = Stone Doorframe.
[14-09-26 02:36:00.657] WARN : General      f:0 st:219,676,709 at XuiSkin$EntityUiStyle.Load          > Could not find icon: Build_PotteryBench, script = Pottery Bench.
[14-09-26 02:36:00.657] WARN : General      f:0 st:219,676,709 at XuiSkin$EntityUiStyle.LoadComponentInfo> Could not find icon: Build_PotteryBench.
[14-09-26 02:36:00.657] WARN : General      f:0 st:219,676,710 at XuiSkin$EntityUiStyle.Load          > Could not find icon: Build_Cairn, script = Stone Cairn.
[14-09-26 02:36:00.657] WARN : General      f:0 st:219,676,710 at XuiSkin$EntityUiStyle.Load          > Could not find icon: Build_WallWood, script = Wooden Wall (Advanced).
[14-09-26 02:36:00.657] WARN : General      f:0 st:219,676,710 at XuiSkin$EntityUiStyle.Load          > Could not find icon: Build_WallWood, script = Wooden Wall (Basic).
[14-09-26 02:36:00.658] WARN : General      f:0 st:219,676,710 at XuiSkin$EntityUiStyle.Load          > Could not find icon: Build_LeanToShelterSticks, script = Lean-to Shelter.
[14-09-26 02:36:00.658] WARN : General      f:0 st:219,676,711 at XuiSkin$EntityUiStyle.Load          > Could not find icon: Build_PotteryWheel, script = Pottery Wheel.
[14-09-26 02:36:00.659] WARN : General      f:0 st:219,676,711 at XuiSkin$EntityUiStyle.LoadComponentInfo> Could not find icon: Build_PotteryWheel.
[14-09-26 02:36:00.659] WARN : General      f:0 st:219,676,711 at XuiSkin$EntityUiStyle.Load          > Could not find icon: Build_CabinetStone, script = Stone Cabinet.
[14-09-26 02:36:00.659] WARN : General      f:0 st:219,676,712 at XuiSkin$EntityUiStyle.Load          > Could not find icon: Build_WallWood, script = Wooden Wall (Craftsman).
[14-09-26 02:36:00.659] WARN : General      f:0 st:219,676,712 at XuiSkin$EntityUiStyle.Load          > Could not find icon: Build_WoodSign_Left, script = Paint Sign - Left Arrow.
[14-09-26 02:36:00.659] WARN : General      f:0 st:219,676,712 at XuiSkin$EntityUiStyle.Load          > Could not find icon: Build_PrimitiveFurnace, script = Primitive Furnace.
[14-09-26 02:36:00.659] WARN : General      f:0 st:219,676,712 at XuiSkin$EntityUiStyle.Load          > Could not find icon: Build_DoorframeWood, script = Wooden Doorframe (Craftsman).
[14-09-26 02:36:00.659] WARN : General      f:0 st:219,676,712 at XuiSkin$EntityUiStyle.Load          > Could not find icon: Build_DoorframeWood, script = Wooden Doorframe (Advanced).
[14-09-26 02:36:00.659] WARN : General      f:0 st:219,676,713 at XuiSkin$EntityUiStyle.Load          > Could not find icon: Build_DoorframeWood, script = Wooden Doorframe (Basic).
[14-09-26 02:36:00.660] WARN : General      f:0 st:219,676,713 at XuiSkin$EntityUiStyle.Load          > Could not find icon: Build_WindowframeLogs, script = Log Window Frame.
[14-09-26 02:36:00.660] WARN : General      f:0 st:219,676,713 at XuiSkin$EntityUiStyle.Load          > Could not find icon: Build_FloorGravel, script = Gravel Floor.
[14-09-26 02:36:00.660] WARN : General      f:0 st:219,676,713 at XuiSkin$EntityUiStyle.Load          > Could not find icon: Item_WaterBottle, script = Bottling Machine.
[14-09-26 02:36:00.660] WARN : General      f:0 st:219,676,713 at XuiSkin$EntityUiStyle.Load          > Could not find icon: Build_WallBrick, script = Brick Wall (Basic).
[14-09-26 02:36:00.660] WARN : General      f:0 st:219,676,713 at XuiSkin$EntityUiStyle.Load          > Could not find icon: Build_WallBrick, script = Brick Wall (Craftsman).
[14-09-26 02:36:00.661] WARN : General      f:0 st:219,676,714 at XuiSkin$EntityUiStyle.Load          > Could not find icon: Build_DryingFrameLarge, script = Large Leather Drying Rack.
[14-09-26 02:36:00.661] WARN : General      f:0 st:219,676,714 at XuiSkin$EntityUiStyle.Load          > Could not find icon: Build_RippleComb, script = Ripple Comb.
[14-09-26 02:36:00.661] WARN : General      f:0 st:219,676,714 at XuiSkin$EntityUiStyle.Load          > Could not find icon: Build_Wall_Paint, script = Paint Wall / Item.
[14-09-26 02:36:00.661] WARN : General      f:0 st:219,676,714 at XuiSkin$EntityUiStyle.Load          > Could not find icon: Build_FenceWood, script = Wooden Fence (Craftsman).
[14-09-26 02:36:00.661] WARN : General      f:0 st:219,676,714 at XuiSkin$EntityUiStyle.Load          > Could not find icon: Build_FenceWood, script = Wooden Fence (Advanced).
[14-09-26 02:36:00.661] WARN : General      f:0 st:219,676,715 at XuiSkin$EntityUiStyle.Load          > Could not find icon: Build_LogTable, script = Log Table.
[14-09-26 02:36:00.662] WARN : General      f:0 st:219,676,715 at XuiSkin$EntityUiStyle.Load          > Could not find icon: Build_FenceWood, script = Wooden Fence (Basic).
[14-09-26 02:36:00.662] WARN : General      f:0 st:219,676,715 at XuiSkin$EntityUiStyle.Load          > Could not find icon: Build_ForgeAdvanced, script = Advanced Forge.
[14-09-26 02:36:00.663] WARN : General      f:0 st:219,676,715 at XuiSkin$EntityUiStyle.Load          > Could not find icon: Build_GunLocker, script = Small Metal Locker (Craftsman).
[14-09-26 02:36:00.663] WARN : General      f:0 st:219,676,715 at XuiSkin$EntityUiStyle.Load          > Could not find icon: Build_GunLocker, script = Small Metal Locker (Basic).
[14-09-26 02:36:00.663] WARN : General      f:0 st:219,676,715 at XuiSkin$EntityUiStyle.Load          > Could not find icon: Build_RainCollectorCrate, script = Rain Collector Crate (Tarp).
[14-09-26 02:36:00.663] WARN : General      f:0 st:219,676,716 at XuiSkin$EntityUiStyle.Load          > Could not find icon: Build_ButterChurn, script = Butter Churn.
[14-09-26 02:36:00.663] WARN : General      f:0 st:219,676,716 at XuiSkin$EntityUiStyle.Load          > Could not find icon: Build_Stake_SkullCow, script = Cow Skull Pole.
[14-09-26 02:36:00.663] WARN : General      f:0 st:219,676,716 at XuiSkin$EntityUiStyle.Load          > Could not find icon: Build_FloorTileMetal, script = Metal Floor.
[14-09-26 02:36:00.664] WARN : General      f:0 st:219,676,716 at XuiSkin$EntityUiStyle.Load          > Could not find icon: Build_Handpress, script = Hand-Operated Press.
[14-09-26 02:36:00.664] WARN : General      f:0 st:219,676,716 at XuiSkin$EntityUiStyle.LoadComponentInfo> Could not find icon: Build_Handpress.
[14-09-26 02:36:00.664] WARN : General      f:0 st:219,676,717 at XuiSkin$EntityUiStyle.Load          > Could not find icon: Build_MetalCounterCorner, script = Metal Counter Corner (Craftsman).
[14-09-26 02:36:00.664] WARN : General      f:0 st:219,676,717 at XuiSkin$EntityUiStyle.Load          > Could not find icon: Build_MetalCounterCorner, script = Metal Counter Corner (Basic).
[14-09-26 02:36:00.664] WARN : General      f:0 st:219,676,717 at XuiSkin$EntityUiStyle.Load          > Could not find icon: Build_WoodCounterCorner, script = Wooden Counter Corner (Basic).
[14-09-26 02:36:00.665] WARN : General      f:0 st:219,676,717 at XuiSkin$EntityUiStyle.Load          > Could not find icon: Build_HeckleComb, script = Heckle Comb.
[14-09-26 02:36:00.665] WARN : General      f:0 st:219,676,718 at XuiSkin$EntityUiStyle.Load          > Could not find icon: Build_Stake_SkullPig, script = Pig Skull Pole.
[14-09-26 02:36:00.665] WARN : General      f:0 st:219,676,718 at XuiSkin$EntityUiStyle.Load          > Could not find icon: Build_ScutchingBoard, script = Scutching Board.
[14-09-26 02:36:00.665] WARN : General      f:0 st:219,676,718 at XuiSkin$EntityUiStyle.Load          > Could not find icon: Build_FenceMetalPosts, script = Metal Pole Fence Gate.
[14-09-26 02:36:00.665] WARN : General      f:0 st:219,676,718 at XuiSkin$EntityUiStyle.Load          > Could not find icon: Build_DoublePoleGate, script = Double Tall Metal Pole Gate.
[14-09-26 02:36:00.666] WARN : General      f:0 st:219,676,718 at XuiSkin$EntityUiStyle.Load          > Could not find icon: Build_WoodCounter, script = Wooden Counter (Advanced).
[14-09-26 02:36:00.666] WARN : General      f:0 st:219,676,719 at XuiSkin$EntityUiStyle.Load          > Could not find icon: Build_WoodCounterCorner, script = Wooden Counter Corner (Craftsman).
[14-09-26 02:36:00.666] WARN : General      f:0 st:219,676,719 at XuiSkin$EntityUiStyle.Load          > Could not find icon: Build_WoodCounter, script = Wooden Counter (Basic).
[14-09-26 02:36:00.666] WARN : General      f:0 st:219,676,719 at XuiSkin$EntityUiStyle.Load          > Could not find icon: Build_WoodCounterCorner, script = Wooden Counter Corner (Advanced).
[14-09-26 02:36:00.666] WARN : General      f:0 st:219,676,719 at XuiSkin$EntityUiStyle.Load          > Could not find icon: Build_WoodCounter, script = Wooden Counter (Craftsman).
[14-09-26 02:36:00.666] WARN : General      f:0 st:219,676,719 at XuiSkin$EntityUiStyle.Load          > Could not find icon: Build_RainCollectorBarrel2, script = Rain Collector Barrel (Garbage Bags).
[14-09-26 02:36:00.667] WARN : General      f:0 st:219,676,720 at XuiSkin$EntityUiStyle.Load          > Could not find icon: Build_WoodSign_Up, script = Paint Sign - Up Arrow.
[14-09-26 02:36:00.667] WARN : General      f:0 st:219,676,720 at XuiSkin$EntityUiStyle.Load          > Could not find icon: Build_WoodSign_Right, script = Paint Sign - Right Arrow.
[14-09-26 02:36:00.667] WARN : General      f:0 st:219,676,720 at XuiSkin$EntityUiStyle.Load          > Could not find icon: Item_SheetMetal, script = Hydraulic Press.
[14-09-26 02:36:00.667] WARN : General      f:0 st:219,676,720 at XuiSkin$EntityUiStyle.Load          > Could not find icon: Build_FenceMetal, script = Metal Fence (Craftsman).
[14-09-26 02:36:00.667] WARN : General      f:0 st:219,676,720 at XuiSkin$EntityUiStyle.Load          > Could not find icon: Build_FenceLogs, script = Log Fence.
[14-09-26 02:36:00.667] WARN : General      f:0 st:219,676,720 at XuiSkin$EntityUiStyle.Load          > Could not find icon: Build_FenceMetal, script = Metal Fence (Basic).
[14-09-26 02:36:00.668] WARN : General      f:0 st:219,676,721 at XuiSkin$EntityUiStyle.Load          > Could not find icon: Item_Orange, script = Juice Maker.
[14-09-26 02:36:00.668] WARN : General      f:0 st:219,676,721 at XuiSkin$EntityUiStyle.Load          > Could not find icon: Build_Campfire, script = Campfire.
[14-09-26 02:36:00.668] WARN : General      f:0 st:219,676,721 at XuiSkin$EntityUiStyle.LoadComponentInfo> Could not find icon: Build_Campfire.
[14-09-26 02:36:00.668] WARN : General      f:0 st:219,676,721 at XuiSkin$EntityUiStyle.Load          > Could not find icon: Build_StairsMetal, script = Metal Stairs.
[14-09-26 02:36:00.668] WARN : General      f:0 st:219,676,721 at XuiSkin$EntityUiStyle.Load          > Could not find icon: Build_TroughWoodShort, script = Short Wooden Feeding Trough.
[14-09-26 02:36:00.669] WARN : General      f:0 st:219,676,721 at XuiSkin$EntityUiStyle.Load          > Could not find icon: Item_Anvil_Forged, script = Advanced Makeshift Electric Blower Forge.
[14-09-26 02:36:00.669] WARN : General      f:0 st:219,676,722 at XuiSkin$EntityUiStyle.LoadComponentInfo> Could not find icon: Item_Anvil_Forged.
[14-09-26 02:36:00.669] WARN : General      f:0 st:219,676,722 at XuiSkin$EntityUiStyle.Load          > Could not find icon: Build_WallStone, script = Stone Wall.
[14-09-26 02:36:00.669] WARN : General      f:0 st:219,676,722 at XuiSkin$EntityUiStyle.Load          > Could not find icon: Build_Stake_SkullDoe, script = Doe Skull Pole.
[14-09-26 02:36:00.669] WARN : General      f:0 st:219,676,722 at XuiSkin$EntityUiStyle.Load          > Could not find icon: Build_WindowBlack, script = Wooden Windows.
[14-09-26 02:36:00.669] WARN : General      f:0 st:219,676,722 at XuiSkin$EntityUiStyle.Load          > Could not find icon: Item_Clamp_Forged, script = Standing Drill Press.
[14-09-26 02:36:00.669] WARN : General      f:0 st:219,676,723 at XuiSkin$EntityUiStyle.LoadComponentInfo> Could not find icon: Item_Clamp_Forged.
[14-09-26 02:36:00.669] WARN : General      f:0 st:219,676,723 at XuiSkin$EntityUiStyle.Load          > Could not find icon: Build_KilnSmall, script = Primitive Kiln.
[14-09-26 02:36:00.671] WARN : General      f:0 st:219,676,723 at XuiSkin$EntityUiStyle.Load          > Could not find icon: Build_ShelvesMetal, script = Metal Shelves (Basic).
[14-09-26 02:36:00.671] WARN : General      f:0 st:219,676,723 at XuiSkin$EntityUiStyle.Load          > Could not find icon: Build_ShelvesMetal, script = Metal Shelves (Craftsman).
[14-09-26 02:36:00.671] WARN : General      f:0 st:219,676,723 at XuiSkin$EntityUiStyle.Load          > Could not find icon: Build_DomeKiln, script = Dome Kiln.
[14-09-26 02:36:00.671] WARN : General      f:0 st:219,676,724 at XuiSkin$EntityUiStyle.Load          > Could not find icon: Build_Loom, script = Loom.
[14-09-26 02:36:00.671] WARN : General      f:0 st:219,676,724 at XuiSkin$EntityUiStyle.Load          > Could not find icon: Build_BarricadeWindow_Sheet, script = Metal Sheet Barricade.
[14-09-26 02:36:00.672] WARN : General      f:0 st:219,676,724 at XuiSkin$EntityUiStyle.Load          > Could not find icon: Build_DoubleWoodGate, script = Double Tall Wooden Gate.
[14-09-26 02:36:00.672] WARN : General      f:0 st:219,676,724 at XuiSkin$EntityUiStyle.Load          > Could not find icon: Build_StoneMill, script = Stone Mill.
[14-09-26 02:36:00.672] WARN : General      f:0 st:219,676,724 at XuiSkin$EntityUiStyle.LoadComponentInfo> Could not find icon: Build_StoneMill.
[14-09-26 02:36:00.672] WARN : General      f:0 st:219,676,725 at XuiSkin$EntityUiStyle.Load          > Could not find icon: Build_WallMetal, script = Metal Wall (Craftsman).
[14-09-26 02:36:00.672] WARN : General      f:0 st:219,676,725 at XuiSkin$EntityUiStyle.Load          > Could not find icon: Item_ClayMold_Shingle, script = Well.
[14-09-26 02:36:00.673] WARN : General      f:0 st:219,676,726 at XuiSkin$EntityUiStyle.Load          > Could not find icon: Item_Boulder, script = Boulder.
[14-09-26 02:36:00.673] WARN : General      f:0 st:219,676,726 at XuiSkin$EntityUiStyle.LoadComponentInfo> Could not find icon: Item_Boulder.
[14-09-26 02:36:00.674] WARN : General      f:0 st:219,676,726 at XuiSkin$EntityUiStyle.Load          > Could not find icon: Build_WindowframeWood, script = Wooden Window Frame (Advanced).
[14-09-26 02:36:00.674] WARN : General      f:0 st:219,676,727 at XuiSkin$EntityUiStyle.Load          > Could not find icon: Build_WindowframeWood, script = Wooden Window Frame (Craftsman).
[14-09-26 02:36:00.674] WARN : General      f:0 st:219,676,727 at XuiSkin$EntityUiStyle.Load          > Could not find icon: Build_StickBookcase, script = Crude Wooden Bookcase.
[14-09-26 02:36:00.674] WARN : General      f:0 st:219,676,727 at XuiSkin$EntityUiStyle.Load          > Could not find icon: Build_CabinetMetal, script = Big Metal Locker (Basic).
[14-09-26 02:36:00.674] WARN : General      f:0 st:219,676,727 at XuiSkin$EntityUiStyle.Load          > Could not find icon: Build_ChoppingBlock, script = Chopping Block.
[14-09-26 02:36:00.674] WARN : General      f:0 st:219,676,727 at XuiSkin$EntityUiStyle.LoadComponentInfo> Could not find icon: Build_ChoppingBlock.
[14-09-26 02:36:00.675] WARN : General      f:0 st:219,676,727 at XuiSkin$EntityUiStyle.Load          > Could not find icon: Build_WallMetal, script = Metal Wall (Basic).
[14-09-26 02:36:00.675] WARN : General      f:0 st:219,676,728 at XuiSkin$EntityUiStyle.Load          > Could not find icon: Item_Logs, script = Sawmill.
[14-09-26 02:36:00.675] WARN : General      f:0 st:219,676,728 at XuiSkin$EntityUiStyle.Load          > Could not find icon: Build_WindowframeWood, script = Wooden Window Frame (Basic).
[14-09-26 02:36:00.675] WARN : General      f:0 st:219,676,728 at XuiSkin$EntityUiStyle.Load          > Could not find icon: Build_CabinetMetal, script = Big Metal Locker (Craftsman).
[14-09-26 02:36:00.675] WARN : General      f:0 st:219,676,728 at XuiSkin$EntityUiStyle.Load          > Could not find icon: Build_WindowframeBrick, script = Brick Window Frame (Craftsman).
[14-09-26 02:36:00.676] WARN : General      f:0 st:219,676,728 at XuiSkin$EntityUiStyle.Load          > Could not find icon: Build_WindowframeBrick, script = Brick Window Frame (Basic).
[14-09-26 02:36:00.676] WARN : General      f:0 st:219,676,729 at XuiSkin$EntityUiStyle.Load          > Could not find icon: Build_CookingPitSimple, script = Fire Pit (Stones).
[14-09-26 02:36:00.676] WARN : General      f:0 st:219,676,729 at XuiSkin$EntityUiStyle.Load          > Could not find icon: Build_FenceWire, script = Barbed Wire Fence.
[14-09-26 02:36:00.676] WARN : General      f:0 st:219,676,729 at XuiSkin$EntityUiStyle.Load          > Could not find icon: Build_CrateMetal, script = Metal Crate (Craftsman).
[14-09-26 02:36:00.676] WARN : General      f:0 st:219,676,729 at XuiSkin$EntityUiStyle.Load          > Could not find icon: Build_CrateMetal, script = Metal Crate (Basic).
[14-09-26 02:36:00.677] WARN : General      f:0 st:219,676,729 at XuiSkin$EntityUiStyle.Load          > Could not find icon: Build_AnvilStone, script = Stone Anvil.
[14-09-26 02:36:00.677] WARN : General      f:0 st:219,676,730 at XuiSkin$EntityUiStyle.LoadComponentInfo> Could not find icon: Build_AnvilStone.
[14-09-26 02:36:00.677] WARN : General      f:0 st:219,676,730 at XuiSkin$EntityUiStyle.Load          > Could not find icon: Item_WaterTank, script = Water Dispenser.
[14-09-26 02:36:00.677] WARN : General      f:0 st:219,676,730 at XuiSkin$EntityUiStyle.Load          > Could not find icon: Build_DoorframeMetal, script = Metal Doorframe (Basic).
[14-09-26 02:36:00.677] WARN : General      f:0 st:219,676,730 at XuiSkin$EntityUiStyle.Load          > Could not find icon: Build_LeanToShelterLeather, script = Leather Shelter.
[14-09-26 02:36:00.677] WARN : General      f:0 st:219,676,730 at XuiSkin$EntityUiStyle.Load          > Could not find icon: Build_DoorframeMetal, script = Metal Doorframe (Craftsman).
[14-09-26 02:36:00.678] WARN : General      f:0 st:219,676,731 at XuiSkin$EntityUiStyle.Load          > Could not find icon: Build_TableLargeWood, script = Wooden Table (Advanced).
[14-09-26 02:36:00.678] WARN : General      f:0 st:219,676,731 at XuiSkin$EntityUiStyle.LoadComponentInfo> Could not find icon: Build_TableLargeWood.
[14-09-26 02:36:00.678] WARN : General      f:0 st:219,676,731 at XuiSkin$EntityUiStyle.Load          > Could not find icon: Build_LogSeat2, script = Crude Wooden Stool.
[14-09-26 02:36:00.678] WARN : General      f:0 st:219,676,731 at XuiSkin$EntityUiStyle.Load          > Could not find icon: Build_TableLargeWood, script = Wooden Table (Basic).
[14-09-26 02:36:00.678] WARN : General      f:0 st:219,676,731 at XuiSkin$EntityUiStyle.LoadComponentInfo> Could not find icon: Build_TableLargeWood.
[14-09-26 02:36:00.679] WARN : General      f:0 st:219,676,731 at XuiSkin$EntityUiStyle.Load          > Could not find icon: Build_TableLargeWood, script = Wooden Table (Craftsman).
[14-09-26 02:36:00.679] WARN : General      f:0 st:219,676,732 at XuiSkin$EntityUiStyle.LoadComponentInfo> Could not find icon: Build_TableLargeWood.
[14-09-26 02:36:00.679] WARN : General      f:0 st:219,676,732 at XuiSkin$EntityUiStyle.Load          > Could not find icon: Build_HerbDryerSmall, script = Simple Small Plant Drying Rack.
[14-09-26 02:36:00.679] WARN : General      f:0 st:219,676,732 at XuiSkin$EntityUiStyle.Load          > Could not find icon: Build_DoorframeBrick, script = Brick Doorframe (Basic).
[14-09-26 02:36:00.679] WARN : General      f:0 st:219,676,732 at XuiSkin$EntityUiStyle.Load          > Could not find icon: Build_DoorframeBrick, script = Brick Doorframe (Craftsman).
[14-09-26 02:36:00.679] WARN : General      f:0 st:219,676,732 at XuiSkin$EntityUiStyle.Load          > Could not find icon: Item_Key_Blank, script = Key Duplicator.
[14-09-26 02:36:00.679] WARN : General      f:0 st:219,676,732 at XuiSkin$EntityUiStyle.Load          > Could not find icon: Build_MetalCounter, script = Metal Counter (Basic).
[14-09-26 02:36:00.679] WARN : General      f:0 st:219,676,733 at XuiSkin$EntityUiStyle.Load          > Could not find icon: Build_MetalCounter, script = Metal Counter (Craftsman).
[14-09-26 02:36:00.679] WARN : General      f:0 st:219,676,733 at XuiSkin$EntityUiStyle.Load          > Could not find icon: Build_WallLogs, script = Log Wall.
[14-09-26 02:36:00.681] WARN : General      f:0 st:219,676,733 at XuiSkin$EntityUiStyle.Load          > Could not find icon: Item_Anvil_Forged, script = Electric Blower Forge.
[14-09-26 02:36:00.681] WARN : General      f:0 st:219,676,733 at XuiSkin$EntityUiStyle.LoadComponentInfo> Could not find icon: Item_Anvil_Forged.
[14-09-26 02:36:00.681] WARN : General      f:0 st:219,676,733 at XuiSkin$EntityUiStyle.Load          > Could not find icon: Build_DryingFrameSmall, script = Small Leather Drying Rack.
[14-09-26 02:36:00.681] WARN : General      f:0 st:219,676,734 at XuiSkin$EntityUiStyle.Load          > Could not find icon: Build_WindowframeStone, script = Stone Window Frame.
[14-09-26 02:36:00.681] WARN : General      f:0 st:219,676,734 at XuiSkin$EntityUiStyle.Load          > Could not find icon: Build_FurnaceAdvanced, script = Advanced Furnace.
[14-09-26 02:36:00.682] WARN : General      f:0 st:219,676,734 at XuiSkin$EntityUiStyle.Load          > Could not find icon: Build_DryingFrameSmall, script = Medium Leather Drying Rack.
[14-09-26 02:36:00.682] WARN : General      f:0 st:219,676,734 at XuiSkin$EntityUiStyle.Load          > Could not find icon: Item_Rock, script = Grinding Slab.
[14-09-26 02:36:00.682] WARN : General      f:0 st:219,676,735 at XuiSkin$EntityUiStyle.LoadComponentInfo> Could not find icon: Item_Rock.
[14-09-26 02:36:00.682] WARN : General      f:0 st:219,676,735 at XuiSkin$EntityUiStyle.Load          > Could not find icon: Build_BarrelOven, script = Metal Barrel Oven.
[14-09-26 02:36:00.682] WARN : General      f:0 st:219,676,735 at XuiSkin$EntityUiStyle.Load          > Could not find icon: Build_CharcoalDrum, script = Charcoal Burning Barrel.
[14-09-26 02:36:00.682] WARN : General      f:0 st:219,676,735 at XuiSkin$EntityUiStyle.Load          > Could not find icon: Build_StairsWood, script = Wooden Stairs.
[14-09-26 02:36:00.683] WARN : General      f:0 st:219,676,735 at XuiSkin$EntityUiStyle.Load          > Could not find icon: Item_Ingot_Steel, script = Arc Furnace.
[14-09-26 02:36:00.683] WARN : General      f:0 st:219,676,735 at XuiSkin$EntityUiStyle.LoadComponentInfo> Could not find icon: Item_Ingot_Steel.
[14-09-26 02:36:00.683] WARN : General      f:0 st:219,676,736 at XuiSkin$EntityUiStyle.Load          > Could not find icon: Build_TroughMetal, script = Long Metal Feeding Trough.
[14-09-26 02:36:00.683] WARN : General      f:0 st:219,676,736 at XuiSkin$EntityUiStyle.Load          > Could not find icon: Build_KilnLarge, script = Advanced Kiln.
[14-09-26 02:36:00.683] WARN : General      f:0 st:219,676,736 at XuiSkin$EntityUiStyle.Load          > Could not find icon: Build_ShelfWood, script = Wooden Shelf (Basic).
[14-09-26 02:36:00.684] WARN : General      f:0 st:219,676,736 at XuiSkin$EntityUiStyle.Load          > Could not find icon: Build_RainCollectorCrate2, script = Rain Collector Crate (Garbage Bags).
[14-09-26 02:36:00.684] WARN : General      f:0 st:219,676,736 at XuiSkin$EntityUiStyle.Load          > Could not find icon: Build_HerbDryerLarge, script = Simple Large Plant Drying Rack.
[14-09-26 02:36:00.684] WARN : General      f:0 st:219,676,737 at XuiSkin$EntityUiStyle.Load          > Could not find icon: Build_WoodPicket, script = Wooden Marker.
[14-09-26 02:36:00.684] WARN : General      f:0 st:219,676,737 at XuiSkin$EntityUiStyle.Load          > Could not find icon: Build_ShelfWood, script = Wooden Shelf (Craftsman).
[14-09-26 02:36:00.684] WARN : General      f:0 st:219,676,737 at XuiSkin$EntityUiStyle.Load          > Could not find icon: Build_FloorSand, script = Sand Floor.
[14-09-26 02:36:00.685] WARN : General      f:0 st:219,676,737 at XuiSkin$EntityUiStyle.Load          > Could not find icon: Build_Sidetable, script = Wood Table with Drawer.
[14-09-26 02:36:00.685] WARN : General      f:0 st:219,676,737 at XuiSkin$EntityUiStyle.Load          > Could not find icon: Build_TanningBarrel, script = Tannin Barrel.
[14-09-26 02:36:00.685] WARN : General      f:0 st:219,676,738 at XuiSkin$EntityUiStyle.Load          > Could not find icon: Build_Sidetable, script = Wooden Table with Drawer (Craftsman).
[14-09-26 02:36:00.685] WARN : General      f:0 st:219,676,738 at XuiSkin$EntityUiStyle.Load          > Could not find icon: Build_Sidetable, script = Wooden Table with Drawer (Basic).
[14-09-26 02:36:00.685] WARN : General      f:0 st:219,676,738 at XuiSkin$EntityUiStyle.Load          > Could not find icon: Build_Bed, script = Wooden Bed.
[14-09-26 02:36:00.685] WARN : General      f:0 st:219,676,738 at XuiSkin$EntityUiStyle.Load          > Could not find icon: Build_SmeltingFurnace, script = Simple Forge.
[14-09-26 02:36:00.686] WARN : General      f:0 st:219,676,738 at XuiSkin$EntityUiStyle.Load          > Could not find icon: Build_LogBench, script = Log Bench.
[14-09-26 02:36:00.686] WARN : General      f:0 st:219,676,739 at XuiSkin$EntityUiStyle.Load          > Could not find icon: Build_StickBookcaseSmall, script = Crude Small Wooden Bookcase.
[14-09-26 02:36:00.686] WARN : General      f:0 st:219,676,739 at XuiSkin$EntityUiStyle.Load          > Could not find icon: Item_WaterDrop, script = Water Pump.
[14-09-26 02:36:00.686] WARN : General      f:0 st:219,676,739 at XuiSkin$EntityUiStyle.Load          > Could not find icon: Build_Grindstone, script = Grindstone.
[14-09-26 02:36:00.686] WARN : General      f:0 st:219,676,739 at XuiSkin$EntityUiStyle.Load          > Could not find icon: Item_Hacksaw, script = Metal Bandsaw.
[14-09-26 02:36:00.687] WARN : General      f:0 st:219,676,739 at XuiSkin$EntityUiStyle.Load          > Could not find icon: Build_BookcaseShort, script = Small Wooden Bookcase (Craftsman).
[14-09-26 02:36:00.687] WARN : General      f:0 st:219,676,740 at XuiSkin$EntityUiStyle.Load          > Could not find icon: Build_MetalworkBench, script = Metalworkbench.
[14-09-26 02:36:00.687] WARN : General      f:0 st:219,676,740 at XuiSkin$EntityUiStyle.LoadComponentInfo> Could not find icon: Build_MetalworkBench.
[14-09-26 02:36:00.688] WARN : General      f:0 st:219,676,740 at XuiSkin$EntityUiStyle.Load          > Could not find icon: Item_Handle, script = Wooden Fence Post.
[14-09-26 02:36:00.688] WARN : General      f:0 st:219,676,740 at XuiSkin$EntityUiStyle.LoadComponentInfo> Could not find icon: Item_Handle.
[14-09-26 02:36:00.688] WARN : General      f:0 st:219,676,741 at XuiSkin$EntityUiStyle.Load          > Could not find icon: Build_BookcaseShort, script = Small Wooden Bookcase (Basic).
[14-09-26 02:36:00.688] WARN : General      f:0 st:219,676,741 at XuiSkin$EntityUiStyle.Load          > Could not find icon: Build_Composter, script = Composter (Basic).
[14-09-26 02:36:00.688] WARN : General      f:0 st:219,676,741 at XuiSkin$EntityUiStyle.Load          > Could not find icon: Build_FenceStakes, script = Crude Wooden Fence.
[14-09-26 02:36:00.689] WARN : General      f:0 st:219,676,741 at XuiSkin$EntityUiStyle.Load          > Could not find icon: Build_DoorframeLogs, script = Log Doorframe.
[14-09-26 02:36:00.689] WARN : General      f:0 st:219,676,741 at XuiSkin$EntityUiStyle.Load          > Could not find icon: Build_DoorFenceWood, script = Wooden Fence Gate.
[14-09-26 02:36:00.689] WARN : General      f:0 st:219,676,742 at XuiSkin$EntityUiStyle.Load          > Could not find icon: Build_SofteningBeam, script = Softening Beam.
[14-09-26 02:36:00.689] WARN : General      f:0 st:219,676,742 at XuiSkin$EntityUiStyle.Load          > Could not find icon: Build_ShortWireFence, script = Small Metal Wire Fence.
[14-09-26 02:36:00.689] WARN : General      f:0 st:219,676,742 at XuiSkin$EntityUiStyle.Load          > Could not find icon: Build_Stake_SkullStag, script = Deer Skull Pole.
[14-09-26 02:36:00.689] WARN : General      f:0 st:219,676,742 at XuiSkin$EntityUiStyle.Load          > Could not find icon: Item_Charcoal, script = Pit of Coals.
[14-09-26 02:36:00.689] WARN : General      f:0 st:219,676,742 at XuiSkin$EntityUiStyle.Load          > Could not find icon: Build_HerbDryerSmall, script = Small Plant Drying Rack.
[14-09-26 02:36:00.689] WARN : General      f:0 st:219,676,742 at XuiSkin$EntityUiStyle.Load          > Could not find icon: Item_BlowTorch, script = Metalwork Lathe.
[14-09-26 02:36:00.689] WARN : General      f:0 st:219,676,742 at XuiSkin$EntityUiStyle.LoadComponentInfo> Could not find icon: Item_BlowTorch.
[14-09-26 02:36:00.691] WARN : General      f:0 st:219,676,743 at XuiSkin$EntityUiStyle.Load          > Could not find icon: Build_LogTable2, script = Crude Wooden Table.
[14-09-26 02:36:00.691] WARN : General      f:0 st:219,676,743 at XuiSkin$EntityUiStyle.Load          > Could not find icon: Build_Coffin, script = Wooden Coffin.
[14-09-26 02:36:00.691] WARN : General      f:0 st:219,676,743 at XuiSkin$EntityUiStyle.Load          > Could not find icon: Build_Stake_Antlers, script = Antlers Pole.
[14-09-26 02:36:00.691] WARN : General      f:0 st:219,676,743 at XuiSkin$EntityUiStyle.Load          > Could not find icon: Build_Stake_SkullSheep, script = Sheep Skull Pole.
[14-09-26 02:36:00.691] WARN : General      f:0 st:219,676,743 at XuiSkin$EntityUiStyle.Load          > Could not find icon: Item_WaterDrop, script = Steam Turbine.
[14-09-26 02:36:00.691] WARN : General      f:0 st:219,676,744 at XuiSkin$EntityUiStyle.Load          > Could not find icon: Build_Coop2, script = Chicken Hutch (Dark Wood).
[14-09-26 02:36:00.692] WARN : General      f:0 st:219,676,744 at XuiSkin$EntityUiStyle.Load          > Could not find icon: Build_FenceOpenLogs, script = Wide Log Gate.
[14-09-26 02:36:00.692] WARN : General      f:0 st:219,676,744 at XuiSkin$EntityUiStyle.Load          > Could not find icon: Build_PoleGate, script = Big Pole Fence Gate.
[14-09-26 02:36:00.692] WARN : General      f:0 st:219,676,744 at XuiSkin$EntityUiStyle.Load          > Could not find icon: Build_StairsLogs, script = Log Stairs.
[14-09-26 02:36:00.692] WARN : General      f:0 st:219,676,744 at XuiSkin$EntityUiStyle.Load          > Could not find icon: Item_Toast, script = Toaster.
[14-09-26 02:36:00.692] WARN : General      f:0 st:219,676,745 at XuiSkin$EntityUiStyle.Load          > Could not find icon: Build_FloorTilePorcelain, script = Tile Floor.
[14-09-26 02:36:00.693] WARN : General      f:0 st:219,676,745 at XuiSkin$EntityUiStyle.Load          > Could not find icon: Build_CrossSimple, script = Crude Wooden Cross.
[14-09-26 02:36:00.693] WARN : General      f:0 st:219,676,745 at XuiSkin$EntityUiStyle.Load          > Could not find icon: Item_Charcoal, script = Large Pit of Coals.
[14-09-26 02:36:00.693] WARN : General      f:0 st:219,676,745 at XuiSkin$EntityUiStyle.Load          > Could not find icon: Build_ButcherHook, script = Butcher Hook.
[14-09-26 02:36:00.693] WARN : General      f:0 st:219,676,745 at XuiSkin$EntityUiStyle.Load          > Could not find icon: Build_SpinningWheel, script = Spinning Wheel.
[14-09-26 02:36:00.693] WARN : General      f:0 st:219,676,746 at XuiSkin$EntityUiStyle.Load          > Could not find icon: Build_Coop, script = Chicken Hutch (Light Wood).
[14-09-26 02:36:00.694] WARN : General      f:0 st:219,676,746 at XuiSkin$EntityUiStyle.Load          > Could not find icon: Build_Bookcase, script = Wooden Bookcase (Basic).
[14-09-26 02:36:00.694] WARN : General      f:0 st:219,676,746 at XuiSkin$EntityUiStyle.LoadComponentInfo> Could not find icon: Build_Bookcase.
[14-09-26 02:36:00.694] WARN : General      f:0 st:219,676,746 at XuiSkin$EntityUiStyle.Load          > Could not find icon: Item_Petrol, script = Generator Maintenance.
[14-09-26 02:36:00.694] WARN : General      f:0 st:219,676,746 at XuiSkin$EntityUiStyle.Load          > Could not find icon: Build_Bookcase, script = Wooden Bookcase (Craftsman).
[14-09-26 02:36:00.694] WARN : General      f:0 st:219,676,746 at XuiSkin$EntityUiStyle.Load          > Could not find icon: Build_BarricadeWindow_Bars, script = Metal Bar Barricade.
[14-09-26 02:36:00.694] WARN : General      f:0 st:219,676,747 at XuiSkin$EntityUiStyle.Load          > Could not find icon: Build_Stake_SkullBull, script = Bull Skull Pole.
[14-09-26 02:36:00.695] WARN : General      f:0 st:219,676,747 at XuiSkin$EntityUiStyle.Load          > Could not find icon: Build_Wall_Plaster, script = Plaster Wall.
[14-09-26 02:36:00.695] WARN : General      f:0 st:219,676,747 at XuiSkin$EntityUiStyle.Load          > Could not find icon: Build_CookingPit, script = Fire Pit (Stone Blocks).
[14-09-26 02:36:00.695] WARN : General      f:0 st:219,676,747 at XuiSkin$EntityUiStyle.Load          > Could not find icon: Build_LoomSimple, script = Simple Loom.
[14-09-26 02:36:00.695] WARN : General      f:0 st:219,676,747 at XuiSkin$EntityUiStyle.Load          > Could not find icon: Build_WoodSign_Skull, script = Paint Sign - Skull.
[14-09-26 02:36:00.695] WARN : General      f:0 st:219,676,748 at XuiSkin$EntityUiStyle.Load          > Could not find icon: Build_WindowframeMetal, script = Metal Window Frame (Basic).
[14-09-26 02:36:00.696] WARN : General      f:0 st:219,676,748 at XuiSkin$EntityUiStyle.Load          > Could not find icon: Build_WindowframeMetal, script = Metal Window Frame (Craftsman).
[14-09-26 02:36:00.696] WARN : General      f:0 st:219,676,748 at XuiSkin$EntityUiStyle.Load          > Could not find icon: Build_DoubleWireGate, script = Double Tall Wire Fence Gate.
[14-09-26 02:36:00.696] WARN : General      f:0 st:219,676,748 at XuiSkin$EntityUiStyle.Load          > Could not find icon: Build_RainCollectorBarrel, script = Rain Collector Barrel (Tarp).
[14-09-26 02:36:00.696] WARN : General      f:0 st:219,676,748 at XuiSkin$EntityUiStyle.Load          > Could not find icon: Build_FenceBrick, script = Short Brick Wall.
[14-09-26 02:36:00.696] WARN : General      f:0 st:219,676,749 at XuiSkin$EntityUiStyle.Load          > Could not find icon: Build_LogSeat, script = Short Log Bench.
[14-09-26 02:36:00.697] WARN : General      f:0 st:219,676,749 at XuiSkin$EntityUiStyle.LoadComponentInfo> Could not find icon: Build_LogSeat.
[14-09-26 02:36:00.697] WARN : General      f:0 st:219,676,749 at XuiSkin$EntityUiStyle.Load          > Could not find icon: Build_FenceMetalPosts, script = Metal Pole Fence.
[14-09-26 02:36:00.697] WARN : General      f:0 st:219,676,749 at XuiSkin$EntityUiStyle.Load          > Could not find icon: Build_DoorWood, script = Wooden Door (Advanced).
[14-09-26 02:36:00.697] WARN : General      f:0 st:219,676,749 at XuiSkin$EntityUiStyle.Load          > Could not find icon: Build_WallframeMetal, script = Metal Wall Frame.
[14-09-26 02:36:00.697] WARN : General      f:0 st:219,676,749 at XuiSkin$EntityUiStyle.Load          > Could not find icon: Build_DoorWood, script = Wooden Door (Basic).
[14-09-26 02:36:00.697] WARN : General      f:0 st:219,676,750 at XuiSkin$EntityUiStyle.Load          > Could not find icon: Build_WallframeWood, script = Wooden Wall Frame.
[14-09-26 02:36:00.698] WARN : General      f:0 st:219,676,750 at XuiSkin$EntityUiStyle.Load          > Could not find icon: Item_Anvil_Stone, script = Primitive Forge.
[14-09-26 02:36:00.698] WARN : General      f:0 st:219,676,750 at XuiSkin$EntityUiStyle.Load          > Could not find icon: Build_DoorMetal, script = Metal Door (Poor).
[14-09-26 02:36:00.698] WARN : General      f:0 st:219,676,750 at XuiSkin$EntityUiStyle.Load          > Could not find icon: Build_DoorWeldedMetal, script = Metal Door (Shoddy).
[14-09-26 02:36:00.698] WARN : General      f:0 st:219,676,750 at XuiSkin$EntityUiStyle.Load          > Could not find icon: Build_DoorWood, script = Wooden Door (Craftsman).
[14-09-26 02:36:00.698] WARN : General      f:0 st:219,676,751 at XuiSkin$EntityUiStyle.Load          > Could not find icon: Build_Cross, script = Wooden Cross.
[14-09-26 02:36:00.699] WARN : General      f:0 st:219,676,751 at XuiSkin$EntityUiStyle.Load          > Could not find icon: Build_ShelvesWood, script = Double Wooden Shelves.
[14-09-26 02:36:00.699] WARN : General      f:0 st:219,676,751 at XuiSkin$EntityUiStyle.Load          > Could not find icon: Item_MugFulll, script = Coffee Machine.
[14-09-26 02:36:00.699] WARN : General      f:0 st:219,676,751 at XuiSkin$EntityUiStyle.Load          > Could not find icon: Item_RailroadRail_Short, script = Makeshift Electric Blower Forge.
[14-09-26 02:36:00.699] WARN : General      f:0 st:219,676,751 at XuiSkin$EntityUiStyle.LoadComponentInfo> Could not find icon: Item_RailroadRail_Short.
[14-09-26 02:36:00.699] WARN : General      f:0 st:219,676,751 at XuiSkin$EntityUiStyle.Load          > Could not find icon: Build_LeanToShelterTarp, script = Tarp Shelter.
[14-09-26 02:36:00.699] WARN : General      f:0 st:219,676,752 at XuiSkin$EntityUiStyle.Load          > Could not find icon: Build_HerbDryerLarge, script = Large Plant Drying Rack.
[14-09-26 02:36:00.700] WARN : General      f:0 st:219,676,752 at XuiSkin$EntityUiStyle.Load          > Could not find icon: Build_StoneQuern, script = Stone Quern.
[14-09-26 02:36:00.700] WARN : General      f:0 st:219,676,752 at XuiSkin$EntityUiStyle.LoadComponentInfo> Could not find icon: Build_StoneQuern.
[14-09-26 02:36:00.700] WARN : General      f:0 st:219,676,752 at XuiSkin$EntityUiStyle.Load          > Could not find icon: Build_WoodSign, script = Wooden Sign.
[14-09-26 02:36:00.700] WARN : General      f:0 st:219,676,752 at XuiSkin$EntityUiStyle.Load          > Could not find icon: Build_WoodPole_Tall, script = Wooden Pole.
[14-09-26 02:36:00.700] WARN : General      f:0 st:219,676,752 at XuiSkin$EntityUiStyle.Load          > Could not find icon: Build_WoodSign_Down, script = Paint Sign - Down Arrow.
[14-09-26 02:36:00.700] WARN : General      f:0 st:219,676,753 at XuiSkin$EntityUiStyle.Load          > Could not find icon: Item_Dice, script = Test Entity.
[14-09-26 02:36:00.701] WARN : General      f:0 st:219,676,753 at XuiSkin$EntityUiStyle.LoadComponentInfo> Could not find icon: Item_Note2.
[14-09-26 02:36:00.701] WARN : General      f:0 st:219,676,753 at XuiSkin$EntityUiStyle.Load          > Could not find icon: Build_SandbagWall, script = Sandbag Wall.
[14-09-26 02:36:00.701] WARN : General      f:0 st:219,676,753 at XuiSkin$EntityUiStyle.Load          > Could not find icon: Build_SmeltingFurnace, script = Simple Furnace.
[14-09-26 02:36:00.701] WARN : General      f:0 st:219,676,753 at XuiSkin$EntityUiStyle.Load          > Could not find icon: Build_BarricadeWindow_Plank, script = Planks Barricade.
[14-09-26 02:36:00.701] WARN : General      f:0 st:219,676,754 at XuiSkin$EntityUiStyle.Load          > Could not find icon: Item_Logs, script = Tree Stump.
[14-09-26 02:36:00.701] WARN : General      f:0 st:219,676,754 at XuiSkin$EntityUiStyle.LoadComponentInfo> Could not find icon: Item_Logs.
[14-09-26 02:36:00.701] WARN : General      f:0 st:219,676,754 at XuiSkin$EntityUiStyle.Load          > Could not find icon: Build_CrateWood, script = Wooden Crate (Craftsman).
[14-09-26 02:36:00.701] WARN : General      f:0 st:219,676,754 at XuiSkin$EntityUiStyle.Load          > Could not find icon: Build_TallWireGate, script = Big Wire Fence Gate.
[14-09-26 02:36:00.702] WARN : General      f:0 st:219,676,754 at XuiSkin$EntityUiStyle.Load          > Could not find icon: Build_CrateWood, script = Wooden Crate (Basic).
[14-09-26 02:36:00.702] WARN : General      f:0 st:219,676,754 at XuiSkin$EntityUiStyle.Load          > Could not find icon: Build_DoubleWireFence, script = Big Wire Fence.
[14-09-26 02:36:00.702] WARN : General      f:0 st:219,676,755 at XuiSkin$EntityUiStyle.Load          > Could not find icon: Build_Composter, script = Composter (Craftsman).
[14-09-26 02:36:00.702] WARN : General      f:0 st:219,676,755 at XuiSkin$EntityUiStyle.Load          > Could not find icon: Build_Amphora, script = Amphora.
[14-09-26 02:36:00.702] WARN : General      f:0 st:219,676,755 at XuiSkin$EntityUiStyle.Load          > Could not find icon: Build_Coalpit, script = Charcoal Burning Pile.
[14-09-26 02:36:00.702] WARN : General      f:0 st:219,676,755 at XuiSkin$EntityUiStyle.Load          > Could not find icon: Build_FloorTileWood, script = Wooden Floor (Craftsman).
[14-09-26 02:36:00.703] WARN : General      f:0 st:219,676,755 at XuiSkin$EntityUiStyle.Load          > Could not find icon: Build_FloorTileWood, script = Wooden Floor (Advanced).
[14-09-26 02:36:00.703] WARN : General      f:0 st:219,676,756 at XuiSkin$EntityUiStyle.Load          > Could not find icon: Build_FloorTileWood, script = Wooden Floor (Basic).
[14-09-26 02:36:00.703] WARN : General      f:0 st:219,676,756 at XuiSkin$EntityUiStyle.Load          > Could not find icon: Item_CarBatteryCharger, script = CeroSec - FS-800.
[14-09-26 02:36:00.703] WARN : General      f:0 st:219,676,756 at XuiSkin$EntityUiStyle.Load          > Could not find icon: Build_Wall_Wallpaper, script = Apply Wallpaper.
[14-09-26 02:36:00.703] WARN : General      f:0 st:219,676,756 at XuiSkin$EntityUiStyle.Load          > Could not find icon: Build_Chair, script = Wooden Chair (Basic).
[14-09-26 02:36:00.704] WARN : General      f:0 st:219,676,756 at XuiSkin$EntityUiStyle.Load          > Could not find icon: Build_FlashlightLamp, script = Wooden Flashlight Pillar.
[14-09-26 02:36:00.704] WARN : General      f:0 st:219,676,756 at XuiSkin$EntityUiStyle.Load          > Could not find icon: Build_Chair, script = Wooden Chair (Advanced).
[14-09-26 02:36:00.704] WARN : General      f:0 st:219,676,757 at XuiSkin$EntityUiStyle.Load          > Could not find icon: Build_FenceHighMetalPosts, script = Big Metal Pole Fence.
[14-09-26 02:36:00.704] WARN : General      f:0 st:219,676,757 at XuiSkin$EntityUiStyle.Load          > Could not find icon: Build_Chair, script = Wooden Chair (Craftsman).
[14-09-26 02:36:00.704] WARN : General      f:0 st:219,676,757 at XuiSkin$EntityUiStyle.Load          > Could not find icon: Build_LogStool, script = Log Stool.
[14-09-26 02:36:00.705] WARN : General      f:0 st:219,676,757 at XuiSkin$EntityUiStyle.Load          > Could not find icon: Build_TableSmallWood, script = Small Wooden Table (Craftsman).
[14-09-26 02:36:00.705] WARN : General      f:0 st:219,676,757 at XuiSkin$EntityUiStyle.LoadComponentInfo> Could not find icon: Build_TableSmallWood.
[14-09-26 02:36:00.705] WARN : General      f:0 st:219,676,758 at XuiSkin$EntityUiStyle.Load          > Could not find icon: Build_TableSmallWood, script = Small Wooden Table (Advanced).
[14-09-26 02:36:00.705] WARN : General      f:0 st:219,676,758 at XuiSkin$EntityUiStyle.LoadComponentInfo> Could not find icon: Build_TableSmallWood.
[14-09-26 02:36:00.705] WARN : General      f:0 st:219,676,758 at XuiSkin$EntityUiStyle.Load          > Could not find icon: Build_TableSmallWood, script = Small Wooden Table (Basic).
[14-09-26 02:36:00.705] WARN : General      f:0 st:219,676,758 at XuiSkin$EntityUiStyle.LoadComponentInfo> Could not find icon: Build_TableSmallWood.
[14-09-26 02:36:00.706] WARN : General      f:0 st:219,676,758 at XuiSkin$EntityUiStyle.Load          > Could not find icon: Item_CarBatteryCharger, script = Test Kiln.
[14-09-26 02:36:00.706] WARN : General      f:0 st:219,676,759 at XuiSkin$EntityUiStyle.LoadComponentInfo> Could not find icon: Item_Note2.
[14-09-26 02:36:00.706] WARN : General      f:0 st:219,676,759 at XuiSkin$EntityUiStyle.Load          > Could not find icon: Build_ShortWireGate, script = Metal Wire Fence Gate.
[14-09-26 02:36:00.706] WARN : General      f:0 st:219,676,759 at XuiSkin$EntityUiStyle.Load          > Could not find icon: Build_LogSeat, script = Log Seat.
[14-09-26 02:36:00.706] WARN : General      f:0 st:219,676,759 at XuiSkin$EntityUiStyle.Load          > Could not find icon: Item_PropaneTank, script = Steam Boiler.
[14-09-26 02:36:00.707] WARN : General      f:0 st:219,676,759 at XuiSkin$EntityUiStyle.Load          > Could not find icon: Build_TroughWoodLong, script = Long Wooden Feeding Trough.
[14-09-26 02:36:00.707] WARN : General      f:0 st:219,676,759 at XuiSkin$EntityUiStyle.Load          > Could not find icon: Build_MetalworkTable, script = Metalwork Table.
[14-09-26 02:36:00.707] WARN : General      f:0 st:219,676,760 at XuiSkin$EntityUiStyle.LoadComponentInfo> Could not find icon: Build_MetalworkTable.
[14-09-26 02:36:00.737] WARN : General      f:0 st:219,676,789 at TaggedObjectManager.createTagBits   > manager-> new tag discovered that was not preprocessed, tag: keyduplicator.
[14-09-26 02:36:00.738] WARN : General      f:0 st:219,676,790 at TaggedObjectManager.createTagBits   > manager-> new tag discovered that was not preprocessed, tag: choppingblock.
[14-09-26 02:36:00.757] WARN : Script       f:0 st:219,676,809 at ModelScript.check                   > no such model "null" for Base.BareHands.
[14-09-26 02:36:00.764] WARN : Script       f:0 st:219,676,816 at ModelScript.ScriptsLoaded           > different number of attachments on Cucumber and CucumberRotten.
[14-09-26 02:36:00.764] WARN : Script       f:0 st:219,676,817 at ModelScript.check                   > no such model "Base.null" for Base.NecklaceLong_SilverSapphire.
[14-09-26 02:36:00.768] WARN : Script       f:0 st:219,676,820 at ModelScript.ScriptsLoaded           > different number of attachments on FrenchFries_Hand and FrenchFries_HandBurnt.
[14-09-26 02:36:00.768] WARN : Script       f:0 st:219,676,820 at ModelScript.ScriptsLoaded           > different number of attachments on FrenchFries_Hand and FrenchFries_HandRotten.
[14-09-26 02:36:01.269] LOG  : General      f:0 st:219,677,322> LOADING ASSETS: START.
[14-09-26 02:36:08.762] LOG  : General      f:0 st:219,684,815> LOADING ASSETS: FINISH.
[14-09-26 02:36:08.906] ERROR: General      f:0 st:219,684,959> AdvancedAnimator$1.visitFileFailed> Exception thrown
	java.nio.file.NoSuchFileException: E:\pzmod\test-profile\mp-server\mods\NeighborhoodLife\common\media\AnimSets at WindowsException.translateToIOException(null:-1).
	Stack trace:
		java.base/sun.nio.fs.WindowsException.translateToIOException(Unknown Source)
		java.base/sun.nio.fs.WindowsException.rethrowAsIOException(Unknown Source)
		java.base/sun.nio.fs.WindowsException.rethrowAsIOException(Unknown Source)
		java.base/sun.nio.fs.WindowsFileAttributeViews$Basic.readAttributes(Unknown Source)
		java.base/sun.nio.fs.WindowsFileAttributeViews$Basic.readAttributes(Unknown Source)
		java.base/sun.nio.fs.WindowsFileSystemProvider.readAttributes(Unknown Source)
		java.base/java.nio.file.Files.readAttributes(Unknown Source)
		java.base/java.nio.file.FileTreeWalker.getAttributes(Unknown Source)
		java.base/java.nio.file.FileTreeWalker.visit(Unknown Source)
		java.base/java.nio.file.FileTreeWalker.walk(Unknown Source)
		java.base/java.nio.file.Files.walkFileTree(Unknown Source)
		java.base/java.nio.file.Files.walkFileTree(Unknown Source)
		zombie.core.skinnedmodel.advancedanimation.AdvancedAnimator.searchFolders(AdvancedAnimator.java:805)
		zombie.core.skinnedmodel.advancedanimation.AdvancedAnimator.loadModMedia(AdvancedAnimator.java:868)
		zombie.core.skinnedmodel.advancedanimation.AdvancedAnimator.collectModFiles(AdvancedAnimator.java:888)
		zombie.core.skinnedmodel.advancedanimation.AdvancedAnimator.load(AdvancedAnimator.java:928)
		zombie.network.GameServer.doMinimumInit(GameServer.java:1486)
		zombie.network.GameServer.main(GameServer.java:791).
[14-09-26 02:36:08.907] ERROR: General      f:0 st:219,684,960> AdvancedAnimator$1.visitFileFailed> Exception thrown
	java.nio.file.NoSuchFileException: E:\pzmod\test-profile\mp-server\mods\NeighborhoodLife\common\media\actiongroups at WindowsException.translateToIOException(null:-1).
	Stack trace:
		java.base/sun.nio.fs.WindowsException.translateToIOException(Unknown Source)
		java.base/sun.nio.fs.WindowsException.rethrowAsIOException(Unknown Source)
		java.base/sun.nio.fs.WindowsException.rethrowAsIOException(Unknown Source)
		java.base/sun.nio.fs.WindowsFileAttributeViews$Basic.readAttributes(Unknown Source)
		java.base/sun.nio.fs.WindowsFileAttributeViews$Basic.readAttributes(Unknown Source)
		java.base/sun.nio.fs.WindowsFileSystemProvider.readAttributes(Unknown Source)
		java.base/java.nio.file.Files.readAttributes(Unknown Source)
		java.base/java.nio.file.FileTreeWalker.getAttributes(Unknown Source)
		java.base/java.nio.file.FileTreeWalker.visit(Unknown Source)
		java.base/java.nio.file.FileTreeWalker.walk(Unknown Source)
		java.base/java.nio.file.Files.walkFileTree(Unknown Source)
		java.base/java.nio.file.Files.walkFileTree(Unknown Source)
		zombie.core.skinnedmodel.advancedanimation.AdvancedAnimator.searchFolders(AdvancedAnimator.java:805)
		zombie.core.skinnedmodel.advancedanimation.AdvancedAnimator.loadModMedia(AdvancedAnimator.java:869)
		zombie.core.skinnedmodel.advancedanimation.AdvancedAnimator.collectModFiles(AdvancedAnimator.java:888)
		zombie.core.skinnedmodel.advancedanimation.AdvancedAnimator.load(AdvancedAnimator.java:928)
		zombie.network.GameServer.doMinimumInit(GameServer.java:1486)
		zombie.network.GameServer.main(GameServer.java:791).
[14-09-26 02:36:08.909] ERROR: General      f:0 st:219,684,961> AdvancedAnimator$1.visitFileFailed> Exception thrown
	java.nio.file.NoSuchFileException: E:\pzmod\test-profile\mp-server\mods\NeighborhoodLife\42\media\AnimSets at WindowsException.translateToIOException(null:-1).
	Stack trace:
		java.base/sun.nio.fs.WindowsException.translateToIOException(Unknown Source)
		java.base/sun.nio.fs.WindowsException.rethrowAsIOException(Unknown Source)
		java.base/sun.nio.fs.WindowsException.rethrowAsIOException(Unknown Source)
		java.base/sun.nio.fs.WindowsFileAttributeViews$Basic.readAttributes(Unknown Source)
		java.base/sun.nio.fs.WindowsFileAttributeViews$Basic.readAttributes(Unknown Source)
		java.base/sun.nio.fs.WindowsFileSystemProvider.readAttributes(Unknown Source)
		java.base/java.nio.file.Files.readAttributes(Unknown Source)
		java.base/java.nio.file.FileTreeWalker.getAttributes(Unknown Source)
		java.base/java.nio.file.FileTreeWalker.visit(Unknown Source)
		java.base/java.nio.file.FileTreeWalker.walk(Unknown Source)
		java.base/java.nio.file.Files.walkFileTree(Unknown Source)
		java.base/java.nio.file.Files.walkFileTree(Unknown Source)
		zombie.core.skinnedmodel.advancedanimation.AdvancedAnimator.searchFolders(AdvancedAnimator.java:805)
		zombie.core.skinnedmodel.advancedanimation.AdvancedAnimator.loadModMedia(AdvancedAnimator.java:868)
		zombie.core.skinnedmodel.advancedanimation.AdvancedAnimator.collectModFiles(AdvancedAnimator.java:889)
		zombie.core.skinnedmodel.advancedanimation.AdvancedAnimator.load(AdvancedAnimator.java:928)
		zombie.network.GameServer.doMinimumInit(GameServer.java:1486)
		zombie.network.GameServer.main(GameServer.java:791).
[14-09-26 02:36:08.909] ERROR: General      f:0 st:219,684,961> AdvancedAnimator$1.visitFileFailed> Exception thrown
	java.nio.file.NoSuchFileException: E:\pzmod\test-profile\mp-server\mods\NeighborhoodLife\42\media\actiongroups at WindowsException.translateToIOException(null:-1).
	Stack trace:
		java.base/sun.nio.fs.WindowsException.translateToIOException(Unknown Source)
		java.base/sun.nio.fs.WindowsException.rethrowAsIOException(Unknown Source)
		java.base/sun.nio.fs.WindowsException.rethrowAsIOException(Unknown Source)
		java.base/sun.nio.fs.WindowsFileAttributeViews$Basic.readAttributes(Unknown Source)
		java.base/sun.nio.fs.WindowsFileAttributeViews$Basic.readAttributes(Unknown Source)
		java.base/sun.nio.fs.WindowsFileSystemProvider.readAttributes(Unknown Source)
		java.base/java.nio.file.Files.readAttributes(Unknown Source)
		java.base/java.nio.file.FileTreeWalker.getAttributes(Unknown Source)
		java.base/java.nio.file.FileTreeWalker.visit(Unknown Source)
		java.base/java.nio.file.FileTreeWalker.walk(Unknown Source)
		java.base/java.nio.file.Files.walkFileTree(Unknown Source)
		java.base/java.nio.file.Files.walkFileTree(Unknown Source)
		zombie.core.skinnedmodel.advancedanimation.AdvancedAnimator.searchFolders(AdvancedAnimator.java:805)
		zombie.core.skinnedmodel.advancedanimation.AdvancedAnimator.loadModMedia(AdvancedAnimator.java:869)
		zombie.core.skinnedmodel.advancedanimation.AdvancedAnimator.collectModFiles(AdvancedAnimator.java:889)
		zombie.core.skinnedmodel.advancedanimation.AdvancedAnimator.load(AdvancedAnimator.java:928)
		zombie.network.GameServer.doMinimumInit(GameServer.java:1486)
		zombie.network.GameServer.main(GameServer.java:791).
[14-09-26 02:36:08.910] ERROR: General      f:0 st:219,684,962> AdvancedAnimator$1.visitFileFailed> Exception thrown
	java.nio.file.NoSuchFileException: E:\pzmod\test-profile\mp-server\mods\NeighborhoodQA\common\media\AnimSets at WindowsException.translateToIOException(null:-1).
	Stack trace:
		java.base/sun.nio.fs.WindowsException.translateToIOException(Unknown Source)
		java.base/sun.nio.fs.WindowsException.rethrowAsIOException(Unknown Source)
		java.base/sun.nio.fs.WindowsException.rethrowAsIOException(Unknown Source)
		java.base/sun.nio.fs.WindowsFileAttributeViews$Basic.readAttributes(Unknown Source)
		java.base/sun.nio.fs.WindowsFileAttributeViews$Basic.readAttributes(Unknown Source)
		java.base/sun.nio.fs.WindowsFileSystemProvider.readAttributes(Unknown Source)
		java.base/java.nio.file.Files.readAttributes(Unknown Source)
		java.base/java.nio.file.FileTreeWalker.getAttributes(Unknown Source)
		java.base/java.nio.file.FileTreeWalker.visit(Unknown Source)
		java.base/java.nio.file.FileTreeWalker.walk(Unknown Source)
		java.base/java.nio.file.Files.walkFileTree(Unknown Source)
		java.base/java.nio.file.Files.walkFileTree(Unknown Source)
		zombie.core.skinnedmodel.advancedanimation.AdvancedAnimator.searchFolders(AdvancedAnimator.java:805)
		zombie.core.skinnedmodel.advancedanimation.AdvancedAnimator.loadModMedia(AdvancedAnimator.java:868)
		zombie.core.skinnedmodel.advancedanimation.AdvancedAnimator.collectModFiles(AdvancedAnimator.java:888)
		zombie.core.skinnedmodel.advancedanimation.AdvancedAnimator.load(AdvancedAnimator.java:928)
		zombie.network.GameServer.doMinimumInit(GameServer.java:1486)
		zombie.network.GameServer.main(GameServer.java:791).
[14-09-26 02:36:08.910] ERROR: General      f:0 st:219,684,962> AdvancedAnimator$1.visitFileFailed> Exception thrown
	java.nio.file.NoSuchFileException: E:\pzmod\test-profile\mp-server\mods\NeighborhoodQA\common\media\actiongroups at WindowsException.translateToIOException(null:-1).
	Stack trace:
		java.base/sun.nio.fs.WindowsException.translateToIOException(Unknown Source)
		java.base/sun.nio.fs.WindowsException.rethrowAsIOException(Unknown Source)
		java.base/sun.nio.fs.WindowsException.rethrowAsIOException(Unknown Source)
		java.base/sun.nio.fs.WindowsFileAttributeViews$Basic.readAttributes(Unknown Source)
		java.base/sun.nio.fs.WindowsFileAttributeViews$Basic.readAttributes(Unknown Source)
		java.base/sun.nio.fs.WindowsFileSystemProvider.readAttributes(Unknown Source)
		java.base/java.nio.file.Files.readAttributes(Unknown Source)
		java.base/java.nio.file.FileTreeWalker.getAttributes(Unknown Source)
		java.base/java.nio.file.FileTreeWalker.visit(Unknown Source)
		java.base/java.nio.file.FileTreeWalker.walk(Unknown Source)
		java.base/java.nio.file.Files.walkFileTree(Unknown Source)
		java.base/java.nio.file.Files.walkFileTree(Unknown Source)
		zombie.core.skinnedmodel.advancedanimation.AdvancedAnimator.searchFolders(AdvancedAnimator.java:805)
		zombie.core.skinnedmodel.advancedanimation.AdvancedAnimator.loadModMedia(AdvancedAnimator.java:869)
		zombie.core.skinnedmodel.advancedanimation.AdvancedAnimator.collectModFiles(AdvancedAnimator.java:888)
		zombie.core.skinnedmodel.advancedanimation.AdvancedAnimator.load(AdvancedAnimator.java:928)
		zombie.network.GameServer.doMinimumInit(GameServer.java:1486)
		zombie.network.GameServer.main(GameServer.java:791).
[14-09-26 02:36:08.911] ERROR: General      f:0 st:219,684,963> AdvancedAnimator$1.visitFileFailed> Exception thrown
	java.nio.file.NoSuchFileException: E:\pzmod\test-profile\mp-server\mods\NeighborhoodQA\42\media\AnimSets at WindowsException.translateToIOException(null:-1).
	Stack trace:
		java.base/sun.nio.fs.WindowsException.translateToIOException(Unknown Source)
		java.base/sun.nio.fs.WindowsException.rethrowAsIOException(Unknown Source)
		java.base/sun.nio.fs.WindowsException.rethrowAsIOException(Unknown Source)
		java.base/sun.nio.fs.WindowsFileAttributeViews$Basic.readAttributes(Unknown Source)
		java.base/sun.nio.fs.WindowsFileAttributeViews$Basic.readAttributes(Unknown Source)
		java.base/sun.nio.fs.WindowsFileSystemProvider.readAttributes(Unknown Source)
		java.base/java.nio.file.Files.readAttributes(Unknown Source)
		java.base/java.nio.file.FileTreeWalker.getAttributes(Unknown Source)
		java.base/java.nio.file.FileTreeWalker.visit(Unknown Source)
		java.base/java.nio.file.FileTreeWalker.walk(Unknown Source)
		java.base/java.nio.file.Files.walkFileTree(Unknown Source)
		java.base/java.nio.file.Files.walkFileTree(Unknown Source)
		zombie.core.skinnedmodel.advancedanimation.AdvancedAnimator.searchFolders(AdvancedAnimator.java:805)
		zombie.core.skinnedmodel.advancedanimation.AdvancedAnimator.loadModMedia(AdvancedAnimator.java:868)
		zombie.core.skinnedmodel.advancedanimation.AdvancedAnimator.collectModFiles(AdvancedAnimator.java:889)
		zombie.core.skinnedmodel.advancedanimation.AdvancedAnimator.load(AdvancedAnimator.java:928)
		zombie.network.GameServer.doMinimumInit(GameServer.java:1486)
		zombie.network.GameServer.main(GameServer.java:791).
[14-09-26 02:36:08.911] ERROR: General      f:0 st:219,684,964> AdvancedAnimator$1.visitFileFailed> Exception thrown
	java.nio.file.NoSuchFileException: E:\pzmod\test-profile\mp-server\mods\NeighborhoodQA\42\media\actiongroups at WindowsException.translateToIOException(null:-1).
	Stack trace:
		java.base/sun.nio.fs.WindowsException.translateToIOException(Unknown Source)
		java.base/sun.nio.fs.WindowsException.rethrowAsIOException(Unknown Source)
		java.base/sun.nio.fs.WindowsException.rethrowAsIOException(Unknown Source)
		java.base/sun.nio.fs.WindowsFileAttributeViews$Basic.readAttributes(Unknown Source)
		java.base/sun.nio.fs.WindowsFileAttributeViews$Basic.readAttributes(Unknown Source)
		java.base/sun.nio.fs.WindowsFileSystemProvider.readAttributes(Unknown Source)
		java.base/java.nio.file.Files.readAttributes(Unknown Source)
		java.base/java.nio.file.FileTreeWalker.getAttributes(Unknown Source)
		java.base/java.nio.file.FileTreeWalker.visit(Unknown Source)
		java.base/java.nio.file.FileTreeWalker.walk(Unknown Source)
		java.base/java.nio.file.Files.walkFileTree(Unknown Source)
		java.base/java.nio.file.Files.walkFileTree(Unknown Source)
		zombie.core.skinnedmodel.advancedanimation.AdvancedAnimator.searchFolders(AdvancedAnimator.java:805)
		zombie.core.skinnedmodel.advancedanimation.AdvancedAnimator.loadModMedia(AdvancedAnimator.java:869)
		zombie.core.skinnedmodel.advancedanimation.AdvancedAnimator.collectModFiles(AdvancedAnimator.java:889)
		zombie.core.skinnedmodel.advancedanimation.AdvancedAnimator.load(AdvancedAnimator.java:928)
		zombie.network.GameServer.doMinimumInit(GameServer.java:1486)
		zombie.network.GameServer.main(GameServer.java:791).
[14-09-26 02:36:10.230] WARN : Lua          f:0 st:219,686,283 at Lua(Vanilla).corpseStorageCheck     > require("ISUI/ISInventoryPaneContextMenu") failed.
[14-09-26 02:36:10.231] WARN : Lua          f:0 st:219,686,283 at Lua(Vanilla).corpseStorageCheck     > require("ISUI/ISVehicleMenu") failed.
[14-09-26 02:36:10.231] WARN : Lua          f:0 st:219,686,283 at Lua(Vanilla).corpseStorageCheck     > require("ISUI/ISContextMenu") failed.
[14-09-26 02:36:10.245] WARN : Lua          f:0 st:219,686,297 at Lua(Vanilla).ISCampingMenu          > require("Camping/CCampfireSystem") failed.
[14-09-26 02:36:10.595] WARN : Lua          f:0 st:219,686,647 at Lua(Vanilla).ISInventoryTransferUtil> require("TimedActions/ISInventoryTransferAction") failed.
[14-09-26 02:36:10.595] WARN : Lua          f:0 st:219,686,648 at Lua(Vanilla).ISInventoryTransferUtil> require("ISUI/PlayerData/ISPlayerData") failed.
[14-09-26 02:36:11.459] ERROR: Sound        f:0 st:219,687,512 at BrokenFences.addBrokenTiles         > Missing ThumpSound for breakable object fencing_01_1.
[14-09-26 02:36:11.459] ERROR: Sound        f:0 st:219,687,512 at BrokenFences.addBrokenTiles         > Missing ThumpSound for breakable object fencing_01_2.
[14-09-26 02:36:11.460] ERROR: Sound        f:0 st:219,687,513 at BrokenFences.addBrokenTiles         > Missing ThumpSound for breakable object fencing_01_3.
[14-09-26 02:36:11.460] ERROR: Sound        f:0 st:219,687,513 at BrokenFences.addBrokenTiles         > Missing ThumpSound for breakable object fencing_01_5.
[14-09-26 02:36:11.460] ERROR: Sound        f:0 st:219,687,513 at BrokenFences.addBrokenTiles         > Missing ThumpSound for breakable object fencing_01_4.
[14-09-26 02:36:11.460] ERROR: Sound        f:0 st:219,687,513 at BrokenFences.addBrokenTiles         > Missing ThumpSound for breakable object fencing_01_6.
[14-09-26 02:36:11.460] ERROR: Sound        f:0 st:219,687,513 at BrokenFences.addBrokenTiles         > Missing ThumpSound for breakable object fencing_01_24.
[14-09-26 02:36:11.462] ERROR: Sound        f:0 st:219,687,514 at BrokenFences.addBrokenTiles         > Missing ThumpSound for breakable object fencing_01_25.
[14-09-26 02:36:11.462] ERROR: Sound        f:0 st:219,687,514 at BrokenFences.addBrokenTiles         > Missing ThumpSound for breakable object fencing_01_26.
[14-09-26 02:36:11.462] ERROR: Sound        f:0 st:219,687,514 at BrokenFences.addBrokenTiles         > Missing ThumpSound for breakable object fencing_01_27.
[14-09-26 02:36:11.462] ERROR: Sound        f:0 st:219,687,515 at BrokenFences.addBrokenTiles         > Missing ThumpSound for breakable object fencing_01_28.
[14-09-26 02:36:11.463] ERROR: Sound        f:0 st:219,687,515 at BrokenFences.addBrokenTiles         > Missing ThumpSound for breakable object carpentry_02_41.
[14-09-26 02:36:11.463] ERROR: Sound        f:0 st:219,687,515 at BrokenFences.addBrokenTiles         > Missing ThumpSound for breakable object carpentry_02_40.
[14-09-26 02:36:11.463] ERROR: Sound        f:0 st:219,687,515 at BrokenFences.addBrokenTiles         > Missing ThumpSound for breakable object carpentry_02_45.
[14-09-26 02:36:11.463] ERROR: Sound        f:0 st:219,687,515 at BrokenFences.addBrokenTiles         > Missing ThumpSound for breakable object carpentry_02_44.
[14-09-26 02:36:11.463] ERROR: Sound        f:0 st:219,687,516 at BrokenFences.addBrokenTiles         > Missing ThumpSound for breakable object carpentry_02_49.
[14-09-26 02:36:11.464] ERROR: Sound        f:0 st:219,687,516 at BrokenFences.addBrokenTiles         > Missing ThumpSound for breakable object carpentry_02_48.
[14-09-26 02:36:11.464] ERROR: Sound        f:0 st:219,687,516 at BrokenFences.addBrokenTiles         > Missing ThumpSound for breakable object fencing_01_32.
[14-09-26 02:36:11.464] ERROR: Sound        f:0 st:219,687,517 at BrokenFences.addBrokenTiles         > Missing ThumpSound for breakable object fencing_01_33.
[14-09-26 02:36:11.464] ERROR: Sound        f:0 st:219,687,517 at BrokenFences.addBrokenTiles         > Missing ThumpSound for breakable object fencing_01_34.
[14-09-26 02:36:11.465] ERROR: Sound        f:0 st:219,687,517 at BrokenFences.addBrokenTiles         > Missing ThumpSound for breakable object fencing_01_35.
[14-09-26 02:36:11.465] ERROR: Sound        f:0 st:219,687,517 at BrokenFences.addBrokenTiles         > Missing ThumpSound for breakable object fencing_01_36.
[14-09-26 02:36:11.465] ERROR: Sound        f:0 st:219,687,517 at BrokenFences.addBrokenTiles         > Missing ThumpSound for breakable object fencing_01_41.
[14-09-26 02:36:11.465] ERROR: Sound        f:0 st:219,687,518 at BrokenFences.addBrokenTiles         > Missing ThumpSound for breakable object fencing_01_40.
[14-09-26 02:36:11.466] ERROR: Sound        f:0 st:219,687,518 at BrokenFences.addBrokenTiles         > Missing ThumpSound for breakable object fencing_01_42.
[14-09-26 02:36:11.466] ERROR: Sound        f:0 st:219,687,518 at BrokenFences.addBrokenTiles         > Missing ThumpSound for breakable object fencing_01_56.
[14-09-26 02:36:11.466] ERROR: Sound        f:0 st:219,687,518 at BrokenFences.addBrokenTiles         > Missing ThumpSound for breakable object fencing_01_57.
[14-09-26 02:36:11.466] ERROR: Sound        f:0 st:219,687,519 at BrokenFences.addBrokenTiles         > Missing ThumpSound for breakable object fencing_01_58.
[14-09-26 02:36:11.467] ERROR: Sound        f:0 st:219,687,519 at BrokenFences.addBrokenTiles         > Missing ThumpSound for breakable object fencing_01_59.
[14-09-26 02:36:11.467] ERROR: Sound        f:0 st:219,687,519 at BrokenFences.addBrokenTiles         > Missing ThumpSound for breakable object fencing_01_60.
[14-09-26 02:36:11.467] ERROR: Sound        f:0 st:219,687,519 at BrokenFences.addBrokenTiles         > Missing ThumpSound for breakable object fencing_01_64.
[14-09-26 02:36:11.467] ERROR: Sound        f:0 st:219,687,520 at BrokenFences.addBrokenTiles         > Missing ThumpSound for breakable object fencing_01_65.
[14-09-26 02:36:11.468] ERROR: Sound        f:0 st:219,687,520 at BrokenFences.addBrokenTiles         > Missing ThumpSound for breakable object fencing_01_66.
[14-09-26 02:36:11.468] ERROR: Sound        f:0 st:219,687,520 at BrokenFences.addBrokenTiles         > Missing ThumpSound for breakable object fencing_01_67.
[14-09-26 02:36:11.468] ERROR: Sound        f:0 st:219,687,520 at BrokenFences.addBrokenTiles         > Missing ThumpSound for breakable object fencing_01_68.
[14-09-26 02:36:11.468] ERROR: Sound        f:0 st:219,687,520 at BrokenFences.addBrokenTiles         > Missing ThumpSound for breakable object fencing_01_73.
[14-09-26 02:36:11.468] ERROR: Sound        f:0 st:219,687,521 at BrokenFences.addBrokenTiles         > Missing ThumpSound for breakable object fencing_01_72.
[14-09-26 02:36:11.468] ERROR: Sound        f:0 st:219,687,521 at BrokenFences.addBrokenTiles         > Missing ThumpSound for breakable object fencing_01_75.
[14-09-26 02:36:11.468] ERROR: Sound        f:0 st:219,687,521 at BrokenFences.addBrokenTiles         > Missing ThumpSound for breakable object fencing_01_8.
[14-09-26 02:36:11.469] ERROR: Sound        f:0 st:219,687,521 at BrokenFences.addBrokenTiles         > Missing ThumpSound for breakable object fencing_01_9.
[14-09-26 02:36:11.469] ERROR: Sound        f:0 st:219,687,522 at BrokenFences.addBrokenTiles         > Missing ThumpSound for breakable object fencing_01_10.
[14-09-26 02:36:11.469] ERROR: Sound        f:0 st:219,687,522 at BrokenFences.addBrokenTiles         > Missing ThumpSound for breakable object fencing_01_11.
[14-09-26 02:36:11.566] LOG  : Lua          f:0 st:219,687,619> Initializing Randomized World Tabletop Clutter Tables.
[14-09-26 02:36:11.599] WARN : Lua          f:0 st:219,687,652 at Lua(Vanilla).Features               > recursive require(): E:/SteamLibrary/steamapps/common/ProjectZomboid/media/lua/server/WorldGen/WorldGen.lua.
[14-09-26 02:36:11.626] WARN : Lua          f:0 st:219,687,678 at Lua(Vanilla).Biomes                 > recursive require(): E:/SteamLibrary/steamapps/common/ProjectZomboid/media/lua/server/WorldGen/WorldGen.lua.
[14-09-26 02:36:11.635] WARN : Lua          f:0 st:219,687,688 at Lua(Vanilla).Selection              > recursive require(): E:/SteamLibrary/steamapps/common/ProjectZomboid/media/lua/server/WorldGen/WorldGen.lua.
[14-09-26 02:36:11.636] WARN : Lua          f:0 st:219,687,689 at Lua(Vanilla).Veins                  > recursive require(): E:/SteamLibrary/steamapps/common/ProjectZomboid/media/lua/server/WorldGen/WorldGen.lua.
[14-09-26 02:36:11.636] WARN : Lua          f:0 st:219,687,689 at Lua(Vanilla).Roads                  > recursive require(): E:/SteamLibrary/steamapps/common/ProjectZomboid/media/lua/server/WorldGen/WorldGen.lua.
[14-09-26 02:36:11.636] WARN : Lua          f:0 st:219,687,689 at Lua(Vanilla).WorldGen               > recursive require(): E:/SteamLibrary/steamapps/common/ProjectZomboid/media/lua/server/WorldGen/attachments/Priorities.lua.
[14-09-26 02:36:11.683] LOG  : Lua          f:0 st:219,687,735> NLQA MP SERVER BOOT: authority=true requireOk=true error=nil.
[14-09-26 02:36:11.683] LOG  : Lua          f:0 st:219,687,736> NLQA MP SERVER BRIDGE: getClass=nil.
[14-09-26 02:36:11.683] LOG  : Lua          f:0 st:219,687,736> NLQA MP SERVER BRIDGE: importClass=nil.
[14-09-26 02:36:11.684] LOG  : Lua          f:0 st:219,687,736> NLQA MP SERVER BRIDGE: Java=nil.
[14-09-26 02:36:11.684] LOG  : Lua          f:0 st:219,687,736> NLQA MP SERVER BRIDGE: luautils=table.
[14-09-26 02:36:11.684] LOG  : Lua          f:0 st:219,687,736> NLQA MP SERVER BRIDGE: GameServer=nil.
[14-09-26 02:36:11.684] LOG  : Lua          f:0 st:219,687,737> NLQA MP SERVER BRIDGE: GameClient=nil.
[14-09-26 02:36:11.685] LOG  : Lua          f:0 st:219,687,737> NLQA MP SERVER BRIDGE: luautilsKeys=concatenateArrays,countItemsRecursive,equipItems,exportGlobals,findRootInventory,getConditionRGB,getCorrectSquareForWall,getNextTiles,haveToBeTransfered,haveToBeTransferedWhileTrading,indexOf,isEquipped,isSquareAdjacentToSquare,lerp,okModal,packString,remove,roughlyEqual,round,split,splitJavaStyle,stringEnds,stringStarts,tableContains,trim,unpackString,updatePerksXp,walk,walkAdj,walkAdjAltTest,walkAdjFence,walkAdjObject,walkAdjSquares,walkAdjSquaresExcluded,walkAdjTest,walkAdjWall,walkAdjWindowOrDoor,walkToContainer,walkToObject,weaponLowerCondition.
[14-09-26 02:36:11.685] LOG  : Lua          f:0 st:219,687,738> luaChecksum: 5058a4c1f50d195aa3bdbf3bf5e99ac2.
[14-09-26 02:36:11.690] ERROR: General      f:0 st:219,687,743 at CraftRecipeComponentScript.getIconTexture> CraftRecipeComponentScript: Recipe Piano missing UiConfigScript - falling back to SpriteConfigScript first world object face for recipe icon..
[14-09-26 02:36:11.693] LOG  : General      f:0 st:219,687,746> writing E:\pzmod\test-profile\mp-server\Server\servertest_SandboxVars.lua.
[14-09-26 02:36:11.739] LOG  : Network      f:0 st:219,687,792> Loading world....
[14-09-26 02:36:11.747] LOG  : General      f:0 st:219,687,800> Loading worldgen params.
[14-09-26 02:36:11.747] LOG  : General      f:0 st:219,687,800> IsoMetaGrid.Create: begin scanning directories.
[14-09-26 02:36:11.750] LOG  : General      f:0 st:219,687,802> Looking in these map folders:.
[14-09-26 02:36:11.750] LOG  : General      f:0 st:219,687,803> <End of map-folders list>.
[14-09-26 02:36:11.773] LOG  : General      f:0 st:219,687,825> IsoMetaGrid.Create: X: [ -250 250 ], Y: [ -250 250 ].
[14-09-26 02:36:11.773] LOG  : General      f:0 st:219,687,825> World seed: StZjddNFAtLGxyvc 101865925.
[14-09-26 02:36:11.774] LOG  : General      f:0 st:219,687,826> IsoMetaGrid.Create: finished scanning directories in 0.026 seconds.
[14-09-26 02:36:11.823] LOG  : General      f:0 st:219,687,876> IsoMetaGrid.Create: begin loading.
[14-09-26 02:36:11.824] LOG  : General      f:0 st:219,687,877> VehiclesDB2.init() start.
[14-09-26 02:36:11.829] LOG  : General      f:0 st:219,687,882> VehiclesDB2.init() end.
[14-09-26 02:36:11.829] LOG  : General      f:0 st:219,687,882> triggerEvent OnInitWorld.
[14-09-26 02:36:11.830] LOG  : General      f:0 st:219,687,883> SandboxOptions.load() start.
[14-09-26 02:36:11.830] LOG  : General      f:0 st:219,687,883> SandboxOptions.load() end.
[14-09-26 02:36:11.830] LOG  : General      f:0 st:219,687,883> ItemPickerJava.Parse() start.
[14-09-26 02:36:12.082] LOG  : General      f:0 st:219,688,135> ItemPickerJava.Parse() end.
[14-09-26 02:36:12.084] LOG  : General      f:0 st:219,688,136> LoadTileDefinitions start.
[14-09-26 02:36:12.249] ERROR: WorldGen     f:0 st:219,688,301> IsoPropertyType.lookupOrDefaultStr> Exception thrown
	zombie.core.properties.IsoPropertyType$IsoPropertyTypeNotFoundException: Property Name not found: ladderW at IsoPropertyType.lookup(IsoPropertyType.java:272). Message: Property Name not found: ladderW
	Stack trace:
		zombie.core.properties.IsoPropertyType.lookup(IsoPropertyType.java:272)
		zombie.core.properties.IsoPropertyType.lookupOrDefaultStr(IsoPropertyType.java:280)
		zombie.core.TilePropertyAliasMap.register(TilePropertyAliasMap.java:54)
		zombie.core.TilePropertyAliasMap.Generate(TilePropertyAliasMap.java:27)
		zombie.iso.IsoWorld.GenerateTilePropertyLookupTables(IsoWorld.java:1324)
		zombie.iso.IsoWorld.init(IsoWorld.java:2244)
		zombie.network.GameServer.main(GameServer.java:804).
[14-09-26 02:36:12.249] ERROR: WorldGen     f:0 st:219,688,302> IsoPropertyType.lookupOrDefaultStr> Exception thrown
	zombie.core.properties.IsoPropertyType$IsoPropertyTypeNotFoundException: Property Name not found: ladderS at IsoPropertyType.lookup(IsoPropertyType.java:272). Message: Property Name not found: ladderS
	Stack trace:
		zombie.core.properties.IsoPropertyType.lookup(IsoPropertyType.java:272)
		zombie.core.properties.IsoPropertyType.lookupOrDefaultStr(IsoPropertyType.java:280)
		zombie.core.TilePropertyAliasMap.register(TilePropertyAliasMap.java:54)
		zombie.core.TilePropertyAliasMap.Generate(TilePropertyAliasMap.java:27)
		zombie.iso.IsoWorld.GenerateTilePropertyLookupTables(IsoWorld.java:1324)
		zombie.iso.IsoWorld.init(IsoWorld.java:2244)
		zombie.network.GameServer.main(GameServer.java:804).
[14-09-26 02:36:12.249] ERROR: WorldGen     f:0 st:219,688,302> IsoPropertyType.lookupOrDefaultStr> Exception thrown
	zombie.core.properties.IsoPropertyType$IsoPropertyTypeNotFoundException: Property Name not found: ladderE at IsoPropertyType.lookup(IsoPropertyType.java:272). Message: Property Name not found: ladderE
	Stack trace:
		zombie.core.properties.IsoPropertyType.lookup(IsoPropertyType.java:272)
		zombie.core.properties.IsoPropertyType.lookupOrDefaultStr(IsoPropertyType.java:280)
		zombie.core.TilePropertyAliasMap.register(TilePropertyAliasMap.java:54)
		zombie.core.TilePropertyAliasMap.Generate(TilePropertyAliasMap.java:27)
		zombie.iso.IsoWorld.GenerateTilePropertyLookupTables(IsoWorld.java:1324)
		zombie.iso.IsoWorld.init(IsoWorld.java:2244)
		zombie.network.GameServer.main(GameServer.java:804).
[14-09-26 02:36:12.249] ERROR: WorldGen     f:0 st:219,688,302> IsoPropertyType.lookupOrDefaultStr> Exception thrown
	zombie.core.properties.IsoPropertyType$IsoPropertyTypeNotFoundException: Property Name not found: ladderN at IsoPropertyType.lookup(IsoPropertyType.java:272). Message: Property Name not found: ladderN
	Stack trace:
		zombie.core.properties.IsoPropertyType.lookup(IsoPropertyType.java:272)
		zombie.core.properties.IsoPropertyType.lookupOrDefaultStr(IsoPropertyType.java:280)
		zombie.core.TilePropertyAliasMap.register(TilePropertyAliasMap.java:54)
		zombie.core.TilePropertyAliasMap.Generate(TilePropertyAliasMap.java:27)
		zombie.iso.IsoWorld.GenerateTilePropertyLookupTables(IsoWorld.java:1324)
		zombie.iso.IsoWorld.init(IsoWorld.java:2244)
		zombie.network.GameServer.main(GameServer.java:804).
[14-09-26 02:36:12.251] ERROR: WorldGen     f:0 st:219,688,304> IsoPropertyType.lookupOrDefaultStr> Exception thrown
	zombie.core.properties.IsoPropertyType$IsoPropertyTypeNotFoundException: Property Name not found: WindowShape at IsoPropertyType.lookup(IsoPropertyType.java:272). Message: Property Name not found: WindowShape
	Stack trace:
		zombie.core.properties.IsoPropertyType.lookup(IsoPropertyType.java:272)
		zombie.core.properties.IsoPropertyType.lookupOrDefaultStr(IsoPropertyType.java:280)
		zombie.core.TilePropertyAliasMap.register(TilePropertyAliasMap.java:54)
		zombie.core.TilePropertyAliasMap.Generate(TilePropertyAliasMap.java:27)
		zombie.iso.IsoWorld.GenerateTilePropertyLookupTables(IsoWorld.java:1324)
		zombie.iso.IsoWorld.init(IsoWorld.java:2244)
		zombie.network.GameServer.main(GameServer.java:804).
[14-09-26 02:36:12.809] WARN : Sprite       f:0 st:219,688,863 at IsoSpriteManager.AddSprite          > duplicate texture d_streetcracks_1_0 ignore ID=1050112, use ID=252928.
[14-09-26 02:36:12.811] WARN : Sprite       f:0 st:219,688,863 at IsoSpriteManager.AddSprite          > duplicate texture d_streetcracks_1_1 ignore ID=1050113, use ID=252929.
[14-09-26 02:36:12.811] WARN : Sprite       f:0 st:219,688,863 at IsoSpriteManager.AddSprite          > duplicate texture d_streetcracks_1_2 ignore ID=1050114, use ID=252930.
[14-09-26 02:36:12.811] WARN : Sprite       f:0 st:219,688,864 at IsoSpriteManager.AddSprite          > duplicate texture d_streetcracks_1_3 ignore ID=1050115, use ID=252931.
[14-09-26 02:36:12.812] WARN : Sprite       f:0 st:219,688,864 at IsoSpriteManager.AddSprite          > duplicate texture d_streetcracks_1_4 ignore ID=1050116, use ID=252932.
[14-09-26 02:36:12.812] WARN : Sprite       f:0 st:219,688,864 at IsoSpriteManager.AddSprite          > duplicate texture d_streetcracks_1_5 ignore ID=1050117, use ID=252933.
[14-09-26 02:36:12.812] WARN : Sprite       f:0 st:219,688,865 at IsoSpriteManager.AddSprite          > duplicate texture d_streetcracks_1_6 ignore ID=1050118, use ID=252934.
[14-09-26 02:36:12.812] WARN : Sprite       f:0 st:219,688,865 at IsoSpriteManager.AddSprite          > duplicate texture d_streetcracks_1_7 ignore ID=1050119, use ID=252935.
[14-09-26 02:36:12.813] WARN : Sprite       f:0 st:219,688,865 at IsoSpriteManager.AddSprite          > duplicate texture d_streetcracks_1_8 ignore ID=1050120, use ID=252936.
[14-09-26 02:36:12.813] WARN : Sprite       f:0 st:219,688,865 at IsoSpriteManager.AddSprite          > duplicate texture d_streetcracks_1_9 ignore ID=1050121, use ID=252937.
[14-09-26 02:36:12.813] WARN : Sprite       f:0 st:219,688,866 at IsoSpriteManager.AddSprite          > duplicate texture d_streetcracks_1_10 ignore ID=1050122, use ID=252938.
[14-09-26 02:36:12.813] WARN : Sprite       f:0 st:219,688,866 at IsoSpriteManager.AddSprite          > duplicate texture d_streetcracks_1_11 ignore ID=1050123, use ID=252939.
[14-09-26 02:36:12.813] WARN : Sprite       f:0 st:219,688,866 at IsoSpriteManager.AddSprite          > duplicate texture d_streetcracks_1_12 ignore ID=1050124, use ID=252940.
[14-09-26 02:36:12.814] WARN : Sprite       f:0 st:219,688,867 at IsoSpriteManager.AddSprite          > duplicate texture d_streetcracks_1_13 ignore ID=1050125, use ID=252941.
[14-09-26 02:36:12.814] WARN : Sprite       f:0 st:219,688,867 at IsoSpriteManager.AddSprite          > duplicate texture d_streetcracks_1_14 ignore ID=1050126, use ID=252942.
[14-09-26 02:36:12.815] WARN : Sprite       f:0 st:219,688,867 at IsoSpriteManager.AddSprite          > duplicate texture d_streetcracks_1_15 ignore ID=1050127, use ID=252943.
[14-09-26 02:36:12.815] WARN : Sprite       f:0 st:219,688,867 at IsoSpriteManager.AddSprite          > duplicate texture d_streetcracks_1_16 ignore ID=1050128, use ID=252944.
[14-09-26 02:36:12.815] WARN : Sprite       f:0 st:219,688,868 at IsoSpriteManager.AddSprite          > duplicate texture d_streetcracks_1_17 ignore ID=1050129, use ID=252945.
[14-09-26 02:36:12.815] WARN : Sprite       f:0 st:219,688,868 at IsoSpriteManager.AddSprite          > duplicate texture d_streetcracks_1_18 ignore ID=1050130, use ID=252946.
[14-09-26 02:36:12.816] WARN : Sprite       f:0 st:219,688,868 at IsoSpriteManager.AddSprite          > duplicate texture d_streetcracks_1_19 ignore ID=1050131, use ID=252947.
[14-09-26 02:36:12.816] WARN : Sprite       f:0 st:219,688,868 at IsoSpriteManager.AddSprite          > duplicate texture d_streetcracks_1_20 ignore ID=1050132, use ID=252948.
[14-09-26 02:36:12.816] WARN : Sprite       f:0 st:219,688,869 at IsoSpriteManager.AddSprite          > duplicate texture d_streetcracks_1_21 ignore ID=1050133, use ID=252949.
[14-09-26 02:36:12.816] WARN : Sprite       f:0 st:219,688,869 at IsoSpriteManager.AddSprite          > duplicate texture d_streetcracks_1_22 ignore ID=1050134, use ID=252950.
[14-09-26 02:36:12.817] WARN : Sprite       f:0 st:219,688,869 at IsoSpriteManager.AddSprite          > duplicate texture d_streetcracks_1_23 ignore ID=1050135, use ID=252951.
[14-09-26 02:36:12.817] WARN : Sprite       f:0 st:219,688,869 at IsoSpriteManager.AddSprite          > duplicate texture d_streetcracks_1_24 ignore ID=1050136, use ID=252952.
[14-09-26 02:36:12.817] WARN : Sprite       f:0 st:219,688,870 at IsoSpriteManager.AddSprite          > duplicate texture d_streetcracks_1_25 ignore ID=1050137, use ID=252953.
[14-09-26 02:36:12.818] WARN : Sprite       f:0 st:219,688,870 at IsoSpriteManager.AddSprite          > duplicate texture d_streetcracks_1_26 ignore ID=1050138, use ID=252954.
[14-09-26 02:36:12.818] WARN : Sprite       f:0 st:219,688,870 at IsoSpriteManager.AddSprite          > duplicate texture d_streetcracks_1_27 ignore ID=1050139, use ID=252955.
[14-09-26 02:36:12.818] WARN : Sprite       f:0 st:219,688,871 at IsoSpriteManager.AddSprite          > duplicate texture d_streetcracks_1_28 ignore ID=1050140, use ID=252956.
[14-09-26 02:36:12.818] WARN : Sprite       f:0 st:219,688,871 at IsoSpriteManager.AddSprite          > duplicate texture d_streetcracks_1_29 ignore ID=1050141, use ID=252957.
[14-09-26 02:36:12.819] WARN : Sprite       f:0 st:219,688,871 at IsoSpriteManager.AddSprite          > duplicate texture d_streetcracks_1_30 ignore ID=1050142, use ID=252958.
[14-09-26 02:36:12.819] WARN : Sprite       f:0 st:219,688,871 at IsoSpriteManager.AddSprite          > duplicate texture d_streetcracks_1_31 ignore ID=1050143, use ID=252959.
[14-09-26 02:36:12.819] WARN : Sprite       f:0 st:219,688,872 at IsoSpriteManager.AddSprite          > duplicate texture d_streetcracks_1_32 ignore ID=1050144, use ID=252960.
[14-09-26 02:36:12.819] WARN : Sprite       f:0 st:219,688,872 at IsoSpriteManager.AddSprite          > duplicate texture d_streetcracks_1_33 ignore ID=1050145, use ID=252961.
[14-09-26 02:36:12.820] WARN : Sprite       f:0 st:219,688,872 at IsoSpriteManager.AddSprite          > duplicate texture d_streetcracks_1_34 ignore ID=1050146, use ID=252962.
[14-09-26 02:36:12.820] WARN : Sprite       f:0 st:219,688,872 at IsoSpriteManager.AddSprite          > duplicate texture d_streetcracks_1_35 ignore ID=1050147, use ID=252963.
[14-09-26 02:36:12.820] WARN : Sprite       f:0 st:219,688,873 at IsoSpriteManager.AddSprite          > duplicate texture d_streetcracks_1_36 ignore ID=1050148, use ID=252964.
[14-09-26 02:36:12.820] WARN : Sprite       f:0 st:219,688,873 at IsoSpriteManager.AddSprite          > duplicate texture d_streetcracks_1_37 ignore ID=1050149, use ID=252965.
[14-09-26 02:36:12.821] WARN : Sprite       f:0 st:219,688,873 at IsoSpriteManager.AddSprite          > duplicate texture d_streetcracks_1_38 ignore ID=1050150, use ID=252966.
[14-09-26 02:36:12.821] WARN : Sprite       f:0 st:219,688,873 at IsoSpriteManager.AddSprite          > duplicate texture d_streetcracks_1_39 ignore ID=1050151, use ID=252967.
[14-09-26 02:36:12.821] WARN : Sprite       f:0 st:219,688,874 at IsoSpriteManager.AddSprite          > duplicate texture d_streetcracks_1_40 ignore ID=1050152, use ID=252968.
[14-09-26 02:36:12.821] WARN : Sprite       f:0 st:219,688,874 at IsoSpriteManager.AddSprite          > duplicate texture d_streetcracks_1_41 ignore ID=1050153, use ID=252969.
[14-09-26 02:36:12.823] WARN : Sprite       f:0 st:219,688,875 at IsoSpriteManager.AddSprite          > duplicate texture d_streetcracks_1_42 ignore ID=1050154, use ID=252970.
[14-09-26 02:36:12.823] WARN : Sprite       f:0 st:219,688,875 at IsoSpriteManager.AddSprite          > duplicate texture d_streetcracks_1_43 ignore ID=1050155, use ID=252971.
[14-09-26 02:36:12.823] WARN : Sprite       f:0 st:219,688,875 at IsoSpriteManager.AddSprite          > duplicate texture d_streetcracks_1_44 ignore ID=1050156, use ID=252972.
[14-09-26 02:36:12.823] WARN : Sprite       f:0 st:219,688,875 at IsoSpriteManager.AddSprite          > duplicate texture d_streetcracks_1_45 ignore ID=1050157, use ID=252973.
[14-09-26 02:36:12.824] WARN : Sprite       f:0 st:219,688,876 at IsoSpriteManager.AddSprite          > duplicate texture d_streetcracks_1_46 ignore ID=1050158, use ID=252974.
[14-09-26 02:36:12.824] WARN : Sprite       f:0 st:219,688,876 at IsoSpriteManager.AddSprite          > duplicate texture d_streetcracks_1_47 ignore ID=1050159, use ID=252975.
[14-09-26 02:36:12.824] WARN : Sprite       f:0 st:219,688,876 at IsoSpriteManager.AddSprite          > duplicate texture d_streetcracks_1_48 ignore ID=1050160, use ID=252976.
[14-09-26 02:36:12.824] WARN : Sprite       f:0 st:219,688,877 at IsoSpriteManager.AddSprite          > duplicate texture d_streetcracks_1_49 ignore ID=1050161, use ID=252977.
[14-09-26 02:36:12.825] WARN : Sprite       f:0 st:219,688,877 at IsoSpriteManager.AddSprite          > duplicate texture d_streetcracks_1_50 ignore ID=1050162, use ID=252978.
[14-09-26 02:36:12.825] WARN : Sprite       f:0 st:219,688,877 at IsoSpriteManager.AddSprite          > duplicate texture d_streetcracks_1_51 ignore ID=1050163, use ID=252979.
[14-09-26 02:36:12.825] WARN : Sprite       f:0 st:219,688,877 at IsoSpriteManager.AddSprite          > duplicate texture d_streetcracks_1_52 ignore ID=1050164, use ID=252980.
[14-09-26 02:36:12.825] WARN : Sprite       f:0 st:219,688,878 at IsoSpriteManager.AddSprite          > duplicate texture d_streetcracks_1_53 ignore ID=1050165, use ID=252981.
[14-09-26 02:36:12.825] WARN : Sprite       f:0 st:219,688,878 at IsoSpriteManager.AddSprite          > duplicate texture d_streetcracks_1_54 ignore ID=1050166, use ID=252982.
[14-09-26 02:36:12.826] WARN : Sprite       f:0 st:219,688,878 at IsoSpriteManager.AddSprite          > duplicate texture d_streetcracks_1_55 ignore ID=1050167, use ID=252983.
[14-09-26 02:36:12.826] WARN : Sprite       f:0 st:219,688,878 at IsoSpriteManager.AddSprite          > duplicate texture d_streetcracks_1_56 ignore ID=1050168, use ID=252984.
[14-09-26 02:36:12.829] WARN : Sprite       f:0 st:219,688,882 at IsoSpriteManager.AddSprite          > duplicate texture d_streetcracks_1_57 ignore ID=1050169, use ID=252985.
[14-09-26 02:36:12.829] WARN : Sprite       f:0 st:219,688,882 at IsoSpriteManager.AddSprite          > duplicate texture d_streetcracks_1_58 ignore ID=1050170, use ID=252986.
[14-09-26 02:36:12.829] WARN : Sprite       f:0 st:219,688,883 at IsoSpriteManager.AddSprite          > duplicate texture d_streetcracks_1_59 ignore ID=1050171, use ID=252987.
[14-09-26 02:36:12.831] WARN : Sprite       f:0 st:219,688,883 at IsoSpriteManager.AddSprite          > duplicate texture d_streetcracks_1_60 ignore ID=1050172, use ID=252988.
[14-09-26 02:36:12.831] WARN : Sprite       f:0 st:219,688,883 at IsoSpriteManager.AddSprite          > duplicate texture d_streetcracks_1_61 ignore ID=1050173, use ID=252989.
[14-09-26 02:36:12.831] WARN : Sprite       f:0 st:219,688,884 at IsoSpriteManager.AddSprite          > duplicate texture d_streetcracks_1_62 ignore ID=1050174, use ID=252990.
[14-09-26 02:36:12.832] WARN : Sprite       f:0 st:219,688,884 at IsoSpriteManager.AddSprite          > duplicate texture d_streetcracks_1_63 ignore ID=1050175, use ID=252991.
[14-09-26 02:36:12.832] WARN : Sprite       f:0 st:219,688,885 at IsoSpriteManager.AddSprite          > duplicate texture d_streetcracks_1_64 ignore ID=1050176, use ID=252992.
[14-09-26 02:36:12.833] WARN : Sprite       f:0 st:219,688,885 at IsoSpriteManager.AddSprite          > duplicate texture d_streetcracks_1_65 ignore ID=1050177, use ID=252993.
[14-09-26 02:36:12.833] WARN : Sprite       f:0 st:219,688,885 at IsoSpriteManager.AddSprite          > duplicate texture d_streetcracks_1_66 ignore ID=1050178, use ID=252994.
[14-09-26 02:36:12.833] WARN : Sprite       f:0 st:219,688,885 at IsoSpriteManager.AddSprite          > duplicate texture d_streetcracks_1_67 ignore ID=1050179, use ID=252995.
[14-09-26 02:36:12.833] WARN : Sprite       f:0 st:219,688,886 at IsoSpriteManager.AddSprite          > duplicate texture d_streetcracks_1_68 ignore ID=1050180, use ID=252996.
[14-09-26 02:36:12.834] WARN : Sprite       f:0 st:219,688,886 at IsoSpriteManager.AddSprite          > duplicate texture d_streetcracks_1_69 ignore ID=1050181, use ID=252997.
[14-09-26 02:36:12.834] WARN : Sprite       f:0 st:219,688,887 at IsoSpriteManager.AddSprite          > duplicate texture d_streetcracks_1_70 ignore ID=1050182, use ID=252998.
[14-09-26 02:36:12.835] WARN : Sprite       f:0 st:219,688,887 at IsoSpriteManager.AddSprite          > duplicate texture d_streetcracks_1_71 ignore ID=1050183, use ID=252999.
[14-09-26 02:36:12.835] WARN : Sprite       f:0 st:219,688,887 at IsoSpriteManager.AddSprite          > duplicate texture d_streetcracks_1_72 ignore ID=1050184, use ID=253000.
[14-09-26 02:36:12.835] WARN : Sprite       f:0 st:219,688,887 at IsoSpriteManager.AddSprite          > duplicate texture d_streetcracks_1_73 ignore ID=1050185, use ID=253001.
[14-09-26 02:36:12.835] WARN : Sprite       f:0 st:219,688,888 at IsoSpriteManager.AddSprite          > duplicate texture d_streetcracks_1_74 ignore ID=1050186, use ID=253002.
[14-09-26 02:36:12.836] WARN : Sprite       f:0 st:219,688,888 at IsoSpriteManager.AddSprite          > duplicate texture d_streetcracks_1_75 ignore ID=1050187, use ID=253003.
[14-09-26 02:36:12.836] WARN : Sprite       f:0 st:219,688,888 at IsoSpriteManager.AddSprite          > duplicate texture d_streetcracks_1_76 ignore ID=1050188, use ID=253004.
[14-09-26 02:36:12.836] WARN : Sprite       f:0 st:219,688,888 at IsoSpriteManager.AddSprite          > duplicate texture d_streetcracks_1_77 ignore ID=1050189, use ID=253005.
[14-09-26 02:36:12.836] WARN : Sprite       f:0 st:219,688,889 at IsoSpriteManager.AddSprite          > duplicate texture d_streetcracks_1_78 ignore ID=1050190, use ID=253006.
[14-09-26 02:36:12.837] WARN : Sprite       f:0 st:219,688,889 at IsoSpriteManager.AddSprite          > duplicate texture d_streetcracks_1_79 ignore ID=1050191, use ID=253007.
[14-09-26 02:36:12.838] WARN : Sprite       f:0 st:219,688,890 at IsoSpriteManager.AddSprite          > duplicate texture d_streetcracks_1_80 ignore ID=1050192, use ID=253008.
[14-09-26 02:36:12.838] WARN : Sprite       f:0 st:219,688,890 at IsoSpriteManager.AddSprite          > duplicate texture d_streetcracks_1_81 ignore ID=1050193, use ID=253009.
[14-09-26 02:36:12.838] WARN : Sprite       f:0 st:219,688,891 at IsoSpriteManager.AddSprite          > duplicate texture d_streetcracks_1_82 ignore ID=1050194, use ID=253010.
[14-09-26 02:36:12.839] WARN : Sprite       f:0 st:219,688,891 at IsoSpriteManager.AddSprite          > duplicate texture d_streetcracks_1_83 ignore ID=1050195, use ID=253011.
[14-09-26 02:36:12.839] WARN : Sprite       f:0 st:219,688,891 at IsoSpriteManager.AddSprite          > duplicate texture d_streetcracks_1_84 ignore ID=1050196, use ID=253012.
[14-09-26 02:36:12.839] WARN : Sprite       f:0 st:219,688,891 at IsoSpriteManager.AddSprite          > duplicate texture d_streetcracks_1_85 ignore ID=1050197, use ID=253013.
[14-09-26 02:36:12.839] WARN : Sprite       f:0 st:219,688,892 at IsoSpriteManager.AddSprite          > duplicate texture d_streetcracks_1_86 ignore ID=1050198, use ID=253014.
[14-09-26 02:36:12.840] WARN : Sprite       f:0 st:219,688,892 at IsoSpriteManager.AddSprite          > duplicate texture d_streetcracks_1_87 ignore ID=1050199, use ID=253015.
[14-09-26 02:36:12.840] WARN : Sprite       f:0 st:219,688,892 at IsoSpriteManager.AddSprite          > duplicate texture d_streetcracks_1_88 ignore ID=1050200, use ID=253016.
[14-09-26 02:36:12.840] WARN : Sprite       f:0 st:219,688,893 at IsoSpriteManager.AddSprite          > duplicate texture d_streetcracks_1_89 ignore ID=1050201, use ID=253017.
[14-09-26 02:36:12.841] WARN : Sprite       f:0 st:219,688,893 at IsoSpriteManager.AddSprite          > duplicate texture d_streetcracks_1_90 ignore ID=1050202, use ID=253018.
[14-09-26 02:36:12.841] WARN : Sprite       f:0 st:219,688,893 at IsoSpriteManager.AddSprite          > duplicate texture d_streetcracks_1_91 ignore ID=1050203, use ID=253019.
[14-09-26 02:36:12.841] WARN : Sprite       f:0 st:219,688,893 at IsoSpriteManager.AddSprite          > duplicate texture d_streetcracks_1_92 ignore ID=1050204, use ID=253020.
[14-09-26 02:36:12.841] WARN : Sprite       f:0 st:219,688,894 at IsoSpriteManager.AddSprite          > duplicate texture d_streetcracks_1_93 ignore ID=1050205, use ID=253021.
[14-09-26 02:36:12.842] WARN : Sprite       f:0 st:219,688,894 at IsoSpriteManager.AddSprite          > duplicate texture d_streetcracks_1_94 ignore ID=1050206, use ID=253022.
[14-09-26 02:36:12.842] WARN : Sprite       f:0 st:219,688,895 at IsoSpriteManager.AddSprite          > duplicate texture d_streetcracks_1_95 ignore ID=1050207, use ID=253023.
[14-09-26 02:36:12.842] WARN : Sprite       f:0 st:219,688,895 at IsoSpriteManager.AddSprite          > duplicate texture d_streetcracks_1_96 ignore ID=1050208, use ID=253024.
[14-09-26 02:36:12.842] WARN : Sprite       f:0 st:219,688,895 at IsoSpriteManager.AddSprite          > duplicate texture d_streetcracks_1_97 ignore ID=1050209, use ID=253025.
[14-09-26 02:36:12.843] WARN : Sprite       f:0 st:219,688,895 at IsoSpriteManager.AddSprite          > duplicate texture d_streetcracks_1_98 ignore ID=1050210, use ID=253026.
[14-09-26 02:36:12.843] WARN : Sprite       f:0 st:219,688,896 at IsoSpriteManager.AddSprite          > duplicate texture d_streetcracks_1_99 ignore ID=1050211, use ID=253027.
[14-09-26 02:36:12.843] WARN : Sprite       f:0 st:219,688,896 at IsoSpriteManager.AddSprite          > duplicate texture d_streetcracks_1_100 ignore ID=1050212, use ID=253028.
[14-09-26 02:36:12.843] WARN : Sprite       f:0 st:219,688,896 at IsoSpriteManager.AddSprite          > duplicate texture d_streetcracks_1_101 ignore ID=1050213, use ID=253029.
[14-09-26 02:36:12.844] WARN : Sprite       f:0 st:219,688,897 at IsoSpriteManager.AddSprite          > duplicate texture d_streetcracks_1_102 ignore ID=1050214, use ID=253030.
[14-09-26 02:36:12.844] WARN : Sprite       f:0 st:219,688,897 at IsoSpriteManager.AddSprite          > duplicate texture d_streetcracks_1_103 ignore ID=1050215, use ID=253031.
[14-09-26 02:36:12.844] WARN : Sprite       f:0 st:219,688,897 at IsoSpriteManager.AddSprite          > duplicate texture d_streetcracks_1_104 ignore ID=1050216, use ID=253032.
[14-09-26 02:36:12.844] WARN : Sprite       f:0 st:219,688,897 at IsoSpriteManager.AddSprite          > duplicate texture d_streetcracks_1_105 ignore ID=1050217, use ID=253033.
[14-09-26 02:36:12.845] WARN : Sprite       f:0 st:219,688,898 at IsoSpriteManager.AddSprite          > duplicate texture d_streetcracks_1_106 ignore ID=1050218, use ID=253034.
[14-09-26 02:36:12.845] WARN : Sprite       f:0 st:219,688,898 at IsoSpriteManager.AddSprite          > duplicate texture d_streetcracks_1_107 ignore ID=1050219, use ID=253035.
[14-09-26 02:36:12.845] WARN : Sprite       f:0 st:219,688,898 at IsoSpriteManager.AddSprite          > duplicate texture d_streetcracks_1_108 ignore ID=1050220, use ID=253036.
[14-09-26 02:36:12.846] WARN : Sprite       f:0 st:219,688,898 at IsoSpriteManager.AddSprite          > duplicate texture d_streetcracks_1_109 ignore ID=1050221, use ID=253037.
[14-09-26 02:36:12.846] WARN : Sprite       f:0 st:219,688,899 at IsoSpriteManager.AddSprite          > duplicate texture d_streetcracks_1_110 ignore ID=1050222, use ID=253038.
[14-09-26 02:36:12.846] WARN : Sprite       f:0 st:219,688,899 at IsoSpriteManager.AddSprite          > duplicate texture d_streetcracks_1_111 ignore ID=1050223, use ID=253039.
[14-09-26 02:36:12.846] WARN : Sprite       f:0 st:219,688,899 at IsoSpriteManager.AddSprite          > duplicate texture d_streetcracks_1_112 ignore ID=1050224, use ID=253040.
[14-09-26 02:36:12.847] WARN : Sprite       f:0 st:219,688,899 at IsoSpriteManager.AddSprite          > duplicate texture d_streetcracks_1_113 ignore ID=1050225, use ID=253041.
[14-09-26 02:36:12.847] WARN : Sprite       f:0 st:219,688,900 at IsoSpriteManager.AddSprite          > duplicate texture d_streetcracks_1_114 ignore ID=1050226, use ID=253042.
[14-09-26 02:36:12.847] WARN : Sprite       f:0 st:219,688,900 at IsoSpriteManager.AddSprite          > duplicate texture d_streetcracks_1_115 ignore ID=1050227, use ID=253043.
[14-09-26 02:36:12.847] WARN : Sprite       f:0 st:219,688,900 at IsoSpriteManager.AddSprite          > duplicate texture d_streetcracks_1_116 ignore ID=1050228, use ID=253044.
[14-09-26 02:36:12.848] WARN : Sprite       f:0 st:219,688,901 at IsoSpriteManager.AddSprite          > duplicate texture d_streetcracks_1_117 ignore ID=1050229, use ID=253045.
[14-09-26 02:36:12.848] WARN : Sprite       f:0 st:219,688,901 at IsoSpriteManager.AddSprite          > duplicate texture d_streetcracks_1_118 ignore ID=1050230, use ID=253046.
[14-09-26 02:36:12.848] WARN : Sprite       f:0 st:219,688,901 at IsoSpriteManager.AddSprite          > duplicate texture d_streetcracks_1_119 ignore ID=1050231, use ID=253047.
[14-09-26 02:36:12.849] WARN : Sprite       f:0 st:219,688,902 at IsoSpriteManager.AddSprite          > duplicate texture d_streetcracks_1_120 ignore ID=1050232, use ID=253048.
[14-09-26 02:36:12.849] WARN : Sprite       f:0 st:219,688,902 at IsoSpriteManager.AddSprite          > duplicate texture d_streetcracks_1_121 ignore ID=1050233, use ID=253049.
[14-09-26 02:36:12.849] WARN : Sprite       f:0 st:219,688,902 at IsoSpriteManager.AddSprite          > duplicate texture d_streetcracks_1_122 ignore ID=1050234, use ID=253050.
[14-09-26 02:36:12.849] WARN : Sprite       f:0 st:219,688,902 at IsoSpriteManager.AddSprite          > duplicate texture d_streetcracks_1_123 ignore ID=1050235, use ID=253051.
[14-09-26 02:36:12.849] WARN : Sprite       f:0 st:219,688,903 at IsoSpriteManager.AddSprite          > duplicate texture d_streetcracks_1_124 ignore ID=1050236, use ID=253052.
[14-09-26 02:36:12.849] WARN : Sprite       f:0 st:219,688,903 at IsoSpriteManager.AddSprite          > duplicate texture d_streetcracks_1_125 ignore ID=1050237, use ID=253053.
[14-09-26 02:36:12.851] WARN : Sprite       f:0 st:219,688,903 at IsoSpriteManager.AddSprite          > duplicate texture d_streetcracks_1_126 ignore ID=1050238, use ID=253054.
[14-09-26 02:36:12.851] WARN : Sprite       f:0 st:219,688,903 at IsoSpriteManager.AddSprite          > duplicate texture d_streetcracks_1_127 ignore ID=1050239, use ID=253055.
[14-09-26 02:36:12.852] WARN : Sprite       f:0 st:219,688,904 at IsoSpriteManager.AddSprite          > duplicate texture d_wallcracks_1_0 ignore ID=1060864, use ID=254976.
[14-09-26 02:36:12.852] WARN : Sprite       f:0 st:219,688,905 at IsoSpriteManager.AddSprite          > duplicate texture d_wallcracks_1_1 ignore ID=1060865, use ID=254977.
[14-09-26 02:36:12.852] WARN : Sprite       f:0 st:219,688,905 at IsoSpriteManager.AddSprite          > duplicate texture d_wallcracks_1_2 ignore ID=1060866, use ID=254978.
[14-09-26 02:36:12.853] WARN : Sprite       f:0 st:219,688,905 at IsoSpriteManager.AddSprite          > duplicate texture d_wallcracks_1_3 ignore ID=1060867, use ID=254979.
[14-09-26 02:36:12.853] WARN : Sprite       f:0 st:219,688,905 at IsoSpriteManager.AddSprite          > duplicate texture d_wallcracks_1_4 ignore ID=1060868, use ID=254980.
[14-09-26 02:36:12.853] WARN : Sprite       f:0 st:219,688,906 at IsoSpriteManager.AddSprite          > duplicate texture d_wallcracks_1_5 ignore ID=1060869, use ID=254981.
[14-09-26 02:36:12.854] WARN : Sprite       f:0 st:219,688,906 at IsoSpriteManager.AddSprite          > duplicate texture d_wallcracks_1_6 ignore ID=1060870, use ID=254982.
[14-09-26 02:36:12.854] WARN : Sprite       f:0 st:219,688,906 at IsoSpriteManager.AddSprite          > duplicate texture d_wallcracks_1_7 ignore ID=1060871, use ID=254983.
[14-09-26 02:36:12.854] WARN : Sprite       f:0 st:219,688,907 at IsoSpriteManager.AddSprite          > duplicate texture d_wallcracks_1_8 ignore ID=1060872, use ID=254984.
[14-09-26 02:36:12.855] WARN : Sprite       f:0 st:219,688,907 at IsoSpriteManager.AddSprite          > duplicate texture d_wallcracks_1_9 ignore ID=1060873, use ID=254985.
[14-09-26 02:36:12.855] WARN : Sprite       f:0 st:219,688,907 at IsoSpriteManager.AddSprite          > duplicate texture d_wallcracks_1_10 ignore ID=1060874, use ID=254986.
[14-09-26 02:36:12.855] WARN : Sprite       f:0 st:219,688,907 at IsoSpriteManager.AddSprite          > duplicate texture d_wallcracks_1_11 ignore ID=1060875, use ID=254987.
[14-09-26 02:36:12.855] WARN : Sprite       f:0 st:219,688,908 at IsoSpriteManager.AddSprite          > duplicate texture d_wallcracks_1_12 ignore ID=1060876, use ID=254988.
[14-09-26 02:36:12.855] WARN : Sprite       f:0 st:219,688,908 at IsoSpriteManager.AddSprite          > duplicate texture d_wallcracks_1_13 ignore ID=1060877, use ID=254989.
[14-09-26 02:36:12.855] WARN : Sprite       f:0 st:219,688,908 at IsoSpriteManager.AddSprite          > duplicate texture d_wallcracks_1_14 ignore ID=1060878, use ID=254990.
[14-09-26 02:36:12.856] WARN : Sprite       f:0 st:219,688,908 at IsoSpriteManager.AddSprite          > duplicate texture d_wallcracks_1_15 ignore ID=1060879, use ID=254991.
[14-09-26 02:36:12.856] WARN : Sprite       f:0 st:219,688,909 at IsoSpriteManager.AddSprite          > duplicate texture d_wallcracks_1_16 ignore ID=1060880, use ID=254992.
[14-09-26 02:36:12.856] WARN : Sprite       f:0 st:219,688,909 at IsoSpriteManager.AddSprite          > duplicate texture d_wallcracks_1_17 ignore ID=1060881, use ID=254993.
[14-09-26 02:36:12.856] WARN : Sprite       f:0 st:219,688,909 at IsoSpriteManager.AddSprite          > duplicate texture d_wallcracks_1_18 ignore ID=1060882, use ID=254994.
[14-09-26 02:36:12.857] WARN : Sprite       f:0 st:219,688,909 at IsoSpriteManager.AddSprite          > duplicate texture d_wallcracks_1_19 ignore ID=1060883, use ID=254995.
[14-09-26 02:36:12.857] WARN : Sprite       f:0 st:219,688,910 at IsoSpriteManager.AddSprite          > duplicate texture d_wallcracks_1_20 ignore ID=1060884, use ID=254996.
[14-09-26 02:36:12.857] WARN : Sprite       f:0 st:219,688,910 at IsoSpriteManager.AddSprite          > duplicate texture d_wallcracks_1_21 ignore ID=1060885, use ID=254997.
[14-09-26 02:36:12.857] WARN : Sprite       f:0 st:219,688,910 at IsoSpriteManager.AddSprite          > duplicate texture d_wallcracks_1_22 ignore ID=1060886, use ID=254998.
[14-09-26 02:36:12.858] WARN : Sprite       f:0 st:219,688,910 at IsoSpriteManager.AddSprite          > duplicate texture d_wallcracks_1_23 ignore ID=1060887, use ID=254999.
[14-09-26 02:36:12.858] WARN : Sprite       f:0 st:219,688,911 at IsoSpriteManager.AddSprite          > duplicate texture d_wallcracks_1_24 ignore ID=1060888, use ID=255000.
[14-09-26 02:36:12.858] WARN : Sprite       f:0 st:219,688,911 at IsoSpriteManager.AddSprite          > duplicate texture d_wallcracks_1_25 ignore ID=1060889, use ID=255001.
[14-09-26 02:36:12.858] WARN : Sprite       f:0 st:219,688,911 at IsoSpriteManager.AddSprite          > duplicate texture d_wallcracks_1_26 ignore ID=1060890, use ID=255002.
[14-09-26 02:36:12.859] WARN : Sprite       f:0 st:219,688,911 at IsoSpriteManager.AddSprite          > duplicate texture d_wallcracks_1_27 ignore ID=1060891, use ID=255003.
[14-09-26 02:36:12.859] WARN : Sprite       f:0 st:219,688,912 at IsoSpriteManager.AddSprite          > duplicate texture d_wallcracks_1_28 ignore ID=1060892, use ID=255004.
[14-09-26 02:36:12.859] WARN : Sprite       f:0 st:219,688,912 at IsoSpriteManager.AddSprite          > duplicate texture d_wallcracks_1_29 ignore ID=1060893, use ID=255005.
[14-09-26 02:36:12.866] WARN : Sprite       f:0 st:219,688,918 at IsoSpriteManager.AddSprite          > duplicate texture d_wallcracks_1_30 ignore ID=1060894, use ID=255006.
[14-09-26 02:36:12.866] WARN : Sprite       f:0 st:219,688,919 at IsoSpriteManager.AddSprite          > duplicate texture d_wallcracks_1_31 ignore ID=1060895, use ID=255007.
[14-09-26 02:36:12.867] WARN : Sprite       f:0 st:219,688,919 at IsoSpriteManager.AddSprite          > duplicate texture d_wallcracks_1_32 ignore ID=1060896, use ID=255008.
[14-09-26 02:36:12.867] WARN : Sprite       f:0 st:219,688,919 at IsoSpriteManager.AddSprite          > duplicate texture d_wallcracks_1_33 ignore ID=1060897, use ID=255009.
[14-09-26 02:36:12.867] WARN : Sprite       f:0 st:219,688,919 at IsoSpriteManager.AddSprite          > duplicate texture d_wallcracks_1_34 ignore ID=1060898, use ID=255010.
[14-09-26 02:36:12.867] WARN : Sprite       f:0 st:219,688,920 at IsoSpriteManager.AddSprite          > duplicate texture d_wallcracks_1_35 ignore ID=1060899, use ID=255011.
[14-09-26 02:36:12.867] WARN : Sprite       f:0 st:219,688,920 at IsoSpriteManager.AddSprite          > duplicate texture d_wallcracks_1_36 ignore ID=1060900, use ID=255012.
[14-09-26 02:36:12.867] WARN : Sprite       f:0 st:219,688,920 at IsoSpriteManager.AddSprite          > duplicate texture d_wallcracks_1_37 ignore ID=1060901, use ID=255013.
[14-09-26 02:36:12.868] WARN : Sprite       f:0 st:219,688,920 at IsoSpriteManager.AddSprite          > duplicate texture d_wallcracks_1_38 ignore ID=1060902, use ID=255014.
[14-09-26 02:36:12.868] WARN : Sprite       f:0 st:219,688,921 at IsoSpriteManager.AddSprite          > duplicate texture d_wallcracks_1_39 ignore ID=1060903, use ID=255015.
[14-09-26 02:36:12.868] WARN : Sprite       f:0 st:219,688,921 at IsoSpriteManager.AddSprite          > duplicate texture d_wallcracks_1_40 ignore ID=1060904, use ID=255016.
[14-09-26 02:36:12.868] WARN : Sprite       f:0 st:219,688,921 at IsoSpriteManager.AddSprite          > duplicate texture d_wallcracks_1_41 ignore ID=1060905, use ID=255017.
[14-09-26 02:36:12.869] WARN : Sprite       f:0 st:219,688,922 at IsoSpriteManager.AddSprite          > duplicate texture d_wallcracks_1_42 ignore ID=1060906, use ID=255018.
[14-09-26 02:36:12.869] WARN : Sprite       f:0 st:219,688,922 at IsoSpriteManager.AddSprite          > duplicate texture d_wallcracks_1_43 ignore ID=1060907, use ID=255019.
[14-09-26 02:36:12.869] WARN : Sprite       f:0 st:219,688,922 at IsoSpriteManager.AddSprite          > duplicate texture d_wallcracks_1_44 ignore ID=1060908, use ID=255020.
[14-09-26 02:36:12.869] WARN : Sprite       f:0 st:219,688,923 at IsoSpriteManager.AddSprite          > duplicate texture d_wallcracks_1_45 ignore ID=1060909, use ID=255021.
[14-09-26 02:36:12.869] WARN : Sprite       f:0 st:219,688,923 at IsoSpriteManager.AddSprite          > duplicate texture d_wallcracks_1_46 ignore ID=1060910, use ID=255022.
[14-09-26 02:36:12.871] WARN : Sprite       f:0 st:219,688,923 at IsoSpriteManager.AddSprite          > duplicate texture d_wallcracks_1_47 ignore ID=1060911, use ID=255023.
[14-09-26 02:36:12.871] WARN : Sprite       f:0 st:219,688,923 at IsoSpriteManager.AddSprite          > duplicate texture d_wallcracks_1_48 ignore ID=1060912, use ID=255024.
[14-09-26 02:36:12.871] WARN : Sprite       f:0 st:219,688,924 at IsoSpriteManager.AddSprite          > duplicate texture d_wallcracks_1_49 ignore ID=1060913, use ID=255025.
[14-09-26 02:36:12.872] WARN : Sprite       f:0 st:219,688,924 at IsoSpriteManager.AddSprite          > duplicate texture d_wallcracks_1_50 ignore ID=1060914, use ID=255026.
[14-09-26 02:36:12.872] WARN : Sprite       f:0 st:219,688,924 at IsoSpriteManager.AddSprite          > duplicate texture d_wallcracks_1_51 ignore ID=1060915, use ID=255027.
[14-09-26 02:36:12.872] WARN : Sprite       f:0 st:219,688,925 at IsoSpriteManager.AddSprite          > duplicate texture d_wallcracks_1_52 ignore ID=1060916, use ID=255028.
[14-09-26 02:36:12.872] WARN : Sprite       f:0 st:219,688,925 at IsoSpriteManager.AddSprite          > duplicate texture d_wallcracks_1_53 ignore ID=1060917, use ID=255029.
[14-09-26 02:36:12.873] WARN : Sprite       f:0 st:219,688,925 at IsoSpriteManager.AddSprite          > duplicate texture d_wallcracks_1_54 ignore ID=1060918, use ID=255030.
[14-09-26 02:36:12.873] WARN : Sprite       f:0 st:219,688,925 at IsoSpriteManager.AddSprite          > duplicate texture d_wallcracks_1_55 ignore ID=1060919, use ID=255031.
[14-09-26 02:36:12.873] WARN : Sprite       f:0 st:219,688,926 at IsoSpriteManager.AddSprite          > duplicate texture d_wallcracks_1_56 ignore ID=1060920, use ID=255032.
[14-09-26 02:36:12.874] WARN : Sprite       f:0 st:219,688,926 at IsoSpriteManager.AddSprite          > duplicate texture d_wallcracks_1_57 ignore ID=1060921, use ID=255033.
[14-09-26 02:36:12.875] WARN : Sprite       f:0 st:219,688,927 at IsoSpriteManager.AddSprite          > duplicate texture d_wallcracks_1_58 ignore ID=1060922, use ID=255034.
[14-09-26 02:36:12.876] WARN : Sprite       f:0 st:219,688,928 at IsoSpriteManager.AddSprite          > duplicate texture d_wallcracks_1_59 ignore ID=1060923, use ID=255035.
[14-09-26 02:36:12.876] WARN : Sprite       f:0 st:219,688,928 at IsoSpriteManager.AddSprite          > duplicate texture d_wallcracks_1_60 ignore ID=1060924, use ID=255036.
[14-09-26 02:36:12.876] WARN : Sprite       f:0 st:219,688,928 at IsoSpriteManager.AddSprite          > duplicate texture d_wallcracks_1_61 ignore ID=1060925, use ID=255037.
[14-09-26 02:36:12.876] WARN : Sprite       f:0 st:219,688,929 at IsoSpriteManager.AddSprite          > duplicate texture d_wallcracks_1_62 ignore ID=1060926, use ID=255038.
[14-09-26 02:36:12.877] WARN : Sprite       f:0 st:219,688,929 at IsoSpriteManager.AddSprite          > duplicate texture d_wallcracks_1_63 ignore ID=1060927, use ID=255039.
[14-09-26 02:36:12.877] WARN : Sprite       f:0 st:219,688,929 at IsoSpriteManager.AddSprite          > duplicate texture d_wallcracks_1_64 ignore ID=1060928, use ID=255040.
[14-09-26 02:36:12.877] WARN : Sprite       f:0 st:219,688,929 at IsoSpriteManager.AddSprite          > duplicate texture d_wallcracks_1_65 ignore ID=1060929, use ID=255041.
[14-09-26 02:36:12.877] WARN : Sprite       f:0 st:219,688,930 at IsoSpriteManager.AddSprite          > duplicate texture d_wallcracks_1_66 ignore ID=1060930, use ID=255042.
[14-09-26 02:36:12.877] WARN : Sprite       f:0 st:219,688,930 at IsoSpriteManager.AddSprite          > duplicate texture d_wallcracks_1_67 ignore ID=1060931, use ID=255043.
[14-09-26 02:36:12.878] WARN : Sprite       f:0 st:219,688,930 at IsoSpriteManager.AddSprite          > duplicate texture d_wallcracks_1_68 ignore ID=1060932, use ID=255044.
[14-09-26 02:36:12.878] WARN : Sprite       f:0 st:219,688,930 at IsoSpriteManager.AddSprite          > duplicate texture d_wallcracks_1_69 ignore ID=1060933, use ID=255045.
[14-09-26 02:36:12.878] WARN : Sprite       f:0 st:219,688,931 at IsoSpriteManager.AddSprite          > duplicate texture d_wallcracks_1_70 ignore ID=1060934, use ID=255046.
[14-09-26 02:36:12.878] WARN : Sprite       f:0 st:219,688,931 at IsoSpriteManager.AddSprite          > duplicate texture d_wallcracks_1_71 ignore ID=1060935, use ID=255047.
[14-09-26 02:36:12.879] WARN : Sprite       f:0 st:219,688,932 at IsoSpriteManager.AddSprite          > duplicate texture e_exterior_snow_1_0 ignore ID=1055232, use ID=454656.
[14-09-26 02:36:12.879] WARN : Sprite       f:0 st:219,688,932 at IsoSpriteManager.AddSprite          > duplicate texture e_exterior_snow_1_1 ignore ID=1055233, use ID=454657.
[14-09-26 02:36:12.881] WARN : Sprite       f:0 st:219,688,934 at IsoSpriteManager.AddSprite          > duplicate texture e_newgrassbase_snow_1_0 ignore ID=1056768, use ID=455680.
[14-09-26 02:36:12.881] WARN : Sprite       f:0 st:219,688,935 at IsoSpriteManager.AddSprite          > duplicate texture e_newgrassbase_snow_1_1 ignore ID=1056769, use ID=455681.
[14-09-26 02:36:12.883] WARN : Sprite       f:0 st:219,688,935 at IsoSpriteManager.AddSprite          > duplicate texture e_newgrassbase_snow_1_2 ignore ID=1056770, use ID=455682.
[14-09-26 02:36:12.883] WARN : Sprite       f:0 st:219,688,935 at IsoSpriteManager.AddSprite          > duplicate texture e_newgrassbase_snow_1_3 ignore ID=1056771, use ID=455683.
[14-09-26 02:36:12.883] WARN : Sprite       f:0 st:219,688,935 at IsoSpriteManager.AddSprite          > duplicate texture e_newgrassbase_snow_1_4 ignore ID=1056772, use ID=455684.
[14-09-26 02:36:12.883] WARN : Sprite       f:0 st:219,688,935 at IsoSpriteManager.AddSprite          > duplicate texture e_newgrassbase_snow_1_5 ignore ID=1056773, use ID=455685.
[14-09-26 02:36:12.884] WARN : Sprite       f:0 st:219,688,936 at IsoSpriteManager.AddSprite          > duplicate texture e_newgrassbase_snow_1_6 ignore ID=1056774, use ID=455686.
[14-09-26 02:36:12.884] WARN : Sprite       f:0 st:219,688,936 at IsoSpriteManager.AddSprite          > duplicate texture e_newgrassbase_snow_1_7 ignore ID=1056775, use ID=455687.
[14-09-26 02:36:12.884] WARN : Sprite       f:0 st:219,688,936 at IsoSpriteManager.AddSprite          > duplicate texture e_newgrassbase_snow_1_8 ignore ID=1056776, use ID=455688.
[14-09-26 02:36:12.884] WARN : Sprite       f:0 st:219,688,936 at IsoSpriteManager.AddSprite          > duplicate texture e_newgrassbase_snow_1_9 ignore ID=1056777, use ID=455689.
[14-09-26 02:36:12.885] WARN : Sprite       f:0 st:219,688,937 at IsoSpriteManager.AddSprite          > duplicate texture e_newgrassbase_snow_1_10 ignore ID=1056778, use ID=455690.
[14-09-26 02:36:12.885] WARN : Sprite       f:0 st:219,688,937 at IsoSpriteManager.AddSprite          > duplicate texture e_newgrassbase_snow_1_11 ignore ID=1056779, use ID=455691.
[14-09-26 02:36:12.885] WARN : Sprite       f:0 st:219,688,937 at IsoSpriteManager.AddSprite          > duplicate texture e_newgrassbase_snow_1_12 ignore ID=1056780, use ID=455692.
[14-09-26 02:36:12.885] WARN : Sprite       f:0 st:219,688,937 at IsoSpriteManager.AddSprite          > duplicate texture e_newgrassbase_snow_1_13 ignore ID=1056781, use ID=455693.
[14-09-26 02:36:12.885] WARN : Sprite       f:0 st:219,688,938 at IsoSpriteManager.AddSprite          > duplicate texture e_newgrassbase_snow_1_14 ignore ID=1056782, use ID=455694.
[14-09-26 02:36:12.886] WARN : Sprite       f:0 st:219,688,938 at IsoSpriteManager.AddSprite          > duplicate texture e_newgrassbase_snow_1_15 ignore ID=1056783, use ID=455695.
[14-09-26 02:36:12.886] WARN : Sprite       f:0 st:219,688,938 at IsoSpriteManager.AddSprite          > duplicate texture e_newgrassbase_snow_1_16 ignore ID=1056784, use ID=455696.
[14-09-26 02:36:12.886] WARN : Sprite       f:0 st:219,688,938 at IsoSpriteManager.AddSprite          > duplicate texture e_newgrassbase_snow_1_17 ignore ID=1056785, use ID=455697.
[14-09-26 02:36:12.886] WARN : Sprite       f:0 st:219,688,939 at IsoSpriteManager.AddSprite          > duplicate texture e_newgrassbase_snow_1_18 ignore ID=1056786, use ID=455698.
[14-09-26 02:36:12.887] WARN : Sprite       f:0 st:219,688,939 at IsoSpriteManager.AddSprite          > duplicate texture e_newgrassbase_snow_1_19 ignore ID=1056787, use ID=455699.
[14-09-26 02:36:12.887] WARN : Sprite       f:0 st:219,688,939 at IsoSpriteManager.AddSprite          > duplicate texture e_newgrassbase_snow_1_20 ignore ID=1056788, use ID=455700.
[14-09-26 02:36:12.887] WARN : Sprite       f:0 st:219,688,939 at IsoSpriteManager.AddSprite          > duplicate texture e_newgrassbase_snow_1_21 ignore ID=1056789, use ID=455701.
[14-09-26 02:36:12.887] WARN : Sprite       f:0 st:219,688,940 at IsoSpriteManager.AddSprite          > duplicate texture e_newgrassbase_snow_1_22 ignore ID=1056790, use ID=455702.
[14-09-26 02:36:12.888] WARN : Sprite       f:0 st:219,688,940 at IsoSpriteManager.AddSprite          > duplicate texture e_newgrassbase_snow_1_23 ignore ID=1056791, use ID=455703.
[14-09-26 02:36:12.888] WARN : Sprite       f:0 st:219,688,940 at IsoSpriteManager.AddSprite          > duplicate texture e_newgrassbase_snow_1_24 ignore ID=1056792, use ID=455704.
[14-09-26 02:36:12.888] WARN : Sprite       f:0 st:219,688,940 at IsoSpriteManager.AddSprite          > duplicate texture e_newgrassbase_snow_1_25 ignore ID=1056793, use ID=455705.
[14-09-26 02:36:12.888] WARN : Sprite       f:0 st:219,688,941 at IsoSpriteManager.AddSprite          > duplicate texture e_newgrassbase_snow_1_26 ignore ID=1056794, use ID=455706.
[14-09-26 02:36:12.888] WARN : Sprite       f:0 st:219,688,941 at IsoSpriteManager.AddSprite          > duplicate texture e_newgrassbase_snow_1_27 ignore ID=1056795, use ID=455707.
[14-09-26 02:36:12.889] WARN : Sprite       f:0 st:219,688,941 at IsoSpriteManager.AddSprite          > duplicate texture e_newgrassbase_snow_1_28 ignore ID=1056796, use ID=455708.
[14-09-26 02:36:12.889] WARN : Sprite       f:0 st:219,688,941 at IsoSpriteManager.AddSprite          > duplicate texture e_newgrassbase_snow_1_29 ignore ID=1056797, use ID=455709.
[14-09-26 02:36:12.889] WARN : Sprite       f:0 st:219,688,941 at IsoSpriteManager.AddSprite          > duplicate texture e_newgrassbase_snow_1_30 ignore ID=1056798, use ID=455710.
[14-09-26 02:36:12.889] WARN : Sprite       f:0 st:219,688,942 at IsoSpriteManager.AddSprite          > duplicate texture e_newgrassbase_snow_1_31 ignore ID=1056799, use ID=455711.
[14-09-26 02:36:12.890] WARN : Sprite       f:0 st:219,688,943 at IsoSpriteManager.AddSprite          > duplicate texture e_roof_snow_1_0 ignore ID=1058304, use ID=456704.
[14-09-26 02:36:12.891] WARN : Sprite       f:0 st:219,688,943 at IsoSpriteManager.AddSprite          > duplicate texture e_roof_snow_1_1 ignore ID=1058305, use ID=456705.
[14-09-26 02:36:12.891] WARN : Sprite       f:0 st:219,688,943 at IsoSpriteManager.AddSprite          > duplicate texture e_roof_snow_1_2 ignore ID=1058306, use ID=456706.
[14-09-26 02:36:12.891] WARN : Sprite       f:0 st:219,688,943 at IsoSpriteManager.AddSprite          > duplicate texture e_roof_snow_1_3 ignore ID=1058307, use ID=456707.
[14-09-26 02:36:12.891] WARN : Sprite       f:0 st:219,688,944 at IsoSpriteManager.AddSprite          > duplicate texture e_roof_snow_1_4 ignore ID=1058308, use ID=456708.
[14-09-26 02:36:12.891] WARN : Sprite       f:0 st:219,688,944 at IsoSpriteManager.AddSprite          > duplicate texture e_roof_snow_1_5 ignore ID=1058309, use ID=456709.
[14-09-26 02:36:12.891] WARN : Sprite       f:0 st:219,688,944 at IsoSpriteManager.AddSprite          > duplicate texture e_roof_snow_1_6 ignore ID=1058310, use ID=456710.
[14-09-26 02:36:12.892] WARN : Sprite       f:0 st:219,688,944 at IsoSpriteManager.AddSprite          > duplicate texture e_roof_snow_1_7 ignore ID=1058311, use ID=456711.
[14-09-26 02:36:12.892] WARN : Sprite       f:0 st:219,688,945 at IsoSpriteManager.AddSprite          > duplicate texture e_roof_snow_1_8 ignore ID=1058312, use ID=456712.
[14-09-26 02:36:12.892] WARN : Sprite       f:0 st:219,688,945 at IsoSpriteManager.AddSprite          > duplicate texture e_roof_snow_1_9 ignore ID=1058313, use ID=456713.
[14-09-26 02:36:12.893] WARN : Sprite       f:0 st:219,688,945 at IsoSpriteManager.AddSprite          > duplicate texture e_roof_snow_1_10 ignore ID=1058314, use ID=456714.
[14-09-26 02:36:12.893] WARN : Sprite       f:0 st:219,688,946 at IsoSpriteManager.AddSprite          > duplicate texture e_roof_snow_1_11 ignore ID=1058315, use ID=456715.
[14-09-26 02:36:12.893] WARN : Sprite       f:0 st:219,688,946 at IsoSpriteManager.AddSprite          > duplicate texture e_roof_snow_1_12 ignore ID=1058316, use ID=456716.
[14-09-26 02:36:12.893] WARN : Sprite       f:0 st:219,688,946 at IsoSpriteManager.AddSprite          > duplicate texture e_roof_snow_1_13 ignore ID=1058317, use ID=456717.
[14-09-26 02:36:12.894] WARN : Sprite       f:0 st:219,688,946 at IsoSpriteManager.AddSprite          > duplicate texture e_roof_snow_1_14 ignore ID=1058318, use ID=456718.
[14-09-26 02:36:12.894] WARN : Sprite       f:0 st:219,688,946 at IsoSpriteManager.AddSprite          > duplicate texture e_roof_snow_1_15 ignore ID=1058319, use ID=456719.
[14-09-26 02:36:12.894] WARN : Sprite       f:0 st:219,688,947 at IsoSpriteManager.AddSprite          > duplicate texture e_roof_snow_1_16 ignore ID=1058320, use ID=456720.
[14-09-26 02:36:12.894] WARN : Sprite       f:0 st:219,688,947 at IsoSpriteManager.AddSprite          > duplicate texture e_roof_snow_1_17 ignore ID=1058321, use ID=456721.
[14-09-26 02:36:12.895] WARN : Sprite       f:0 st:219,688,947 at IsoSpriteManager.AddSprite          > duplicate texture e_roof_snow_1_18 ignore ID=1058322, use ID=456722.
[14-09-26 02:36:12.895] WARN : Sprite       f:0 st:219,688,948 at IsoSpriteManager.AddSprite          > duplicate texture e_roof_snow_1_19 ignore ID=1058323, use ID=456723.
[14-09-26 02:36:12.895] WARN : Sprite       f:0 st:219,688,948 at IsoSpriteManager.AddSprite          > duplicate texture e_roof_snow_1_20 ignore ID=1058324, use ID=456724.
[14-09-26 02:36:12.895] WARN : Sprite       f:0 st:219,688,948 at IsoSpriteManager.AddSprite          > duplicate texture e_roof_snow_1_21 ignore ID=1058325, use ID=456725.
[14-09-26 02:36:12.896] WARN : Sprite       f:0 st:219,688,948 at IsoSpriteManager.AddSprite          > duplicate texture e_roof_snow_1_22 ignore ID=1058326, use ID=456726.
[14-09-26 02:36:12.896] WARN : Sprite       f:0 st:219,688,949 at IsoSpriteManager.AddSprite          > duplicate texture e_roof_snow_1_23 ignore ID=1058327, use ID=456727.
[14-09-26 02:36:12.896] WARN : Sprite       f:0 st:219,688,949 at IsoSpriteManager.AddSprite          > duplicate texture e_roof_snow_1_24 ignore ID=1058328, use ID=456728.
[14-09-26 02:36:12.896] WARN : Sprite       f:0 st:219,688,949 at IsoSpriteManager.AddSprite          > duplicate texture e_roof_snow_1_25 ignore ID=1058329, use ID=456729.
[14-09-26 02:36:12.897] WARN : Sprite       f:0 st:219,688,949 at IsoSpriteManager.AddSprite          > duplicate texture e_roof_snow_1_26 ignore ID=1058330, use ID=456730.
[14-09-26 02:36:12.897] WARN : Sprite       f:0 st:219,688,950 at IsoSpriteManager.AddSprite          > duplicate texture e_roof_snow_1_27 ignore ID=1058331, use ID=456731.
[14-09-26 02:36:12.897] WARN : Sprite       f:0 st:219,688,950 at IsoSpriteManager.AddSprite          > duplicate texture e_roof_snow_1_28 ignore ID=1058332, use ID=456732.
[14-09-26 02:36:12.897] WARN : Sprite       f:0 st:219,688,950 at IsoSpriteManager.AddSprite          > duplicate texture e_roof_snow_1_29 ignore ID=1058333, use ID=456733.
[14-09-26 02:36:12.898] WARN : Sprite       f:0 st:219,688,950 at IsoSpriteManager.AddSprite          > duplicate texture e_roof_snow_1_30 ignore ID=1058334, use ID=456734.
[14-09-26 02:36:12.898] WARN : Sprite       f:0 st:219,688,951 at IsoSpriteManager.AddSprite          > duplicate texture e_roof_snow_1_31 ignore ID=1058335, use ID=456735.
[14-09-26 02:36:12.898] WARN : Sprite       f:0 st:219,688,951 at IsoSpriteManager.AddSprite          > duplicate texture e_roof_snow_1_32 ignore ID=1058336, use ID=456736.
[14-09-26 02:36:12.898] WARN : Sprite       f:0 st:219,688,951 at IsoSpriteManager.AddSprite          > duplicate texture e_roof_snow_1_33 ignore ID=1058337, use ID=456737.
[14-09-26 02:36:12.899] WARN : Sprite       f:0 st:219,688,951 at IsoSpriteManager.AddSprite          > duplicate texture e_roof_snow_1_34 ignore ID=1058338, use ID=456738.
[14-09-26 02:36:12.899] WARN : Sprite       f:0 st:219,688,952 at IsoSpriteManager.AddSprite          > duplicate texture e_roof_snow_1_35 ignore ID=1058339, use ID=456739.
[14-09-26 02:36:12.899] WARN : Sprite       f:0 st:219,688,952 at IsoSpriteManager.AddSprite          > duplicate texture e_roof_snow_1_36 ignore ID=1058340, use ID=456740.
[14-09-26 02:36:12.899] WARN : Sprite       f:0 st:219,688,952 at IsoSpriteManager.AddSprite          > duplicate texture e_roof_snow_1_37 ignore ID=1058341, use ID=456741.
[14-09-26 02:36:12.899] WARN : Sprite       f:0 st:219,688,952 at IsoSpriteManager.AddSprite          > duplicate texture e_roof_snow_1_38 ignore ID=1058342, use ID=456742.
[14-09-26 02:36:12.899] WARN : Sprite       f:0 st:219,688,953 at IsoSpriteManager.AddSprite          > duplicate texture e_roof_snow_1_39 ignore ID=1058343, use ID=456743.
[14-09-26 02:36:12.899] WARN : Sprite       f:0 st:219,688,953 at IsoSpriteManager.AddSprite          > duplicate texture e_roof_snow_1_40 ignore ID=1058344, use ID=456744.
[14-09-26 02:36:12.901] WARN : Sprite       f:0 st:219,688,953 at IsoSpriteManager.AddSprite          > duplicate texture e_roof_snow_1_41 ignore ID=1058345, use ID=456745.
[14-09-26 02:36:12.901] WARN : Sprite       f:0 st:219,688,953 at IsoSpriteManager.AddSprite          > duplicate texture e_roof_snow_1_42 ignore ID=1058346, use ID=456746.
[14-09-26 02:36:12.901] WARN : Sprite       f:0 st:219,688,953 at IsoSpriteManager.AddSprite          > duplicate texture e_roof_snow_1_43 ignore ID=1058347, use ID=456747.
[14-09-26 02:36:12.901] WARN : Sprite       f:0 st:219,688,954 at IsoSpriteManager.AddSprite          > duplicate texture e_roof_snow_1_44 ignore ID=1058348, use ID=456748.
[14-09-26 02:36:12.902] WARN : Sprite       f:0 st:219,688,954 at IsoSpriteManager.AddSprite          > duplicate texture e_roof_snow_1_45 ignore ID=1058349, use ID=456749.
[14-09-26 02:36:12.902] WARN : Sprite       f:0 st:219,688,954 at IsoSpriteManager.AddSprite          > duplicate texture e_roof_snow_1_46 ignore ID=1058350, use ID=456750.
[14-09-26 02:36:12.902] WARN : Sprite       f:0 st:219,688,954 at IsoSpriteManager.AddSprite          > duplicate texture e_roof_snow_1_47 ignore ID=1058351, use ID=456751.
[14-09-26 02:36:12.902] WARN : Sprite       f:0 st:219,688,954 at IsoSpriteManager.AddSprite          > duplicate texture e_roof_snow_1_48 ignore ID=1058352, use ID=456752.
[14-09-26 02:36:12.902] WARN : Sprite       f:0 st:219,688,955 at IsoSpriteManager.AddSprite          > duplicate texture e_roof_snow_1_49 ignore ID=1058353, use ID=456753.
[14-09-26 02:36:12.903] WARN : Sprite       f:0 st:219,688,955 at IsoSpriteManager.AddSprite          > duplicate texture e_roof_snow_1_50 ignore ID=1058354, use ID=456754.
[14-09-26 02:36:12.903] WARN : Sprite       f:0 st:219,688,955 at IsoSpriteManager.AddSprite          > duplicate texture e_roof_snow_1_51 ignore ID=1058355, use ID=456755.
[14-09-26 02:36:12.903] WARN : Sprite       f:0 st:219,688,955 at IsoSpriteManager.AddSprite          > duplicate texture e_roof_snow_1_52 ignore ID=1058356, use ID=456756.
[14-09-26 02:36:12.903] WARN : Sprite       f:0 st:219,688,956 at IsoSpriteManager.AddSprite          > duplicate texture e_roof_snow_1_53 ignore ID=1058357, use ID=456757.
[14-09-26 02:36:12.904] WARN : Sprite       f:0 st:219,688,956 at IsoSpriteManager.AddSprite          > duplicate texture e_roof_snow_1_54 ignore ID=1058358, use ID=456758.
[14-09-26 02:36:12.904] WARN : Sprite       f:0 st:219,688,956 at IsoSpriteManager.AddSprite          > duplicate texture e_roof_snow_1_55 ignore ID=1058359, use ID=456759.
[14-09-26 02:36:12.904] WARN : Sprite       f:0 st:219,688,956 at IsoSpriteManager.AddSprite          > duplicate texture e_roof_snow_1_56 ignore ID=1058360, use ID=456760.
[14-09-26 02:36:12.908] WARN : Sprite       f:0 st:219,688,961 at IsoSpriteManager.AddSprite          > duplicate texture e_roof_snow_1_57 ignore ID=1058361, use ID=456761.
[14-09-26 02:36:12.909] WARN : Sprite       f:0 st:219,688,961 at IsoSpriteManager.AddSprite          > duplicate texture e_roof_snow_1_58 ignore ID=1058362, use ID=456762.
[14-09-26 02:36:12.909] WARN : Sprite       f:0 st:219,688,961 at IsoSpriteManager.AddSprite          > duplicate texture e_roof_snow_1_59 ignore ID=1058363, use ID=456763.
[14-09-26 02:36:12.909] WARN : Sprite       f:0 st:219,688,961 at IsoSpriteManager.AddSprite          > duplicate texture e_roof_snow_1_60 ignore ID=1058364, use ID=456764.
[14-09-26 02:36:12.909] WARN : Sprite       f:0 st:219,688,962 at IsoSpriteManager.AddSprite          > duplicate texture e_roof_snow_1_61 ignore ID=1058365, use ID=456765.
[14-09-26 02:36:12.910] WARN : Sprite       f:0 st:219,688,962 at IsoSpriteManager.AddSprite          > duplicate texture e_roof_snow_1_62 ignore ID=1058366, use ID=456766.
[14-09-26 02:36:12.910] WARN : Sprite       f:0 st:219,688,962 at IsoSpriteManager.AddSprite          > duplicate texture e_roof_snow_1_63 ignore ID=1058367, use ID=456767.
[14-09-26 02:36:12.910] WARN : Sprite       f:0 st:219,688,963 at IsoSpriteManager.AddSprite          > duplicate texture e_roof_snow_1_64 ignore ID=1058368, use ID=456768.
[14-09-26 02:36:12.910] WARN : Sprite       f:0 st:219,688,963 at IsoSpriteManager.AddSprite          > duplicate texture e_roof_snow_1_65 ignore ID=1058369, use ID=456769.
[14-09-26 02:36:12.911] WARN : Sprite       f:0 st:219,688,963 at IsoSpriteManager.AddSprite          > duplicate texture e_roof_snow_1_66 ignore ID=1058370, use ID=456770.
[14-09-26 02:36:12.911] WARN : Sprite       f:0 st:219,688,963 at IsoSpriteManager.AddSprite          > duplicate texture e_roof_snow_1_67 ignore ID=1058371, use ID=456771.
[14-09-26 02:36:12.911] WARN : Sprite       f:0 st:219,688,963 at IsoSpriteManager.AddSprite          > duplicate texture e_roof_snow_1_68 ignore ID=1058372, use ID=456772.
[14-09-26 02:36:12.911] WARN : Sprite       f:0 st:219,688,964 at IsoSpriteManager.AddSprite          > duplicate texture e_roof_snow_1_69 ignore ID=1058373, use ID=456773.
[14-09-26 02:36:12.911] WARN : Sprite       f:0 st:219,688,964 at IsoSpriteManager.AddSprite          > duplicate texture e_roof_snow_1_70 ignore ID=1058374, use ID=456774.
[14-09-26 02:36:12.911] WARN : Sprite       f:0 st:219,688,964 at IsoSpriteManager.AddSprite          > duplicate texture e_roof_snow_1_71 ignore ID=1058375, use ID=456775.
[14-09-26 02:36:12.912] WARN : Sprite       f:0 st:219,688,964 at IsoSpriteManager.AddSprite          > duplicate texture e_roof_snow_1_72 ignore ID=1058376, use ID=456776.
[14-09-26 02:36:12.912] WARN : Sprite       f:0 st:219,688,965 at IsoSpriteManager.AddSprite          > duplicate texture e_roof_snow_1_73 ignore ID=1058377, use ID=456777.
[14-09-26 02:36:12.912] WARN : Sprite       f:0 st:219,688,965 at IsoSpriteManager.AddSprite          > duplicate texture e_roof_snow_1_74 ignore ID=1058378, use ID=456778.
[14-09-26 02:36:12.912] WARN : Sprite       f:0 st:219,688,965 at IsoSpriteManager.AddSprite          > duplicate texture e_roof_snow_1_75 ignore ID=1058379, use ID=456779.
[14-09-26 02:36:12.913] WARN : Sprite       f:0 st:219,688,965 at IsoSpriteManager.AddSprite          > duplicate texture e_roof_snow_1_76 ignore ID=1058380, use ID=456780.
[14-09-26 02:36:12.913] WARN : Sprite       f:0 st:219,688,966 at IsoSpriteManager.AddSprite          > duplicate texture e_roof_snow_1_77 ignore ID=1058381, use ID=456781.
[14-09-26 02:36:12.913] WARN : Sprite       f:0 st:219,688,966 at IsoSpriteManager.AddSprite          > duplicate texture e_roof_snow_1_78 ignore ID=1058382, use ID=456782.
[14-09-26 02:36:12.913] WARN : Sprite       f:0 st:219,688,966 at IsoSpriteManager.AddSprite          > duplicate texture e_roof_snow_1_79 ignore ID=1058383, use ID=456783.
[14-09-26 02:36:12.914] WARN : Sprite       f:0 st:219,688,966 at IsoSpriteManager.AddSprite          > duplicate texture e_roof_snow_1_80 ignore ID=1058384, use ID=456784.
[14-09-26 02:36:12.914] WARN : Sprite       f:0 st:219,688,967 at IsoSpriteManager.AddSprite          > duplicate texture e_roof_snow_1_81 ignore ID=1058385, use ID=456785.
[14-09-26 02:36:12.914] WARN : Sprite       f:0 st:219,688,967 at IsoSpriteManager.AddSprite          > duplicate texture e_roof_snow_1_82 ignore ID=1058386, use ID=456786.
[14-09-26 02:36:12.914] WARN : Sprite       f:0 st:219,688,967 at IsoSpriteManager.AddSprite          > duplicate texture e_roof_snow_1_83 ignore ID=1058387, use ID=456787.
[14-09-26 02:36:12.915] WARN : Sprite       f:0 st:219,688,967 at IsoSpriteManager.AddSprite          > duplicate texture e_roof_snow_1_84 ignore ID=1058388, use ID=456788.
[14-09-26 02:36:12.915] WARN : Sprite       f:0 st:219,688,968 at IsoSpriteManager.AddSprite          > duplicate texture e_roof_snow_1_85 ignore ID=1058389, use ID=456789.
[14-09-26 02:36:12.915] WARN : Sprite       f:0 st:219,688,968 at IsoSpriteManager.AddSprite          > duplicate texture e_roof_snow_1_86 ignore ID=1058390, use ID=456790.
[14-09-26 02:36:12.915] WARN : Sprite       f:0 st:219,688,968 at IsoSpriteManager.AddSprite          > duplicate texture e_roof_snow_1_87 ignore ID=1058391, use ID=456791.
[14-09-26 02:36:12.916] WARN : Sprite       f:0 st:219,688,969 at IsoSpriteManager.AddSprite          > duplicate texture e_roof_snow_1_88 ignore ID=1058392, use ID=456792.
[14-09-26 02:36:12.916] WARN : Sprite       f:0 st:219,688,969 at IsoSpriteManager.AddSprite          > duplicate texture e_roof_snow_1_89 ignore ID=1058393, use ID=456793.
[14-09-26 02:36:12.916] WARN : Sprite       f:0 st:219,688,969 at IsoSpriteManager.AddSprite          > duplicate texture e_roof_snow_1_90 ignore ID=1058394, use ID=456794.
[14-09-26 02:36:12.916] WARN : Sprite       f:0 st:219,688,969 at IsoSpriteManager.AddSprite          > duplicate texture e_roof_snow_1_91 ignore ID=1058395, use ID=456795.
[14-09-26 02:36:12.917] WARN : Sprite       f:0 st:219,688,970 at IsoSpriteManager.AddSprite          > duplicate texture e_roof_snow_1_92 ignore ID=1058396, use ID=456796.
[14-09-26 02:36:12.917] WARN : Sprite       f:0 st:219,688,970 at IsoSpriteManager.AddSprite          > duplicate texture e_roof_snow_1_93 ignore ID=1058397, use ID=456797.
[14-09-26 02:36:12.917] WARN : Sprite       f:0 st:219,688,970 at IsoSpriteManager.AddSprite          > duplicate texture e_roof_snow_1_94 ignore ID=1058398, use ID=456798.
[14-09-26 02:36:12.917] WARN : Sprite       f:0 st:219,688,970 at IsoSpriteManager.AddSprite          > duplicate texture e_roof_snow_1_95 ignore ID=1058399, use ID=456799.
[14-09-26 02:36:12.918] WARN : Sprite       f:0 st:219,688,970 at IsoSpriteManager.AddSprite          > duplicate texture e_roof_snow_1_96 ignore ID=1058400, use ID=456800.
[14-09-26 02:36:12.918] WARN : Sprite       f:0 st:219,688,971 at IsoSpriteManager.AddSprite          > duplicate texture e_roof_snow_1_97 ignore ID=1058401, use ID=456801.
[14-09-26 02:36:12.918] WARN : Sprite       f:0 st:219,688,971 at IsoSpriteManager.AddSprite          > duplicate texture e_roof_snow_1_98 ignore ID=1058402, use ID=456802.
[14-09-26 02:36:12.918] WARN : Sprite       f:0 st:219,688,971 at IsoSpriteManager.AddSprite          > duplicate texture e_roof_snow_1_99 ignore ID=1058403, use ID=456803.
[14-09-26 02:36:12.919] WARN : Sprite       f:0 st:219,688,972 at IsoSpriteManager.AddSprite          > duplicate texture e_roof_snow_1_100 ignore ID=1058404, use ID=456804.
[14-09-26 02:36:12.919] WARN : Sprite       f:0 st:219,688,972 at IsoSpriteManager.AddSprite          > duplicate texture e_roof_snow_1_101 ignore ID=1058405, use ID=456805.
[14-09-26 02:36:12.919] WARN : Sprite       f:0 st:219,688,972 at IsoSpriteManager.AddSprite          > duplicate texture e_roof_snow_1_102 ignore ID=1058406, use ID=456806.
[14-09-26 02:36:12.919] WARN : Sprite       f:0 st:219,688,972 at IsoSpriteManager.AddSprite          > duplicate texture e_roof_snow_1_103 ignore ID=1058407, use ID=456807.
[14-09-26 02:36:12.919] WARN : Sprite       f:0 st:219,688,973 at IsoSpriteManager.AddSprite          > duplicate texture e_roof_snow_1_104 ignore ID=1058408, use ID=456808.
[14-09-26 02:36:12.919] WARN : Sprite       f:0 st:219,688,973 at IsoSpriteManager.AddSprite          > duplicate texture e_roof_snow_1_105 ignore ID=1058409, use ID=456809.
[14-09-26 02:36:12.921] WARN : Sprite       f:0 st:219,688,973 at IsoSpriteManager.AddSprite          > duplicate texture e_roof_snow_1_106 ignore ID=1058410, use ID=456810.
[14-09-26 02:36:12.921] WARN : Sprite       f:0 st:219,688,973 at IsoSpriteManager.AddSprite          > duplicate texture e_roof_snow_1_107 ignore ID=1058411, use ID=456811.
[14-09-26 02:36:12.921] WARN : Sprite       f:0 st:219,688,974 at IsoSpriteManager.AddSprite          > duplicate texture e_roof_snow_1_108 ignore ID=1058412, use ID=456812.
[14-09-26 02:36:12.921] WARN : Sprite       f:0 st:219,688,974 at IsoSpriteManager.AddSprite          > duplicate texture e_roof_snow_1_109 ignore ID=1058413, use ID=456813.
[14-09-26 02:36:12.922] WARN : Sprite       f:0 st:219,688,974 at IsoSpriteManager.AddSprite          > duplicate texture e_roof_snow_1_110 ignore ID=1058414, use ID=456814.
[14-09-26 02:36:12.922] WARN : Sprite       f:0 st:219,688,974 at IsoSpriteManager.AddSprite          > duplicate texture e_roof_snow_1_111 ignore ID=1058415, use ID=456815.
[14-09-26 02:36:12.924] WARN : Sprite       f:0 st:219,688,976 at IsoSpriteManager.AddSprite          > duplicate texture f_bushes_2_0 ignore ID=1061888, use ID=457728.
[14-09-26 02:36:12.924] WARN : Sprite       f:0 st:219,688,977 at IsoSpriteManager.AddSprite          > duplicate texture f_bushes_2_1 ignore ID=1061889, use ID=457729.
[14-09-26 02:36:12.926] WARN : Sprite       f:0 st:219,688,979 at IsoSpriteManager.AddSprite          > duplicate texture f_bushes_2_2 ignore ID=1061890, use ID=457730.
[14-09-26 02:36:12.927] WARN : Sprite       f:0 st:219,688,979 at IsoSpriteManager.AddSprite          > duplicate texture f_bushes_2_3 ignore ID=1061891, use ID=457731.
[14-09-26 02:36:12.927] WARN : Sprite       f:0 st:219,688,979 at IsoSpriteManager.AddSprite          > duplicate texture f_bushes_2_4 ignore ID=1061892, use ID=457732.
[14-09-26 02:36:12.927] WARN : Sprite       f:0 st:219,688,980 at IsoSpriteManager.AddSprite          > duplicate texture f_bushes_2_5 ignore ID=1061893, use ID=457733.
[14-09-26 02:36:12.927] WARN : Sprite       f:0 st:219,688,980 at IsoSpriteManager.AddSprite          > duplicate texture f_bushes_2_6 ignore ID=1061894, use ID=457734.
[14-09-26 02:36:12.928] WARN : Sprite       f:0 st:219,688,980 at IsoSpriteManager.AddSprite          > duplicate texture f_bushes_2_7 ignore ID=1061895, use ID=457735.
[14-09-26 02:36:12.928] WARN : Sprite       f:0 st:219,688,981 at IsoSpriteManager.AddSprite          > duplicate texture f_bushes_2_8 ignore ID=1061896, use ID=457736.
[14-09-26 02:36:12.928] WARN : Sprite       f:0 st:219,688,981 at IsoSpriteManager.AddSprite          > duplicate texture f_bushes_2_9 ignore ID=1061897, use ID=457737.
[14-09-26 02:36:12.929] WARN : Sprite       f:0 st:219,688,981 at IsoSpriteManager.AddSprite          > duplicate texture f_bushes_2_10 ignore ID=1061898, use ID=457738.
[14-09-26 02:36:12.929] WARN : Sprite       f:0 st:219,688,981 at IsoSpriteManager.AddSprite          > duplicate texture f_bushes_2_11 ignore ID=1061899, use ID=457739.
[14-09-26 02:36:12.929] WARN : Sprite       f:0 st:219,688,982 at IsoSpriteManager.AddSprite          > duplicate texture f_bushes_2_12 ignore ID=1061900, use ID=457740.
[14-09-26 02:36:12.929] WARN : Sprite       f:0 st:219,688,982 at IsoSpriteManager.AddSprite          > duplicate texture f_bushes_2_13 ignore ID=1061901, use ID=457741.
[14-09-26 02:36:12.930] WARN : Sprite       f:0 st:219,688,982 at IsoSpriteManager.AddSprite          > duplicate texture f_bushes_2_14 ignore ID=1061902, use ID=457742.
[14-09-26 02:36:12.930] WARN : Sprite       f:0 st:219,688,982 at IsoSpriteManager.AddSprite          > duplicate texture f_bushes_2_15 ignore ID=1061903, use ID=457743.
[14-09-26 02:36:12.930] WARN : Sprite       f:0 st:219,688,983 at IsoSpriteManager.AddSprite          > duplicate texture f_bushes_2_16 ignore ID=1061904, use ID=457744.
[14-09-26 02:36:12.931] WARN : Sprite       f:0 st:219,688,983 at IsoSpriteManager.AddSprite          > duplicate texture f_bushes_2_17 ignore ID=1061905, use ID=457745.
[14-09-26 02:36:12.931] WARN : Sprite       f:0 st:219,688,983 at IsoSpriteManager.AddSprite          > duplicate texture f_bushes_2_18 ignore ID=1061906, use ID=457746.
[14-09-26 02:36:12.931] WARN : Sprite       f:0 st:219,688,983 at IsoSpriteManager.AddSprite          > duplicate texture f_bushes_2_19 ignore ID=1061907, use ID=457747.
[14-09-26 02:36:12.931] WARN : Sprite       f:0 st:219,688,984 at IsoSpriteManager.AddSprite          > duplicate texture f_bushes_2_20 ignore ID=1061908, use ID=457748.
[14-09-26 02:36:12.931] WARN : Sprite       f:0 st:219,688,984 at IsoSpriteManager.AddSprite          > duplicate texture f_bushes_2_21 ignore ID=1061909, use ID=457749.
[14-09-26 02:36:12.931] WARN : Sprite       f:0 st:219,688,984 at IsoSpriteManager.AddSprite          > duplicate texture f_bushes_2_22 ignore ID=1061910, use ID=457750.
[14-09-26 02:36:12.932] WARN : Sprite       f:0 st:219,688,984 at IsoSpriteManager.AddSprite          > duplicate texture f_bushes_2_23 ignore ID=1061911, use ID=457751.
[14-09-26 02:36:12.932] WARN : Sprite       f:0 st:219,688,984 at IsoSpriteManager.AddSprite          > duplicate texture f_bushes_2_24 ignore ID=1061912, use ID=457752.
[14-09-26 02:36:12.932] WARN : Sprite       f:0 st:219,688,985 at IsoSpriteManager.AddSprite          > duplicate texture f_bushes_2_25 ignore ID=1061913, use ID=457753.
[14-09-26 02:36:12.932] WARN : Sprite       f:0 st:219,688,985 at IsoSpriteManager.AddSprite          > duplicate texture f_bushes_2_26 ignore ID=1061914, use ID=457754.
[14-09-26 02:36:12.932] WARN : Sprite       f:0 st:219,688,985 at IsoSpriteManager.AddSprite          > duplicate texture f_bushes_2_27 ignore ID=1061915, use ID=457755.
[14-09-26 02:36:12.933] WARN : Sprite       f:0 st:219,688,985 at IsoSpriteManager.AddSprite          > duplicate texture f_bushes_2_28 ignore ID=1061916, use ID=457756.
[14-09-26 02:36:12.933] WARN : Sprite       f:0 st:219,688,986 at IsoSpriteManager.AddSprite          > duplicate texture f_bushes_2_29 ignore ID=1061917, use ID=457757.
[14-09-26 02:36:12.933] WARN : Sprite       f:0 st:219,688,986 at IsoSpriteManager.AddSprite          > duplicate texture f_bushes_2_30 ignore ID=1061918, use ID=457758.
[14-09-26 02:36:12.934] WARN : Sprite       f:0 st:219,688,986 at IsoSpriteManager.AddSprite          > duplicate texture f_bushes_2_31 ignore ID=1061919, use ID=457759.
[14-09-26 02:36:12.934] WARN : Sprite       f:0 st:219,688,987 at IsoSpriteManager.AddSprite          > duplicate texture f_bushes_2_32 ignore ID=1061920, use ID=457760.
[14-09-26 02:36:12.934] WARN : Sprite       f:0 st:219,688,987 at IsoSpriteManager.AddSprite          > duplicate texture f_bushes_2_33 ignore ID=1061921, use ID=457761.
[14-09-26 02:36:12.934] WARN : Sprite       f:0 st:219,688,987 at IsoSpriteManager.AddSprite          > duplicate texture f_bushes_2_34 ignore ID=1061922, use ID=457762.
[14-09-26 02:36:12.935] WARN : Sprite       f:0 st:219,688,988 at IsoSpriteManager.AddSprite          > duplicate texture f_bushes_2_35 ignore ID=1061923, use ID=457763.
[14-09-26 02:36:12.935] WARN : Sprite       f:0 st:219,688,988 at IsoSpriteManager.AddSprite          > duplicate texture f_bushes_2_36 ignore ID=1061924, use ID=457764.
[14-09-26 02:36:12.935] WARN : Sprite       f:0 st:219,688,988 at IsoSpriteManager.AddSprite          > duplicate texture f_bushes_2_37 ignore ID=1061925, use ID=457765.
[14-09-26 02:36:12.936] WARN : Sprite       f:0 st:219,688,989 at IsoSpriteManager.AddSprite          > duplicate texture f_bushes_2_38 ignore ID=1061926, use ID=457766.
[14-09-26 02:36:12.936] WARN : Sprite       f:0 st:219,688,989 at IsoSpriteManager.AddSprite          > duplicate texture f_bushes_2_39 ignore ID=1061927, use ID=457767.
[14-09-26 02:36:12.936] WARN : Sprite       f:0 st:219,688,989 at IsoSpriteManager.AddSprite          > duplicate texture f_bushes_2_40 ignore ID=1061928, use ID=457768.
[14-09-26 02:36:12.936] WARN : Sprite       f:0 st:219,688,989 at IsoSpriteManager.AddSprite          > duplicate texture f_bushes_2_41 ignore ID=1061929, use ID=457769.
[14-09-26 02:36:12.937] WARN : Sprite       f:0 st:219,688,990 at IsoSpriteManager.AddSprite          > duplicate texture f_bushes_2_42 ignore ID=1061930, use ID=457770.
[14-09-26 02:36:12.937] WARN : Sprite       f:0 st:219,688,990 at IsoSpriteManager.AddSprite          > duplicate texture f_bushes_2_43 ignore ID=1061931, use ID=457771.
[14-09-26 02:36:12.937] WARN : Sprite       f:0 st:219,688,990 at IsoSpriteManager.AddSprite          > duplicate texture f_bushes_2_44 ignore ID=1061932, use ID=457772.
[14-09-26 02:36:12.937] WARN : Sprite       f:0 st:219,688,990 at IsoSpriteManager.AddSprite          > duplicate texture f_bushes_2_45 ignore ID=1061933, use ID=457773.
[14-09-26 02:36:12.937] WARN : Sprite       f:0 st:219,688,991 at IsoSpriteManager.AddSprite          > duplicate texture f_bushes_2_46 ignore ID=1061934, use ID=457774.
[14-09-26 02:36:12.937] WARN : Sprite       f:0 st:219,688,991 at IsoSpriteManager.AddSprite          > duplicate texture f_bushes_2_47 ignore ID=1061935, use ID=457775.
[14-09-26 02:36:12.939] WARN : Sprite       f:0 st:219,688,991 at IsoSpriteManager.AddSprite          > duplicate texture f_bushes_2_48 ignore ID=1061936, use ID=457776.
[14-09-26 02:36:12.939] WARN : Sprite       f:0 st:219,688,991 at IsoSpriteManager.AddSprite          > duplicate texture f_bushes_2_49 ignore ID=1061937, use ID=457777.
[14-09-26 02:36:12.939] WARN : Sprite       f:0 st:219,688,991 at IsoSpriteManager.AddSprite          > duplicate texture f_bushes_2_50 ignore ID=1061938, use ID=457778.
[14-09-26 02:36:12.940] WARN : Sprite       f:0 st:219,688,992 at IsoSpriteManager.AddSprite          > duplicate texture f_bushes_2_51 ignore ID=1061939, use ID=457779.
[14-09-26 02:36:12.940] WARN : Sprite       f:0 st:219,688,992 at IsoSpriteManager.AddSprite          > duplicate texture f_bushes_2_52 ignore ID=1061940, use ID=457780.
[14-09-26 02:36:12.940] WARN : Sprite       f:0 st:219,688,992 at IsoSpriteManager.AddSprite          > duplicate texture f_bushes_2_53 ignore ID=1061941, use ID=457781.
[14-09-26 02:36:12.940] WARN : Sprite       f:0 st:219,688,993 at IsoSpriteManager.AddSprite          > duplicate texture f_bushes_2_54 ignore ID=1061942, use ID=457782.
[14-09-26 02:36:12.941] WARN : Sprite       f:0 st:219,688,993 at IsoSpriteManager.AddSprite          > duplicate texture f_bushes_2_55 ignore ID=1061943, use ID=457783.
[14-09-26 02:36:12.941] WARN : Sprite       f:0 st:219,688,993 at IsoSpriteManager.AddSprite          > duplicate texture f_bushes_2_56 ignore ID=1061944, use ID=457784.
[14-09-26 02:36:12.941] WARN : Sprite       f:0 st:219,688,993 at IsoSpriteManager.AddSprite          > duplicate texture f_bushes_2_57 ignore ID=1061945, use ID=457785.
[14-09-26 02:36:12.941] WARN : Sprite       f:0 st:219,688,994 at IsoSpriteManager.AddSprite          > duplicate texture f_bushes_2_58 ignore ID=1061946, use ID=457786.
[14-09-26 02:36:12.942] WARN : Sprite       f:0 st:219,688,994 at IsoSpriteManager.AddSprite          > duplicate texture f_bushes_2_59 ignore ID=1061947, use ID=457787.
[14-09-26 02:36:12.942] WARN : Sprite       f:0 st:219,688,994 at IsoSpriteManager.AddSprite          > duplicate texture f_bushes_2_60 ignore ID=1061948, use ID=457788.
[14-09-26 02:36:12.942] WARN : Sprite       f:0 st:219,688,994 at IsoSpriteManager.AddSprite          > duplicate texture f_bushes_2_61 ignore ID=1061949, use ID=457789.
[14-09-26 02:36:12.942] WARN : Sprite       f:0 st:219,688,995 at IsoSpriteManager.AddSprite          > duplicate texture f_bushes_2_62 ignore ID=1061950, use ID=457790.
[14-09-26 02:36:12.943] WARN : Sprite       f:0 st:219,688,995 at IsoSpriteManager.AddSprite          > duplicate texture f_bushes_2_63 ignore ID=1061951, use ID=457791.
[14-09-26 02:36:12.943] WARN : Sprite       f:0 st:219,688,995 at IsoSpriteManager.AddSprite          > duplicate texture f_bushes_2_64 ignore ID=1061952, use ID=457792.
[14-09-26 02:36:12.943] WARN : Sprite       f:0 st:219,688,995 at IsoSpriteManager.AddSprite          > duplicate texture f_bushes_2_65 ignore ID=1061953, use ID=457793.
[14-09-26 02:36:12.943] WARN : Sprite       f:0 st:219,688,996 at IsoSpriteManager.AddSprite          > duplicate texture f_bushes_2_66 ignore ID=1061954, use ID=457794.
[14-09-26 02:36:12.943] WARN : Sprite       f:0 st:219,688,996 at IsoSpriteManager.AddSprite          > duplicate texture f_bushes_2_67 ignore ID=1061955, use ID=457795.
[14-09-26 02:36:12.944] WARN : Sprite       f:0 st:219,688,996 at IsoSpriteManager.AddSprite          > duplicate texture f_bushes_2_68 ignore ID=1061956, use ID=457796.
[14-09-26 02:36:12.944] WARN : Sprite       f:0 st:219,688,996 at IsoSpriteManager.AddSprite          > duplicate texture f_bushes_2_69 ignore ID=1061957, use ID=457797.
[14-09-26 02:36:12.944] WARN : Sprite       f:0 st:219,688,996 at IsoSpriteManager.AddSprite          > duplicate texture f_bushes_2_70 ignore ID=1061958, use ID=457798.
[14-09-26 02:36:12.944] WARN : Sprite       f:0 st:219,688,997 at IsoSpriteManager.AddSprite          > duplicate texture f_bushes_2_71 ignore ID=1061959, use ID=457799.
[14-09-26 02:36:12.945] WARN : Sprite       f:0 st:219,688,997 at IsoSpriteManager.AddSprite          > duplicate texture f_bushes_2_72 ignore ID=1061960, use ID=457800.
[14-09-26 02:36:12.945] WARN : Sprite       f:0 st:219,688,997 at IsoSpriteManager.AddSprite          > duplicate texture f_bushes_2_73 ignore ID=1061961, use ID=457801.
[14-09-26 02:36:12.945] WARN : Sprite       f:0 st:219,688,997 at IsoSpriteManager.AddSprite          > duplicate texture f_bushes_2_74 ignore ID=1061962, use ID=457802.
[14-09-26 02:36:12.945] WARN : Sprite       f:0 st:219,688,998 at IsoSpriteManager.AddSprite          > duplicate texture f_bushes_2_75 ignore ID=1061963, use ID=457803.
[14-09-26 02:36:12.946] WARN : Sprite       f:0 st:219,688,998 at IsoSpriteManager.AddSprite          > duplicate texture f_bushes_2_76 ignore ID=1061964, use ID=457804.
[14-09-26 02:36:12.946] WARN : Sprite       f:0 st:219,688,998 at IsoSpriteManager.AddSprite          > duplicate texture f_bushes_2_77 ignore ID=1061965, use ID=457805.
[14-09-26 02:36:12.946] WARN : Sprite       f:0 st:219,688,999 at IsoSpriteManager.AddSprite          > duplicate texture f_bushes_2_78 ignore ID=1061966, use ID=457806.
[14-09-26 02:36:12.946] WARN : Sprite       f:0 st:219,688,999 at IsoSpriteManager.AddSprite          > duplicate texture f_bushes_2_79 ignore ID=1061967, use ID=457807.
[14-09-26 02:36:12.948] WARN : Sprite       f:0 st:219,689,001 at IsoSpriteManager.AddSprite          > duplicate texture floors_overlay_wood_01_0 ignore ID=1574400, use ID=468992.
[14-09-26 02:36:12.949] WARN : Sprite       f:0 st:219,689,001 at IsoSpriteManager.AddSprite          > duplicate texture floors_overlay_wood_01_1 ignore ID=1574401, use ID=468993.
[14-09-26 02:36:12.954] WARN : Sprite       f:0 st:219,689,007 at IsoSpriteManager.AddSprite          > duplicate texture floors_overlay_wood_01_2 ignore ID=1574402, use ID=468994.
[14-09-26 02:36:12.955] WARN : Sprite       f:0 st:219,689,007 at IsoSpriteManager.AddSprite          > duplicate texture floors_overlay_wood_01_3 ignore ID=1574403, use ID=468995.
[14-09-26 02:36:12.955] WARN : Sprite       f:0 st:219,689,008 at IsoSpriteManager.AddSprite          > duplicate texture floors_overlay_wood_01_4 ignore ID=1574404, use ID=468996.
[14-09-26 02:36:12.956] WARN : Sprite       f:0 st:219,689,008 at IsoSpriteManager.AddSprite          > duplicate texture floors_overlay_wood_01_5 ignore ID=1574405, use ID=468997.
[14-09-26 02:36:12.956] WARN : Sprite       f:0 st:219,689,009 at IsoSpriteManager.AddSprite          > duplicate texture floors_overlay_wood_01_6 ignore ID=1574406, use ID=468998.
[14-09-26 02:36:12.956] WARN : Sprite       f:0 st:219,689,009 at IsoSpriteManager.AddSprite          > duplicate texture floors_overlay_wood_01_7 ignore ID=1574407, use ID=468999.
[14-09-26 02:36:12.956] WARN : Sprite       f:0 st:219,689,009 at IsoSpriteManager.AddSprite          > duplicate texture floors_overlay_wood_01_8 ignore ID=1574408, use ID=469000.
[14-09-26 02:36:12.957] WARN : Sprite       f:0 st:219,689,009 at IsoSpriteManager.AddSprite          > duplicate texture floors_overlay_wood_01_9 ignore ID=1574409, use ID=469001.
[14-09-26 02:36:12.957] WARN : Sprite       f:0 st:219,689,010 at IsoSpriteManager.AddSprite          > duplicate texture floors_overlay_wood_01_10 ignore ID=1574410, use ID=469002.
[14-09-26 02:36:12.957] WARN : Sprite       f:0 st:219,689,010 at IsoSpriteManager.AddSprite          > duplicate texture floors_overlay_wood_01_11 ignore ID=1574411, use ID=469003.
[14-09-26 02:36:12.958] WARN : Sprite       f:0 st:219,689,010 at IsoSpriteManager.AddSprite          > duplicate texture floors_overlay_wood_01_12 ignore ID=1574412, use ID=469004.
[14-09-26 02:36:12.958] WARN : Sprite       f:0 st:219,689,010 at IsoSpriteManager.AddSprite          > duplicate texture floors_overlay_wood_01_13 ignore ID=1574413, use ID=469005.
[14-09-26 02:36:12.958] WARN : Sprite       f:0 st:219,689,011 at IsoSpriteManager.AddSprite          > duplicate texture floors_overlay_wood_01_14 ignore ID=1574414, use ID=469006.
[14-09-26 02:36:12.958] WARN : Sprite       f:0 st:219,689,011 at IsoSpriteManager.AddSprite          > duplicate texture floors_overlay_wood_01_15 ignore ID=1574415, use ID=469007.
[14-09-26 02:36:12.959] WARN : Sprite       f:0 st:219,689,011 at IsoSpriteManager.AddSprite          > duplicate texture floors_overlay_wood_01_16 ignore ID=1574416, use ID=469008.
[14-09-26 02:36:12.959] WARN : Sprite       f:0 st:219,689,011 at IsoSpriteManager.AddSprite          > duplicate texture floors_overlay_wood_01_17 ignore ID=1574417, use ID=469009.
[14-09-26 02:36:12.959] WARN : Sprite       f:0 st:219,689,012 at IsoSpriteManager.AddSprite          > duplicate texture floors_overlay_wood_01_18 ignore ID=1574418, use ID=469010.
[14-09-26 02:36:12.959] WARN : Sprite       f:0 st:219,689,012 at IsoSpriteManager.AddSprite          > duplicate texture floors_overlay_wood_01_19 ignore ID=1574419, use ID=469011.
[14-09-26 02:36:12.959] WARN : Sprite       f:0 st:219,689,012 at IsoSpriteManager.AddSprite          > duplicate texture floors_overlay_wood_01_20 ignore ID=1574420, use ID=469012.
[14-09-26 02:36:12.959] WARN : Sprite       f:0 st:219,689,012 at IsoSpriteManager.AddSprite          > duplicate texture floors_overlay_wood_01_21 ignore ID=1574421, use ID=469013.
[14-09-26 02:36:12.961] WARN : Sprite       f:0 st:219,689,013 at IsoSpriteManager.AddSprite          > duplicate texture floors_overlay_wood_01_22 ignore ID=1574422, use ID=469014.
[14-09-26 02:36:12.961] WARN : Sprite       f:0 st:219,689,013 at IsoSpriteManager.AddSprite          > duplicate texture floors_overlay_wood_01_23 ignore ID=1574423, use ID=469015.
[14-09-26 02:36:12.961] WARN : Sprite       f:0 st:219,689,013 at IsoSpriteManager.AddSprite          > duplicate texture floors_overlay_wood_01_24 ignore ID=1574424, use ID=469016.
[14-09-26 02:36:12.961] WARN : Sprite       f:0 st:219,689,013 at IsoSpriteManager.AddSprite          > duplicate texture floors_overlay_wood_01_25 ignore ID=1574425, use ID=469017.
[14-09-26 02:36:12.962] WARN : Sprite       f:0 st:219,689,014 at IsoSpriteManager.AddSprite          > duplicate texture floors_overlay_wood_01_26 ignore ID=1574426, use ID=469018.
[14-09-26 02:36:12.962] WARN : Sprite       f:0 st:219,689,014 at IsoSpriteManager.AddSprite          > duplicate texture floors_overlay_wood_01_27 ignore ID=1574427, use ID=469019.
[14-09-26 02:36:12.962] WARN : Sprite       f:0 st:219,689,014 at IsoSpriteManager.AddSprite          > duplicate texture floors_overlay_wood_01_28 ignore ID=1574428, use ID=469020.
[14-09-26 02:36:12.962] WARN : Sprite       f:0 st:219,689,014 at IsoSpriteManager.AddSprite          > duplicate texture floors_overlay_wood_01_29 ignore ID=1574429, use ID=469021.
[14-09-26 02:36:12.963] WARN : Sprite       f:0 st:219,689,015 at IsoSpriteManager.AddSprite          > duplicate texture floors_overlay_wood_01_30 ignore ID=1574430, use ID=469022.
[14-09-26 02:36:12.963] WARN : Sprite       f:0 st:219,689,015 at IsoSpriteManager.AddSprite          > duplicate texture floors_overlay_wood_01_31 ignore ID=1574431, use ID=469023.
[14-09-26 02:36:12.963] WARN : Sprite       f:0 st:219,689,015 at IsoSpriteManager.AddSprite          > duplicate texture floors_overlay_wood_01_32 ignore ID=1574432, use ID=469024.
[14-09-26 02:36:12.964] WARN : Sprite       f:0 st:219,689,016 at IsoSpriteManager.AddSprite          > duplicate texture floors_overlay_wood_01_33 ignore ID=1574433, use ID=469025.
[14-09-26 02:36:12.964] WARN : Sprite       f:0 st:219,689,016 at IsoSpriteManager.AddSprite          > duplicate texture floors_overlay_wood_01_34 ignore ID=1574434, use ID=469026.
[14-09-26 02:36:12.964] WARN : Sprite       f:0 st:219,689,017 at IsoSpriteManager.AddSprite          > duplicate texture floors_overlay_wood_01_35 ignore ID=1574435, use ID=469027.
[14-09-26 02:36:12.965] WARN : Sprite       f:0 st:219,689,017 at IsoSpriteManager.AddSprite          > duplicate texture floors_overlay_wood_01_36 ignore ID=1574436, use ID=469028.
[14-09-26 02:36:12.965] WARN : Sprite       f:0 st:219,689,017 at IsoSpriteManager.AddSprite          > duplicate texture floors_overlay_wood_01_37 ignore ID=1574437, use ID=469029.
[14-09-26 02:36:12.965] WARN : Sprite       f:0 st:219,689,017 at IsoSpriteManager.AddSprite          > duplicate texture floors_overlay_wood_01_38 ignore ID=1574438, use ID=469030.
[14-09-26 02:36:12.965] WARN : Sprite       f:0 st:219,689,018 at IsoSpriteManager.AddSprite          > duplicate texture floors_overlay_wood_01_39 ignore ID=1574439, use ID=469031.
[14-09-26 02:36:12.967] WARN : Sprite       f:0 st:219,689,019 at IsoSpriteManager.AddSprite          > duplicate texture floors_overlay_wood_01_40 ignore ID=1574440, use ID=469032.
[14-09-26 02:36:12.967] WARN : Sprite       f:0 st:219,689,020 at IsoSpriteManager.AddSprite          > duplicate texture floors_overlay_wood_01_41 ignore ID=1574441, use ID=469033.
[14-09-26 02:36:12.968] WARN : Sprite       f:0 st:219,689,021 at IsoSpriteManager.AddSprite          > duplicate texture floors_overlay_wood_01_42 ignore ID=1574442, use ID=469034.
[14-09-26 02:36:12.969] WARN : Sprite       f:0 st:219,689,021 at IsoSpriteManager.AddSprite          > duplicate texture floors_overlay_wood_01_43 ignore ID=1574443, use ID=469035.
[14-09-26 02:36:12.969] WARN : Sprite       f:0 st:219,689,021 at IsoSpriteManager.AddSprite          > duplicate texture floors_overlay_wood_01_44 ignore ID=1574444, use ID=469036.
[14-09-26 02:36:12.969] WARN : Sprite       f:0 st:219,689,022 at IsoSpriteManager.AddSprite          > duplicate texture floors_overlay_wood_01_45 ignore ID=1574445, use ID=469037.
[14-09-26 02:36:12.970] WARN : Sprite       f:0 st:219,689,022 at IsoSpriteManager.AddSprite          > duplicate texture floors_overlay_wood_01_46 ignore ID=1574446, use ID=469038.
[14-09-26 02:36:12.970] WARN : Sprite       f:0 st:219,689,022 at IsoSpriteManager.AddSprite          > duplicate texture floors_overlay_wood_01_47 ignore ID=1574447, use ID=469039.
[14-09-26 02:36:12.970] WARN : Sprite       f:0 st:219,689,022 at IsoSpriteManager.AddSprite          > duplicate texture floors_overlay_wood_01_48 ignore ID=1574448, use ID=469040.
[14-09-26 02:36:12.970] WARN : Sprite       f:0 st:219,689,022 at IsoSpriteManager.AddSprite          > duplicate texture floors_overlay_wood_01_49 ignore ID=1574449, use ID=469041.
[14-09-26 02:36:12.971] WARN : Sprite       f:0 st:219,689,023 at IsoSpriteManager.AddSprite          > duplicate texture floors_overlay_wood_01_50 ignore ID=1574450, use ID=469042.
[14-09-26 02:36:12.971] WARN : Sprite       f:0 st:219,689,023 at IsoSpriteManager.AddSprite          > duplicate texture floors_overlay_wood_01_51 ignore ID=1574451, use ID=469043.
[14-09-26 02:36:12.971] WARN : Sprite       f:0 st:219,689,023 at IsoSpriteManager.AddSprite          > duplicate texture floors_overlay_wood_01_52 ignore ID=1574452, use ID=469044.
[14-09-26 02:36:12.971] WARN : Sprite       f:0 st:219,689,023 at IsoSpriteManager.AddSprite          > duplicate texture floors_overlay_wood_01_53 ignore ID=1574453, use ID=469045.
[14-09-26 02:36:12.971] WARN : Sprite       f:0 st:219,689,023 at IsoSpriteManager.AddSprite          > duplicate texture floors_overlay_wood_01_54 ignore ID=1574454, use ID=469046.
[14-09-26 02:36:12.972] WARN : Sprite       f:0 st:219,689,024 at IsoSpriteManager.AddSprite          > duplicate texture floors_overlay_wood_01_55 ignore ID=1574455, use ID=469047.
[14-09-26 02:36:12.972] WARN : Sprite       f:0 st:219,689,024 at IsoSpriteManager.AddSprite          > duplicate texture floors_overlay_wood_01_56 ignore ID=1574456, use ID=469048.
[14-09-26 02:36:12.972] WARN : Sprite       f:0 st:219,689,024 at IsoSpriteManager.AddSprite          > duplicate texture floors_overlay_wood_01_57 ignore ID=1574457, use ID=469049.
[14-09-26 02:36:12.972] WARN : Sprite       f:0 st:219,689,024 at IsoSpriteManager.AddSprite          > duplicate texture floors_overlay_wood_01_58 ignore ID=1574458, use ID=469050.
[14-09-26 02:36:12.972] WARN : Sprite       f:0 st:219,689,025 at IsoSpriteManager.AddSprite          > duplicate texture floors_overlay_wood_01_59 ignore ID=1574459, use ID=469051.
[14-09-26 02:36:12.973] WARN : Sprite       f:0 st:219,689,025 at IsoSpriteManager.AddSprite          > duplicate texture floors_overlay_wood_01_60 ignore ID=1574460, use ID=469052.
[14-09-26 02:36:12.973] WARN : Sprite       f:0 st:219,689,025 at IsoSpriteManager.AddSprite          > duplicate texture floors_overlay_wood_01_61 ignore ID=1574461, use ID=469053.
[14-09-26 02:36:12.973] WARN : Sprite       f:0 st:219,689,025 at IsoSpriteManager.AddSprite          > duplicate texture floors_overlay_wood_01_62 ignore ID=1574462, use ID=469054.
[14-09-26 02:36:12.973] WARN : Sprite       f:0 st:219,689,025 at IsoSpriteManager.AddSprite          > duplicate texture floors_overlay_wood_01_63 ignore ID=1574463, use ID=469055.
[14-09-26 02:36:12.973] WARN : Sprite       f:0 st:219,689,026 at IsoSpriteManager.AddSprite          > duplicate texture floors_overlay_wood_01_64 ignore ID=1574464, use ID=469056.
[14-09-26 02:36:12.974] WARN : Sprite       f:0 st:219,689,026 at IsoSpriteManager.AddSprite          > duplicate texture floors_overlay_wood_01_65 ignore ID=1574465, use ID=469057.
[14-09-26 02:36:12.974] WARN : Sprite       f:0 st:219,689,026 at IsoSpriteManager.AddSprite          > duplicate texture floors_overlay_wood_01_66 ignore ID=1574466, use ID=469058.
[14-09-26 02:36:12.974] WARN : Sprite       f:0 st:219,689,026 at IsoSpriteManager.AddSprite          > duplicate texture floors_overlay_wood_01_67 ignore ID=1574467, use ID=469059.
[14-09-26 02:36:12.974] WARN : Sprite       f:0 st:219,689,027 at IsoSpriteManager.AddSprite          > duplicate texture floors_overlay_wood_01_68 ignore ID=1574468, use ID=469060.
[14-09-26 02:36:12.975] WARN : Sprite       f:0 st:219,689,027 at IsoSpriteManager.AddSprite          > duplicate texture floors_overlay_wood_01_69 ignore ID=1574469, use ID=469061.
[14-09-26 02:36:12.975] WARN : Sprite       f:0 st:219,689,027 at IsoSpriteManager.AddSprite          > duplicate texture floors_overlay_wood_01_70 ignore ID=1574470, use ID=469062.
[14-09-26 02:36:12.975] WARN : Sprite       f:0 st:219,689,027 at IsoSpriteManager.AddSprite          > duplicate texture floors_overlay_wood_01_71 ignore ID=1574471, use ID=469063.
[14-09-26 02:36:13.038] LOG  : General      f:0 st:219,689,091> LoadTileDefinitions end.
[14-09-26 02:36:13.056] LOG  : General      f:0 st:219,689,109> triggerEvent OnLoadedTileDefinitions.
[14-09-26 02:36:13.185] LOG  : General      f:0 st:219,689,238> loadAnimalDefinitions start.
[14-09-26 02:36:13.195] LOG  : General      f:0 st:219,689,248> loadAnimalDefinitions end.
[14-09-26 02:36:13.273] LOG  : General      f:0 st:219,689,326> GameTime.init() and load() start.
[14-09-26 02:36:13.275] LOG  : General      f:0 st:219,689,328> GameTime.init() and load() end.
[14-09-26 02:36:13.275] LOG  : General      f:0 st:219,689,328> ZomboidRadio.Init() start.
[14-09-26 02:36:13.309] LOG  : General      f:0 st:219,689,361> :: Searching for radio data files:.
[14-09-26 02:36:13.378] LOG  : General      f:0 st:219,689,430>  Found file: E:\SteamLibrary\steamapps\common\ProjectZomboid\media\radio\RadioData.xml.
[14-09-26 02:36:13.378] LOG  : General      f:0 st:219,689,430> :: Searching for translation files:.
[14-09-26 02:36:13.415] LOG  : Lua          f:0 st:219,689,468> scriptmanager = zombie.radio.scripting.RadioScriptManager@7d4d3842, isNewGame = false.
[14-09-26 02:36:13.416] LOG  : Lua          f:0 st:219,689,468> name = Automated Emergency Broadcast System, freq = 107800, cat = Emergency, uuid = EMRG-711984.
[14-09-26 02:36:13.418] LOG  : General      f:0 st:219,689,471> Radio Loading channels....
[14-09-26 02:36:13.418] LOG  : General      f:0 st:219,689,471> ZomboidRadio.Init() end.
[14-09-26 02:36:13.418] LOG  : General      f:0 st:219,689,471> GlobalModData.init() start.
[14-09-26 02:36:13.419] LOG  : General      f:0 st:219,689,472> GlobalModData.init() end.
[14-09-26 02:36:13.419] LOG  : General      f:0 st:219,689,472> InstanceTracker.load() start.
[14-09-26 02:36:13.424] LOG  : General      f:0 st:219,689,476> InstanceTracker.load() end.
[14-09-26 02:36:13.424] LOG  : General      f:0 st:219,689,477> ErosionGlobals.Boot() start.
[14-09-26 02:36:13.447] LOG  : General      f:0 st:219,689,499> ErosionGlobals.Boot() end.
[14-09-26 02:36:13.447] LOG  : General      f:0 st:219,689,499> WorldDictionary.init() start.
[14-09-26 02:36:13.448] LOG  : General      f:0 st:219,689,500> WorldDictionary: Checking dictionary....
[14-09-26 02:36:13.455] LOG  : General      f:0 st:219,689,507> Loading WorldDictionary:E:\pzmod\test-profile\mp-server\Saves\Multiplayer\servertest\WorldDictionary.bin.
[14-09-26 02:36:13.550] LOG  : General      f:0 st:219,689,602> WorldDictionary.init() end.
[14-09-26 02:36:13.551] LOG  : General      f:0 st:219,689,604> GameEntityManager.Init() start.
[14-09-26 02:36:13.562] LOG  : General      f:0 st:219,689,614> GameEntityManager.Init() end.
[14-09-26 02:36:13.562] LOG  : General      f:0 st:219,689,614> PersistentOutfits.init() start.
[14-09-26 02:36:13.569] LOG  : General      f:0 st:219,689,622> PersistentOutfits.init() end.
[14-09-26 02:36:13.622] LOG  : General      f:0 st:219,689,675> IsoMetaGrid.Create: finished loading in 1.799 seconds.
[14-09-26 02:36:14.389] ERROR: Lua          f:0 st:219,690,442 at Lua(Vanilla).handleMannequinZone    > ERROR: Mannequin zone missing properties in media/maps/Muldraugh, KY/objects.lua coords: 13583, 1299, 0.
[14-09-26 02:36:15.027] ERROR: General      f:0 st:219,691,079 at Basements.mergeRoomsOntoMetaCell    > duplicate RoomDef.metaID for room at 10707,9484,0.
[14-09-26 02:36:15.132] ERROR: General      f:0 st:219,691,185 at IsoMetaGrid.load                    > invalid room metaID #231 in cell 25,33 while reading map_meta.bin.
[14-09-26 02:36:15.132] ERROR: General      f:0 st:219,691,185 at IsoMetaGrid.load                    > invalid room metaID #327914 in cell 25,33 while reading map_meta.bin.
[14-09-26 02:36:15.133] ERROR: General      f:0 st:219,691,185 at IsoMetaGrid.load                    > invalid room metaID #327911 in cell 25,33 while reading map_meta.bin.
[14-09-26 02:36:15.133] ERROR: General      f:0 st:219,691,185 at IsoMetaGrid.load                    > invalid room metaID #655594 in cell 25,33 while reading map_meta.bin.
[14-09-26 02:36:15.182] LOG  : General      f:0 st:219,691,234> loading 9774 zones from map_zone.bin.
[14-09-26 02:36:15.377] LOG  : General      f:0 st:219,691,429> loading 126 zones from map_animals.bin.
[14-09-26 02:36:15.411] LOG  : General      f:0 st:219,691,463> Max #ZONES on one chunk is 27.
[14-09-26 02:36:15.411] LOG  : General      f:0 st:219,691,463> triggerEvent OnLoadedMapZones.
[14-09-26 02:36:15.674] LOG  : General      f:0 st:219,691,727> ItemConfigurator.Preprocess() start.
[14-09-26 02:36:15.704] LOG  : General      f:0 st:219,691,757> ItemConfigurator.Preprocess() end.
[14-09-26 02:36:15.708] LOG  : General      f:0 st:219,691,761> MapCollisionData.init() start.
[14-09-26 02:36:16.246] LOG  : General      f:0 st:219,692,299> MapCollisionData.init() end.
[14-09-26 02:36:16.246] LOG  : General      f:0 st:219,692,299> AnimalPopulationManager.init() start.
[14-09-26 02:36:16.260] LOG  : General      f:0 st:219,692,313> AnimalPopulationManager.init() end.
[14-09-26 02:36:16.260] LOG  : General      f:0 st:219,692,313> ZombiePopulationManager.init() start.
[14-09-26 02:36:16.289] LOG  : General      f:0 st:219,692,341> ZombiePopulationManager.init() end.
[14-09-26 02:36:16.289] LOG  : General      f:0 st:219,692,342> Pathfind init() start.
[14-09-26 02:36:16.301] LOG  : General      f:0 st:219,692,353> Pathfind init() end.
[14-09-26 02:36:16.301] LOG  : General      f:0 st:219,692,354> WorldStreamer.create() start.
[14-09-26 02:36:16.302] LOG  : General      f:0 st:219,692,355> WorldStreamer.create() end.
[14-09-26 02:36:16.302] LOG  : General      f:0 st:219,692,355> CellLoader.LoadCellBinaryChunk start.
[14-09-26 02:36:16.304] LOG  : General      f:0 st:219,692,357> CellLoader.LoadCellBinaryChunk start.
[14-09-26 02:36:16.304] LOG  : General      f:0 st:219,692,358> WorldStreamer.isBusy() loop start.
[14-09-26 02:36:16.305] LOG  : General      f:0 st:219,692,358> WorldStreamer.isBusy() loop end.
[14-09-26 02:36:16.314] LOG  : General      f:0 st:219,692,367> MetaTracker.load() start.
[14-09-26 02:36:16.314] LOG  : General      f:0 st:219,692,367> MetaTracker.load() end.
[14-09-26 02:36:16.348] LOG  : Network      f:0 st:219,692,400> Initialising RakNet....
[14-09-26 02:36:16.364] LOG  : Network      f:0 st:219,692,417> *** SERVER STARTED ****.
[14-09-26 02:36:16.364] LOG  : Network      f:0 st:219,692,417> *** Steam is not enabled.
[14-09-26 02:36:16.365] LOG  : Lua          f:0 st:219,692,418> LuaNet: Initializing....
[14-09-26 02:36:16.366] LOG  : Lua          f:0 st:219,692,418> LuaNet: Registering server listener....
[14-09-26 02:36:16.366] LOG  : Lua          f:0 st:219,692,419> LuaNet: Initialization [DONE], triggering events for 'LuaNet.onInitAdd'..
[14-09-26 02:36:18.111] LOG  : General      f:1 st:219,694,163> Missing texture: media/textures/weather/fogwhite.png.
[14-09-26 02:36:42.171] WARN : Packet       f:242 st:219,718,224 at PacketsCache.<init>                 > No packet handler for type: Drink, EatBody, SandboxOptions, ReceiveCommand, Ping, SpawnRegion, WorldMapPlayerPosition, WorldMap, AddAmbient, ZombieSound, PlaySoundEveryPlayer, StartRain, StopRain, ClimateManagerPacket, IsoRegionServerPacket, IsoRegionClientRequestFullUpdate, SyncIsoObject, ClientCommand, BloodSplatter, ZombieDescriptors, UpdateItemSprite, SyncCompost, SyncPerks, SyncEquippedRadioFreq, AddAlarm, ChangeTextColor, ChunkObjectStateResponse, StartFishSplash, FishingData, ToxicBuilding, InvMngReqItem, InvMngGetItem, InvMngRemoveItem, InvMngUpdateItem, ChangePlayerStats, ConstructedZone, ViewBannedIPs, ViewBannedSteamIDs, InitPlayerChat, PlayerJoinChat, PlayerLeaveChat, ChatMessageFromPlayer, ChatMessageToPlayer, PlayerStartPMChat, AddChatTab, RemoveChatTab, PlayerConnectedToChat, PlayerNotFound, PlayerListensChannel, RadioServerData, RadioDeviceDataState, RadioPostSilenceEvent, SyncRadioData, SendItemListNet.
[14-09-26 02:36:42.185] LOG  : Network      f:242 st:219,718,238> Connected new client 459367381690383676 ID # 0.
[14-09-26 02:36:47.590] WARN : Packet       f:296 st:219,723,642 at PacketsCache.<init>                 > No packet handler for type: Drink, EatBody, SandboxOptions, ReceiveCommand, Ping, SpawnRegion, WorldMapPlayerPosition, WorldMap, AddAmbient, ZombieSound, PlaySoundEveryPlayer, StartRain, StopRain, ClimateManagerPacket, IsoRegionServerPacket, IsoRegionClientRequestFullUpdate, SyncIsoObject, ClientCommand, BloodSplatter, ZombieDescriptors, UpdateItemSprite, SyncCompost, SyncPerks, SyncEquippedRadioFreq, AddAlarm, ChangeTextColor, ChunkObjectStateResponse, StartFishSplash, FishingData, ToxicBuilding, InvMngReqItem, InvMngGetItem, InvMngRemoveItem, InvMngUpdateItem, ChangePlayerStats, ConstructedZone, ViewBannedIPs, ViewBannedSteamIDs, InitPlayerChat, PlayerJoinChat, PlayerLeaveChat, ChatMessageFromPlayer, ChatMessageToPlayer, PlayerStartPMChat, AddChatTab, RemoveChatTab, PlayerConnectedToChat, PlayerNotFound, PlayerListensChannel, RadioServerData, RadioDeviceDataState, RadioPostSilenceEvent, SyncRadioData, SendItemListNet.
[14-09-26 02:36:47.598] LOG  : Network      f:296 st:219,723,651> Connected new client 1098878528782208172 ID # 4.
[14-09-26 02:37:16.369] LOG  : General      f:583 st:219,752,421> SaveAll took 28.4584 ms.
[14-09-26 02:37:16.369] LOG  : General      f:583 st:219,752,421> Saving players.
[14-09-26 02:37:16.429] LOG  : General      f:583 st:219,752,481> Saving worldgen params.
[14-09-26 02:37:16.437] LOG  : General      f:583 st:219,752,489> Saving GlobalModData.
[14-09-26 02:37:16.440] LOG  : General      f:583 st:219,752,493> Saving finish.
[14-09-26 02:37:16.440] LOG  : General      f:583 st:219,752,493> Saving took 101.7437 ms.
[14-09-26 02:37:19.614] WARN : ActionSystem f:615 st:219,755,666 at ActionState.parse                   > Canceled loading wrong transition from milkanimal to milkanimal in file to_milkanimal.xml.
[14-09-26 02:37:19.623] WARN : ActionSystem f:615 st:219,755,676 at ActionState.parse                   > Canceled loading wrong transition from petanimal to petanimal in file to_petanimal.xml.
[14-09-26 02:37:19.636] WARN : ActionSystem f:615 st:219,755,689 at ActionState.parse                   > Canceled loading wrong transition from shearanimal to shearanimal in file to_shearanimal.xml.
[14-09-26 02:37:20.327] WARN : ActionSystem f:622 st:219,756,379 at ActionState.parse                   > Canceled loading wrong transition from eating to eating in file to_eating.xml.
[14-09-26 02:37:20.330] WARN : ActionSystem f:622 st:219,756,383 at ActionState.parse                   > Canceled loading wrong transition from hitreaction to hitreaction in file to_hitreaction.xml.
[14-09-26 02:37:20.334] WARN : ActionSystem f:622 st:219,756,387 at ActionState.parse                   > Canceled loading wrong transition from pathfind to pathfind in file to_pathfind.xml.
[14-09-26 02:37:20.337] WARN : ActionSystem f:622 st:219,756,390 at ActionState.parse                   > Canceled loading wrong transition from trailer to trailer in file to_trailer.xml.
[14-09-26 02:37:20.340] WARN : ActionSystem f:622 st:219,756,393 at ActionState.parse                   > Canceled loading wrong transition from walk to walk in file to_walk.xml.
[14-09-26 02:37:20.356] WARN : ActionSystem f:622 st:219,756,409 at ActionState.parse                   > Canceled loading wrong transition from eating to eating in file to_eating.xml.
[14-09-26 02:37:20.360] WARN : ActionSystem f:622 st:219,756,413 at ActionState.parse                   > Canceled loading wrong transition from hitreaction to hitreaction in file to_hitreaction.xml.
[14-09-26 02:37:20.366] WARN : ActionSystem f:622 st:219,756,418 at ActionState.parse                   > Canceled loading wrong transition from pathfind to pathfind in file to_pathfind.xml.
[14-09-26 02:37:20.368] WARN : ActionSystem f:622 st:219,756,420 at ActionState.parse                   > Canceled loading wrong transition from trailer to trailer in file to_trailer.xml.
[14-09-26 02:37:20.372] WARN : ActionSystem f:622 st:219,756,425 at ActionState.parse                   > Canceled loading wrong transition from walk to walk in file to_walk.xml.
[14-09-26 02:37:20.893] WARN : Ragdoll      f:629 st:219,756,945 at SkinningBoneHierarchy.buildBoneHierarchy> SkeletonBone not resolved for bone: Bip01_HeadNub, defaulting to SkeletonBone.None.
[14-09-26 02:37:20.893] WARN : Ragdoll      f:629 st:219,756,946 at SkinningBoneHierarchy.buildBoneHierarchy> SkeletonBone not resolved for bone: Bip01_Tail, defaulting to SkeletonBone.None.
[14-09-26 02:37:20.894] WARN : Ragdoll      f:629 st:219,756,946 at SkinningBoneHierarchy.buildBoneHierarchy> SkeletonBone not resolved for bone: Bip01_L_Finger0Nub, defaulting to SkeletonBone.None.
[14-09-26 02:37:20.894] WARN : Ragdoll      f:629 st:219,756,946 at SkinningBoneHierarchy.buildBoneHierarchy> SkeletonBone not resolved for bone: Bip01_RightEar, defaulting to SkeletonBone.None.
[14-09-26 02:37:20.894] WARN : Ragdoll      f:629 st:219,756,947 at SkinningBoneHierarchy.buildBoneHierarchy> SkeletonBone not resolved for bone: Bip01_R_Toe0Nub, defaulting to SkeletonBone.None.
[14-09-26 02:37:20.894] WARN : Ragdoll      f:629 st:219,756,947 at SkinningBoneHierarchy.buildBoneHierarchy> SkeletonBone not resolved for bone: Bip01_Neck1, defaulting to SkeletonBone.None.
[14-09-26 02:37:20.894] WARN : Ragdoll      f:629 st:219,756,947 at SkinningBoneHierarchy.buildBoneHierarchy> SkeletonBone not resolved for bone: Bip01_R_Finger0Nub, defaulting to SkeletonBone.None.
[14-09-26 02:37:20.895] WARN : Ragdoll      f:629 st:219,756,947 at SkinningBoneHierarchy.buildBoneHierarchy> SkeletonBone not resolved for bone: Bip01_L_Toe0Nub, defaulting to SkeletonBone.None.
[14-09-26 02:37:20.895] WARN : Ragdoll      f:629 st:219,756,948 at SkinningBoneHierarchy.buildBoneHierarchy> SkeletonBone not resolved for bone: Bip01_LeftEarNub, defaulting to SkeletonBone.None.
[14-09-26 02:37:20.895] WARN : Ragdoll      f:629 st:219,756,948 at SkinningBoneHierarchy.buildBoneHierarchy> SkeletonBone not resolved for bone: Bip01_RightEarNub, defaulting to SkeletonBone.None.
[14-09-26 02:37:20.895] WARN : Ragdoll      f:629 st:219,756,948 at SkinningBoneHierarchy.buildBoneHierarchy> SkeletonBone not resolved for bone: Bip01_TailNub, defaulting to SkeletonBone.None.
[14-09-26 02:37:20.896] WARN : Ragdoll      f:629 st:219,756,948 at SkinningBoneHierarchy.buildBoneHierarchy> SkeletonBone not resolved for bone: Bip01_LeftEar, defaulting to SkeletonBone.None.
[14-09-26 02:37:20.897] WARN : Ragdoll      f:629 st:219,756,949 at SkinningBoneHierarchy.buildBoneHierarchy> SkeletonBone not resolved for bone: Bip01_HeadNub, defaulting to SkeletonBone.None.
[14-09-26 02:37:20.897] WARN : Ragdoll      f:629 st:219,756,950 at SkinningBoneHierarchy.buildBoneHierarchy> SkeletonBone not resolved for bone: Bip01_Tail, defaulting to SkeletonBone.None.
[14-09-26 02:37:20.897] WARN : Ragdoll      f:629 st:219,756,950 at SkinningBoneHierarchy.buildBoneHierarchy> SkeletonBone not resolved for bone: Bip01_L_Finger0Nub, defaulting to SkeletonBone.None.
[14-09-26 02:37:20.897] WARN : Ragdoll      f:629 st:219,756,950 at SkinningBoneHierarchy.buildBoneHierarchy> SkeletonBone not resolved for bone: Bip01_RightEar, defaulting to SkeletonBone.None.
[14-09-26 02:37:20.897] WARN : Ragdoll      f:629 st:219,756,950 at SkinningBoneHierarchy.buildBoneHierarchy> SkeletonBone not resolved for bone: Bip01_R_Toe0Nub, defaulting to SkeletonBone.None.
[14-09-26 02:37:20.898] WARN : Ragdoll      f:629 st:219,756,950 at SkinningBoneHierarchy.buildBoneHierarchy> SkeletonBone not resolved for bone: Bip01_Neck1, defaulting to SkeletonBone.None.
[14-09-26 02:37:20.898] WARN : Ragdoll      f:629 st:219,756,951 at SkinningBoneHierarchy.buildBoneHierarchy> SkeletonBone not resolved for bone: Bip01_R_Finger0Nub, defaulting to SkeletonBone.None.
[14-09-26 02:37:20.898] WARN : Ragdoll      f:629 st:219,756,951 at SkinningBoneHierarchy.buildBoneHierarchy> SkeletonBone not resolved for bone: Bip01_L_Toe0Nub, defaulting to SkeletonBone.None.
[14-09-26 02:37:20.898] WARN : Ragdoll      f:629 st:219,756,951 at SkinningBoneHierarchy.buildBoneHierarchy> SkeletonBone not resolved for bone: Bip01_LeftEarNub, defaulting to SkeletonBone.None.
[14-09-26 02:37:20.899] WARN : Ragdoll      f:629 st:219,756,951 at SkinningBoneHierarchy.buildBoneHierarchy> SkeletonBone not resolved for bone: Bip01_RightEarNub, defaulting to SkeletonBone.None.
[14-09-26 02:37:20.899] WARN : Ragdoll      f:629 st:219,756,952 at SkinningBoneHierarchy.buildBoneHierarchy> SkeletonBone not resolved for bone: Bip01_TailNub, defaulting to SkeletonBone.None.
[14-09-26 02:37:20.899] WARN : Ragdoll      f:629 st:219,756,952 at SkinningBoneHierarchy.buildBoneHierarchy> SkeletonBone not resolved for bone: Bip01_LeftEar, defaulting to SkeletonBone.None.
[14-09-26 02:37:22.774] LOG  : Lua          f:648 st:219,758,826> NLQA PRODUCTION AUTHORITY COMMAND: refresh username=nl-host.
[14-09-26 02:37:22.775] LOG  : Lua          f:648 st:219,758,828> NLQA PRODUCTION AUTHORITY SNAPSHOT: username=nl-host revision=65.
[14-09-26 02:37:22.775] LOG  : Lua          f:648 st:219,758,828> NLQA MP SERVER COMMAND: refresh username=nl-host.
[14-09-26 02:37:22.776] LOG  : Lua          f:648 st:219,758,828> NLQA MP SERVER PLAYER: dead=false authorityKey=nl-host argsType=nil.
[14-09-26 02:37:22.776] LOG  : Lua          f:648 st:219,758,828> NLQA MP SERVER GAME-SERVER API: api=nil apiOk=true playersOk=false players=nil.
[14-09-26 02:37:24.044] LOG  : Lua          f:661 st:219,760,096> NLQA NPC PRODUCTION RESTORE id=marisol x=7909.90 y=11411.10 revision=880.
[14-09-26 02:37:24.046] LOG  : Lua          f:661 st:219,760,099> NLQA NPC PRODUCTION RELOCATE id=marisol from=7909,11411,0 to=7908,11411,0.
[14-09-26 02:37:24.055] LOG  : Lua          f:661 st:219,760,108> NLQA NPC PRODUCTION SPAWN id=marisol x=7908.50 y=11411.50 z=0.
[14-09-26 02:37:24.055] LOG  : Lua          f:661 st:219,760,108> NLQA NPC PRODUCTION RESTORE id=kenji x=7912.10 y=11409.90 revision=882.
[14-09-26 02:37:24.057] LOG  : Lua          f:661 st:219,760,110> NLQA NPC PRODUCTION SPAWN id=kenji x=7912.10 y=11409.90 z=0.
[14-09-26 02:37:24.057] LOG  : Lua          f:661 st:219,760,110> NLQA NPC PRODUCTION RESTORE id=amara x=7911.25 y=11414.75 revision=882.
[14-09-26 02:37:24.059] LOG  : Lua          f:661 st:219,760,112> NLQA NPC PRODUCTION SPAWN id=amara x=7911.25 y=11414.75 z=0.
[14-09-26 02:37:24.060] LOG  : General      f:661 st:219,760,112> Disconnected player in CurrentCell.getObjectList() removed.
[14-09-26 02:37:24.060] LOG  : General      f:661 st:219,760,113> Disconnected player in CurrentCell.getObjectList() removed.
[14-09-26 02:37:24.060] LOG  : General      f:661 st:219,760,113> Disconnected player in CurrentCell.getObjectList() removed.
[14-09-26 02:37:24.148] LOG  : Lua          f:662 st:219,760,200> NLQA NPC PRODUCTION PATH id=marisol from=7908.50,11411.50 to=7908.00,11413.00 waypoint=2.
[14-09-26 02:37:24.153] LOG  : Lua          f:662 st:219,760,205> NLQA NPC PRODUCTION PATH id=kenji from=7912.10,11409.90 to=7912.00,11409.00 waypoint=1.
[14-09-26 02:37:24.155] LOG  : Lua          f:662 st:219,760,207> NLQA NPC PRODUCTION PATH id=amara from=7911.25,11414.75 to=7912.00,11413.00 waypoint=1.
[14-09-26 02:37:25.773] LOG  : Lua          f:678 st:219,761,825> NLQA PRODUCTION AUTHORITY COMMAND: presence username=nl-host.
[14-09-26 02:37:28.594] LOG  : Lua          f:706 st:219,764,646> NLQA PRODUCTION AUTHORITY COMMAND: refresh username=nl-guest.
[14-09-26 02:37:28.595] LOG  : Lua          f:706 st:219,764,647> NLQA PRODUCTION AUTHORITY SNAPSHOT: username=nl-guest revision=40.
[14-09-26 02:37:28.595] LOG  : Lua          f:706 st:219,764,648> NLQA MP SERVER COMMAND: refresh username=nl-guest.
[14-09-26 02:37:28.595] LOG  : Lua          f:706 st:219,764,648> NLQA MP SERVER PLAYER: dead=false authorityKey=nl-guest argsType=nil.
[14-09-26 02:37:28.595] LOG  : Lua          f:706 st:219,764,648> NLQA MP SERVER GAME-SERVER API: api=nil apiOk=true playersOk=false players=nil.
[14-09-26 02:37:30.874] LOG  : Lua          f:729 st:219,766,927> NLQA PRODUCTION AUTHORITY COMMAND: presence username=nl-host.
[14-09-26 02:37:31.596] LOG  : Lua          f:736 st:219,767,649> NLQA PRODUCTION AUTHORITY COMMAND: presence username=nl-guest.
[14-09-26 02:37:35.874] LOG  : Lua          f:779 st:219,771,927> NLQA PRODUCTION AUTHORITY COMMAND: presence username=nl-host.
[14-09-26 02:37:35.874] LOG  : Lua          f:779 st:219,771,927> NLQA SOCIAL COMMAND: refresh username=nl-host id=nil action=nil.
[14-09-26 02:37:36.589] LOG  : Lua          f:786 st:219,772,641> NLQA PRODUCTION AUTHORITY COMMAND: presence username=nl-guest.
[14-09-26 02:37:40.874] LOG  : Lua          f:829 st:219,776,926> NLQA PRODUCTION AUTHORITY COMMAND: presence username=nl-host.
[14-09-26 02:37:41.593] LOG  : Lua          f:836 st:219,777,645> NLQA PRODUCTION AUTHORITY COMMAND: presence username=nl-guest.
[14-09-26 02:37:42.544] LOG  : Lua          f:846 st:219,778,597> NLQA NPC PRODUCTION MOVE id=kenji x=7912.44 y=11409.56 waypoint=2.
[14-09-26 02:37:42.644] LOG  : Lua          f:847 st:219,778,696> NLQA NPC PRODUCTION PATH id=kenji from=7912.44,11409.56 to=7910.00,11411.00 waypoint=2.
[14-09-26 02:37:45.887] LOG  : Lua          f:879 st:219,781,939> NLQA PRODUCTION AUTHORITY COMMAND: presence username=nl-host.
[14-09-26 02:37:46.594] LOG  : Lua          f:886 st:219,782,646> NLQA PRODUCTION AUTHORITY COMMAND: presence username=nl-guest.
[14-09-26 02:37:50.887] LOG  : Lua          f:929 st:219,786,939> NLQA PRODUCTION AUTHORITY COMMAND: presence username=nl-host.
[14-09-26 02:37:51.595] LOG  : Lua          f:936 st:219,787,648> NLQA PRODUCTION AUTHORITY COMMAND: presence username=nl-guest.
[14-09-26 02:37:54.043] LOG  : Lua          f:961 st:219,790,095> NLQA NPC PRODUCTION TICK id=marisol x=7908.50 y=11412.22.
[14-09-26 02:37:54.043] LOG  : Lua          f:961 st:219,790,095> NLQA NPC PRODUCTION TICK id=kenji x=7912.27 y=11409.73.
[14-09-26 02:37:54.043] LOG  : Lua          f:961 st:219,790,095> NLQA NPC PRODUCTION TICK id=amara x=7911.76 y=11414.24.
[14-09-26 02:37:55.887] LOG  : Lua          f:979 st:219,791,940> NLQA PRODUCTION AUTHORITY COMMAND: presence username=nl-host.
[14-09-26 02:37:56.590] LOG  : Lua          f:986 st:219,792,643> NLQA PRODUCTION AUTHORITY COMMAND: presence username=nl-guest.
[14-09-26 02:38:00.888] LOG  : Lua          f:1029 st:219,796,940> NLQA PRODUCTION AUTHORITY COMMAND: presence username=nl-host.
[14-09-26 02:38:01.589] LOG  : Lua          f:1036 st:219,797,641> NLQA PRODUCTION AUTHORITY COMMAND: presence username=nl-guest.
[14-09-26 02:38:05.882] LOG  : Lua          f:1079 st:219,801,935> NLQA PRODUCTION AUTHORITY COMMAND: presence username=nl-host.
[14-09-26 02:38:06.595] LOG  : Lua          f:1086 st:219,802,647> NLQA PRODUCTION AUTHORITY COMMAND: presence username=nl-guest.
[14-09-26 02:38:10.888] LOG  : Lua          f:1129 st:219,806,940> NLQA PRODUCTION AUTHORITY COMMAND: presence username=nl-host.
[14-09-26 02:38:11.593] LOG  : Lua          f:1136 st:219,807,645> NLQA PRODUCTION AUTHORITY COMMAND: presence username=nl-guest.
[14-09-26 02:38:15.886] LOG  : Lua          f:1179 st:219,811,938> NLQA PRODUCTION AUTHORITY COMMAND: presence username=nl-host.
[14-09-26 02:38:16.475] LOG  : General      f:1183 st:219,812,527> SaveAll took 131.7838 ms.
[14-09-26 02:38:16.477] LOG  : General      f:1183 st:219,812,529> Saving players.
[14-09-26 02:38:16.543] LOG  : General      f:1183 st:219,812,595> Saving worldgen params.
[14-09-26 02:38:16.547] LOG  : General      f:1183 st:219,812,600> Saving GlobalModData.
[14-09-26 02:38:16.550] LOG  : General      f:1183 st:219,812,602> Saving finish.
[14-09-26 02:38:16.550] LOG  : General      f:1183 st:219,812,602> Saving took 209.3969 ms.
[14-09-26 02:38:16.594] LOG  : Lua          f:1186 st:219,812,647> NLQA PRODUCTION AUTHORITY COMMAND: presence username=nl-guest.
[14-09-26 02:38:20.886] LOG  : Lua          f:1229 st:219,816,938> NLQA PRODUCTION AUTHORITY COMMAND: presence username=nl-host.
[14-09-26 02:38:21.589] LOG  : Lua          f:1236 st:219,817,642> NLQA PRODUCTION AUTHORITY COMMAND: presence username=nl-guest.
[14-09-26 02:38:24.045] LOG  : Lua          f:1261 st:219,820,098> NLQA NPC PRODUCTION TICK id=marisol x=7908.50 y=11413.02.
[14-09-26 02:38:24.045] LOG  : Lua          f:1261 st:219,820,098> NLQA NPC PRODUCTION TICK id=kenji x=7911.71 y=11410.29.
[14-09-26 02:38:24.045] LOG  : Lua          f:1261 st:219,820,098> NLQA NPC PRODUCTION TICK id=amara x=7912.33 y=11413.67.
[14-09-26 02:38:25.887] LOG  : Lua          f:1279 st:219,821,939> NLQA PRODUCTION AUTHORITY COMMAND: presence username=nl-host.
[14-09-26 02:38:26.595] LOG  : Lua          f:1286 st:219,822,647> NLQA PRODUCTION AUTHORITY COMMAND: presence username=nl-guest.
[14-09-26 02:38:29.043] LOG  : Lua          f:1311 st:219,825,095> NLQA NPC PRODUCTION MOVE id=amara x=7912.44 y=11413.56 waypoint=2.
[14-09-26 02:38:29.142] LOG  : Lua          f:1312 st:219,825,194> NLQA NPC PRODUCTION PATH id=amara from=7912.44,11413.56 to=7910.00,11415.00 waypoint=2.
[14-09-26 02:38:30.884] LOG  : Lua          f:1329 st:219,826,937> NLQA PRODUCTION AUTHORITY COMMAND: presence username=nl-host.
[14-09-26 02:38:31.593] LOG  : Lua          f:1336 st:219,827,645> NLQA PRODUCTION AUTHORITY COMMAND: presence username=nl-guest.
[14-09-26 02:38:35.881] LOG  : Lua          f:1379 st:219,831,934> NLQA PRODUCTION AUTHORITY COMMAND: presence username=nl-host.
[14-09-26 02:38:35.925] LOG  : Lua          f:1379 st:219,831,977> NLQA SOCIAL COMMAND: interact username=nl-host id=marisol action=chat.
[14-09-26 02:38:35.926] LOG  : Lua          f:1379 st:219,831,978> NLQA SOCIAL RESULT: username=nl-host message=I'd like to hear how you've been getting on..
[14-09-26 02:38:36.588] LOG  : Lua          f:1386 st:219,832,640> NLQA PRODUCTION AUTHORITY COMMAND: presence username=nl-guest.
[14-09-26 02:38:40.880] LOG  : Lua          f:1429 st:219,836,932> NLQA PRODUCTION AUTHORITY COMMAND: presence username=nl-host.
[14-09-26 02:38:41.445] LOG  : Lua          f:1435 st:219,837,497> NLQA NPC PRODUCTION MOVE id=marisol x=7908.50 y=11413.50 waypoint=1.
[14-09-26 02:38:41.540] LOG  : Lua          f:1436 st:219,837,593> NLQA NPC PRODUCTION PATH id=marisol from=7908.50,11413.50 to=7910.00,11411.00 waypoint=1.
[14-09-26 02:38:41.588] LOG  : Lua          f:1436 st:219,837,640> NLQA PRODUCTION AUTHORITY COMMAND: presence username=nl-guest.
[14-09-26 02:38:45.882] LOG  : Lua          f:1479 st:219,841,934> NLQA PRODUCTION AUTHORITY COMMAND: presence username=nl-host.
[14-09-26 02:38:46.607] LOG  : Lua          f:1486 st:219,842,659> NLQA PRODUCTION AUTHORITY COMMAND: presence username=nl-guest.
[14-09-26 02:38:50.905] LOG  : Lua          f:1529 st:219,846,957> NLQA PRODUCTION AUTHORITY COMMAND: presence username=nl-host.
[14-09-26 02:38:51.601] LOG  : Lua          f:1536 st:219,847,654> NLQA PRODUCTION AUTHORITY COMMAND: presence username=nl-guest.
[14-09-26 02:38:54.044] LOG  : Lua          f:1561 st:219,850,096> NLQA NPC PRODUCTION TICK id=marisol x=7908.73 y=11413.27.
[14-09-26 02:38:54.044] LOG  : Lua          f:1561 st:219,850,096> NLQA NPC PRODUCTION TICK id=kenji x=7911.14 y=11410.86.
[14-09-26 02:38:54.044] LOG  : Lua          f:1561 st:219,850,097> NLQA NPC PRODUCTION TICK id=amara x=7911.99 y=11414.01.
[14-09-26 02:38:55.899] LOG  : Lua          f:1579 st:219,851,951> NLQA PRODUCTION AUTHORITY COMMAND: presence username=nl-host.
[14-09-26 02:38:56.608] LOG  : Lua          f:1586 st:219,852,660> NLQA PRODUCTION AUTHORITY COMMAND: presence username=nl-guest.
[14-09-26 02:39:00.908] LOG  : Lua          f:1629 st:219,856,960> NLQA PRODUCTION AUTHORITY COMMAND: presence username=nl-host.
[14-09-26 02:39:01.613] LOG  : Lua          f:1636 st:219,857,666> NLQA PRODUCTION AUTHORITY COMMAND: presence username=nl-guest.
[14-09-26 02:39:05.902] LOG  : Lua          f:1679 st:219,861,954> NLQA PRODUCTION AUTHORITY COMMAND: presence username=nl-host.
[14-09-26 02:39:06.606] LOG  : Lua          f:1686 st:219,862,659> NLQA PRODUCTION AUTHORITY COMMAND: presence username=nl-guest.
[14-09-26 02:39:10.905] LOG  : Lua          f:1729 st:219,866,957> NLQA PRODUCTION AUTHORITY COMMAND: presence username=nl-host.
[14-09-26 02:39:11.609] LOG  : Lua          f:1736 st:219,867,662> NLQA PRODUCTION AUTHORITY COMMAND: presence username=nl-guest.
[14-09-26 02:39:15.905] LOG  : Lua          f:1779 st:219,871,957> NLQA PRODUCTION AUTHORITY COMMAND: presence username=nl-host.
[14-09-26 02:39:16.500] LOG  : General      f:1784 st:219,872,552> SaveAll took 58.1824 ms.
[14-09-26 02:39:16.501] LOG  : General      f:1784 st:219,872,553> Saving players.
[14-09-26 02:39:16.551] LOG  : General      f:1784 st:219,872,604> Saving worldgen params.
[14-09-26 02:39:16.555] LOG  : General      f:1784 st:219,872,607> Saving GlobalModData.
[14-09-26 02:39:16.557] LOG  : General      f:1784 st:219,872,609> Saving finish.
[14-09-26 02:39:16.557] LOG  : General      f:1784 st:219,872,610> Saving took 117.4518 ms.
[14-09-26 02:39:16.609] LOG  : Lua          f:1786 st:219,872,661> NLQA PRODUCTION AUTHORITY COMMAND: presence username=nl-guest.
[14-09-26 02:39:20.899] LOG  : Lua          f:1829 st:219,876,951> NLQA PRODUCTION AUTHORITY COMMAND: presence username=nl-host.
[14-09-26 02:39:21.604] LOG  : Lua          f:1836 st:219,877,656> NLQA PRODUCTION AUTHORITY COMMAND: presence username=nl-guest.
[14-09-26 02:39:24.044] LOG  : Lua          f:1861 st:219,880,096> NLQA NPC PRODUCTION TICK id=marisol x=7909.24 y=11412.76.
[14-09-26 02:39:24.044] LOG  : Lua          f:1861 st:219,880,097> NLQA NPC PRODUCTION TICK id=kenji x=7910.63 y=11411.37.
[14-09-26 02:39:24.045] LOG  : Lua          f:1861 st:219,880,097> NLQA NPC PRODUCTION TICK id=amara x=7911.48 y=11414.52.
[14-09-26 02:39:25.903] LOG  : Lua          f:1879 st:219,881,956> NLQA PRODUCTION AUTHORITY COMMAND: presence username=nl-host.
[14-09-26 02:39:26.604] LOG  : Lua          f:1886 st:219,882,657> NLQA PRODUCTION AUTHORITY COMMAND: presence username=nl-guest.
[14-09-26 02:39:27.840] LOG  : Lua          f:1899 st:219,883,893> NLQA NPC PRODUCTION MOVE id=kenji x=7910.52 y=11411.48 waypoint=1.
[14-09-26 02:39:27.940] LOG  : Lua          f:1900 st:219,883,993> NLQA NPC PRODUCTION PATH id=kenji from=7910.52,11411.48 to=7912.00,11409.00 waypoint=1.
[14-09-26 02:39:30.907] LOG  : Lua          f:1929 st:219,886,960> NLQA PRODUCTION AUTHORITY COMMAND: presence username=nl-host.
[14-09-26 02:39:31.610] LOG  : Lua          f:1936 st:219,887,662> NLQA PRODUCTION AUTHORITY COMMAND: presence username=nl-guest.
[14-09-26 02:39:35.904] LOG  : Lua          f:1979 st:219,891,956> NLQA PRODUCTION AUTHORITY COMMAND: presence username=nl-host.
[14-09-26 02:39:35.956] LOG  : Lua          f:1980 st:219,892,009> NLQA SOCIAL COMMAND: interact username=nl-host id=marisol action=joke.
[14-09-26 02:39:35.957] LOG  : Lua          f:1980 st:219,892,009> NLQA SOCIAL RESULT: username=nl-host message=I needed that laugh today..
[14-09-26 02:39:35.993] LOG  : Lua          f:1980 st:219,892,046> NLQA HOUSEHOLD RESET: career fixture cleared persisted household and claims.
[14-09-26 02:39:35.994] LOG  : Lua          f:1980 st:219,892,047> NLQA CAREER WORLD SEED: username=nl-host item=Base.RippedSheets amount=9 square=7910,11412,0.
[14-09-26 02:39:36.608] LOG  : Lua          f:1986 st:219,892,660> NLQA PRODUCTION AUTHORITY COMMAND: presence username=nl-guest.
[14-09-26 02:39:38.569] LOG  : Lua          f:2006 st:219,894,621> NLQA PRODUCTION AUTHORITY COMMAND: select username=nl-host.
[14-09-26 02:39:38.569] LOG  : Lua          f:2006 st:219,894,622> NLQA PRODUCTION AUTHORITY SNAPSHOT: username=nl-host revision=67.
[14-09-26 02:39:39.092] LOG  : Lua          f:2011 st:219,895,144> NLQA PRODUCTION AUTHORITY COMMAND: deliver username=nl-host.
[14-09-26 02:39:39.093] LOG  : Lua          f:2011 st:219,895,146> NLQA PRODUCTION AUTHORITY SNAPSHOT: username=nl-host revision=68.
[14-09-26 02:39:39.124] LOG  : Lua          f:2011 st:219,895,177> NLQA HOUSEHOLD FURNISHING: CREATED household=home:nl-host kind=storage x=7910 y=11412 z=0.
[14-09-26 02:39:39.124] LOG  : Lua          f:2011 st:219,895,177> NLQA HOUSEHOLD FURNISHING: REUSED household=home:nl-host x=7910 y=11412 z=0.
[14-09-26 02:39:39.124] LOG  : Lua          f:2011 st:219,895,177> NLQA HOUSEHOLD RESULT: username=nl-host command=create message=Neighborhood Home created.
[14-09-26 02:39:39.637] LOG  : Lua          f:2016 st:219,895,690> NLQA HOUSEHOLD FURNISHING: REUSED household=home:nl-host x=7910 y=11412 z=0.
[14-09-26 02:39:39.638] LOG  : Lua          f:2016 st:219,895,690> NLQA HOUSEHOLD RESULT: username=nl-host command=invite message=Invitation sent to nl-guest.
[14-09-26 02:39:39.669] LOG  : Lua          f:2017 st:219,895,721> NLQA HOUSEHOLD FURNISHING: REUSED household=home:nl-host x=7910 y=11412 z=0.
[14-09-26 02:39:39.669] LOG  : Lua          f:2017 st:219,895,722> NLQA HOUSEHOLD FURNISHING: REUSED household=home:nl-host x=7910 y=11412 z=0.
[14-09-26 02:39:39.670] LOG  : Lua          f:2017 st:219,895,722> NLQA HOUSEHOLD RESULT: username=nl-guest command=accept message=Joined the household.
[14-09-26 02:39:39.745] LOG  : Lua          f:2018 st:219,895,798> NLQA HOUSEHOLD VIEWPOINT: guest loaded shared home tile x=7910 y=11412 z=0.
[14-09-26 02:39:40.684] LOG  : Lua          f:2027 st:219,896,737> NLQA HOUSEHOLD FURNISHING: REUSED household=home:nl-host x=7910 y=11412 z=0.
[14-09-26 02:39:40.684] LOG  : Lua          f:2027 st:219,896,737> NLQA HOUSEHOLD FURNISHING: REUSED household=home:nl-host x=7910 y=11412 z=0.
[14-09-26 02:39:40.684] LOG  : Lua          f:2027 st:219,896,737> NLQA HOUSEHOLD RESULT: username=nl-host command=store message=Stored 1 Base.RippedSheets in shared storage.
[14-09-26 02:39:40.703] LOG  : Lua          f:2027 st:219,896,756> NLQA HOUSEHOLD FURNISHING: REUSED household=home:nl-host x=7910 y=11412 z=0.
[14-09-26 02:39:40.704] LOG  : Lua          f:2027 st:219,896,757> NLQA HOUSEHOLD FURNISHING: REUSED household=home:nl-host x=7910 y=11412 z=0.
[14-09-26 02:39:40.704] LOG  : Lua          f:2027 st:219,896,757> NLQA HOUSEHOLD RESULT: username=nl-guest command=retrieve message=Retrieved 1 Base.RippedSheets from shared storage.
[14-09-26 02:39:40.899] LOG  : Lua          f:2029 st:219,896,952> NLQA PRODUCTION AUTHORITY COMMAND: presence username=nl-host.
[14-09-26 02:39:41.610] LOG  : Lua          f:2036 st:219,897,662> NLQA PRODUCTION AUTHORITY COMMAND: presence username=nl-guest.
[14-09-26 02:39:41.713] LOG  : Lua          f:2037 st:219,897,766> NLQA HOUSEHOLD FURNISHING: REUSED household=home:nl-host x=7910 y=11412 z=0.
[14-09-26 02:39:41.713] LOG  : Lua          f:2037 st:219,897,766> NLQA HOUSEHOLD FURNISHING: REUSED household=home:nl-host x=7910 y=11412 z=0.
[14-09-26 02:39:41.713] LOG  : Lua          f:2037 st:219,897,766> NLQA HOUSEHOLD RESULT: username=nl-host command=task message=Tidy shared home complete: +5 credits.
[14-09-26 02:39:45.905] LOG  : Lua          f:2079 st:219,901,957> NLQA PRODUCTION AUTHORITY COMMAND: presence username=nl-host.
[14-09-26 02:39:46.607] LOG  : Lua          f:2086 st:219,902,659> NLQA PRODUCTION AUTHORITY COMMAND: presence username=nl-guest.
[14-09-26 02:39:50.906] LOG  : Lua          f:2129 st:219,906,958> NLQA PRODUCTION AUTHORITY COMMAND: presence username=nl-host.
[14-09-26 02:39:51.606] LOG  : Lua          f:2136 st:219,907,658> NLQA PRODUCTION AUTHORITY COMMAND: presence username=nl-guest.
[14-09-26 02:39:54.045] LOG  : Lua          f:2161 st:219,910,097> NLQA NPC PRODUCTION TICK id=marisol x=7909.80 y=11412.20.
[14-09-26 02:39:54.045] LOG  : Lua          f:2161 st:219,910,098> NLQA NPC PRODUCTION TICK id=kenji x=7910.97 y=11411.03.
[14-09-26 02:39:54.045] LOG  : Lua          f:2161 st:219,910,098> NLQA NPC PRODUCTION TICK id=amara x=7910.91 y=11415.09.
[14-09-26 02:39:55.901] LOG  : Lua          f:2179 st:219,911,953> NLQA PRODUCTION AUTHORITY COMMAND: presence username=nl-host.
[14-09-26 02:39:56.613] LOG  : Lua          f:2186 st:219,912,665> NLQA PRODUCTION AUTHORITY COMMAND: presence username=nl-guest.
[14-09-26 02:40:00.899] LOG  : Lua          f:2229 st:219,916,951> NLQA PRODUCTION AUTHORITY COMMAND: presence username=nl-host.
[14-09-26 02:40:01.613] LOG  : Lua          f:2236 st:219,917,665> NLQA PRODUCTION AUTHORITY COMMAND: presence username=nl-guest.
[14-09-26 02:40:05.901] LOG  : Lua          f:2279 st:219,921,953> NLQA PRODUCTION AUTHORITY COMMAND: presence username=nl-host.
[14-09-26 02:40:06.603] LOG  : Lua          f:2286 st:219,922,656> NLQA PRODUCTION AUTHORITY COMMAND: presence username=nl-guest.
[14-09-26 02:40:10.895] LOG  : Lua          f:2329 st:219,926,948> NLQA PRODUCTION AUTHORITY COMMAND: presence username=nl-host.
[14-09-26 02:40:11.604] LOG  : Lua          f:2336 st:219,927,656> NLQA PRODUCTION AUTHORITY COMMAND: presence username=nl-guest.
[14-09-26 02:40:14.344] LOG  : Lua          f:2364 st:219,930,397> NLQA NPC PRODUCTION MOVE id=amara x=7910.52 y=11415.48 waypoint=1.
[14-09-26 02:40:14.444] LOG  : Lua          f:2365 st:219,930,497> NLQA NPC PRODUCTION PATH id=amara from=7910.52,11415.48 to=7912.00,11413.00 waypoint=1.
[14-09-26 02:40:15.894] LOG  : Lua          f:2379 st:219,931,947> NLQA PRODUCTION AUTHORITY COMMAND: presence username=nl-host.
[14-09-26 02:40:16.584] LOG  : General      f:2385 st:219,932,636> SaveAll took 42.1589 ms.
[14-09-26 02:40:16.584] LOG  : General      f:2385 st:219,932,637> Saving players.
[14-09-26 02:40:16.645] LOG  : General      f:2385 st:219,932,698> Saving worldgen params.
[14-09-26 02:40:16.649] LOG  : General      f:2385 st:219,932,701> Saving GlobalModData.
[14-09-26 02:40:16.651] LOG  : General      f:2385 st:219,932,703> Saving finish.
[14-09-26 02:40:16.651] LOG  : General      f:2385 st:219,932,704> Saving took 110.7931 ms.
[14-09-26 02:40:16.653] LOG  : Lua          f:2386 st:219,932,706> NLQA PRODUCTION AUTHORITY COMMAND: presence username=nl-guest.
[14-09-26 02:40:20.902] LOG  : Lua          f:2429 st:219,936,955> NLQA PRODUCTION AUTHORITY COMMAND: presence username=nl-host.
[14-09-26 02:40:21.612] LOG  : Lua          f:2436 st:219,937,664> NLQA PRODUCTION AUTHORITY COMMAND: presence username=nl-guest.
[14-09-26 02:40:24.043] LOG  : Lua          f:2461 st:219,940,095> NLQA NPC PRODUCTION TICK id=marisol x=7910.37 y=11411.63.
[14-09-26 02:40:24.043] LOG  : Lua          f:2461 st:219,940,096> NLQA NPC PRODUCTION TICK id=kenji x=7911.54 y=11410.46.
[14-09-26 02:40:24.043] LOG  : Lua          f:2461 st:219,940,096> NLQA NPC PRODUCTION TICK id=amara x=7910.69 y=11415.31.
[14-09-26 02:40:26.613] LOG  : Lua          f:2486 st:219,942,666> NLQA PRODUCTION AUTHORITY COMMAND: presence username=nl-guest.
[14-09-26 02:40:29.844] LOG  : Lua          f:2519 st:219,945,897> NLQA NPC PRODUCTION MOVE id=marisol x=7910.48 y=11411.52 waypoint=2.
[14-09-26 02:40:29.941] LOG  : Lua          f:2520 st:219,945,994> NLQA NPC PRODUCTION PATH id=marisol from=7910.48,11411.52 to=7908.00,11413.00 waypoint=2.
[14-09-26 02:40:31.604] LOG  : Lua          f:2536 st:219,947,656> NLQA PRODUCTION AUTHORITY COMMAND: presence username=nl-guest.
[14-09-26 02:40:36.610] LOG  : Lua          f:2586 st:219,952,662> NLQA PRODUCTION AUTHORITY COMMAND: presence username=nl-guest.
[14-09-26 02:40:41.604] LOG  : Lua          f:2636 st:219,957,656> NLQA PRODUCTION AUTHORITY COMMAND: presence username=nl-guest.
[14-09-26 02:40:46.604] LOG  : Lua          f:2686 st:219,962,657> NLQA PRODUCTION AUTHORITY COMMAND: presence username=nl-guest.
[14-09-26 02:40:51.603] LOG  : Lua          f:2736 st:219,967,655> NLQA PRODUCTION AUTHORITY COMMAND: presence username=nl-guest.
[14-09-26 02:40:54.046] LOG  : Lua          f:2761 st:219,970,098> NLQA NPC PRODUCTION TICK id=marisol x=7910.09 y=11411.91.
[14-09-26 02:40:54.046] LOG  : Lua          f:2761 st:219,970,098> NLQA NPC PRODUCTION TICK id=kenji x=7912.05 y=11409.95.
[14-09-26 02:40:54.046] LOG  : Lua          f:2761 st:219,970,098> NLQA NPC PRODUCTION TICK id=amara x=7911.20 y=11414.80.
[14-09-26 02:40:56.604] LOG  : Lua          f:2786 st:219,972,657> NLQA PRODUCTION AUTHORITY COMMAND: presence username=nl-guest.
[14-09-26 02:41:01.608] LOG  : Lua          f:2836 st:219,977,660> NLQA PRODUCTION AUTHORITY COMMAND: presence username=nl-guest.
[14-09-26 02:41:06.604] LOG  : Lua          f:2886 st:219,982,656> NLQA PRODUCTION AUTHORITY COMMAND: presence username=nl-guest.
[14-09-26 02:41:11.612] LOG  : Lua          f:2936 st:219,987,664> NLQA PRODUCTION AUTHORITY COMMAND: presence username=nl-guest.
[14-09-26 02:41:13.141] LOG  : Lua          f:2952 st:219,989,193> NLQA NPC PRODUCTION MOVE id=kenji x=7912.44 y=11409.56 waypoint=2.
[14-09-26 02:41:13.244] LOG  : Lua          f:2953 st:219,989,296> NLQA NPC PRODUCTION PATH id=kenji from=7912.44,11409.56 to=7910.00,11411.00 waypoint=2.
[14-09-26 02:41:16.650] LOG  : General      f:2985 st:219,992,703> SaveAll took 106.5776 ms.
[14-09-26 02:41:16.650] LOG  : General      f:2985 st:219,992,703> Saving players.
[14-09-26 02:41:16.703] LOG  : General      f:2985 st:219,992,755> Saving worldgen params.
[14-09-26 02:41:16.705] LOG  : General      f:2985 st:219,992,758> Saving GlobalModData.
[14-09-26 02:41:16.708] LOG  : General      f:2985 st:219,992,760> Saving finish.
[14-09-26 02:41:16.708] LOG  : General      f:2985 st:219,992,760> Saving took 165.3727 ms.
[14-09-26 02:41:16.710] LOG  : Lua          f:2986 st:219,992,762> NLQA PRODUCTION AUTHORITY COMMAND: presence username=nl-guest.
[14-09-26 02:41:21.608] LOG  : Lua          f:3036 st:219,997,660> NLQA PRODUCTION AUTHORITY COMMAND: presence username=nl-guest.
[14-09-26 02:41:24.043] LOG  : Lua          f:3061 st:220,000,096> NLQA NPC PRODUCTION TICK id=marisol x=7909.52 y=11412.48.
[14-09-26 02:41:24.043] LOG  : Lua          f:3061 st:220,000,096> NLQA NPC PRODUCTION TICK id=kenji x=7912.27 y=11409.73.
[14-09-26 02:41:24.043] LOG  : Lua          f:3061 st:220,000,096> NLQA NPC PRODUCTION TICK id=amara x=7911.76 y=11414.24.
[14-09-26 02:41:26.613] LOG  : Lua          f:3086 st:220,002,665> NLQA PRODUCTION AUTHORITY COMMAND: presence username=nl-guest.
[14-09-26 02:41:31.605] LOG  : Lua          f:3136 st:220,007,658> NLQA PRODUCTION AUTHORITY COMMAND: presence username=nl-guest.
[14-09-26 02:41:36.612] LOG  : Lua          f:3186 st:220,012,664> NLQA PRODUCTION AUTHORITY COMMAND: presence username=nl-guest.
[14-09-26 02:41:41.605] LOG  : Lua          f:3236 st:220,017,657> NLQA PRODUCTION AUTHORITY COMMAND: presence username=nl-guest.
[14-09-26 02:41:46.606] LOG  : Lua          f:3286 st:220,022,658> NLQA PRODUCTION AUTHORITY COMMAND: presence username=nl-guest.
