LOG  : General      f:0 st:209,716,505> Logs configuration:
LOG  : General      f:0 st:209,716,508>      General: General
LOG  : General      f:0 st:209,716,508>      Network: General
LOG  : General      f:0 st:209,716,508>          Lua: General
LOG  : General      f:0 st:209,716,509>          Mod: General
LOG  : General      f:0 st:209,716,509>  Multiplayer: General
LOG  : General      f:0 st:209,716,510>       Packet: Warning
LOG  : General      f:0 st:209,716,510> NetworkFileDebug: Warning
LOG  : General      f:0 st:209,716,510>         ZNet: Warning
LOG  : General      f:0 st:209,716,511> DetailedInfo: Warning
LOG  : General      f:0 st:209,716,511>    LuaObject: Warning
LOG  : General      f:0 st:209,716,511>   GameOption: Warning
LOG  : General      f:0 st:209,716,512>        Sound: Warning
LOG  : General      f:0 st:209,716,512>       Zombie: Warning
LOG  : General      f:0 st:209,716,513>       Combat: Warning
LOG  : General      f:0 st:209,716,513>      Objects: Warning
LOG  : General      f:0 st:209,716,513>    Fireplace: Warning
LOG  : General      f:0 st:209,716,514>        Radio: Warning
LOG  : General      f:0 st:209,716,514>   MapLoading: Warning
LOG  : General      f:0 st:209,716,514>     Clothing: Warning
LOG  : General      f:0 st:209,716,515>    Animation: Warning
LOG  : General      f:0 st:209,716,515> AnimationDetailed: Warning
LOG  : General      f:0 st:209,716,515> AnimationLayers: Warning
LOG  : General      f:0 st:209,716,516>        Asset: Warning
LOG  : General      f:0 st:209,716,516>       Script: Warning
LOG  : General      f:0 st:209,716,516>       Shader: Warning
LOG  : General      f:0 st:209,716,516>       Sprite: Warning
LOG  : General      f:0 st:209,716,517>        Input: Warning
LOG  : General      f:0 st:209,716,517>       Recipe: Warning
LOG  : General      f:0 st:209,716,517> ActionSystem: Warning
LOG  : General      f:0 st:209,716,518> ActionSystemEvents: Warning
LOG  : General      f:0 st:209,716,518>    IsoRegion: Warning
LOG  : General      f:0 st:209,716,518>       FileIO: Warning
LOG  : General      f:0 st:209,716,519>       Damage: Warning
LOG  : General      f:0 st:209,716,519>        Death: Warning
LOG  : General      f:0 st:209,716,520>      Discord: Warning
LOG  : General      f:0 st:209,716,520>    Statistic: Warning
LOG  : General      f:0 st:209,716,520>      Vehicle: Warning
LOG  : General      f:0 st:209,716,520>   VehicleHit: Warning
LOG  : General      f:0 st:209,716,521>        Voice: Warning
LOG  : General      f:0 st:209,716,521>     Checksum: Warning
LOG  : General      f:0 st:209,716,522>       Animal: Warning
LOG  : General      f:0 st:209,716,522>   ItemPicker: Warning
LOG  : General      f:0 st:209,716,522>   CraftLogic: Warning
LOG  : General      f:0 st:209,716,523>       Action: Warning
LOG  : General      f:0 st:209,716,523>       Entity: Warning
LOG  : General      f:0 st:209,716,523>    Lightning: Warning
LOG  : General      f:0 st:209,716,524>      Grapple: Warning
LOG  : General      f:0 st:209,716,524>    ExitDebug: Warning
LOG  : General      f:0 st:209,716,524>   BodyDamage: Warning
LOG  : General      f:0 st:209,716,524>          Xml: Warning
LOG  : General      f:0 st:209,716,525>      Physics: Warning
LOG  : General      f:0 st:209,716,525>   Ballistics: Warning
LOG  : General      f:0 st:209,716,526>      Ragdoll: Warning
LOG  : General      f:0 st:209,716,526>     PZBullet: Warning
LOG  : General      f:0 st:209,716,526> ModelManager: Warning
LOG  : General      f:0 st:209,716,527> LoadAnimation: Warning
LOG  : General      f:0 st:209,716,527>         Zone: Warning
LOG  : General      f:0 st:209,716,527>     WorldGen: Warning
LOG  : General      f:0 st:209,716,528>     Foraging: Warning
LOG  : General      f:0 st:209,716,528>       Saving: Warning
LOG  : General      f:0 st:209,716,529>        Fluid: Warning
LOG  : General      f:0 st:209,716,529>       Energy: Warning
LOG  : General      f:0 st:209,716,529>  Translation: Warning
LOG  : General      f:0 st:209,716,530>     Moveable: Warning
LOG  : General      f:0 st:209,716,530>     Basement: Warning
LOG  : General      f:0 st:209,716,530>   FallDamage: Warning
LOG  : General      f:0 st:209,716,530>        ImGui: Warning
LOG  : General      f:0 st:209,716,531> CharacterTrait: Warning
LOG  : General      f:0 st:209,716,531>         ISUI: Warning
LOG  : General      f:0 st:209,716,531> ISUIStackTrace: Warning
LOG  : General      f:0 st:209,716,531> FaceLocationFix: Warning
LOG  : General      f:0 st:209,716,532>      Context: Warning
LOG  : General      f:0 st:209,716,532> AnimationRecorder: Warning
LOG  : General      f:0 st:209,716,533>      Default: Warning
LOG  : General      f:0 st:209,716,533> version=42.20.4 b0bbce05d5 demo=false
LOG  : General      f:0 st:209,716,533> revision=b0bbce05d5
LOG  : General      f:0 st:209,716,537> unknown option "-debug"
LOG  : General      f:0 st:209,716,538> checking server WorldVersion in map_t.bin
LOG  : General      f:0 st:209,716,545> Loading networking libraries...
LOG  : General      f:0 st:209,716,546> Loading RakNet64...
LOG  : General      f:0 st:209,716,547> Loading ZNetNoSteam64...
LOG  : General      f:0 st:209,716,562> SteamUtils started without Steam
LOG  : General      f:0 st:209,718,322> LightingFPS set to 15
LOG  : General      f:0 st:209,718,951> compressionElapsed=397ms, mergingElapsed=213ms
LOG  : General      f:0 st:209,718,975> Backup made in 637 ms
LOG  : General      f:0 st:209,719,357> admin password changed via -adminpassword option
LOG  : Network      f:0 st:209,719,361> Initialising Server Systems...
LOG  : Mod          f:0 st:209,719,681> refusing to list examplemod
LOG  : Mod          f:0 st:209,719,710> loading NeighborhoodLifeHUD
LOG  : Mod          f:0 st:209,719,712> loading NeighborhoodQA
LOG  : General      f:0 st:209,721,531> scriptChecksum: 96412105bed4585e5d2a315edcd208c3
WARN : Script       f:0 st:209,722,236 at VehicleScript.Loaded                > vehicle "RaceCar58" extents != physicsChassisShape
WARN : Script       f:0 st:209,722,257 at VehicleScript.Loaded                > vehicle "AmbulanceBurnt" extents != physicsChassisShape
WARN : Script       f:0 st:209,722,263 at VehicleScript.Loaded                > vehicle "PickUpVanLightsBurnt" extents != physicsChassisShape
WARN : Script       f:0 st:209,722,271 at VehicleScript.Loaded                > vehicle "Trailer_Horsebox" extents != physicsChassisShape
WARN : Script       f:0 st:209,722,295 at VehicleScript.Loaded                > vehicle "ModernCar02Burnt" extents != physicsChassisShape
WARN : Script       f:0 st:209,722,299 at VehicleScript.Loaded                > vehicle "RaceCarBurnt" extents != physicsChassisShape
WARN : Script       f:0 st:209,722,302 at VehicleScript.Loaded                > vehicle "Trailer_Livestock" extents != physicsChassisShape
WARN : Script       f:0 st:209,722,304 at VehicleScript.Loaded                > vehicle "RaceCar34" extents != physicsChassisShape
WARN : Script       f:0 st:209,722,315 at VehicleScript.Loaded                > vehicle "RaceCar12" extents != physicsChassisShape
WARN : General      f:0 st:209,722,381 at XuiSkin$EntityUiStyle.Load          > Could not find icon: Item_Dice, script = Entity_DisplayName_Default
WARN : General      f:0 st:209,722,381 at XuiSkin$EntityUiStyle.LoadComponentInfo> Could not find icon: Item_Dice
WARN : General      f:0 st:209,722,381 at XuiSkin$EntityUiStyle.LoadComponentInfo> Could not find icon: Item_Dice
WARN : General      f:0 st:209,722,382 at XuiSkin$EntityUiStyle.LoadComponentInfo> Could not find icon: Item_Dice
WARN : General      f:0 st:209,722,382 at XuiSkin$EntityUiStyle.LoadComponentInfo> Could not find icon: Item_Dice
WARN : General      f:0 st:209,722,383 at XuiSkin$EntityUiStyle.Load          > Could not find icon: Build_FloorDirt, script = Dirt Floor
WARN : General      f:0 st:209,722,384 at XuiSkin$EntityUiStyle.Load          > Could not find icon: Build_DoorframeStone, script = Stone Doorframe
WARN : General      f:0 st:209,722,384 at XuiSkin$EntityUiStyle.Load          > Could not find icon: Build_PotteryBench, script = Pottery Bench
WARN : General      f:0 st:209,722,384 at XuiSkin$EntityUiStyle.LoadComponentInfo> Could not find icon: Build_PotteryBench
WARN : General      f:0 st:209,722,385 at XuiSkin$EntityUiStyle.Load          > Could not find icon: Build_Cairn, script = Stone Cairn
WARN : General      f:0 st:209,722,385 at XuiSkin$EntityUiStyle.Load          > Could not find icon: Build_WallWood, script = Wooden Wall (Advanced)
WARN : General      f:0 st:209,722,385 at XuiSkin$EntityUiStyle.Load          > Could not find icon: Build_WallWood, script = Wooden Wall (Basic)
WARN : General      f:0 st:209,722,386 at XuiSkin$EntityUiStyle.Load          > Could not find icon: Build_LeanToShelterSticks, script = Lean-to Shelter
WARN : General      f:0 st:209,722,386 at XuiSkin$EntityUiStyle.Load          > Could not find icon: Build_PotteryWheel, script = Pottery Wheel
WARN : General      f:0 st:209,722,387 at XuiSkin$EntityUiStyle.LoadComponentInfo> Could not find icon: Build_PotteryWheel
WARN : General      f:0 st:209,722,387 at XuiSkin$EntityUiStyle.Load          > Could not find icon: Build_CabinetStone, script = Stone Cabinet
WARN : General      f:0 st:209,722,387 at XuiSkin$EntityUiStyle.Load          > Could not find icon: Build_WallWood, script = Wooden Wall (Craftsman)
WARN : General      f:0 st:209,722,388 at XuiSkin$EntityUiStyle.Load          > Could not find icon: Build_WoodSign_Left, script = Paint Sign - Left Arrow
WARN : General      f:0 st:209,722,388 at XuiSkin$EntityUiStyle.Load          > Could not find icon: Build_PrimitiveFurnace, script = Primitive Furnace
WARN : General      f:0 st:209,722,388 at XuiSkin$EntityUiStyle.Load          > Could not find icon: Build_DoorframeWood, script = Wooden Doorframe (Craftsman)
WARN : General      f:0 st:209,722,389 at XuiSkin$EntityUiStyle.Load          > Could not find icon: Build_DoorframeWood, script = Wooden Doorframe (Advanced)
WARN : General      f:0 st:209,722,389 at XuiSkin$EntityUiStyle.Load          > Could not find icon: Build_DoorframeWood, script = Wooden Doorframe (Basic)
WARN : General      f:0 st:209,722,390 at XuiSkin$EntityUiStyle.Load          > Could not find icon: Build_WindowframeLogs, script = Log Window Frame
WARN : General      f:0 st:209,722,390 at XuiSkin$EntityUiStyle.Load          > Could not find icon: Build_FloorGravel, script = Gravel Floor
WARN : General      f:0 st:209,722,391 at XuiSkin$EntityUiStyle.Load          > Could not find icon: Item_WaterBottle, script = Bottling Machine
WARN : General      f:0 st:209,722,391 at XuiSkin$EntityUiStyle.Load          > Could not find icon: Build_WallBrick, script = Brick Wall (Basic)
WARN : General      f:0 st:209,722,391 at XuiSkin$EntityUiStyle.Load          > Could not find icon: Build_WallBrick, script = Brick Wall (Craftsman)
WARN : General      f:0 st:209,722,391 at XuiSkin$EntityUiStyle.Load          > Could not find icon: Build_DryingFrameLarge, script = Large Leather Drying Rack
WARN : General      f:0 st:209,722,392 at XuiSkin$EntityUiStyle.Load          > Could not find icon: Build_RippleComb, script = Ripple Comb
WARN : General      f:0 st:209,722,392 at XuiSkin$EntityUiStyle.Load          > Could not find icon: Build_Wall_Paint, script = Paint Wall / Item
WARN : General      f:0 st:209,722,392 at XuiSkin$EntityUiStyle.Load          > Could not find icon: Build_FenceWood, script = Wooden Fence (Craftsman)
WARN : General      f:0 st:209,722,392 at XuiSkin$EntityUiStyle.Load          > Could not find icon: Build_FenceWood, script = Wooden Fence (Advanced)
WARN : General      f:0 st:209,722,393 at XuiSkin$EntityUiStyle.Load          > Could not find icon: Build_LogTable, script = Log Table
WARN : General      f:0 st:209,722,393 at XuiSkin$EntityUiStyle.Load          > Could not find icon: Build_FenceWood, script = Wooden Fence (Basic)
WARN : General      f:0 st:209,722,393 at XuiSkin$EntityUiStyle.Load          > Could not find icon: Build_ForgeAdvanced, script = Advanced Forge
WARN : General      f:0 st:209,722,394 at XuiSkin$EntityUiStyle.Load          > Could not find icon: Build_GunLocker, script = Small Metal Locker (Craftsman)
WARN : General      f:0 st:209,722,394 at XuiSkin$EntityUiStyle.Load          > Could not find icon: Build_GunLocker, script = Small Metal Locker (Basic)
WARN : General      f:0 st:209,722,394 at XuiSkin$EntityUiStyle.Load          > Could not find icon: Build_RainCollectorCrate, script = Rain Collector Crate (Tarp)
WARN : General      f:0 st:209,722,394 at XuiSkin$EntityUiStyle.Load          > Could not find icon: Build_ButterChurn, script = Butter Churn
WARN : General      f:0 st:209,722,395 at XuiSkin$EntityUiStyle.Load          > Could not find icon: Build_Stake_SkullCow, script = Cow Skull Pole
WARN : General      f:0 st:209,722,395 at XuiSkin$EntityUiStyle.Load          > Could not find icon: Build_FloorTileMetal, script = Metal Floor
WARN : General      f:0 st:209,722,395 at XuiSkin$EntityUiStyle.Load          > Could not find icon: Build_Handpress, script = Hand-Operated Press
WARN : General      f:0 st:209,722,396 at XuiSkin$EntityUiStyle.LoadComponentInfo> Could not find icon: Build_Handpress
WARN : General      f:0 st:209,722,396 at XuiSkin$EntityUiStyle.Load          > Could not find icon: Build_MetalCounterCorner, script = Metal Counter Corner (Craftsman)
WARN : General      f:0 st:209,722,396 at XuiSkin$EntityUiStyle.Load          > Could not find icon: Build_MetalCounterCorner, script = Metal Counter Corner (Basic)
WARN : General      f:0 st:209,722,397 at XuiSkin$EntityUiStyle.Load          > Could not find icon: Build_WoodCounterCorner, script = Wooden Counter Corner (Basic)
WARN : General      f:0 st:209,722,397 at XuiSkin$EntityUiStyle.Load          > Could not find icon: Build_HeckleComb, script = Heckle Comb
WARN : General      f:0 st:209,722,397 at XuiSkin$EntityUiStyle.Load          > Could not find icon: Build_Stake_SkullPig, script = Pig Skull Pole
WARN : General      f:0 st:209,722,398 at XuiSkin$EntityUiStyle.Load          > Could not find icon: Build_ScutchingBoard, script = Scutching Board
WARN : General      f:0 st:209,722,398 at XuiSkin$EntityUiStyle.Load          > Could not find icon: Build_FenceMetalPosts, script = Metal Pole Fence Gate
WARN : General      f:0 st:209,722,398 at XuiSkin$EntityUiStyle.Load          > Could not find icon: Build_DoublePoleGate, script = Double Tall Metal Pole Gate
WARN : General      f:0 st:209,722,399 at XuiSkin$EntityUiStyle.Load          > Could not find icon: Build_WoodCounter, script = Wooden Counter (Advanced)
WARN : General      f:0 st:209,722,399 at XuiSkin$EntityUiStyle.Load          > Could not find icon: Build_WoodCounterCorner, script = Wooden Counter Corner (Craftsman)
WARN : General      f:0 st:209,722,399 at XuiSkin$EntityUiStyle.Load          > Could not find icon: Build_WoodCounter, script = Wooden Counter (Basic)
WARN : General      f:0 st:209,722,399 at XuiSkin$EntityUiStyle.Load          > Could not find icon: Build_WoodCounterCorner, script = Wooden Counter Corner (Advanced)
WARN : General      f:0 st:209,722,400 at XuiSkin$EntityUiStyle.Load          > Could not find icon: Build_WoodCounter, script = Wooden Counter (Craftsman)
WARN : General      f:0 st:209,722,400 at XuiSkin$EntityUiStyle.Load          > Could not find icon: Build_RainCollectorBarrel2, script = Rain Collector Barrel (Garbage Bags)
WARN : General      f:0 st:209,722,400 at XuiSkin$EntityUiStyle.Load          > Could not find icon: Build_WoodSign_Up, script = Paint Sign - Up Arrow
WARN : General      f:0 st:209,722,401 at XuiSkin$EntityUiStyle.Load          > Could not find icon: Build_WoodSign_Right, script = Paint Sign - Right Arrow
WARN : General      f:0 st:209,722,401 at XuiSkin$EntityUiStyle.Load          > Could not find icon: Item_SheetMetal, script = Hydraulic Press
WARN : General      f:0 st:209,722,401 at XuiSkin$EntityUiStyle.Load          > Could not find icon: Build_FenceMetal, script = Metal Fence (Craftsman)
WARN : General      f:0 st:209,722,402 at XuiSkin$EntityUiStyle.Load          > Could not find icon: Build_FenceLogs, script = Log Fence
WARN : General      f:0 st:209,722,402 at XuiSkin$EntityUiStyle.Load          > Could not find icon: Build_FenceMetal, script = Metal Fence (Basic)
WARN : General      f:0 st:209,722,402 at XuiSkin$EntityUiStyle.Load          > Could not find icon: Item_Orange, script = Juice Maker
WARN : General      f:0 st:209,722,402 at XuiSkin$EntityUiStyle.Load          > Could not find icon: Build_Campfire, script = Campfire
WARN : General      f:0 st:209,722,403 at XuiSkin$EntityUiStyle.LoadComponentInfo> Could not find icon: Build_Campfire
WARN : General      f:0 st:209,722,403 at XuiSkin$EntityUiStyle.Load          > Could not find icon: Build_StairsMetal, script = Metal Stairs
WARN : General      f:0 st:209,722,403 at XuiSkin$EntityUiStyle.Load          > Could not find icon: Build_TroughWoodShort, script = Short Wooden Feeding Trough
WARN : General      f:0 st:209,722,403 at XuiSkin$EntityUiStyle.Load          > Could not find icon: Item_Anvil_Forged, script = Advanced Makeshift Electric Blower Forge
WARN : General      f:0 st:209,722,404 at XuiSkin$EntityUiStyle.LoadComponentInfo> Could not find icon: Item_Anvil_Forged
WARN : General      f:0 st:209,722,404 at XuiSkin$EntityUiStyle.Load          > Could not find icon: Build_WallStone, script = Stone Wall
WARN : General      f:0 st:209,722,404 at XuiSkin$EntityUiStyle.Load          > Could not find icon: Build_Stake_SkullDoe, script = Doe Skull Pole
WARN : General      f:0 st:209,722,404 at XuiSkin$EntityUiStyle.Load          > Could not find icon: Build_WindowBlack, script = Wooden Windows
WARN : General      f:0 st:209,722,405 at XuiSkin$EntityUiStyle.Load          > Could not find icon: Item_Clamp_Forged, script = Standing Drill Press
WARN : General      f:0 st:209,722,405 at XuiSkin$EntityUiStyle.LoadComponentInfo> Could not find icon: Item_Clamp_Forged
WARN : General      f:0 st:209,722,405 at XuiSkin$EntityUiStyle.Load          > Could not find icon: Build_KilnSmall, script = Primitive Kiln
WARN : General      f:0 st:209,722,405 at XuiSkin$EntityUiStyle.Load          > Could not find icon: Build_ShelvesMetal, script = Metal Shelves (Basic)
WARN : General      f:0 st:209,722,406 at XuiSkin$EntityUiStyle.Load          > Could not find icon: Build_ShelvesMetal, script = Metal Shelves (Craftsman)
WARN : General      f:0 st:209,722,406 at XuiSkin$EntityUiStyle.Load          > Could not find icon: Build_DomeKiln, script = Dome Kiln
WARN : General      f:0 st:209,722,406 at XuiSkin$EntityUiStyle.Load          > Could not find icon: Build_Loom, script = Loom
WARN : General      f:0 st:209,722,406 at XuiSkin$EntityUiStyle.Load          > Could not find icon: Build_BarricadeWindow_Sheet, script = Metal Sheet Barricade
WARN : General      f:0 st:209,722,407 at XuiSkin$EntityUiStyle.Load          > Could not find icon: Build_DoubleWoodGate, script = Double Tall Wooden Gate
WARN : General      f:0 st:209,722,407 at XuiSkin$EntityUiStyle.Load          > Could not find icon: Build_StoneMill, script = Stone Mill
WARN : General      f:0 st:209,722,407 at XuiSkin$EntityUiStyle.LoadComponentInfo> Could not find icon: Build_StoneMill
WARN : General      f:0 st:209,722,408 at XuiSkin$EntityUiStyle.Load          > Could not find icon: Build_WallMetal, script = Metal Wall (Craftsman)
WARN : General      f:0 st:209,722,408 at XuiSkin$EntityUiStyle.Load          > Could not find icon: Item_ClayMold_Shingle, script = Well
WARN : General      f:0 st:209,722,408 at XuiSkin$EntityUiStyle.Load          > Could not find icon: Item_Boulder, script = Boulder
WARN : General      f:0 st:209,722,408 at XuiSkin$EntityUiStyle.LoadComponentInfo> Could not find icon: Item_Boulder
WARN : General      f:0 st:209,722,409 at XuiSkin$EntityUiStyle.Load          > Could not find icon: Build_WindowframeWood, script = Wooden Window Frame (Advanced)
WARN : General      f:0 st:209,722,409 at XuiSkin$EntityUiStyle.Load          > Could not find icon: Build_WindowframeWood, script = Wooden Window Frame (Craftsman)
WARN : General      f:0 st:209,722,409 at XuiSkin$EntityUiStyle.Load          > Could not find icon: Build_StickBookcase, script = Crude Wooden Bookcase
WARN : General      f:0 st:209,722,409 at XuiSkin$EntityUiStyle.Load          > Could not find icon: Build_CabinetMetal, script = Big Metal Locker (Basic)
WARN : General      f:0 st:209,722,409 at XuiSkin$EntityUiStyle.Load          > Could not find icon: Build_ChoppingBlock, script = Chopping Block
WARN : General      f:0 st:209,722,410 at XuiSkin$EntityUiStyle.LoadComponentInfo> Could not find icon: Build_ChoppingBlock
WARN : General      f:0 st:209,722,410 at XuiSkin$EntityUiStyle.Load          > Could not find icon: Build_WallMetal, script = Metal Wall (Basic)
WARN : General      f:0 st:209,722,410 at XuiSkin$EntityUiStyle.Load          > Could not find icon: Item_Logs, script = Sawmill
WARN : General      f:0 st:209,722,411 at XuiSkin$EntityUiStyle.Load          > Could not find icon: Build_WindowframeWood, script = Wooden Window Frame (Basic)
WARN : General      f:0 st:209,722,411 at XuiSkin$EntityUiStyle.Load          > Could not find icon: Build_CabinetMetal, script = Big Metal Locker (Craftsman)
WARN : General      f:0 st:209,722,411 at XuiSkin$EntityUiStyle.Load          > Could not find icon: Build_WindowframeBrick, script = Brick Window Frame (Craftsman)
WARN : General      f:0 st:209,722,411 at XuiSkin$EntityUiStyle.Load          > Could not find icon: Build_WindowframeBrick, script = Brick Window Frame (Basic)
WARN : General      f:0 st:209,722,411 at XuiSkin$EntityUiStyle.Load          > Could not find icon: Build_CookingPitSimple, script = Fire Pit (Stones)
WARN : General      f:0 st:209,722,412 at XuiSkin$EntityUiStyle.Load          > Could not find icon: Build_FenceWire, script = Barbed Wire Fence
WARN : General      f:0 st:209,722,412 at XuiSkin$EntityUiStyle.Load          > Could not find icon: Build_CrateMetal, script = Metal Crate (Craftsman)
WARN : General      f:0 st:209,722,412 at XuiSkin$EntityUiStyle.Load          > Could not find icon: Build_CrateMetal, script = Metal Crate (Basic)
WARN : General      f:0 st:209,722,412 at XuiSkin$EntityUiStyle.Load          > Could not find icon: Build_AnvilStone, script = Stone Anvil
WARN : General      f:0 st:209,722,413 at XuiSkin$EntityUiStyle.LoadComponentInfo> Could not find icon: Build_AnvilStone
WARN : General      f:0 st:209,722,413 at XuiSkin$EntityUiStyle.Load          > Could not find icon: Item_WaterTank, script = Water Dispenser
WARN : General      f:0 st:209,722,413 at XuiSkin$EntityUiStyle.Load          > Could not find icon: Build_DoorframeMetal, script = Metal Doorframe (Basic)
WARN : General      f:0 st:209,722,413 at XuiSkin$EntityUiStyle.Load          > Could not find icon: Build_LeanToShelterLeather, script = Leather Shelter
WARN : General      f:0 st:209,722,414 at XuiSkin$EntityUiStyle.Load          > Could not find icon: Build_DoorframeMetal, script = Metal Doorframe (Craftsman)
WARN : General      f:0 st:209,722,414 at XuiSkin$EntityUiStyle.Load          > Could not find icon: Build_TableLargeWood, script = Wooden Table (Advanced)
WARN : General      f:0 st:209,722,414 at XuiSkin$EntityUiStyle.LoadComponentInfo> Could not find icon: Build_TableLargeWood
WARN : General      f:0 st:209,722,415 at XuiSkin$EntityUiStyle.Load          > Could not find icon: Build_LogSeat2, script = Crude Wooden Stool
WARN : General      f:0 st:209,722,415 at XuiSkin$EntityUiStyle.Load          > Could not find icon: Build_TableLargeWood, script = Wooden Table (Basic)
WARN : General      f:0 st:209,722,415 at XuiSkin$EntityUiStyle.LoadComponentInfo> Could not find icon: Build_TableLargeWood
WARN : General      f:0 st:209,722,415 at XuiSkin$EntityUiStyle.Load          > Could not find icon: Build_TableLargeWood, script = Wooden Table (Craftsman)
WARN : General      f:0 st:209,722,415 at XuiSkin$EntityUiStyle.LoadComponentInfo> Could not find icon: Build_TableLargeWood
WARN : General      f:0 st:209,722,416 at XuiSkin$EntityUiStyle.Load          > Could not find icon: Build_HerbDryerSmall, script = Simple Small Plant Drying Rack
WARN : General      f:0 st:209,722,416 at XuiSkin$EntityUiStyle.Load          > Could not find icon: Build_DoorframeBrick, script = Brick Doorframe (Basic)
WARN : General      f:0 st:209,722,416 at XuiSkin$EntityUiStyle.Load          > Could not find icon: Build_DoorframeBrick, script = Brick Doorframe (Craftsman)
WARN : General      f:0 st:209,722,417 at XuiSkin$EntityUiStyle.Load          > Could not find icon: Item_Key_Blank, script = Key Duplicator
WARN : General      f:0 st:209,722,417 at XuiSkin$EntityUiStyle.Load          > Could not find icon: Build_MetalCounter, script = Metal Counter (Basic)
WARN : General      f:0 st:209,722,417 at XuiSkin$EntityUiStyle.Load          > Could not find icon: Build_MetalCounter, script = Metal Counter (Craftsman)
WARN : General      f:0 st:209,722,417 at XuiSkin$EntityUiStyle.Load          > Could not find icon: Build_WallLogs, script = Log Wall
WARN : General      f:0 st:209,722,418 at XuiSkin$EntityUiStyle.Load          > Could not find icon: Item_Anvil_Forged, script = Electric Blower Forge
WARN : General      f:0 st:209,722,418 at XuiSkin$EntityUiStyle.LoadComponentInfo> Could not find icon: Item_Anvil_Forged
WARN : General      f:0 st:209,722,418 at XuiSkin$EntityUiStyle.Load          > Could not find icon: Build_DryingFrameSmall, script = Small Leather Drying Rack
WARN : General      f:0 st:209,722,418 at XuiSkin$EntityUiStyle.Load          > Could not find icon: Build_WindowframeStone, script = Stone Window Frame
WARN : General      f:0 st:209,722,419 at XuiSkin$EntityUiStyle.Load          > Could not find icon: Build_FurnaceAdvanced, script = Advanced Furnace
WARN : General      f:0 st:209,722,419 at XuiSkin$EntityUiStyle.Load          > Could not find icon: Build_DryingFrameSmall, script = Medium Leather Drying Rack
WARN : General      f:0 st:209,722,419 at XuiSkin$EntityUiStyle.Load          > Could not find icon: Item_Rock, script = Grinding Slab
WARN : General      f:0 st:209,722,421 at XuiSkin$EntityUiStyle.LoadComponentInfo> Could not find icon: Item_Rock
WARN : General      f:0 st:209,722,421 at XuiSkin$EntityUiStyle.Load          > Could not find icon: Build_BarrelOven, script = Metal Barrel Oven
WARN : General      f:0 st:209,722,421 at XuiSkin$EntityUiStyle.Load          > Could not find icon: Build_CharcoalDrum, script = Charcoal Burning Barrel
WARN : General      f:0 st:209,722,422 at XuiSkin$EntityUiStyle.Load          > Could not find icon: Build_StairsWood, script = Wooden Stairs
WARN : General      f:0 st:209,722,422 at XuiSkin$EntityUiStyle.Load          > Could not find icon: Item_Ingot_Steel, script = Arc Furnace
WARN : General      f:0 st:209,722,422 at XuiSkin$EntityUiStyle.LoadComponentInfo> Could not find icon: Item_Ingot_Steel
WARN : General      f:0 st:209,722,423 at XuiSkin$EntityUiStyle.Load          > Could not find icon: Build_TroughMetal, script = Long Metal Feeding Trough
WARN : General      f:0 st:209,722,423 at XuiSkin$EntityUiStyle.Load          > Could not find icon: Build_KilnLarge, script = Advanced Kiln
WARN : General      f:0 st:209,722,423 at XuiSkin$EntityUiStyle.Load          > Could not find icon: Build_ShelfWood, script = Wooden Shelf (Basic)
WARN : General      f:0 st:209,722,424 at XuiSkin$EntityUiStyle.Load          > Could not find icon: Build_RainCollectorCrate2, script = Rain Collector Crate (Garbage Bags)
WARN : General      f:0 st:209,722,424 at XuiSkin$EntityUiStyle.Load          > Could not find icon: Build_HerbDryerLarge, script = Simple Large Plant Drying Rack
WARN : General      f:0 st:209,722,424 at XuiSkin$EntityUiStyle.Load          > Could not find icon: Build_WoodPicket, script = Wooden Marker
WARN : General      f:0 st:209,722,425 at XuiSkin$EntityUiStyle.Load          > Could not find icon: Build_ShelfWood, script = Wooden Shelf (Craftsman)
WARN : General      f:0 st:209,722,425 at XuiSkin$EntityUiStyle.Load          > Could not find icon: Build_FloorSand, script = Sand Floor
WARN : General      f:0 st:209,722,425 at XuiSkin$EntityUiStyle.Load          > Could not find icon: Build_Sidetable, script = Wood Table with Drawer
WARN : General      f:0 st:209,722,426 at XuiSkin$EntityUiStyle.Load          > Could not find icon: Build_TanningBarrel, script = Tannin Barrel
WARN : General      f:0 st:209,722,426 at XuiSkin$EntityUiStyle.Load          > Could not find icon: Build_Sidetable, script = Wooden Table with Drawer (Craftsman)
WARN : General      f:0 st:209,722,427 at XuiSkin$EntityUiStyle.Load          > Could not find icon: Build_Sidetable, script = Wooden Table with Drawer (Basic)
WARN : General      f:0 st:209,722,427 at XuiSkin$EntityUiStyle.Load          > Could not find icon: Build_Bed, script = Wooden Bed
WARN : General      f:0 st:209,722,427 at XuiSkin$EntityUiStyle.Load          > Could not find icon: Build_SmeltingFurnace, script = Simple Forge
WARN : General      f:0 st:209,722,428 at XuiSkin$EntityUiStyle.Load          > Could not find icon: Build_LogBench, script = Log Bench
WARN : General      f:0 st:209,722,428 at XuiSkin$EntityUiStyle.Load          > Could not find icon: Build_StickBookcaseSmall, script = Crude Small Wooden Bookcase
WARN : General      f:0 st:209,722,428 at XuiSkin$EntityUiStyle.Load          > Could not find icon: Item_WaterDrop, script = Water Pump
WARN : General      f:0 st:209,722,428 at XuiSkin$EntityUiStyle.Load          > Could not find icon: Build_Grindstone, script = Grindstone
WARN : General      f:0 st:209,722,429 at XuiSkin$EntityUiStyle.Load          > Could not find icon: Item_Hacksaw, script = Metal Bandsaw
WARN : General      f:0 st:209,722,429 at XuiSkin$EntityUiStyle.Load          > Could not find icon: Build_BookcaseShort, script = Small Wooden Bookcase (Craftsman)
WARN : General      f:0 st:209,722,429 at XuiSkin$EntityUiStyle.Load          > Could not find icon: Build_MetalworkBench, script = Metalworkbench
WARN : General      f:0 st:209,722,430 at XuiSkin$EntityUiStyle.LoadComponentInfo> Could not find icon: Build_MetalworkBench
WARN : General      f:0 st:209,722,430 at XuiSkin$EntityUiStyle.Load          > Could not find icon: Item_Handle, script = Wooden Fence Post
WARN : General      f:0 st:209,722,431 at XuiSkin$EntityUiStyle.LoadComponentInfo> Could not find icon: Item_Handle
WARN : General      f:0 st:209,722,431 at XuiSkin$EntityUiStyle.Load          > Could not find icon: Build_BookcaseShort, script = Small Wooden Bookcase (Basic)
WARN : General      f:0 st:209,722,431 at XuiSkin$EntityUiStyle.Load          > Could not find icon: Build_Composter, script = Composter (Basic)
WARN : General      f:0 st:209,722,431 at XuiSkin$EntityUiStyle.Load          > Could not find icon: Build_FenceStakes, script = Crude Wooden Fence
WARN : General      f:0 st:209,722,432 at XuiSkin$EntityUiStyle.Load          > Could not find icon: Build_DoorframeLogs, script = Log Doorframe
WARN : General      f:0 st:209,722,432 at XuiSkin$EntityUiStyle.Load          > Could not find icon: Build_DoorFenceWood, script = Wooden Fence Gate
WARN : General      f:0 st:209,722,432 at XuiSkin$EntityUiStyle.Load          > Could not find icon: Build_SofteningBeam, script = Softening Beam
WARN : General      f:0 st:209,722,432 at XuiSkin$EntityUiStyle.Load          > Could not find icon: Build_ShortWireFence, script = Small Metal Wire Fence
WARN : General      f:0 st:209,722,433 at XuiSkin$EntityUiStyle.Load          > Could not find icon: Build_Stake_SkullStag, script = Deer Skull Pole
WARN : General      f:0 st:209,722,433 at XuiSkin$EntityUiStyle.Load          > Could not find icon: Item_Charcoal, script = Pit of Coals
WARN : General      f:0 st:209,722,433 at XuiSkin$EntityUiStyle.Load          > Could not find icon: Build_HerbDryerSmall, script = Small Plant Drying Rack
WARN : General      f:0 st:209,722,433 at XuiSkin$EntityUiStyle.Load          > Could not find icon: Item_BlowTorch, script = Metalwork Lathe
WARN : General      f:0 st:209,722,434 at XuiSkin$EntityUiStyle.LoadComponentInfo> Could not find icon: Item_BlowTorch
WARN : General      f:0 st:209,722,434 at XuiSkin$EntityUiStyle.Load          > Could not find icon: Build_LogTable2, script = Crude Wooden Table
WARN : General      f:0 st:209,722,434 at XuiSkin$EntityUiStyle.Load          > Could not find icon: Build_Coffin, script = Wooden Coffin
WARN : General      f:0 st:209,722,434 at XuiSkin$EntityUiStyle.Load          > Could not find icon: Build_Stake_Antlers, script = Antlers Pole
WARN : General      f:0 st:209,722,435 at XuiSkin$EntityUiStyle.Load          > Could not find icon: Build_Stake_SkullSheep, script = Sheep Skull Pole
WARN : General      f:0 st:209,722,435 at XuiSkin$EntityUiStyle.Load          > Could not find icon: Item_WaterDrop, script = Steam Turbine
WARN : General      f:0 st:209,722,435 at XuiSkin$EntityUiStyle.Load          > Could not find icon: Build_Coop2, script = Chicken Hutch (Dark Wood)
WARN : General      f:0 st:209,722,435 at XuiSkin$EntityUiStyle.Load          > Could not find icon: Build_FenceOpenLogs, script = Wide Log Gate
WARN : General      f:0 st:209,722,435 at XuiSkin$EntityUiStyle.Load          > Could not find icon: Build_PoleGate, script = Big Pole Fence Gate
WARN : General      f:0 st:209,722,436 at XuiSkin$EntityUiStyle.Load          > Could not find icon: Build_StairsLogs, script = Log Stairs
WARN : General      f:0 st:209,722,436 at XuiSkin$EntityUiStyle.Load          > Could not find icon: Item_Toast, script = Toaster
WARN : General      f:0 st:209,722,436 at XuiSkin$EntityUiStyle.Load          > Could not find icon: Build_FloorTilePorcelain, script = Tile Floor
WARN : General      f:0 st:209,722,437 at XuiSkin$EntityUiStyle.Load          > Could not find icon: Build_CrossSimple, script = Crude Wooden Cross
WARN : General      f:0 st:209,722,437 at XuiSkin$EntityUiStyle.Load          > Could not find icon: Item_Charcoal, script = Large Pit of Coals
WARN : General      f:0 st:209,722,437 at XuiSkin$EntityUiStyle.Load          > Could not find icon: Build_ButcherHook, script = Butcher Hook
WARN : General      f:0 st:209,722,437 at XuiSkin$EntityUiStyle.Load          > Could not find icon: Build_SpinningWheel, script = Spinning Wheel
WARN : General      f:0 st:209,722,438 at XuiSkin$EntityUiStyle.Load          > Could not find icon: Build_Coop, script = Chicken Hutch (Light Wood)
WARN : General      f:0 st:209,722,438 at XuiSkin$EntityUiStyle.Load          > Could not find icon: Build_Bookcase, script = Wooden Bookcase (Basic)
WARN : General      f:0 st:209,722,438 at XuiSkin$EntityUiStyle.LoadComponentInfo> Could not find icon: Build_Bookcase
WARN : General      f:0 st:209,722,438 at XuiSkin$EntityUiStyle.Load          > Could not find icon: Item_Petrol, script = Generator Maintenance
WARN : General      f:0 st:209,722,438 at XuiSkin$EntityUiStyle.Load          > Could not find icon: Build_Bookcase, script = Wooden Bookcase (Craftsman)
WARN : General      f:0 st:209,722,439 at XuiSkin$EntityUiStyle.Load          > Could not find icon: Build_BarricadeWindow_Bars, script = Metal Bar Barricade
WARN : General      f:0 st:209,722,439 at XuiSkin$EntityUiStyle.Load          > Could not find icon: Build_Stake_SkullBull, script = Bull Skull Pole
WARN : General      f:0 st:209,722,439 at XuiSkin$EntityUiStyle.Load          > Could not find icon: Build_Wall_Plaster, script = Plaster Wall
WARN : General      f:0 st:209,722,439 at XuiSkin$EntityUiStyle.Load          > Could not find icon: Build_CookingPit, script = Fire Pit (Stone Blocks)
WARN : General      f:0 st:209,722,440 at XuiSkin$EntityUiStyle.Load          > Could not find icon: Build_LoomSimple, script = Simple Loom
WARN : General      f:0 st:209,722,440 at XuiSkin$EntityUiStyle.Load          > Could not find icon: Build_WoodSign_Skull, script = Paint Sign - Skull
WARN : General      f:0 st:209,722,440 at XuiSkin$EntityUiStyle.Load          > Could not find icon: Build_WindowframeMetal, script = Metal Window Frame (Basic)
WARN : General      f:0 st:209,722,440 at XuiSkin$EntityUiStyle.Load          > Could not find icon: Build_WindowframeMetal, script = Metal Window Frame (Craftsman)
WARN : General      f:0 st:209,722,440 at XuiSkin$EntityUiStyle.Load          > Could not find icon: Build_DoubleWireGate, script = Double Tall Wire Fence Gate
WARN : General      f:0 st:209,722,441 at XuiSkin$EntityUiStyle.Load          > Could not find icon: Build_RainCollectorBarrel, script = Rain Collector Barrel (Tarp)
WARN : General      f:0 st:209,722,441 at XuiSkin$EntityUiStyle.Load          > Could not find icon: Build_FenceBrick, script = Short Brick Wall
WARN : General      f:0 st:209,722,441 at XuiSkin$EntityUiStyle.Load          > Could not find icon: Build_LogSeat, script = Short Log Bench
WARN : General      f:0 st:209,722,441 at XuiSkin$EntityUiStyle.LoadComponentInfo> Could not find icon: Build_LogSeat
WARN : General      f:0 st:209,722,442 at XuiSkin$EntityUiStyle.Load          > Could not find icon: Build_FenceMetalPosts, script = Metal Pole Fence
WARN : General      f:0 st:209,722,442 at XuiSkin$EntityUiStyle.Load          > Could not find icon: Build_DoorWood, script = Wooden Door (Advanced)
WARN : General      f:0 st:209,722,442 at XuiSkin$EntityUiStyle.Load          > Could not find icon: Build_WallframeMetal, script = Metal Wall Frame
WARN : General      f:0 st:209,722,442 at XuiSkin$EntityUiStyle.Load          > Could not find icon: Build_DoorWood, script = Wooden Door (Basic)
WARN : General      f:0 st:209,722,443 at XuiSkin$EntityUiStyle.Load          > Could not find icon: Build_WallframeWood, script = Wooden Wall Frame
WARN : General      f:0 st:209,722,443 at XuiSkin$EntityUiStyle.Load          > Could not find icon: Item_Anvil_Stone, script = Primitive Forge
WARN : General      f:0 st:209,722,443 at XuiSkin$EntityUiStyle.Load          > Could not find icon: Build_DoorMetal, script = Metal Door (Poor)
WARN : General      f:0 st:209,722,443 at XuiSkin$EntityUiStyle.Load          > Could not find icon: Build_DoorWeldedMetal, script = Metal Door (Shoddy)
WARN : General      f:0 st:209,722,444 at XuiSkin$EntityUiStyle.Load          > Could not find icon: Build_DoorWood, script = Wooden Door (Craftsman)
WARN : General      f:0 st:209,722,444 at XuiSkin$EntityUiStyle.Load          > Could not find icon: Build_Cross, script = Wooden Cross
WARN : General      f:0 st:209,722,444 at XuiSkin$EntityUiStyle.Load          > Could not find icon: Build_ShelvesWood, script = Double Wooden Shelves
WARN : General      f:0 st:209,722,444 at XuiSkin$EntityUiStyle.Load          > Could not find icon: Item_MugFulll, script = Coffee Machine
WARN : General      f:0 st:209,722,444 at XuiSkin$EntityUiStyle.Load          > Could not find icon: Item_RailroadRail_Short, script = Makeshift Electric Blower Forge
WARN : General      f:0 st:209,722,445 at XuiSkin$EntityUiStyle.LoadComponentInfo> Could not find icon: Item_RailroadRail_Short
WARN : General      f:0 st:209,722,445 at XuiSkin$EntityUiStyle.Load          > Could not find icon: Build_LeanToShelterTarp, script = Tarp Shelter
WARN : General      f:0 st:209,722,445 at XuiSkin$EntityUiStyle.Load          > Could not find icon: Build_HerbDryerLarge, script = Large Plant Drying Rack
WARN : General      f:0 st:209,722,445 at XuiSkin$EntityUiStyle.Load          > Could not find icon: Build_StoneQuern, script = Stone Quern
WARN : General      f:0 st:209,722,445 at XuiSkin$EntityUiStyle.LoadComponentInfo> Could not find icon: Build_StoneQuern
WARN : General      f:0 st:209,722,446 at XuiSkin$EntityUiStyle.Load          > Could not find icon: Build_WoodSign, script = Wooden Sign
WARN : General      f:0 st:209,722,446 at XuiSkin$EntityUiStyle.Load          > Could not find icon: Build_WoodPole_Tall, script = Wooden Pole
WARN : General      f:0 st:209,722,446 at XuiSkin$EntityUiStyle.Load          > Could not find icon: Build_WoodSign_Down, script = Paint Sign - Down Arrow
WARN : General      f:0 st:209,722,446 at XuiSkin$EntityUiStyle.Load          > Could not find icon: Item_Dice, script = Test Entity
WARN : General      f:0 st:209,722,446 at XuiSkin$EntityUiStyle.LoadComponentInfo> Could not find icon: Item_Note2
WARN : General      f:0 st:209,722,447 at XuiSkin$EntityUiStyle.Load          > Could not find icon: Build_SandbagWall, script = Sandbag Wall
WARN : General      f:0 st:209,722,447 at XuiSkin$EntityUiStyle.Load          > Could not find icon: Build_SmeltingFurnace, script = Simple Furnace
WARN : General      f:0 st:209,722,447 at XuiSkin$EntityUiStyle.Load          > Could not find icon: Build_BarricadeWindow_Plank, script = Planks Barricade
WARN : General      f:0 st:209,722,447 at XuiSkin$EntityUiStyle.Load          > Could not find icon: Item_Logs, script = Tree Stump
WARN : General      f:0 st:209,722,448 at XuiSkin$EntityUiStyle.LoadComponentInfo> Could not find icon: Item_Logs
WARN : General      f:0 st:209,722,448 at XuiSkin$EntityUiStyle.Load          > Could not find icon: Build_CrateWood, script = Wooden Crate (Craftsman)
WARN : General      f:0 st:209,722,448 at XuiSkin$EntityUiStyle.Load          > Could not find icon: Build_TallWireGate, script = Big Wire Fence Gate
WARN : General      f:0 st:209,722,448 at XuiSkin$EntityUiStyle.Load          > Could not find icon: Build_CrateWood, script = Wooden Crate (Basic)
WARN : General      f:0 st:209,722,449 at XuiSkin$EntityUiStyle.Load          > Could not find icon: Build_DoubleWireFence, script = Big Wire Fence
WARN : General      f:0 st:209,722,449 at XuiSkin$EntityUiStyle.Load          > Could not find icon: Build_Composter, script = Composter (Craftsman)
WARN : General      f:0 st:209,722,449 at XuiSkin$EntityUiStyle.Load          > Could not find icon: Build_Amphora, script = Amphora
WARN : General      f:0 st:209,722,449 at XuiSkin$EntityUiStyle.Load          > Could not find icon: Build_Coalpit, script = Charcoal Burning Pile
WARN : General      f:0 st:209,722,450 at XuiSkin$EntityUiStyle.Load          > Could not find icon: Build_FloorTileWood, script = Wooden Floor (Craftsman)
WARN : General      f:0 st:209,722,450 at XuiSkin$EntityUiStyle.Load          > Could not find icon: Build_FloorTileWood, script = Wooden Floor (Advanced)
WARN : General      f:0 st:209,722,450 at XuiSkin$EntityUiStyle.Load          > Could not find icon: Build_FloorTileWood, script = Wooden Floor (Basic)
WARN : General      f:0 st:209,722,450 at XuiSkin$EntityUiStyle.Load          > Could not find icon: Item_CarBatteryCharger, script = CeroSec - FS-800
WARN : General      f:0 st:209,722,451 at XuiSkin$EntityUiStyle.Load          > Could not find icon: Build_Wall_Wallpaper, script = Apply Wallpaper
WARN : General      f:0 st:209,722,451 at XuiSkin$EntityUiStyle.Load          > Could not find icon: Build_Chair, script = Wooden Chair (Basic)
WARN : General      f:0 st:209,722,451 at XuiSkin$EntityUiStyle.Load          > Could not find icon: Build_FlashlightLamp, script = Wooden Flashlight Pillar
WARN : General      f:0 st:209,722,452 at XuiSkin$EntityUiStyle.Load          > Could not find icon: Build_Chair, script = Wooden Chair (Advanced)
WARN : General      f:0 st:209,722,452 at XuiSkin$EntityUiStyle.Load          > Could not find icon: Build_FenceHighMetalPosts, script = Big Metal Pole Fence
WARN : General      f:0 st:209,722,452 at XuiSkin$EntityUiStyle.Load          > Could not find icon: Build_Chair, script = Wooden Chair (Craftsman)
WARN : General      f:0 st:209,722,452 at XuiSkin$EntityUiStyle.Load          > Could not find icon: Build_LogStool, script = Log Stool
WARN : General      f:0 st:209,722,452 at XuiSkin$EntityUiStyle.Load          > Could not find icon: Build_TableSmallWood, script = Small Wooden Table (Craftsman)
WARN : General      f:0 st:209,722,453 at XuiSkin$EntityUiStyle.LoadComponentInfo> Could not find icon: Build_TableSmallWood
WARN : General      f:0 st:209,722,453 at XuiSkin$EntityUiStyle.Load          > Could not find icon: Build_TableSmallWood, script = Small Wooden Table (Advanced)
WARN : General      f:0 st:209,722,453 at XuiSkin$EntityUiStyle.LoadComponentInfo> Could not find icon: Build_TableSmallWood
WARN : General      f:0 st:209,722,453 at XuiSkin$EntityUiStyle.Load          > Could not find icon: Build_TableSmallWood, script = Small Wooden Table (Basic)
WARN : General      f:0 st:209,722,454 at XuiSkin$EntityUiStyle.LoadComponentInfo> Could not find icon: Build_TableSmallWood
WARN : General      f:0 st:209,722,454 at XuiSkin$EntityUiStyle.Load          > Could not find icon: Item_CarBatteryCharger, script = Test Kiln
WARN : General      f:0 st:209,722,454 at XuiSkin$EntityUiStyle.LoadComponentInfo> Could not find icon: Item_Note2
WARN : General      f:0 st:209,722,454 at XuiSkin$EntityUiStyle.Load          > Could not find icon: Build_ShortWireGate, script = Metal Wire Fence Gate
WARN : General      f:0 st:209,722,455 at XuiSkin$EntityUiStyle.Load          > Could not find icon: Build_LogSeat, script = Log Seat
WARN : General      f:0 st:209,722,455 at XuiSkin$EntityUiStyle.Load          > Could not find icon: Item_PropaneTank, script = Steam Boiler
WARN : General      f:0 st:209,722,455 at XuiSkin$EntityUiStyle.Load          > Could not find icon: Build_TroughWoodLong, script = Long Wooden Feeding Trough
WARN : General      f:0 st:209,722,456 at XuiSkin$EntityUiStyle.Load          > Could not find icon: Build_MetalworkTable, script = Metalwork Table
WARN : General      f:0 st:209,722,456 at XuiSkin$EntityUiStyle.LoadComponentInfo> Could not find icon: Build_MetalworkTable
WARN : General      f:0 st:209,722,457 at XuiSkin$EntityUiStyle.Load          > Could not find icon: Item_Dice, script = Entity_DisplayName_Default
WARN : General      f:0 st:209,722,457 at XuiSkin$EntityUiStyle.LoadComponentInfo> Could not find icon: Item_Dice
WARN : General      f:0 st:209,722,457 at XuiSkin$EntityUiStyle.LoadComponentInfo> Could not find icon: Item_Dice
WARN : General      f:0 st:209,722,458 at XuiSkin$EntityUiStyle.LoadComponentInfo> Could not find icon: Item_Dice
WARN : General      f:0 st:209,722,458 at XuiSkin$EntityUiStyle.LoadComponentInfo> Could not find icon: Item_Dice
WARN : General      f:0 st:209,722,459 at XuiSkin$EntityUiStyle.Load          > Could not find icon: Build_FloorDirt, script = Dirt Floor
WARN : General      f:0 st:209,722,459 at XuiSkin$EntityUiStyle.Load          > Could not find icon: Build_DoorframeStone, script = Stone Doorframe
WARN : General      f:0 st:209,722,459 at XuiSkin$EntityUiStyle.Load          > Could not find icon: Build_PotteryBench, script = Pottery Bench
WARN : General      f:0 st:209,722,459 at XuiSkin$EntityUiStyle.LoadComponentInfo> Could not find icon: Build_PotteryBench
WARN : General      f:0 st:209,722,459 at XuiSkin$EntityUiStyle.Load          > Could not find icon: Build_Cairn, script = Stone Cairn
WARN : General      f:0 st:209,722,460 at XuiSkin$EntityUiStyle.Load          > Could not find icon: Build_WallWood, script = Wooden Wall (Advanced)
WARN : General      f:0 st:209,722,460 at XuiSkin$EntityUiStyle.Load          > Could not find icon: Build_WallWood, script = Wooden Wall (Basic)
WARN : General      f:0 st:209,722,460 at XuiSkin$EntityUiStyle.Load          > Could not find icon: Build_LeanToShelterSticks, script = Lean-to Shelter
WARN : General      f:0 st:209,722,460 at XuiSkin$EntityUiStyle.Load          > Could not find icon: Build_PotteryWheel, script = Pottery Wheel
WARN : General      f:0 st:209,722,461 at XuiSkin$EntityUiStyle.LoadComponentInfo> Could not find icon: Build_PotteryWheel
WARN : General      f:0 st:209,722,461 at XuiSkin$EntityUiStyle.Load          > Could not find icon: Build_CabinetStone, script = Stone Cabinet
WARN : General      f:0 st:209,722,461 at XuiSkin$EntityUiStyle.Load          > Could not find icon: Build_WallWood, script = Wooden Wall (Craftsman)
WARN : General      f:0 st:209,722,461 at XuiSkin$EntityUiStyle.Load          > Could not find icon: Build_WoodSign_Left, script = Paint Sign - Left Arrow
WARN : General      f:0 st:209,722,461 at XuiSkin$EntityUiStyle.Load          > Could not find icon: Build_PrimitiveFurnace, script = Primitive Furnace
WARN : General      f:0 st:209,722,462 at XuiSkin$EntityUiStyle.Load          > Could not find icon: Build_DoorframeWood, script = Wooden Doorframe (Craftsman)
WARN : General      f:0 st:209,722,462 at XuiSkin$EntityUiStyle.Load          > Could not find icon: Build_DoorframeWood, script = Wooden Doorframe (Advanced)
WARN : General      f:0 st:209,722,462 at XuiSkin$EntityUiStyle.Load          > Could not find icon: Build_DoorframeWood, script = Wooden Doorframe (Basic)
WARN : General      f:0 st:209,722,462 at XuiSkin$EntityUiStyle.Load          > Could not find icon: Build_WindowframeLogs, script = Log Window Frame
WARN : General      f:0 st:209,722,462 at XuiSkin$EntityUiStyle.Load          > Could not find icon: Build_FloorGravel, script = Gravel Floor
WARN : General      f:0 st:209,722,463 at XuiSkin$EntityUiStyle.Load          > Could not find icon: Item_WaterBottle, script = Bottling Machine
WARN : General      f:0 st:209,722,463 at XuiSkin$EntityUiStyle.Load          > Could not find icon: Build_WallBrick, script = Brick Wall (Basic)
WARN : General      f:0 st:209,722,463 at XuiSkin$EntityUiStyle.Load          > Could not find icon: Build_WallBrick, script = Brick Wall (Craftsman)
WARN : General      f:0 st:209,722,463 at XuiSkin$EntityUiStyle.Load          > Could not find icon: Build_DryingFrameLarge, script = Large Leather Drying Rack
WARN : General      f:0 st:209,722,464 at XuiSkin$EntityUiStyle.Load          > Could not find icon: Build_RippleComb, script = Ripple Comb
WARN : General      f:0 st:209,722,464 at XuiSkin$EntityUiStyle.Load          > Could not find icon: Build_Wall_Paint, script = Paint Wall / Item
WARN : General      f:0 st:209,722,464 at XuiSkin$EntityUiStyle.Load          > Could not find icon: Build_FenceWood, script = Wooden Fence (Craftsman)
WARN : General      f:0 st:209,722,464 at XuiSkin$EntityUiStyle.Load          > Could not find icon: Build_FenceWood, script = Wooden Fence (Advanced)
WARN : General      f:0 st:209,722,465 at XuiSkin$EntityUiStyle.Load          > Could not find icon: Build_LogTable, script = Log Table
WARN : General      f:0 st:209,722,465 at XuiSkin$EntityUiStyle.Load          > Could not find icon: Build_FenceWood, script = Wooden Fence (Basic)
WARN : General      f:0 st:209,722,465 at XuiSkin$EntityUiStyle.Load          > Could not find icon: Build_ForgeAdvanced, script = Advanced Forge
WARN : General      f:0 st:209,722,465 at XuiSkin$EntityUiStyle.Load          > Could not find icon: Build_GunLocker, script = Small Metal Locker (Craftsman)
WARN : General      f:0 st:209,722,465 at XuiSkin$EntityUiStyle.Load          > Could not find icon: Build_GunLocker, script = Small Metal Locker (Basic)
WARN : General      f:0 st:209,722,466 at XuiSkin$EntityUiStyle.Load          > Could not find icon: Build_RainCollectorCrate, script = Rain Collector Crate (Tarp)
WARN : General      f:0 st:209,722,466 at XuiSkin$EntityUiStyle.Load          > Could not find icon: Build_ButterChurn, script = Butter Churn
WARN : General      f:0 st:209,722,466 at XuiSkin$EntityUiStyle.Load          > Could not find icon: Build_Stake_SkullCow, script = Cow Skull Pole
WARN : General      f:0 st:209,722,466 at XuiSkin$EntityUiStyle.Load          > Could not find icon: Build_FloorTileMetal, script = Metal Floor
WARN : General      f:0 st:209,722,467 at XuiSkin$EntityUiStyle.Load          > Could not find icon: Build_Handpress, script = Hand-Operated Press
WARN : General      f:0 st:209,722,467 at XuiSkin$EntityUiStyle.LoadComponentInfo> Could not find icon: Build_Handpress
WARN : General      f:0 st:209,722,467 at XuiSkin$EntityUiStyle.Load          > Could not find icon: Build_MetalCounterCorner, script = Metal Counter Corner (Craftsman)
WARN : General      f:0 st:209,722,467 at XuiSkin$EntityUiStyle.Load          > Could not find icon: Build_MetalCounterCorner, script = Metal Counter Corner (Basic)
WARN : General      f:0 st:209,722,467 at XuiSkin$EntityUiStyle.Load          > Could not find icon: Build_WoodCounterCorner, script = Wooden Counter Corner (Basic)
WARN : General      f:0 st:209,722,468 at XuiSkin$EntityUiStyle.Load          > Could not find icon: Build_HeckleComb, script = Heckle Comb
WARN : General      f:0 st:209,722,468 at XuiSkin$EntityUiStyle.Load          > Could not find icon: Build_Stake_SkullPig, script = Pig Skull Pole
WARN : General      f:0 st:209,722,468 at XuiSkin$EntityUiStyle.Load          > Could not find icon: Build_ScutchingBoard, script = Scutching Board
WARN : General      f:0 st:209,722,468 at XuiSkin$EntityUiStyle.Load          > Could not find icon: Build_FenceMetalPosts, script = Metal Pole Fence Gate
WARN : General      f:0 st:209,722,468 at XuiSkin$EntityUiStyle.Load          > Could not find icon: Build_DoublePoleGate, script = Double Tall Metal Pole Gate
WARN : General      f:0 st:209,722,469 at XuiSkin$EntityUiStyle.Load          > Could not find icon: Build_WoodCounter, script = Wooden Counter (Advanced)
WARN : General      f:0 st:209,722,469 at XuiSkin$EntityUiStyle.Load          > Could not find icon: Build_WoodCounterCorner, script = Wooden Counter Corner (Craftsman)
WARN : General      f:0 st:209,722,469 at XuiSkin$EntityUiStyle.Load          > Could not find icon: Build_WoodCounter, script = Wooden Counter (Basic)
WARN : General      f:0 st:209,722,469 at XuiSkin$EntityUiStyle.Load          > Could not find icon: Build_WoodCounterCorner, script = Wooden Counter Corner (Advanced)
WARN : General      f:0 st:209,722,470 at XuiSkin$EntityUiStyle.Load          > Could not find icon: Build_WoodCounter, script = Wooden Counter (Craftsman)
WARN : General      f:0 st:209,722,470 at XuiSkin$EntityUiStyle.Load          > Could not find icon: Build_RainCollectorBarrel2, script = Rain Collector Barrel (Garbage Bags)
WARN : General      f:0 st:209,722,470 at XuiSkin$EntityUiStyle.Load          > Could not find icon: Build_WoodSign_Up, script = Paint Sign - Up Arrow
WARN : General      f:0 st:209,722,470 at XuiSkin$EntityUiStyle.Load          > Could not find icon: Build_WoodSign_Right, script = Paint Sign - Right Arrow
WARN : General      f:0 st:209,722,470 at XuiSkin$EntityUiStyle.Load          > Could not find icon: Item_SheetMetal, script = Hydraulic Press
WARN : General      f:0 st:209,722,471 at XuiSkin$EntityUiStyle.Load          > Could not find icon: Build_FenceMetal, script = Metal Fence (Craftsman)
WARN : General      f:0 st:209,722,471 at XuiSkin$EntityUiStyle.Load          > Could not find icon: Build_FenceLogs, script = Log Fence
WARN : General      f:0 st:209,722,471 at XuiSkin$EntityUiStyle.Load          > Could not find icon: Build_FenceMetal, script = Metal Fence (Basic)
WARN : General      f:0 st:209,722,471 at XuiSkin$EntityUiStyle.Load          > Could not find icon: Item_Orange, script = Juice Maker
WARN : General      f:0 st:209,722,472 at XuiSkin$EntityUiStyle.Load          > Could not find icon: Build_Campfire, script = Campfire
WARN : General      f:0 st:209,722,472 at XuiSkin$EntityUiStyle.LoadComponentInfo> Could not find icon: Build_Campfire
WARN : General      f:0 st:209,722,472 at XuiSkin$EntityUiStyle.Load          > Could not find icon: Build_StairsMetal, script = Metal Stairs
WARN : General      f:0 st:209,722,472 at XuiSkin$EntityUiStyle.Load          > Could not find icon: Build_TroughWoodShort, script = Short Wooden Feeding Trough
WARN : General      f:0 st:209,722,473 at XuiSkin$EntityUiStyle.Load          > Could not find icon: Item_Anvil_Forged, script = Advanced Makeshift Electric Blower Forge
WARN : General      f:0 st:209,722,473 at XuiSkin$EntityUiStyle.LoadComponentInfo> Could not find icon: Item_Anvil_Forged
WARN : General      f:0 st:209,722,473 at XuiSkin$EntityUiStyle.Load          > Could not find icon: Build_WallStone, script = Stone Wall
WARN : General      f:0 st:209,722,473 at XuiSkin$EntityUiStyle.Load          > Could not find icon: Build_Stake_SkullDoe, script = Doe Skull Pole
WARN : General      f:0 st:209,722,473 at XuiSkin$EntityUiStyle.Load          > Could not find icon: Build_WindowBlack, script = Wooden Windows
WARN : General      f:0 st:209,722,474 at XuiSkin$EntityUiStyle.Load          > Could not find icon: Item_Clamp_Forged, script = Standing Drill Press
WARN : General      f:0 st:209,722,474 at XuiSkin$EntityUiStyle.LoadComponentInfo> Could not find icon: Item_Clamp_Forged
WARN : General      f:0 st:209,722,474 at XuiSkin$EntityUiStyle.Load          > Could not find icon: Build_KilnSmall, script = Primitive Kiln
WARN : General      f:0 st:209,722,474 at XuiSkin$EntityUiStyle.Load          > Could not find icon: Build_ShelvesMetal, script = Metal Shelves (Basic)
WARN : General      f:0 st:209,722,474 at XuiSkin$EntityUiStyle.Load          > Could not find icon: Build_ShelvesMetal, script = Metal Shelves (Craftsman)
WARN : General      f:0 st:209,722,475 at XuiSkin$EntityUiStyle.Load          > Could not find icon: Build_DomeKiln, script = Dome Kiln
WARN : General      f:0 st:209,722,475 at XuiSkin$EntityUiStyle.Load          > Could not find icon: Build_Loom, script = Loom
WARN : General      f:0 st:209,722,475 at XuiSkin$EntityUiStyle.Load          > Could not find icon: Build_BarricadeWindow_Sheet, script = Metal Sheet Barricade
WARN : General      f:0 st:209,722,475 at XuiSkin$EntityUiStyle.Load          > Could not find icon: Build_DoubleWoodGate, script = Double Tall Wooden Gate
WARN : General      f:0 st:209,722,475 at XuiSkin$EntityUiStyle.Load          > Could not find icon: Build_StoneMill, script = Stone Mill
WARN : General      f:0 st:209,722,476 at XuiSkin$EntityUiStyle.LoadComponentInfo> Could not find icon: Build_StoneMill
WARN : General      f:0 st:209,722,476 at XuiSkin$EntityUiStyle.Load          > Could not find icon: Build_WallMetal, script = Metal Wall (Craftsman)
WARN : General      f:0 st:209,722,476 at XuiSkin$EntityUiStyle.Load          > Could not find icon: Item_ClayMold_Shingle, script = Well
WARN : General      f:0 st:209,722,476 at XuiSkin$EntityUiStyle.Load          > Could not find icon: Item_Boulder, script = Boulder
WARN : General      f:0 st:209,722,476 at XuiSkin$EntityUiStyle.LoadComponentInfo> Could not find icon: Item_Boulder
WARN : General      f:0 st:209,722,477 at XuiSkin$EntityUiStyle.Load          > Could not find icon: Build_WindowframeWood, script = Wooden Window Frame (Advanced)
WARN : General      f:0 st:209,722,477 at XuiSkin$EntityUiStyle.Load          > Could not find icon: Build_WindowframeWood, script = Wooden Window Frame (Craftsman)
WARN : General      f:0 st:209,722,477 at XuiSkin$EntityUiStyle.Load          > Could not find icon: Build_StickBookcase, script = Crude Wooden Bookcase
WARN : General      f:0 st:209,722,477 at XuiSkin$EntityUiStyle.Load          > Could not find icon: Build_CabinetMetal, script = Big Metal Locker (Basic)
WARN : General      f:0 st:209,722,477 at XuiSkin$EntityUiStyle.Load          > Could not find icon: Build_ChoppingBlock, script = Chopping Block
WARN : General      f:0 st:209,722,478 at XuiSkin$EntityUiStyle.LoadComponentInfo> Could not find icon: Build_ChoppingBlock
WARN : General      f:0 st:209,722,478 at XuiSkin$EntityUiStyle.Load          > Could not find icon: Build_WallMetal, script = Metal Wall (Basic)
WARN : General      f:0 st:209,722,478 at XuiSkin$EntityUiStyle.Load          > Could not find icon: Item_Logs, script = Sawmill
WARN : General      f:0 st:209,722,478 at XuiSkin$EntityUiStyle.Load          > Could not find icon: Build_WindowframeWood, script = Wooden Window Frame (Basic)
WARN : General      f:0 st:209,722,478 at XuiSkin$EntityUiStyle.Load          > Could not find icon: Build_CabinetMetal, script = Big Metal Locker (Craftsman)
WARN : General      f:0 st:209,722,479 at XuiSkin$EntityUiStyle.Load          > Could not find icon: Build_WindowframeBrick, script = Brick Window Frame (Craftsman)
WARN : General      f:0 st:209,722,479 at XuiSkin$EntityUiStyle.Load          > Could not find icon: Build_WindowframeBrick, script = Brick Window Frame (Basic)
WARN : General      f:0 st:209,722,479 at XuiSkin$EntityUiStyle.Load          > Could not find icon: Build_CookingPitSimple, script = Fire Pit (Stones)
WARN : General      f:0 st:209,722,479 at XuiSkin$EntityUiStyle.Load          > Could not find icon: Build_FenceWire, script = Barbed Wire Fence
WARN : General      f:0 st:209,722,479 at XuiSkin$EntityUiStyle.Load          > Could not find icon: Build_CrateMetal, script = Metal Crate (Craftsman)
WARN : General      f:0 st:209,722,480 at XuiSkin$EntityUiStyle.Load          > Could not find icon: Build_CrateMetal, script = Metal Crate (Basic)
WARN : General      f:0 st:209,722,480 at XuiSkin$EntityUiStyle.Load          > Could not find icon: Build_AnvilStone, script = Stone Anvil
WARN : General      f:0 st:209,722,480 at XuiSkin$EntityUiStyle.LoadComponentInfo> Could not find icon: Build_AnvilStone
WARN : General      f:0 st:209,722,480 at XuiSkin$EntityUiStyle.Load          > Could not find icon: Item_WaterTank, script = Water Dispenser
WARN : General      f:0 st:209,722,480 at XuiSkin$EntityUiStyle.Load          > Could not find icon: Build_DoorframeMetal, script = Metal Doorframe (Basic)
WARN : General      f:0 st:209,722,481 at XuiSkin$EntityUiStyle.Load          > Could not find icon: Build_LeanToShelterLeather, script = Leather Shelter
WARN : General      f:0 st:209,722,481 at XuiSkin$EntityUiStyle.Load          > Could not find icon: Build_DoorframeMetal, script = Metal Doorframe (Craftsman)
WARN : General      f:0 st:209,722,481 at XuiSkin$EntityUiStyle.Load          > Could not find icon: Build_TableLargeWood, script = Wooden Table (Advanced)
WARN : General      f:0 st:209,722,481 at XuiSkin$EntityUiStyle.LoadComponentInfo> Could not find icon: Build_TableLargeWood
WARN : General      f:0 st:209,722,481 at XuiSkin$EntityUiStyle.Load          > Could not find icon: Build_LogSeat2, script = Crude Wooden Stool
WARN : General      f:0 st:209,722,482 at XuiSkin$EntityUiStyle.Load          > Could not find icon: Build_TableLargeWood, script = Wooden Table (Basic)
WARN : General      f:0 st:209,722,482 at XuiSkin$EntityUiStyle.LoadComponentInfo> Could not find icon: Build_TableLargeWood
WARN : General      f:0 st:209,722,482 at XuiSkin$EntityUiStyle.Load          > Could not find icon: Build_TableLargeWood, script = Wooden Table (Craftsman)
WARN : General      f:0 st:209,722,482 at XuiSkin$EntityUiStyle.LoadComponentInfo> Could not find icon: Build_TableLargeWood
WARN : General      f:0 st:209,722,482 at XuiSkin$EntityUiStyle.Load          > Could not find icon: Build_HerbDryerSmall, script = Simple Small Plant Drying Rack
WARN : General      f:0 st:209,722,483 at XuiSkin$EntityUiStyle.Load          > Could not find icon: Build_DoorframeBrick, script = Brick Doorframe (Basic)
WARN : General      f:0 st:209,722,483 at XuiSkin$EntityUiStyle.Load          > Could not find icon: Build_DoorframeBrick, script = Brick Doorframe (Craftsman)
WARN : General      f:0 st:209,722,483 at XuiSkin$EntityUiStyle.Load          > Could not find icon: Item_Key_Blank, script = Key Duplicator
WARN : General      f:0 st:209,722,483 at XuiSkin$EntityUiStyle.Load          > Could not find icon: Build_MetalCounter, script = Metal Counter (Basic)
WARN : General      f:0 st:209,722,483 at XuiSkin$EntityUiStyle.Load          > Could not find icon: Build_MetalCounter, script = Metal Counter (Craftsman)
WARN : General      f:0 st:209,722,484 at XuiSkin$EntityUiStyle.Load          > Could not find icon: Build_WallLogs, script = Log Wall
WARN : General      f:0 st:209,722,484 at XuiSkin$EntityUiStyle.Load          > Could not find icon: Item_Anvil_Forged, script = Electric Blower Forge
WARN : General      f:0 st:209,722,484 at XuiSkin$EntityUiStyle.LoadComponentInfo> Could not find icon: Item_Anvil_Forged
WARN : General      f:0 st:209,722,484 at XuiSkin$EntityUiStyle.Load          > Could not find icon: Build_DryingFrameSmall, script = Small Leather Drying Rack
WARN : General      f:0 st:209,722,484 at XuiSkin$EntityUiStyle.Load          > Could not find icon: Build_WindowframeStone, script = Stone Window Frame
WARN : General      f:0 st:209,722,485 at XuiSkin$EntityUiStyle.Load          > Could not find icon: Build_FurnaceAdvanced, script = Advanced Furnace
WARN : General      f:0 st:209,722,485 at XuiSkin$EntityUiStyle.Load          > Could not find icon: Build_DryingFrameSmall, script = Medium Leather Drying Rack
WARN : General      f:0 st:209,722,485 at XuiSkin$EntityUiStyle.Load          > Could not find icon: Item_Rock, script = Grinding Slab
WARN : General      f:0 st:209,722,485 at XuiSkin$EntityUiStyle.LoadComponentInfo> Could not find icon: Item_Rock
WARN : General      f:0 st:209,722,486 at XuiSkin$EntityUiStyle.Load          > Could not find icon: Build_BarrelOven, script = Metal Barrel Oven
WARN : General      f:0 st:209,722,486 at XuiSkin$EntityUiStyle.Load          > Could not find icon: Build_CharcoalDrum, script = Charcoal Burning Barrel
WARN : General      f:0 st:209,722,486 at XuiSkin$EntityUiStyle.Load          > Could not find icon: Build_StairsWood, script = Wooden Stairs
WARN : General      f:0 st:209,722,486 at XuiSkin$EntityUiStyle.Load          > Could not find icon: Item_Ingot_Steel, script = Arc Furnace
WARN : General      f:0 st:209,722,486 at XuiSkin$EntityUiStyle.LoadComponentInfo> Could not find icon: Item_Ingot_Steel
WARN : General      f:0 st:209,722,487 at XuiSkin$EntityUiStyle.Load          > Could not find icon: Build_TroughMetal, script = Long Metal Feeding Trough
WARN : General      f:0 st:209,722,487 at XuiSkin$EntityUiStyle.Load          > Could not find icon: Build_KilnLarge, script = Advanced Kiln
WARN : General      f:0 st:209,722,487 at XuiSkin$EntityUiStyle.Load          > Could not find icon: Build_ShelfWood, script = Wooden Shelf (Basic)
WARN : General      f:0 st:209,722,487 at XuiSkin$EntityUiStyle.Load          > Could not find icon: Build_RainCollectorCrate2, script = Rain Collector Crate (Garbage Bags)
WARN : General      f:0 st:209,722,487 at XuiSkin$EntityUiStyle.Load          > Could not find icon: Build_HerbDryerLarge, script = Simple Large Plant Drying Rack
WARN : General      f:0 st:209,722,488 at XuiSkin$EntityUiStyle.Load          > Could not find icon: Build_WoodPicket, script = Wooden Marker
WARN : General      f:0 st:209,722,488 at XuiSkin$EntityUiStyle.Load          > Could not find icon: Build_ShelfWood, script = Wooden Shelf (Craftsman)
WARN : General      f:0 st:209,722,488 at XuiSkin$EntityUiStyle.Load          > Could not find icon: Build_FloorSand, script = Sand Floor
WARN : General      f:0 st:209,722,488 at XuiSkin$EntityUiStyle.Load          > Could not find icon: Build_Sidetable, script = Wood Table with Drawer
WARN : General      f:0 st:209,722,488 at XuiSkin$EntityUiStyle.Load          > Could not find icon: Build_TanningBarrel, script = Tannin Barrel
WARN : General      f:0 st:209,722,489 at XuiSkin$EntityUiStyle.Load          > Could not find icon: Build_Sidetable, script = Wooden Table with Drawer (Craftsman)
WARN : General      f:0 st:209,722,489 at XuiSkin$EntityUiStyle.Load          > Could not find icon: Build_Sidetable, script = Wooden Table with Drawer (Basic)
WARN : General      f:0 st:209,722,489 at XuiSkin$EntityUiStyle.Load          > Could not find icon: Build_Bed, script = Wooden Bed
WARN : General      f:0 st:209,722,489 at XuiSkin$EntityUiStyle.Load          > Could not find icon: Build_SmeltingFurnace, script = Simple Forge
WARN : General      f:0 st:209,722,489 at XuiSkin$EntityUiStyle.Load          > Could not find icon: Build_LogBench, script = Log Bench
WARN : General      f:0 st:209,722,490 at XuiSkin$EntityUiStyle.Load          > Could not find icon: Build_StickBookcaseSmall, script = Crude Small Wooden Bookcase
WARN : General      f:0 st:209,722,490 at XuiSkin$EntityUiStyle.Load          > Could not find icon: Item_WaterDrop, script = Water Pump
WARN : General      f:0 st:209,722,490 at XuiSkin$EntityUiStyle.Load          > Could not find icon: Build_Grindstone, script = Grindstone
WARN : General      f:0 st:209,722,490 at XuiSkin$EntityUiStyle.Load          > Could not find icon: Item_Hacksaw, script = Metal Bandsaw
WARN : General      f:0 st:209,722,490 at XuiSkin$EntityUiStyle.Load          > Could not find icon: Build_BookcaseShort, script = Small Wooden Bookcase (Craftsman)
WARN : General      f:0 st:209,722,491 at XuiSkin$EntityUiStyle.Load          > Could not find icon: Build_MetalworkBench, script = Metalworkbench
WARN : General      f:0 st:209,722,491 at XuiSkin$EntityUiStyle.LoadComponentInfo> Could not find icon: Build_MetalworkBench
WARN : General      f:0 st:209,722,491 at XuiSkin$EntityUiStyle.Load          > Could not find icon: Item_Handle, script = Wooden Fence Post
WARN : General      f:0 st:209,722,491 at XuiSkin$EntityUiStyle.LoadComponentInfo> Could not find icon: Item_Handle
WARN : General      f:0 st:209,722,491 at XuiSkin$EntityUiStyle.Load          > Could not find icon: Build_BookcaseShort, script = Small Wooden Bookcase (Basic)
WARN : General      f:0 st:209,722,492 at XuiSkin$EntityUiStyle.Load          > Could not find icon: Build_Composter, script = Composter (Basic)
WARN : General      f:0 st:209,722,492 at XuiSkin$EntityUiStyle.Load          > Could not find icon: Build_FenceStakes, script = Crude Wooden Fence
WARN : General      f:0 st:209,722,492 at XuiSkin$EntityUiStyle.Load          > Could not find icon: Build_DoorframeLogs, script = Log Doorframe
WARN : General      f:0 st:209,722,492 at XuiSkin$EntityUiStyle.Load          > Could not find icon: Build_DoorFenceWood, script = Wooden Fence Gate
WARN : General      f:0 st:209,722,492 at XuiSkin$EntityUiStyle.Load          > Could not find icon: Build_SofteningBeam, script = Softening Beam
WARN : General      f:0 st:209,722,492 at XuiSkin$EntityUiStyle.Load          > Could not find icon: Build_ShortWireFence, script = Small Metal Wire Fence
WARN : General      f:0 st:209,722,493 at XuiSkin$EntityUiStyle.Load          > Could not find icon: Build_Stake_SkullStag, script = Deer Skull Pole
WARN : General      f:0 st:209,722,493 at XuiSkin$EntityUiStyle.Load          > Could not find icon: Item_Charcoal, script = Pit of Coals
WARN : General      f:0 st:209,722,493 at XuiSkin$EntityUiStyle.Load          > Could not find icon: Build_HerbDryerSmall, script = Small Plant Drying Rack
WARN : General      f:0 st:209,722,493 at XuiSkin$EntityUiStyle.Load          > Could not find icon: Item_BlowTorch, script = Metalwork Lathe
WARN : General      f:0 st:209,722,493 at XuiSkin$EntityUiStyle.LoadComponentInfo> Could not find icon: Item_BlowTorch
WARN : General      f:0 st:209,722,494 at XuiSkin$EntityUiStyle.Load          > Could not find icon: Build_LogTable2, script = Crude Wooden Table
WARN : General      f:0 st:209,722,494 at XuiSkin$EntityUiStyle.Load          > Could not find icon: Build_Coffin, script = Wooden Coffin
WARN : General      f:0 st:209,722,494 at XuiSkin$EntityUiStyle.Load          > Could not find icon: Build_Stake_Antlers, script = Antlers Pole
WARN : General      f:0 st:209,722,494 at XuiSkin$EntityUiStyle.Load          > Could not find icon: Build_Stake_SkullSheep, script = Sheep Skull Pole
WARN : General      f:0 st:209,722,494 at XuiSkin$EntityUiStyle.Load          > Could not find icon: Item_WaterDrop, script = Steam Turbine
WARN : General      f:0 st:209,722,495 at XuiSkin$EntityUiStyle.Load          > Could not find icon: Build_Coop2, script = Chicken Hutch (Dark Wood)
WARN : General      f:0 st:209,722,495 at XuiSkin$EntityUiStyle.Load          > Could not find icon: Build_FenceOpenLogs, script = Wide Log Gate
WARN : General      f:0 st:209,722,495 at XuiSkin$EntityUiStyle.Load          > Could not find icon: Build_PoleGate, script = Big Pole Fence Gate
WARN : General      f:0 st:209,722,495 at XuiSkin$EntityUiStyle.Load          > Could not find icon: Build_StairsLogs, script = Log Stairs
WARN : General      f:0 st:209,722,495 at XuiSkin$EntityUiStyle.Load          > Could not find icon: Item_Toast, script = Toaster
WARN : General      f:0 st:209,722,496 at XuiSkin$EntityUiStyle.Load          > Could not find icon: Build_FloorTilePorcelain, script = Tile Floor
WARN : General      f:0 st:209,722,496 at XuiSkin$EntityUiStyle.Load          > Could not find icon: Build_CrossSimple, script = Crude Wooden Cross
WARN : General      f:0 st:209,722,496 at XuiSkin$EntityUiStyle.Load          > Could not find icon: Item_Charcoal, script = Large Pit of Coals
WARN : General      f:0 st:209,722,496 at XuiSkin$EntityUiStyle.Load          > Could not find icon: Build_ButcherHook, script = Butcher Hook
WARN : General      f:0 st:209,722,496 at XuiSkin$EntityUiStyle.Load          > Could not find icon: Build_SpinningWheel, script = Spinning Wheel
WARN : General      f:0 st:209,722,497 at XuiSkin$EntityUiStyle.Load          > Could not find icon: Build_Coop, script = Chicken Hutch (Light Wood)
WARN : General      f:0 st:209,722,497 at XuiSkin$EntityUiStyle.Load          > Could not find icon: Build_Bookcase, script = Wooden Bookcase (Basic)
WARN : General      f:0 st:209,722,497 at XuiSkin$EntityUiStyle.LoadComponentInfo> Could not find icon: Build_Bookcase
WARN : General      f:0 st:209,722,497 at XuiSkin$EntityUiStyle.Load          > Could not find icon: Item_Petrol, script = Generator Maintenance
WARN : General      f:0 st:209,722,497 at XuiSkin$EntityUiStyle.Load          > Could not find icon: Build_Bookcase, script = Wooden Bookcase (Craftsman)
WARN : General      f:0 st:209,722,498 at XuiSkin$EntityUiStyle.Load          > Could not find icon: Build_BarricadeWindow_Bars, script = Metal Bar Barricade
WARN : General      f:0 st:209,722,498 at XuiSkin$EntityUiStyle.Load          > Could not find icon: Build_Stake_SkullBull, script = Bull Skull Pole
WARN : General      f:0 st:209,722,498 at XuiSkin$EntityUiStyle.Load          > Could not find icon: Build_Wall_Plaster, script = Plaster Wall
WARN : General      f:0 st:209,722,498 at XuiSkin$EntityUiStyle.Load          > Could not find icon: Build_CookingPit, script = Fire Pit (Stone Blocks)
WARN : General      f:0 st:209,722,498 at XuiSkin$EntityUiStyle.Load          > Could not find icon: Build_LoomSimple, script = Simple Loom
WARN : General      f:0 st:209,722,499 at XuiSkin$EntityUiStyle.Load          > Could not find icon: Build_WoodSign_Skull, script = Paint Sign - Skull
WARN : General      f:0 st:209,722,499 at XuiSkin$EntityUiStyle.Load          > Could not find icon: Build_WindowframeMetal, script = Metal Window Frame (Basic)
WARN : General      f:0 st:209,722,499 at XuiSkin$EntityUiStyle.Load          > Could not find icon: Build_WindowframeMetal, script = Metal Window Frame (Craftsman)
WARN : General      f:0 st:209,722,499 at XuiSkin$EntityUiStyle.Load          > Could not find icon: Build_DoubleWireGate, script = Double Tall Wire Fence Gate
WARN : General      f:0 st:209,722,499 at XuiSkin$EntityUiStyle.Load          > Could not find icon: Build_RainCollectorBarrel, script = Rain Collector Barrel (Tarp)
WARN : General      f:0 st:209,722,499 at XuiSkin$EntityUiStyle.Load          > Could not find icon: Build_FenceBrick, script = Short Brick Wall
WARN : General      f:0 st:209,722,500 at XuiSkin$EntityUiStyle.Load          > Could not find icon: Build_LogSeat, script = Short Log Bench
WARN : General      f:0 st:209,722,500 at XuiSkin$EntityUiStyle.LoadComponentInfo> Could not find icon: Build_LogSeat
WARN : General      f:0 st:209,722,500 at XuiSkin$EntityUiStyle.Load          > Could not find icon: Build_FenceMetalPosts, script = Metal Pole Fence
WARN : General      f:0 st:209,722,500 at XuiSkin$EntityUiStyle.Load          > Could not find icon: Build_DoorWood, script = Wooden Door (Advanced)
WARN : General      f:0 st:209,722,500 at XuiSkin$EntityUiStyle.Load          > Could not find icon: Build_WallframeMetal, script = Metal Wall Frame
WARN : General      f:0 st:209,722,501 at XuiSkin$EntityUiStyle.Load          > Could not find icon: Build_DoorWood, script = Wooden Door (Basic)
WARN : General      f:0 st:209,722,501 at XuiSkin$EntityUiStyle.Load          > Could not find icon: Build_WallframeWood, script = Wooden Wall Frame
WARN : General      f:0 st:209,722,501 at XuiSkin$EntityUiStyle.Load          > Could not find icon: Item_Anvil_Stone, script = Primitive Forge
WARN : General      f:0 st:209,722,501 at XuiSkin$EntityUiStyle.Load          > Could not find icon: Build_DoorMetal, script = Metal Door (Poor)
WARN : General      f:0 st:209,722,502 at XuiSkin$EntityUiStyle.Load          > Could not find icon: Build_DoorWeldedMetal, script = Metal Door (Shoddy)
WARN : General      f:0 st:209,722,502 at XuiSkin$EntityUiStyle.Load          > Could not find icon: Build_DoorWood, script = Wooden Door (Craftsman)
WARN : General      f:0 st:209,722,502 at XuiSkin$EntityUiStyle.Load          > Could not find icon: Build_Cross, script = Wooden Cross
WARN : General      f:0 st:209,722,502 at XuiSkin$EntityUiStyle.Load          > Could not find icon: Build_ShelvesWood, script = Double Wooden Shelves
WARN : General      f:0 st:209,722,502 at XuiSkin$EntityUiStyle.Load          > Could not find icon: Item_MugFulll, script = Coffee Machine
WARN : General      f:0 st:209,722,503 at XuiSkin$EntityUiStyle.Load          > Could not find icon: Item_RailroadRail_Short, script = Makeshift Electric Blower Forge
WARN : General      f:0 st:209,722,503 at XuiSkin$EntityUiStyle.LoadComponentInfo> Could not find icon: Item_RailroadRail_Short
WARN : General      f:0 st:209,722,503 at XuiSkin$EntityUiStyle.Load          > Could not find icon: Build_LeanToShelterTarp, script = Tarp Shelter
WARN : General      f:0 st:209,722,503 at XuiSkin$EntityUiStyle.Load          > Could not find icon: Build_HerbDryerLarge, script = Large Plant Drying Rack
WARN : General      f:0 st:209,722,504 at XuiSkin$EntityUiStyle.Load          > Could not find icon: Build_StoneQuern, script = Stone Quern
WARN : General      f:0 st:209,722,504 at XuiSkin$EntityUiStyle.LoadComponentInfo> Could not find icon: Build_StoneQuern
WARN : General      f:0 st:209,722,504 at XuiSkin$EntityUiStyle.Load          > Could not find icon: Build_WoodSign, script = Wooden Sign
WARN : General      f:0 st:209,722,504 at XuiSkin$EntityUiStyle.Load          > Could not find icon: Build_WoodPole_Tall, script = Wooden Pole
WARN : General      f:0 st:209,722,504 at XuiSkin$EntityUiStyle.Load          > Could not find icon: Build_WoodSign_Down, script = Paint Sign - Down Arrow
WARN : General      f:0 st:209,722,505 at XuiSkin$EntityUiStyle.Load          > Could not find icon: Item_Dice, script = Test Entity
WARN : General      f:0 st:209,722,505 at XuiSkin$EntityUiStyle.LoadComponentInfo> Could not find icon: Item_Note2
WARN : General      f:0 st:209,722,505 at XuiSkin$EntityUiStyle.Load          > Could not find icon: Build_SandbagWall, script = Sandbag Wall
WARN : General      f:0 st:209,722,505 at XuiSkin$EntityUiStyle.Load          > Could not find icon: Build_SmeltingFurnace, script = Simple Furnace
WARN : General      f:0 st:209,722,505 at XuiSkin$EntityUiStyle.Load          > Could not find icon: Build_BarricadeWindow_Plank, script = Planks Barricade
WARN : General      f:0 st:209,722,506 at XuiSkin$EntityUiStyle.Load          > Could not find icon: Item_Logs, script = Tree Stump
WARN : General      f:0 st:209,722,506 at XuiSkin$EntityUiStyle.LoadComponentInfo> Could not find icon: Item_Logs
WARN : General      f:0 st:209,722,506 at XuiSkin$EntityUiStyle.Load          > Could not find icon: Build_CrateWood, script = Wooden Crate (Craftsman)
WARN : General      f:0 st:209,722,506 at XuiSkin$EntityUiStyle.Load          > Could not find icon: Build_TallWireGate, script = Big Wire Fence Gate
WARN : General      f:0 st:209,722,506 at XuiSkin$EntityUiStyle.Load          > Could not find icon: Build_CrateWood, script = Wooden Crate (Basic)
WARN : General      f:0 st:209,722,507 at XuiSkin$EntityUiStyle.Load          > Could not find icon: Build_DoubleWireFence, script = Big Wire Fence
WARN : General      f:0 st:209,722,507 at XuiSkin$EntityUiStyle.Load          > Could not find icon: Build_Composter, script = Composter (Craftsman)
WARN : General      f:0 st:209,722,507 at XuiSkin$EntityUiStyle.Load          > Could not find icon: Build_Amphora, script = Amphora
WARN : General      f:0 st:209,722,507 at XuiSkin$EntityUiStyle.Load          > Could not find icon: Build_Coalpit, script = Charcoal Burning Pile
WARN : General      f:0 st:209,722,508 at XuiSkin$EntityUiStyle.Load          > Could not find icon: Build_FloorTileWood, script = Wooden Floor (Craftsman)
WARN : General      f:0 st:209,722,508 at XuiSkin$EntityUiStyle.Load          > Could not find icon: Build_FloorTileWood, script = Wooden Floor (Advanced)
WARN : General      f:0 st:209,722,508 at XuiSkin$EntityUiStyle.Load          > Could not find icon: Build_FloorTileWood, script = Wooden Floor (Basic)
WARN : General      f:0 st:209,722,508 at XuiSkin$EntityUiStyle.Load          > Could not find icon: Item_CarBatteryCharger, script = CeroSec - FS-800
WARN : General      f:0 st:209,722,508 at XuiSkin$EntityUiStyle.Load          > Could not find icon: Build_Wall_Wallpaper, script = Apply Wallpaper
WARN : General      f:0 st:209,722,508 at XuiSkin$EntityUiStyle.Load          > Could not find icon: Build_Chair, script = Wooden Chair (Basic)
WARN : General      f:0 st:209,722,509 at XuiSkin$EntityUiStyle.Load          > Could not find icon: Build_FlashlightLamp, script = Wooden Flashlight Pillar
WARN : General      f:0 st:209,722,509 at XuiSkin$EntityUiStyle.Load          > Could not find icon: Build_Chair, script = Wooden Chair (Advanced)
WARN : General      f:0 st:209,722,509 at XuiSkin$EntityUiStyle.Load          > Could not find icon: Build_FenceHighMetalPosts, script = Big Metal Pole Fence
WARN : General      f:0 st:209,722,509 at XuiSkin$EntityUiStyle.Load          > Could not find icon: Build_Chair, script = Wooden Chair (Craftsman)
WARN : General      f:0 st:209,722,509 at XuiSkin$EntityUiStyle.Load          > Could not find icon: Build_LogStool, script = Log Stool
WARN : General      f:0 st:209,722,510 at XuiSkin$EntityUiStyle.Load          > Could not find icon: Build_TableSmallWood, script = Small Wooden Table (Craftsman)
WARN : General      f:0 st:209,722,510 at XuiSkin$EntityUiStyle.LoadComponentInfo> Could not find icon: Build_TableSmallWood
WARN : General      f:0 st:209,722,510 at XuiSkin$EntityUiStyle.Load          > Could not find icon: Build_TableSmallWood, script = Small Wooden Table (Advanced)
WARN : General      f:0 st:209,722,510 at XuiSkin$EntityUiStyle.LoadComponentInfo> Could not find icon: Build_TableSmallWood
WARN : General      f:0 st:209,722,510 at XuiSkin$EntityUiStyle.Load          > Could not find icon: Build_TableSmallWood, script = Small Wooden Table (Basic)
WARN : General      f:0 st:209,722,511 at XuiSkin$EntityUiStyle.LoadComponentInfo> Could not find icon: Build_TableSmallWood
WARN : General      f:0 st:209,722,511 at XuiSkin$EntityUiStyle.Load          > Could not find icon: Item_CarBatteryCharger, script = Test Kiln
WARN : General      f:0 st:209,722,511 at XuiSkin$EntityUiStyle.LoadComponentInfo> Could not find icon: Item_Note2
WARN : General      f:0 st:209,722,511 at XuiSkin$EntityUiStyle.Load          > Could not find icon: Build_ShortWireGate, script = Metal Wire Fence Gate
WARN : General      f:0 st:209,722,512 at XuiSkin$EntityUiStyle.Load          > Could not find icon: Build_LogSeat, script = Log Seat
WARN : General      f:0 st:209,722,512 at XuiSkin$EntityUiStyle.Load          > Could not find icon: Item_PropaneTank, script = Steam Boiler
WARN : General      f:0 st:209,722,512 at XuiSkin$EntityUiStyle.Load          > Could not find icon: Build_TroughWoodLong, script = Long Wooden Feeding Trough
WARN : General      f:0 st:209,722,512 at XuiSkin$EntityUiStyle.Load          > Could not find icon: Build_MetalworkTable, script = Metalwork Table
WARN : General      f:0 st:209,722,513 at XuiSkin$EntityUiStyle.LoadComponentInfo> Could not find icon: Build_MetalworkTable
WARN : General      f:0 st:209,722,513 at XuiSkin$EntityUiStyle.Load          > Could not find icon: Item_Dice, script = Entity_DisplayName_Default
WARN : General      f:0 st:209,722,514 at XuiSkin$EntityUiStyle.LoadComponentInfo> Could not find icon: Item_Dice
WARN : General      f:0 st:209,722,514 at XuiSkin$EntityUiStyle.LoadComponentInfo> Could not find icon: Item_Dice
WARN : General      f:0 st:209,722,514 at XuiSkin$EntityUiStyle.LoadComponentInfo> Could not find icon: Item_Dice
WARN : General      f:0 st:209,722,514 at XuiSkin$EntityUiStyle.LoadComponentInfo> Could not find icon: Item_Dice
WARN : General      f:0 st:209,722,515 at XuiSkin$EntityUiStyle.Load          > Could not find icon: Build_FloorDirt, script = Dirt Floor
WARN : General      f:0 st:209,722,515 at XuiSkin$EntityUiStyle.Load          > Could not find icon: Build_DoorframeStone, script = Stone Doorframe
WARN : General      f:0 st:209,722,515 at XuiSkin$EntityUiStyle.Load          > Could not find icon: Build_PotteryBench, script = Pottery Bench
WARN : General      f:0 st:209,722,515 at XuiSkin$EntityUiStyle.LoadComponentInfo> Could not find icon: Build_PotteryBench
WARN : General      f:0 st:209,722,515 at XuiSkin$EntityUiStyle.Load          > Could not find icon: Build_Cairn, script = Stone Cairn
WARN : General      f:0 st:209,722,516 at XuiSkin$EntityUiStyle.Load          > Could not find icon: Build_WallWood, script = Wooden Wall (Advanced)
WARN : General      f:0 st:209,722,516 at XuiSkin$EntityUiStyle.Load          > Could not find icon: Build_WallWood, script = Wooden Wall (Basic)
WARN : General      f:0 st:209,722,516 at XuiSkin$EntityUiStyle.Load          > Could not find icon: Build_LeanToShelterSticks, script = Lean-to Shelter
WARN : General      f:0 st:209,722,516 at XuiSkin$EntityUiStyle.Load          > Could not find icon: Build_PotteryWheel, script = Pottery Wheel
WARN : General      f:0 st:209,722,516 at XuiSkin$EntityUiStyle.LoadComponentInfo> Could not find icon: Build_PotteryWheel
WARN : General      f:0 st:209,722,517 at XuiSkin$EntityUiStyle.Load          > Could not find icon: Build_CabinetStone, script = Stone Cabinet
WARN : General      f:0 st:209,722,517 at XuiSkin$EntityUiStyle.Load          > Could not find icon: Build_WallWood, script = Wooden Wall (Craftsman)
WARN : General      f:0 st:209,722,517 at XuiSkin$EntityUiStyle.Load          > Could not find icon: Build_WoodSign_Left, script = Paint Sign - Left Arrow
WARN : General      f:0 st:209,722,517 at XuiSkin$EntityUiStyle.Load          > Could not find icon: Build_PrimitiveFurnace, script = Primitive Furnace
WARN : General      f:0 st:209,722,517 at XuiSkin$EntityUiStyle.Load          > Could not find icon: Build_DoorframeWood, script = Wooden Doorframe (Craftsman)
WARN : General      f:0 st:209,722,518 at XuiSkin$EntityUiStyle.Load          > Could not find icon: Build_DoorframeWood, script = Wooden Doorframe (Advanced)
WARN : General      f:0 st:209,722,518 at XuiSkin$EntityUiStyle.Load          > Could not find icon: Build_DoorframeWood, script = Wooden Doorframe (Basic)
WARN : General      f:0 st:209,722,518 at XuiSkin$EntityUiStyle.Load          > Could not find icon: Build_WindowframeLogs, script = Log Window Frame
WARN : General      f:0 st:209,722,518 at XuiSkin$EntityUiStyle.Load          > Could not find icon: Build_FloorGravel, script = Gravel Floor
WARN : General      f:0 st:209,722,518 at XuiSkin$EntityUiStyle.Load          > Could not find icon: Item_WaterBottle, script = Bottling Machine
WARN : General      f:0 st:209,722,519 at XuiSkin$EntityUiStyle.Load          > Could not find icon: Build_WallBrick, script = Brick Wall (Basic)
WARN : General      f:0 st:209,722,519 at XuiSkin$EntityUiStyle.Load          > Could not find icon: Build_WallBrick, script = Brick Wall (Craftsman)
WARN : General      f:0 st:209,722,519 at XuiSkin$EntityUiStyle.Load          > Could not find icon: Build_DryingFrameLarge, script = Large Leather Drying Rack
WARN : General      f:0 st:209,722,519 at XuiSkin$EntityUiStyle.Load          > Could not find icon: Build_RippleComb, script = Ripple Comb
WARN : General      f:0 st:209,722,519 at XuiSkin$EntityUiStyle.Load          > Could not find icon: Build_Wall_Paint, script = Paint Wall / Item
WARN : General      f:0 st:209,722,520 at XuiSkin$EntityUiStyle.Load          > Could not find icon: Build_FenceWood, script = Wooden Fence (Craftsman)
WARN : General      f:0 st:209,722,520 at XuiSkin$EntityUiStyle.Load          > Could not find icon: Build_FenceWood, script = Wooden Fence (Advanced)
WARN : General      f:0 st:209,722,521 at XuiSkin$EntityUiStyle.Load          > Could not find icon: Build_LogTable, script = Log Table
WARN : General      f:0 st:209,722,521 at XuiSkin$EntityUiStyle.Load          > Could not find icon: Build_FenceWood, script = Wooden Fence (Basic)
WARN : General      f:0 st:209,722,521 at XuiSkin$EntityUiStyle.Load          > Could not find icon: Build_ForgeAdvanced, script = Advanced Forge
WARN : General      f:0 st:209,722,521 at XuiSkin$EntityUiStyle.Load          > Could not find icon: Build_GunLocker, script = Small Metal Locker (Craftsman)
WARN : General      f:0 st:209,722,521 at XuiSkin$EntityUiStyle.Load          > Could not find icon: Build_GunLocker, script = Small Metal Locker (Basic)
WARN : General      f:0 st:209,722,522 at XuiSkin$EntityUiStyle.Load          > Could not find icon: Build_RainCollectorCrate, script = Rain Collector Crate (Tarp)
WARN : General      f:0 st:209,722,522 at XuiSkin$EntityUiStyle.Load          > Could not find icon: Build_ButterChurn, script = Butter Churn
WARN : General      f:0 st:209,722,522 at XuiSkin$EntityUiStyle.Load          > Could not find icon: Build_Stake_SkullCow, script = Cow Skull Pole
WARN : General      f:0 st:209,722,522 at XuiSkin$EntityUiStyle.Load          > Could not find icon: Build_FloorTileMetal, script = Metal Floor
WARN : General      f:0 st:209,722,522 at XuiSkin$EntityUiStyle.Load          > Could not find icon: Build_Handpress, script = Hand-Operated Press
WARN : General      f:0 st:209,722,522 at XuiSkin$EntityUiStyle.LoadComponentInfo> Could not find icon: Build_Handpress
WARN : General      f:0 st:209,722,523 at XuiSkin$EntityUiStyle.Load          > Could not find icon: Build_MetalCounterCorner, script = Metal Counter Corner (Craftsman)
WARN : General      f:0 st:209,722,523 at XuiSkin$EntityUiStyle.Load          > Could not find icon: Build_MetalCounterCorner, script = Metal Counter Corner (Basic)
WARN : General      f:0 st:209,722,523 at XuiSkin$EntityUiStyle.Load          > Could not find icon: Build_WoodCounterCorner, script = Wooden Counter Corner (Basic)
WARN : General      f:0 st:209,722,523 at XuiSkin$EntityUiStyle.Load          > Could not find icon: Build_HeckleComb, script = Heckle Comb
WARN : General      f:0 st:209,722,523 at XuiSkin$EntityUiStyle.Load          > Could not find icon: Build_Stake_SkullPig, script = Pig Skull Pole
WARN : General      f:0 st:209,722,524 at XuiSkin$EntityUiStyle.Load          > Could not find icon: Build_ScutchingBoard, script = Scutching Board
WARN : General      f:0 st:209,722,524 at XuiSkin$EntityUiStyle.Load          > Could not find icon: Build_FenceMetalPosts, script = Metal Pole Fence Gate
WARN : General      f:0 st:209,722,524 at XuiSkin$EntityUiStyle.Load          > Could not find icon: Build_DoublePoleGate, script = Double Tall Metal Pole Gate
WARN : General      f:0 st:209,722,524 at XuiSkin$EntityUiStyle.Load          > Could not find icon: Build_WoodCounter, script = Wooden Counter (Advanced)
WARN : General      f:0 st:209,722,524 at XuiSkin$EntityUiStyle.Load          > Could not find icon: Build_WoodCounterCorner, script = Wooden Counter Corner (Craftsman)
WARN : General      f:0 st:209,722,525 at XuiSkin$EntityUiStyle.Load          > Could not find icon: Build_WoodCounter, script = Wooden Counter (Basic)
WARN : General      f:0 st:209,722,525 at XuiSkin$EntityUiStyle.Load          > Could not find icon: Build_WoodCounterCorner, script = Wooden Counter Corner (Advanced)
WARN : General      f:0 st:209,722,525 at XuiSkin$EntityUiStyle.Load          > Could not find icon: Build_WoodCounter, script = Wooden Counter (Craftsman)
WARN : General      f:0 st:209,722,525 at XuiSkin$EntityUiStyle.Load          > Could not find icon: Build_RainCollectorBarrel2, script = Rain Collector Barrel (Garbage Bags)
WARN : General      f:0 st:209,722,525 at XuiSkin$EntityUiStyle.Load          > Could not find icon: Build_WoodSign_Up, script = Paint Sign - Up Arrow
WARN : General      f:0 st:209,722,526 at XuiSkin$EntityUiStyle.Load          > Could not find icon: Build_WoodSign_Right, script = Paint Sign - Right Arrow
WARN : General      f:0 st:209,722,526 at XuiSkin$EntityUiStyle.Load          > Could not find icon: Item_SheetMetal, script = Hydraulic Press
WARN : General      f:0 st:209,722,526 at XuiSkin$EntityUiStyle.Load          > Could not find icon: Build_FenceMetal, script = Metal Fence (Craftsman)
WARN : General      f:0 st:209,722,526 at XuiSkin$EntityUiStyle.Load          > Could not find icon: Build_FenceLogs, script = Log Fence
WARN : General      f:0 st:209,722,527 at XuiSkin$EntityUiStyle.Load          > Could not find icon: Build_FenceMetal, script = Metal Fence (Basic)
WARN : General      f:0 st:209,722,527 at XuiSkin$EntityUiStyle.Load          > Could not find icon: Item_Orange, script = Juice Maker
WARN : General      f:0 st:209,722,527 at XuiSkin$EntityUiStyle.Load          > Could not find icon: Build_Campfire, script = Campfire
WARN : General      f:0 st:209,722,527 at XuiSkin$EntityUiStyle.LoadComponentInfo> Could not find icon: Build_Campfire
WARN : General      f:0 st:209,722,527 at XuiSkin$EntityUiStyle.Load          > Could not find icon: Build_StairsMetal, script = Metal Stairs
WARN : General      f:0 st:209,722,528 at XuiSkin$EntityUiStyle.Load          > Could not find icon: Build_TroughWoodShort, script = Short Wooden Feeding Trough
WARN : General      f:0 st:209,722,528 at XuiSkin$EntityUiStyle.Load          > Could not find icon: Item_Anvil_Forged, script = Advanced Makeshift Electric Blower Forge
WARN : General      f:0 st:209,722,528 at XuiSkin$EntityUiStyle.LoadComponentInfo> Could not find icon: Item_Anvil_Forged
WARN : General      f:0 st:209,722,528 at XuiSkin$EntityUiStyle.Load          > Could not find icon: Build_WallStone, script = Stone Wall
WARN : General      f:0 st:209,722,528 at XuiSkin$EntityUiStyle.Load          > Could not find icon: Build_Stake_SkullDoe, script = Doe Skull Pole
WARN : General      f:0 st:209,722,529 at XuiSkin$EntityUiStyle.Load          > Could not find icon: Build_WindowBlack, script = Wooden Windows
WARN : General      f:0 st:209,722,529 at XuiSkin$EntityUiStyle.Load          > Could not find icon: Item_Clamp_Forged, script = Standing Drill Press
WARN : General      f:0 st:209,722,529 at XuiSkin$EntityUiStyle.LoadComponentInfo> Could not find icon: Item_Clamp_Forged
WARN : General      f:0 st:209,722,529 at XuiSkin$EntityUiStyle.Load          > Could not find icon: Build_KilnSmall, script = Primitive Kiln
WARN : General      f:0 st:209,722,529 at XuiSkin$EntityUiStyle.Load          > Could not find icon: Build_ShelvesMetal, script = Metal Shelves (Basic)
WARN : General      f:0 st:209,722,530 at XuiSkin$EntityUiStyle.Load          > Could not find icon: Build_ShelvesMetal, script = Metal Shelves (Craftsman)
WARN : General      f:0 st:209,722,530 at XuiSkin$EntityUiStyle.Load          > Could not find icon: Build_DomeKiln, script = Dome Kiln
WARN : General      f:0 st:209,722,530 at XuiSkin$EntityUiStyle.Load          > Could not find icon: Build_Loom, script = Loom
WARN : General      f:0 st:209,722,530 at XuiSkin$EntityUiStyle.Load          > Could not find icon: Build_BarricadeWindow_Sheet, script = Metal Sheet Barricade
WARN : General      f:0 st:209,722,530 at XuiSkin$EntityUiStyle.Load          > Could not find icon: Build_DoubleWoodGate, script = Double Tall Wooden Gate
WARN : General      f:0 st:209,722,531 at XuiSkin$EntityUiStyle.Load          > Could not find icon: Build_StoneMill, script = Stone Mill
WARN : General      f:0 st:209,722,531 at XuiSkin$EntityUiStyle.LoadComponentInfo> Could not find icon: Build_StoneMill
WARN : General      f:0 st:209,722,531 at XuiSkin$EntityUiStyle.Load          > Could not find icon: Build_WallMetal, script = Metal Wall (Craftsman)
WARN : General      f:0 st:209,722,531 at XuiSkin$EntityUiStyle.Load          > Could not find icon: Item_ClayMold_Shingle, script = Well
WARN : General      f:0 st:209,722,532 at XuiSkin$EntityUiStyle.Load          > Could not find icon: Item_Boulder, script = Boulder
WARN : General      f:0 st:209,722,532 at XuiSkin$EntityUiStyle.LoadComponentInfo> Could not find icon: Item_Boulder
WARN : General      f:0 st:209,722,532 at XuiSkin$EntityUiStyle.Load          > Could not find icon: Build_WindowframeWood, script = Wooden Window Frame (Advanced)
WARN : General      f:0 st:209,722,532 at XuiSkin$EntityUiStyle.Load          > Could not find icon: Build_WindowframeWood, script = Wooden Window Frame (Craftsman)
WARN : General      f:0 st:209,722,532 at XuiSkin$EntityUiStyle.Load          > Could not find icon: Build_StickBookcase, script = Crude Wooden Bookcase
WARN : General      f:0 st:209,722,533 at XuiSkin$EntityUiStyle.Load          > Could not find icon: Build_CabinetMetal, script = Big Metal Locker (Basic)
WARN : General      f:0 st:209,722,533 at XuiSkin$EntityUiStyle.Load          > Could not find icon: Build_ChoppingBlock, script = Chopping Block
WARN : General      f:0 st:209,722,533 at XuiSkin$EntityUiStyle.LoadComponentInfo> Could not find icon: Build_ChoppingBlock
WARN : General      f:0 st:209,722,533 at XuiSkin$EntityUiStyle.Load          > Could not find icon: Build_WallMetal, script = Metal Wall (Basic)
WARN : General      f:0 st:209,722,533 at XuiSkin$EntityUiStyle.Load          > Could not find icon: Item_Logs, script = Sawmill
WARN : General      f:0 st:209,722,533 at XuiSkin$EntityUiStyle.Load          > Could not find icon: Build_WindowframeWood, script = Wooden Window Frame (Basic)
WARN : General      f:0 st:209,722,534 at XuiSkin$EntityUiStyle.Load          > Could not find icon: Build_CabinetMetal, script = Big Metal Locker (Craftsman)
WARN : General      f:0 st:209,722,534 at XuiSkin$EntityUiStyle.Load          > Could not find icon: Build_WindowframeBrick, script = Brick Window Frame (Craftsman)
WARN : General      f:0 st:209,722,534 at XuiSkin$EntityUiStyle.Load          > Could not find icon: Build_WindowframeBrick, script = Brick Window Frame (Basic)
WARN : General      f:0 st:209,722,534 at XuiSkin$EntityUiStyle.Load          > Could not find icon: Build_CookingPitSimple, script = Fire Pit (Stones)
WARN : General      f:0 st:209,722,534 at XuiSkin$EntityUiStyle.Load          > Could not find icon: Build_FenceWire, script = Barbed Wire Fence
WARN : General      f:0 st:209,722,535 at XuiSkin$EntityUiStyle.Load          > Could not find icon: Build_CrateMetal, script = Metal Crate (Craftsman)
WARN : General      f:0 st:209,722,535 at XuiSkin$EntityUiStyle.Load          > Could not find icon: Build_CrateMetal, script = Metal Crate (Basic)
WARN : General      f:0 st:209,722,535 at XuiSkin$EntityUiStyle.Load          > Could not find icon: Build_AnvilStone, script = Stone Anvil
WARN : General      f:0 st:209,722,535 at XuiSkin$EntityUiStyle.LoadComponentInfo> Could not find icon: Build_AnvilStone
WARN : General      f:0 st:209,722,535 at XuiSkin$EntityUiStyle.Load          > Could not find icon: Item_WaterTank, script = Water Dispenser
WARN : General      f:0 st:209,722,536 at XuiSkin$EntityUiStyle.Load          > Could not find icon: Build_DoorframeMetal, script = Metal Doorframe (Basic)
WARN : General      f:0 st:209,722,536 at XuiSkin$EntityUiStyle.Load          > Could not find icon: Build_LeanToShelterLeather, script = Leather Shelter
WARN : General      f:0 st:209,722,536 at XuiSkin$EntityUiStyle.Load          > Could not find icon: Build_DoorframeMetal, script = Metal Doorframe (Craftsman)
WARN : General      f:0 st:209,722,536 at XuiSkin$EntityUiStyle.Load          > Could not find icon: Build_TableLargeWood, script = Wooden Table (Advanced)
WARN : General      f:0 st:209,722,536 at XuiSkin$EntityUiStyle.LoadComponentInfo> Could not find icon: Build_TableLargeWood
WARN : General      f:0 st:209,722,536 at XuiSkin$EntityUiStyle.Load          > Could not find icon: Build_LogSeat2, script = Crude Wooden Stool
WARN : General      f:0 st:209,722,537 at XuiSkin$EntityUiStyle.Load          > Could not find icon: Build_TableLargeWood, script = Wooden Table (Basic)
WARN : General      f:0 st:209,722,537 at XuiSkin$EntityUiStyle.LoadComponentInfo> Could not find icon: Build_TableLargeWood
WARN : General      f:0 st:209,722,537 at XuiSkin$EntityUiStyle.Load          > Could not find icon: Build_TableLargeWood, script = Wooden Table (Craftsman)
WARN : General      f:0 st:209,722,537 at XuiSkin$EntityUiStyle.LoadComponentInfo> Could not find icon: Build_TableLargeWood
WARN : General      f:0 st:209,722,538 at XuiSkin$EntityUiStyle.Load          > Could not find icon: Build_HerbDryerSmall, script = Simple Small Plant Drying Rack
WARN : General      f:0 st:209,722,538 at XuiSkin$EntityUiStyle.Load          > Could not find icon: Build_DoorframeBrick, script = Brick Doorframe (Basic)
WARN : General      f:0 st:209,722,538 at XuiSkin$EntityUiStyle.Load          > Could not find icon: Build_DoorframeBrick, script = Brick Doorframe (Craftsman)
WARN : General      f:0 st:209,722,538 at XuiSkin$EntityUiStyle.Load          > Could not find icon: Item_Key_Blank, script = Key Duplicator
WARN : General      f:0 st:209,722,538 at XuiSkin$EntityUiStyle.Load          > Could not find icon: Build_MetalCounter, script = Metal Counter (Basic)
WARN : General      f:0 st:209,722,539 at XuiSkin$EntityUiStyle.Load          > Could not find icon: Build_MetalCounter, script = Metal Counter (Craftsman)
WARN : General      f:0 st:209,722,539 at XuiSkin$EntityUiStyle.Load          > Could not find icon: Build_WallLogs, script = Log Wall
WARN : General      f:0 st:209,722,539 at XuiSkin$EntityUiStyle.Load          > Could not find icon: Item_Anvil_Forged, script = Electric Blower Forge
WARN : General      f:0 st:209,722,539 at XuiSkin$EntityUiStyle.LoadComponentInfo> Could not find icon: Item_Anvil_Forged
WARN : General      f:0 st:209,722,539 at XuiSkin$EntityUiStyle.Load          > Could not find icon: Build_DryingFrameSmall, script = Small Leather Drying Rack
WARN : General      f:0 st:209,722,539 at XuiSkin$EntityUiStyle.Load          > Could not find icon: Build_WindowframeStone, script = Stone Window Frame
WARN : General      f:0 st:209,722,540 at XuiSkin$EntityUiStyle.Load          > Could not find icon: Build_FurnaceAdvanced, script = Advanced Furnace
WARN : General      f:0 st:209,722,540 at XuiSkin$EntityUiStyle.Load          > Could not find icon: Build_DryingFrameSmall, script = Medium Leather Drying Rack
WARN : General      f:0 st:209,722,540 at XuiSkin$EntityUiStyle.Load          > Could not find icon: Item_Rock, script = Grinding Slab
WARN : General      f:0 st:209,722,540 at XuiSkin$EntityUiStyle.LoadComponentInfo> Could not find icon: Item_Rock
WARN : General      f:0 st:209,722,541 at XuiSkin$EntityUiStyle.Load          > Could not find icon: Build_BarrelOven, script = Metal Barrel Oven
WARN : General      f:0 st:209,722,541 at XuiSkin$EntityUiStyle.Load          > Could not find icon: Build_CharcoalDrum, script = Charcoal Burning Barrel
WARN : General      f:0 st:209,722,541 at XuiSkin$EntityUiStyle.Load          > Could not find icon: Build_StairsWood, script = Wooden Stairs
WARN : General      f:0 st:209,722,541 at XuiSkin$EntityUiStyle.Load          > Could not find icon: Item_Ingot_Steel, script = Arc Furnace
WARN : General      f:0 st:209,722,541 at XuiSkin$EntityUiStyle.LoadComponentInfo> Could not find icon: Item_Ingot_Steel
WARN : General      f:0 st:209,722,541 at XuiSkin$EntityUiStyle.Load          > Could not find icon: Build_TroughMetal, script = Long Metal Feeding Trough
WARN : General      f:0 st:209,722,542 at XuiSkin$EntityUiStyle.Load          > Could not find icon: Build_KilnLarge, script = Advanced Kiln
WARN : General      f:0 st:209,722,542 at XuiSkin$EntityUiStyle.Load          > Could not find icon: Build_ShelfWood, script = Wooden Shelf (Basic)
WARN : General      f:0 st:209,722,542 at XuiSkin$EntityUiStyle.Load          > Could not find icon: Build_RainCollectorCrate2, script = Rain Collector Crate (Garbage Bags)
WARN : General      f:0 st:209,722,542 at XuiSkin$EntityUiStyle.Load          > Could not find icon: Build_HerbDryerLarge, script = Simple Large Plant Drying Rack
WARN : General      f:0 st:209,722,543 at XuiSkin$EntityUiStyle.Load          > Could not find icon: Build_WoodPicket, script = Wooden Marker
WARN : General      f:0 st:209,722,543 at XuiSkin$EntityUiStyle.Load          > Could not find icon: Build_ShelfWood, script = Wooden Shelf (Craftsman)
WARN : General      f:0 st:209,722,543 at XuiSkin$EntityUiStyle.Load          > Could not find icon: Build_FloorSand, script = Sand Floor
WARN : General      f:0 st:209,722,543 at XuiSkin$EntityUiStyle.Load          > Could not find icon: Build_Sidetable, script = Wood Table with Drawer
WARN : General      f:0 st:209,722,544 at XuiSkin$EntityUiStyle.Load          > Could not find icon: Build_TanningBarrel, script = Tannin Barrel
WARN : General      f:0 st:209,722,544 at XuiSkin$EntityUiStyle.Load          > Could not find icon: Build_Sidetable, script = Wooden Table with Drawer (Craftsman)
WARN : General      f:0 st:209,722,544 at XuiSkin$EntityUiStyle.Load          > Could not find icon: Build_Sidetable, script = Wooden Table with Drawer (Basic)
WARN : General      f:0 st:209,722,544 at XuiSkin$EntityUiStyle.Load          > Could not find icon: Build_Bed, script = Wooden Bed
WARN : General      f:0 st:209,722,544 at XuiSkin$EntityUiStyle.Load          > Could not find icon: Build_SmeltingFurnace, script = Simple Forge
WARN : General      f:0 st:209,722,545 at XuiSkin$EntityUiStyle.Load          > Could not find icon: Build_LogBench, script = Log Bench
WARN : General      f:0 st:209,722,545 at XuiSkin$EntityUiStyle.Load          > Could not find icon: Build_StickBookcaseSmall, script = Crude Small Wooden Bookcase
WARN : General      f:0 st:209,722,545 at XuiSkin$EntityUiStyle.Load          > Could not find icon: Item_WaterDrop, script = Water Pump
WARN : General      f:0 st:209,722,545 at XuiSkin$EntityUiStyle.Load          > Could not find icon: Build_Grindstone, script = Grindstone
WARN : General      f:0 st:209,722,545 at XuiSkin$EntityUiStyle.Load          > Could not find icon: Item_Hacksaw, script = Metal Bandsaw
WARN : General      f:0 st:209,722,546 at XuiSkin$EntityUiStyle.Load          > Could not find icon: Build_BookcaseShort, script = Small Wooden Bookcase (Craftsman)
WARN : General      f:0 st:209,722,546 at XuiSkin$EntityUiStyle.Load          > Could not find icon: Build_MetalworkBench, script = Metalworkbench
WARN : General      f:0 st:209,722,546 at XuiSkin$EntityUiStyle.LoadComponentInfo> Could not find icon: Build_MetalworkBench
WARN : General      f:0 st:209,722,546 at XuiSkin$EntityUiStyle.Load          > Could not find icon: Item_Handle, script = Wooden Fence Post
WARN : General      f:0 st:209,722,547 at XuiSkin$EntityUiStyle.LoadComponentInfo> Could not find icon: Item_Handle
WARN : General      f:0 st:209,722,547 at XuiSkin$EntityUiStyle.Load          > Could not find icon: Build_BookcaseShort, script = Small Wooden Bookcase (Basic)
WARN : General      f:0 st:209,722,547 at XuiSkin$EntityUiStyle.Load          > Could not find icon: Build_Composter, script = Composter (Basic)
WARN : General      f:0 st:209,722,547 at XuiSkin$EntityUiStyle.Load          > Could not find icon: Build_FenceStakes, script = Crude Wooden Fence
WARN : General      f:0 st:209,722,548 at XuiSkin$EntityUiStyle.Load          > Could not find icon: Build_DoorframeLogs, script = Log Doorframe
WARN : General      f:0 st:209,722,548 at XuiSkin$EntityUiStyle.Load          > Could not find icon: Build_DoorFenceWood, script = Wooden Fence Gate
WARN : General      f:0 st:209,722,548 at XuiSkin$EntityUiStyle.Load          > Could not find icon: Build_SofteningBeam, script = Softening Beam
WARN : General      f:0 st:209,722,548 at XuiSkin$EntityUiStyle.Load          > Could not find icon: Build_ShortWireFence, script = Small Metal Wire Fence
WARN : General      f:0 st:209,722,548 at XuiSkin$EntityUiStyle.Load          > Could not find icon: Build_Stake_SkullStag, script = Deer Skull Pole
WARN : General      f:0 st:209,722,549 at XuiSkin$EntityUiStyle.Load          > Could not find icon: Item_Charcoal, script = Pit of Coals
WARN : General      f:0 st:209,722,549 at XuiSkin$EntityUiStyle.Load          > Could not find icon: Build_HerbDryerSmall, script = Small Plant Drying Rack
WARN : General      f:0 st:209,722,549 at XuiSkin$EntityUiStyle.Load          > Could not find icon: Item_BlowTorch, script = Metalwork Lathe
WARN : General      f:0 st:209,722,549 at XuiSkin$EntityUiStyle.LoadComponentInfo> Could not find icon: Item_BlowTorch
WARN : General      f:0 st:209,722,550 at XuiSkin$EntityUiStyle.Load          > Could not find icon: Build_LogTable2, script = Crude Wooden Table
WARN : General      f:0 st:209,722,550 at XuiSkin$EntityUiStyle.Load          > Could not find icon: Build_Coffin, script = Wooden Coffin
WARN : General      f:0 st:209,722,550 at XuiSkin$EntityUiStyle.Load          > Could not find icon: Build_Stake_Antlers, script = Antlers Pole
WARN : General      f:0 st:209,722,550 at XuiSkin$EntityUiStyle.Load          > Could not find icon: Build_Stake_SkullSheep, script = Sheep Skull Pole
WARN : General      f:0 st:209,722,550 at XuiSkin$EntityUiStyle.Load          > Could not find icon: Item_WaterDrop, script = Steam Turbine
WARN : General      f:0 st:209,722,551 at XuiSkin$EntityUiStyle.Load          > Could not find icon: Build_Coop2, script = Chicken Hutch (Dark Wood)
WARN : General      f:0 st:209,722,551 at XuiSkin$EntityUiStyle.Load          > Could not find icon: Build_FenceOpenLogs, script = Wide Log Gate
WARN : General      f:0 st:209,722,551 at XuiSkin$EntityUiStyle.Load          > Could not find icon: Build_PoleGate, script = Big Pole Fence Gate
WARN : General      f:0 st:209,722,551 at XuiSkin$EntityUiStyle.Load          > Could not find icon: Build_StairsLogs, script = Log Stairs
WARN : General      f:0 st:209,722,551 at XuiSkin$EntityUiStyle.Load          > Could not find icon: Item_Toast, script = Toaster
WARN : General      f:0 st:209,722,552 at XuiSkin$EntityUiStyle.Load          > Could not find icon: Build_FloorTilePorcelain, script = Tile Floor
WARN : General      f:0 st:209,722,552 at XuiSkin$EntityUiStyle.Load          > Could not find icon: Build_CrossSimple, script = Crude Wooden Cross
WARN : General      f:0 st:209,722,552 at XuiSkin$EntityUiStyle.Load          > Could not find icon: Item_Charcoal, script = Large Pit of Coals
WARN : General      f:0 st:209,722,552 at XuiSkin$EntityUiStyle.Load          > Could not find icon: Build_ButcherHook, script = Butcher Hook
WARN : General      f:0 st:209,722,552 at XuiSkin$EntityUiStyle.Load          > Could not find icon: Build_SpinningWheel, script = Spinning Wheel
WARN : General      f:0 st:209,722,553 at XuiSkin$EntityUiStyle.Load          > Could not find icon: Build_Coop, script = Chicken Hutch (Light Wood)
WARN : General      f:0 st:209,722,553 at XuiSkin$EntityUiStyle.Load          > Could not find icon: Build_Bookcase, script = Wooden Bookcase (Basic)
WARN : General      f:0 st:209,722,553 at XuiSkin$EntityUiStyle.LoadComponentInfo> Could not find icon: Build_Bookcase
WARN : General      f:0 st:209,722,553 at XuiSkin$EntityUiStyle.Load          > Could not find icon: Item_Petrol, script = Generator Maintenance
WARN : General      f:0 st:209,722,554 at XuiSkin$EntityUiStyle.Load          > Could not find icon: Build_Bookcase, script = Wooden Bookcase (Craftsman)
WARN : General      f:0 st:209,722,554 at XuiSkin$EntityUiStyle.Load          > Could not find icon: Build_BarricadeWindow_Bars, script = Metal Bar Barricade
WARN : General      f:0 st:209,722,554 at XuiSkin$EntityUiStyle.Load          > Could not find icon: Build_Stake_SkullBull, script = Bull Skull Pole
WARN : General      f:0 st:209,722,555 at XuiSkin$EntityUiStyle.Load          > Could not find icon: Build_Wall_Plaster, script = Plaster Wall
WARN : General      f:0 st:209,722,555 at XuiSkin$EntityUiStyle.Load          > Could not find icon: Build_CookingPit, script = Fire Pit (Stone Blocks)
WARN : General      f:0 st:209,722,555 at XuiSkin$EntityUiStyle.Load          > Could not find icon: Build_LoomSimple, script = Simple Loom
WARN : General      f:0 st:209,722,557 at XuiSkin$EntityUiStyle.Load          > Could not find icon: Build_WoodSign_Skull, script = Paint Sign - Skull
WARN : General      f:0 st:209,722,557 at XuiSkin$EntityUiStyle.Load          > Could not find icon: Build_WindowframeMetal, script = Metal Window Frame (Basic)
WARN : General      f:0 st:209,722,557 at XuiSkin$EntityUiStyle.Load          > Could not find icon: Build_WindowframeMetal, script = Metal Window Frame (Craftsman)
WARN : General      f:0 st:209,722,557 at XuiSkin$EntityUiStyle.Load          > Could not find icon: Build_DoubleWireGate, script = Double Tall Wire Fence Gate
WARN : General      f:0 st:209,722,558 at XuiSkin$EntityUiStyle.Load          > Could not find icon: Build_RainCollectorBarrel, script = Rain Collector Barrel (Tarp)
WARN : General      f:0 st:209,722,558 at XuiSkin$EntityUiStyle.Load          > Could not find icon: Build_FenceBrick, script = Short Brick Wall
WARN : General      f:0 st:209,722,558 at XuiSkin$EntityUiStyle.Load          > Could not find icon: Build_LogSeat, script = Short Log Bench
WARN : General      f:0 st:209,722,558 at XuiSkin$EntityUiStyle.LoadComponentInfo> Could not find icon: Build_LogSeat
WARN : General      f:0 st:209,722,558 at XuiSkin$EntityUiStyle.Load          > Could not find icon: Build_FenceMetalPosts, script = Metal Pole Fence
WARN : General      f:0 st:209,722,559 at XuiSkin$EntityUiStyle.Load          > Could not find icon: Build_DoorWood, script = Wooden Door (Advanced)
WARN : General      f:0 st:209,722,559 at XuiSkin$EntityUiStyle.Load          > Could not find icon: Build_WallframeMetal, script = Metal Wall Frame
WARN : General      f:0 st:209,722,559 at XuiSkin$EntityUiStyle.Load          > Could not find icon: Build_DoorWood, script = Wooden Door (Basic)
WARN : General      f:0 st:209,722,559 at XuiSkin$EntityUiStyle.Load          > Could not find icon: Build_WallframeWood, script = Wooden Wall Frame
WARN : General      f:0 st:209,722,559 at XuiSkin$EntityUiStyle.Load          > Could not find icon: Item_Anvil_Stone, script = Primitive Forge
WARN : General      f:0 st:209,722,559 at XuiSkin$EntityUiStyle.Load          > Could not find icon: Build_DoorMetal, script = Metal Door (Poor)
WARN : General      f:0 st:209,722,560 at XuiSkin$EntityUiStyle.Load          > Could not find icon: Build_DoorWeldedMetal, script = Metal Door (Shoddy)
WARN : General      f:0 st:209,722,560 at XuiSkin$EntityUiStyle.Load          > Could not find icon: Build_DoorWood, script = Wooden Door (Craftsman)
WARN : General      f:0 st:209,722,560 at XuiSkin$EntityUiStyle.Load          > Could not find icon: Build_Cross, script = Wooden Cross
WARN : General      f:0 st:209,722,560 at XuiSkin$EntityUiStyle.Load          > Could not find icon: Build_ShelvesWood, script = Double Wooden Shelves
WARN : General      f:0 st:209,722,561 at XuiSkin$EntityUiStyle.Load          > Could not find icon: Item_MugFulll, script = Coffee Machine
WARN : General      f:0 st:209,722,561 at XuiSkin$EntityUiStyle.Load          > Could not find icon: Item_RailroadRail_Short, script = Makeshift Electric Blower Forge
WARN : General      f:0 st:209,722,561 at XuiSkin$EntityUiStyle.LoadComponentInfo> Could not find icon: Item_RailroadRail_Short
WARN : General      f:0 st:209,722,561 at XuiSkin$EntityUiStyle.Load          > Could not find icon: Build_LeanToShelterTarp, script = Tarp Shelter
WARN : General      f:0 st:209,722,561 at XuiSkin$EntityUiStyle.Load          > Could not find icon: Build_HerbDryerLarge, script = Large Plant Drying Rack
WARN : General      f:0 st:209,722,561 at XuiSkin$EntityUiStyle.Load          > Could not find icon: Build_StoneQuern, script = Stone Quern
WARN : General      f:0 st:209,722,562 at XuiSkin$EntityUiStyle.LoadComponentInfo> Could not find icon: Build_StoneQuern
WARN : General      f:0 st:209,722,562 at XuiSkin$EntityUiStyle.Load          > Could not find icon: Build_WoodSign, script = Wooden Sign
WARN : General      f:0 st:209,722,562 at XuiSkin$EntityUiStyle.Load          > Could not find icon: Build_WoodPole_Tall, script = Wooden Pole
WARN : General      f:0 st:209,722,562 at XuiSkin$EntityUiStyle.Load          > Could not find icon: Build_WoodSign_Down, script = Paint Sign - Down Arrow
WARN : General      f:0 st:209,722,562 at XuiSkin$EntityUiStyle.Load          > Could not find icon: Item_Dice, script = Test Entity
WARN : General      f:0 st:209,722,563 at XuiSkin$EntityUiStyle.LoadComponentInfo> Could not find icon: Item_Note2
WARN : General      f:0 st:209,722,563 at XuiSkin$EntityUiStyle.Load          > Could not find icon: Build_SandbagWall, script = Sandbag Wall
WARN : General      f:0 st:209,722,563 at XuiSkin$EntityUiStyle.Load          > Could not find icon: Build_SmeltingFurnace, script = Simple Furnace
WARN : General      f:0 st:209,722,563 at XuiSkin$EntityUiStyle.Load          > Could not find icon: Build_BarricadeWindow_Plank, script = Planks Barricade
WARN : General      f:0 st:209,722,564 at XuiSkin$EntityUiStyle.Load          > Could not find icon: Item_Logs, script = Tree Stump
WARN : General      f:0 st:209,722,564 at XuiSkin$EntityUiStyle.LoadComponentInfo> Could not find icon: Item_Logs
WARN : General      f:0 st:209,722,564 at XuiSkin$EntityUiStyle.Load          > Could not find icon: Build_CrateWood, script = Wooden Crate (Craftsman)
WARN : General      f:0 st:209,722,564 at XuiSkin$EntityUiStyle.Load          > Could not find icon: Build_TallWireGate, script = Big Wire Fence Gate
WARN : General      f:0 st:209,722,564 at XuiSkin$EntityUiStyle.Load          > Could not find icon: Build_CrateWood, script = Wooden Crate (Basic)
WARN : General      f:0 st:209,722,565 at XuiSkin$EntityUiStyle.Load          > Could not find icon: Build_DoubleWireFence, script = Big Wire Fence
WARN : General      f:0 st:209,722,565 at XuiSkin$EntityUiStyle.Load          > Could not find icon: Build_Composter, script = Composter (Craftsman)
WARN : General      f:0 st:209,722,565 at XuiSkin$EntityUiStyle.Load          > Could not find icon: Build_Amphora, script = Amphora
WARN : General      f:0 st:209,722,565 at XuiSkin$EntityUiStyle.Load          > Could not find icon: Build_Coalpit, script = Charcoal Burning Pile
WARN : General      f:0 st:209,722,565 at XuiSkin$EntityUiStyle.Load          > Could not find icon: Build_FloorTileWood, script = Wooden Floor (Craftsman)
WARN : General      f:0 st:209,722,566 at XuiSkin$EntityUiStyle.Load          > Could not find icon: Build_FloorTileWood, script = Wooden Floor (Advanced)
WARN : General      f:0 st:209,722,566 at XuiSkin$EntityUiStyle.Load          > Could not find icon: Build_FloorTileWood, script = Wooden Floor (Basic)
WARN : General      f:0 st:209,722,566 at XuiSkin$EntityUiStyle.Load          > Could not find icon: Item_CarBatteryCharger, script = CeroSec - FS-800
WARN : General      f:0 st:209,722,566 at XuiSkin$EntityUiStyle.Load          > Could not find icon: Build_Wall_Wallpaper, script = Apply Wallpaper
WARN : General      f:0 st:209,722,566 at XuiSkin$EntityUiStyle.Load          > Could not find icon: Build_Chair, script = Wooden Chair (Basic)
WARN : General      f:0 st:209,722,567 at XuiSkin$EntityUiStyle.Load          > Could not find icon: Build_FlashlightLamp, script = Wooden Flashlight Pillar
WARN : General      f:0 st:209,722,567 at XuiSkin$EntityUiStyle.Load          > Could not find icon: Build_Chair, script = Wooden Chair (Advanced)
WARN : General      f:0 st:209,722,567 at XuiSkin$EntityUiStyle.Load          > Could not find icon: Build_FenceHighMetalPosts, script = Big Metal Pole Fence
WARN : General      f:0 st:209,722,567 at XuiSkin$EntityUiStyle.Load          > Could not find icon: Build_Chair, script = Wooden Chair (Craftsman)
WARN : General      f:0 st:209,722,567 at XuiSkin$EntityUiStyle.Load          > Could not find icon: Build_LogStool, script = Log Stool
WARN : General      f:0 st:209,722,568 at XuiSkin$EntityUiStyle.Load          > Could not find icon: Build_TableSmallWood, script = Small Wooden Table (Craftsman)
WARN : General      f:0 st:209,722,568 at XuiSkin$EntityUiStyle.LoadComponentInfo> Could not find icon: Build_TableSmallWood
WARN : General      f:0 st:209,722,568 at XuiSkin$EntityUiStyle.Load          > Could not find icon: Build_TableSmallWood, script = Small Wooden Table (Advanced)
WARN : General      f:0 st:209,722,568 at XuiSkin$EntityUiStyle.LoadComponentInfo> Could not find icon: Build_TableSmallWood
WARN : General      f:0 st:209,722,568 at XuiSkin$EntityUiStyle.Load          > Could not find icon: Build_TableSmallWood, script = Small Wooden Table (Basic)
WARN : General      f:0 st:209,722,569 at XuiSkin$EntityUiStyle.LoadComponentInfo> Could not find icon: Build_TableSmallWood
WARN : General      f:0 st:209,722,569 at XuiSkin$EntityUiStyle.Load          > Could not find icon: Item_CarBatteryCharger, script = Test Kiln
WARN : General      f:0 st:209,722,569 at XuiSkin$EntityUiStyle.LoadComponentInfo> Could not find icon: Item_Note2
WARN : General      f:0 st:209,722,569 at XuiSkin$EntityUiStyle.Load          > Could not find icon: Build_ShortWireGate, script = Metal Wire Fence Gate
WARN : General      f:0 st:209,722,569 at XuiSkin$EntityUiStyle.Load          > Could not find icon: Build_LogSeat, script = Log Seat
WARN : General      f:0 st:209,722,570 at XuiSkin$EntityUiStyle.Load          > Could not find icon: Item_PropaneTank, script = Steam Boiler
WARN : General      f:0 st:209,722,570 at XuiSkin$EntityUiStyle.Load          > Could not find icon: Build_TroughWoodLong, script = Long Wooden Feeding Trough
WARN : General      f:0 st:209,722,570 at XuiSkin$EntityUiStyle.Load          > Could not find icon: Build_MetalworkTable, script = Metalwork Table
WARN : General      f:0 st:209,722,570 at XuiSkin$EntityUiStyle.LoadComponentInfo> Could not find icon: Build_MetalworkTable
WARN : General      f:0 st:209,722,571 at XuiSkin$EntityUiStyle.Load          > Could not find icon: Item_Dice, script = Entity_DisplayName_Default
WARN : General      f:0 st:209,722,571 at XuiSkin$EntityUiStyle.LoadComponentInfo> Could not find icon: Item_Dice
WARN : General      f:0 st:209,722,571 at XuiSkin$EntityUiStyle.LoadComponentInfo> Could not find icon: Item_Dice
WARN : General      f:0 st:209,722,571 at XuiSkin$EntityUiStyle.LoadComponentInfo> Could not find icon: Item_Dice
WARN : General      f:0 st:209,722,572 at XuiSkin$EntityUiStyle.LoadComponentInfo> Could not find icon: Item_Dice
WARN : General      f:0 st:209,722,572 at XuiSkin$EntityUiStyle.Load          > Could not find icon: Build_FloorDirt, script = Dirt Floor
WARN : General      f:0 st:209,722,572 at XuiSkin$EntityUiStyle.Load          > Could not find icon: Build_DoorframeStone, script = Stone Doorframe
WARN : General      f:0 st:209,722,573 at XuiSkin$EntityUiStyle.Load          > Could not find icon: Build_PotteryBench, script = Pottery Bench
WARN : General      f:0 st:209,722,573 at XuiSkin$EntityUiStyle.LoadComponentInfo> Could not find icon: Build_PotteryBench
WARN : General      f:0 st:209,722,573 at XuiSkin$EntityUiStyle.Load          > Could not find icon: Build_Cairn, script = Stone Cairn
WARN : General      f:0 st:209,722,573 at XuiSkin$EntityUiStyle.Load          > Could not find icon: Build_WallWood, script = Wooden Wall (Advanced)
WARN : General      f:0 st:209,722,573 at XuiSkin$EntityUiStyle.Load          > Could not find icon: Build_WallWood, script = Wooden Wall (Basic)
WARN : General      f:0 st:209,722,574 at XuiSkin$EntityUiStyle.Load          > Could not find icon: Build_LeanToShelterSticks, script = Lean-to Shelter
WARN : General      f:0 st:209,722,574 at XuiSkin$EntityUiStyle.Load          > Could not find icon: Build_PotteryWheel, script = Pottery Wheel
WARN : General      f:0 st:209,722,574 at XuiSkin$EntityUiStyle.LoadComponentInfo> Could not find icon: Build_PotteryWheel
WARN : General      f:0 st:209,722,574 at XuiSkin$EntityUiStyle.Load          > Could not find icon: Build_CabinetStone, script = Stone Cabinet
WARN : General      f:0 st:209,722,574 at XuiSkin$EntityUiStyle.Load          > Could not find icon: Build_WallWood, script = Wooden Wall (Craftsman)
WARN : General      f:0 st:209,722,574 at XuiSkin$EntityUiStyle.Load          > Could not find icon: Build_WoodSign_Left, script = Paint Sign - Left Arrow
WARN : General      f:0 st:209,722,575 at XuiSkin$EntityUiStyle.Load          > Could not find icon: Build_PrimitiveFurnace, script = Primitive Furnace
WARN : General      f:0 st:209,722,575 at XuiSkin$EntityUiStyle.Load          > Could not find icon: Build_DoorframeWood, script = Wooden Doorframe (Craftsman)
WARN : General      f:0 st:209,722,575 at XuiSkin$EntityUiStyle.Load          > Could not find icon: Build_DoorframeWood, script = Wooden Doorframe (Advanced)
WARN : General      f:0 st:209,722,575 at XuiSkin$EntityUiStyle.Load          > Could not find icon: Build_DoorframeWood, script = Wooden Doorframe (Basic)
WARN : General      f:0 st:209,722,575 at XuiSkin$EntityUiStyle.Load          > Could not find icon: Build_WindowframeLogs, script = Log Window Frame
WARN : General      f:0 st:209,722,576 at XuiSkin$EntityUiStyle.Load          > Could not find icon: Build_FloorGravel, script = Gravel Floor
WARN : General      f:0 st:209,722,576 at XuiSkin$EntityUiStyle.Load          > Could not find icon: Item_WaterBottle, script = Bottling Machine
WARN : General      f:0 st:209,722,576 at XuiSkin$EntityUiStyle.Load          > Could not find icon: Build_WallBrick, script = Brick Wall (Basic)
WARN : General      f:0 st:209,722,576 at XuiSkin$EntityUiStyle.Load          > Could not find icon: Build_WallBrick, script = Brick Wall (Craftsman)
WARN : General      f:0 st:209,722,576 at XuiSkin$EntityUiStyle.Load          > Could not find icon: Build_DryingFrameLarge, script = Large Leather Drying Rack
WARN : General      f:0 st:209,722,577 at XuiSkin$EntityUiStyle.Load          > Could not find icon: Build_RippleComb, script = Ripple Comb
WARN : General      f:0 st:209,722,577 at XuiSkin$EntityUiStyle.Load          > Could not find icon: Build_Wall_Paint, script = Paint Wall / Item
WARN : General      f:0 st:209,722,577 at XuiSkin$EntityUiStyle.Load          > Could not find icon: Build_FenceWood, script = Wooden Fence (Craftsman)
WARN : General      f:0 st:209,722,577 at XuiSkin$EntityUiStyle.Load          > Could not find icon: Build_FenceWood, script = Wooden Fence (Advanced)
WARN : General      f:0 st:209,722,577 at XuiSkin$EntityUiStyle.Load          > Could not find icon: Build_LogTable, script = Log Table
WARN : General      f:0 st:209,722,578 at XuiSkin$EntityUiStyle.Load          > Could not find icon: Build_FenceWood, script = Wooden Fence (Basic)
WARN : General      f:0 st:209,722,578 at XuiSkin$EntityUiStyle.Load          > Could not find icon: Build_ForgeAdvanced, script = Advanced Forge
WARN : General      f:0 st:209,722,578 at XuiSkin$EntityUiStyle.Load          > Could not find icon: Build_GunLocker, script = Small Metal Locker (Craftsman)
WARN : General      f:0 st:209,722,578 at XuiSkin$EntityUiStyle.Load          > Could not find icon: Build_GunLocker, script = Small Metal Locker (Basic)
WARN : General      f:0 st:209,722,578 at XuiSkin$EntityUiStyle.Load          > Could not find icon: Build_RainCollectorCrate, script = Rain Collector Crate (Tarp)
WARN : General      f:0 st:209,722,579 at XuiSkin$EntityUiStyle.Load          > Could not find icon: Build_ButterChurn, script = Butter Churn
WARN : General      f:0 st:209,722,579 at XuiSkin$EntityUiStyle.Load          > Could not find icon: Build_Stake_SkullCow, script = Cow Skull Pole
WARN : General      f:0 st:209,722,579 at XuiSkin$EntityUiStyle.Load          > Could not find icon: Build_FloorTileMetal, script = Metal Floor
WARN : General      f:0 st:209,722,579 at XuiSkin$EntityUiStyle.Load          > Could not find icon: Build_Handpress, script = Hand-Operated Press
WARN : General      f:0 st:209,722,579 at XuiSkin$EntityUiStyle.LoadComponentInfo> Could not find icon: Build_Handpress
WARN : General      f:0 st:209,722,580 at XuiSkin$EntityUiStyle.Load          > Could not find icon: Build_MetalCounterCorner, script = Metal Counter Corner (Craftsman)
WARN : General      f:0 st:209,722,580 at XuiSkin$EntityUiStyle.Load          > Could not find icon: Build_MetalCounterCorner, script = Metal Counter Corner (Basic)
WARN : General      f:0 st:209,722,580 at XuiSkin$EntityUiStyle.Load          > Could not find icon: Build_WoodCounterCorner, script = Wooden Counter Corner (Basic)
WARN : General      f:0 st:209,722,580 at XuiSkin$EntityUiStyle.Load          > Could not find icon: Build_HeckleComb, script = Heckle Comb
WARN : General      f:0 st:209,722,580 at XuiSkin$EntityUiStyle.Load          > Could not find icon: Build_Stake_SkullPig, script = Pig Skull Pole
WARN : General      f:0 st:209,722,581 at XuiSkin$EntityUiStyle.Load          > Could not find icon: Build_ScutchingBoard, script = Scutching Board
WARN : General      f:0 st:209,722,581 at XuiSkin$EntityUiStyle.Load          > Could not find icon: Build_FenceMetalPosts, script = Metal Pole Fence Gate
WARN : General      f:0 st:209,722,581 at XuiSkin$EntityUiStyle.Load          > Could not find icon: Build_DoublePoleGate, script = Double Tall Metal Pole Gate
WARN : General      f:0 st:209,722,581 at XuiSkin$EntityUiStyle.Load          > Could not find icon: Build_WoodCounter, script = Wooden Counter (Advanced)
WARN : General      f:0 st:209,722,581 at XuiSkin$EntityUiStyle.Load          > Could not find icon: Build_WoodCounterCorner, script = Wooden Counter Corner (Craftsman)
WARN : General      f:0 st:209,722,581 at XuiSkin$EntityUiStyle.Load          > Could not find icon: Build_WoodCounter, script = Wooden Counter (Basic)
WARN : General      f:0 st:209,722,582 at XuiSkin$EntityUiStyle.Load          > Could not find icon: Build_WoodCounterCorner, script = Wooden Counter Corner (Advanced)
WARN : General      f:0 st:209,722,582 at XuiSkin$EntityUiStyle.Load          > Could not find icon: Build_WoodCounter, script = Wooden Counter (Craftsman)
WARN : General      f:0 st:209,722,582 at XuiSkin$EntityUiStyle.Load          > Could not find icon: Build_RainCollectorBarrel2, script = Rain Collector Barrel (Garbage Bags)
WARN : General      f:0 st:209,722,582 at XuiSkin$EntityUiStyle.Load          > Could not find icon: Build_WoodSign_Up, script = Paint Sign - Up Arrow
WARN : General      f:0 st:209,722,582 at XuiSkin$EntityUiStyle.Load          > Could not find icon: Build_WoodSign_Right, script = Paint Sign - Right Arrow
WARN : General      f:0 st:209,722,582 at XuiSkin$EntityUiStyle.Load          > Could not find icon: Item_SheetMetal, script = Hydraulic Press
WARN : General      f:0 st:209,722,583 at XuiSkin$EntityUiStyle.Load          > Could not find icon: Build_FenceMetal, script = Metal Fence (Craftsman)
WARN : General      f:0 st:209,722,583 at XuiSkin$EntityUiStyle.Load          > Could not find icon: Build_FenceLogs, script = Log Fence
WARN : General      f:0 st:209,722,583 at XuiSkin$EntityUiStyle.Load          > Could not find icon: Build_FenceMetal, script = Metal Fence (Basic)
WARN : General      f:0 st:209,722,583 at XuiSkin$EntityUiStyle.Load          > Could not find icon: Item_Orange, script = Juice Maker
WARN : General      f:0 st:209,722,583 at XuiSkin$EntityUiStyle.Load          > Could not find icon: Build_Campfire, script = Campfire
WARN : General      f:0 st:209,722,584 at XuiSkin$EntityUiStyle.LoadComponentInfo> Could not find icon: Build_Campfire
WARN : General      f:0 st:209,722,584 at XuiSkin$EntityUiStyle.Load          > Could not find icon: Build_StairsMetal, script = Metal Stairs
WARN : General      f:0 st:209,722,584 at XuiSkin$EntityUiStyle.Load          > Could not find icon: Build_TroughWoodShort, script = Short Wooden Feeding Trough
WARN : General      f:0 st:209,722,584 at XuiSkin$EntityUiStyle.Load          > Could not find icon: Item_Anvil_Forged, script = Advanced Makeshift Electric Blower Forge
WARN : General      f:0 st:209,722,584 at XuiSkin$EntityUiStyle.LoadComponentInfo> Could not find icon: Item_Anvil_Forged
WARN : General      f:0 st:209,722,584 at XuiSkin$EntityUiStyle.Load          > Could not find icon: Build_WallStone, script = Stone Wall
WARN : General      f:0 st:209,722,585 at XuiSkin$EntityUiStyle.Load          > Could not find icon: Build_Stake_SkullDoe, script = Doe Skull Pole
WARN : General      f:0 st:209,722,585 at XuiSkin$EntityUiStyle.Load          > Could not find icon: Build_WindowBlack, script = Wooden Windows
WARN : General      f:0 st:209,722,585 at XuiSkin$EntityUiStyle.Load          > Could not find icon: Item_Clamp_Forged, script = Standing Drill Press
WARN : General      f:0 st:209,722,585 at XuiSkin$EntityUiStyle.LoadComponentInfo> Could not find icon: Item_Clamp_Forged
WARN : General      f:0 st:209,722,585 at XuiSkin$EntityUiStyle.Load          > Could not find icon: Build_KilnSmall, script = Primitive Kiln
WARN : General      f:0 st:209,722,586 at XuiSkin$EntityUiStyle.Load          > Could not find icon: Build_ShelvesMetal, script = Metal Shelves (Basic)
WARN : General      f:0 st:209,722,586 at XuiSkin$EntityUiStyle.Load          > Could not find icon: Build_ShelvesMetal, script = Metal Shelves (Craftsman)
WARN : General      f:0 st:209,722,587 at XuiSkin$EntityUiStyle.Load          > Could not find icon: Build_DomeKiln, script = Dome Kiln
WARN : General      f:0 st:209,722,587 at XuiSkin$EntityUiStyle.Load          > Could not find icon: Build_Loom, script = Loom
WARN : General      f:0 st:209,722,587 at XuiSkin$EntityUiStyle.Load          > Could not find icon: Build_BarricadeWindow_Sheet, script = Metal Sheet Barricade
WARN : General      f:0 st:209,722,588 at XuiSkin$EntityUiStyle.Load          > Could not find icon: Build_DoubleWoodGate, script = Double Tall Wooden Gate
WARN : General      f:0 st:209,722,588 at XuiSkin$EntityUiStyle.Load          > Could not find icon: Build_StoneMill, script = Stone Mill
WARN : General      f:0 st:209,722,588 at XuiSkin$EntityUiStyle.LoadComponentInfo> Could not find icon: Build_StoneMill
WARN : General      f:0 st:209,722,588 at XuiSkin$EntityUiStyle.Load          > Could not find icon: Build_WallMetal, script = Metal Wall (Craftsman)
WARN : General      f:0 st:209,722,588 at XuiSkin$EntityUiStyle.Load          > Could not find icon: Item_ClayMold_Shingle, script = Well
WARN : General      f:0 st:209,722,589 at XuiSkin$EntityUiStyle.Load          > Could not find icon: Item_Boulder, script = Boulder
WARN : General      f:0 st:209,722,589 at XuiSkin$EntityUiStyle.LoadComponentInfo> Could not find icon: Item_Boulder
WARN : General      f:0 st:209,722,589 at XuiSkin$EntityUiStyle.Load          > Could not find icon: Build_WindowframeWood, script = Wooden Window Frame (Advanced)
WARN : General      f:0 st:209,722,589 at XuiSkin$EntityUiStyle.Load          > Could not find icon: Build_WindowframeWood, script = Wooden Window Frame (Craftsman)
WARN : General      f:0 st:209,722,589 at XuiSkin$EntityUiStyle.Load          > Could not find icon: Build_StickBookcase, script = Crude Wooden Bookcase
WARN : General      f:0 st:209,722,590 at XuiSkin$EntityUiStyle.Load          > Could not find icon: Build_CabinetMetal, script = Big Metal Locker (Basic)
WARN : General      f:0 st:209,722,590 at XuiSkin$EntityUiStyle.Load          > Could not find icon: Build_ChoppingBlock, script = Chopping Block
WARN : General      f:0 st:209,722,590 at XuiSkin$EntityUiStyle.LoadComponentInfo> Could not find icon: Build_ChoppingBlock
WARN : General      f:0 st:209,722,590 at XuiSkin$EntityUiStyle.Load          > Could not find icon: Build_WallMetal, script = Metal Wall (Basic)
WARN : General      f:0 st:209,722,591 at XuiSkin$EntityUiStyle.Load          > Could not find icon: Item_Logs, script = Sawmill
WARN : General      f:0 st:209,722,591 at XuiSkin$EntityUiStyle.Load          > Could not find icon: Build_WindowframeWood, script = Wooden Window Frame (Basic)
WARN : General      f:0 st:209,722,591 at XuiSkin$EntityUiStyle.Load          > Could not find icon: Build_CabinetMetal, script = Big Metal Locker (Craftsman)
WARN : General      f:0 st:209,722,591 at XuiSkin$EntityUiStyle.Load          > Could not find icon: Build_WindowframeBrick, script = Brick Window Frame (Craftsman)
WARN : General      f:0 st:209,722,591 at XuiSkin$EntityUiStyle.Load          > Could not find icon: Build_WindowframeBrick, script = Brick Window Frame (Basic)
WARN : General      f:0 st:209,722,591 at XuiSkin$EntityUiStyle.Load          > Could not find icon: Build_CookingPitSimple, script = Fire Pit (Stones)
WARN : General      f:0 st:209,722,592 at XuiSkin$EntityUiStyle.Load          > Could not find icon: Build_FenceWire, script = Barbed Wire Fence
WARN : General      f:0 st:209,722,592 at XuiSkin$EntityUiStyle.Load          > Could not find icon: Build_CrateMetal, script = Metal Crate (Craftsman)
WARN : General      f:0 st:209,722,593 at XuiSkin$EntityUiStyle.Load          > Could not find icon: Build_CrateMetal, script = Metal Crate (Basic)
WARN : General      f:0 st:209,722,593 at XuiSkin$EntityUiStyle.Load          > Could not find icon: Build_AnvilStone, script = Stone Anvil
WARN : General      f:0 st:209,722,593 at XuiSkin$EntityUiStyle.LoadComponentInfo> Could not find icon: Build_AnvilStone
WARN : General      f:0 st:209,722,595 at XuiSkin$EntityUiStyle.Load          > Could not find icon: Item_WaterTank, script = Water Dispenser
WARN : General      f:0 st:209,722,595 at XuiSkin$EntityUiStyle.Load          > Could not find icon: Build_DoorframeMetal, script = Metal Doorframe (Basic)
WARN : General      f:0 st:209,722,595 at XuiSkin$EntityUiStyle.Load          > Could not find icon: Build_LeanToShelterLeather, script = Leather Shelter
WARN : General      f:0 st:209,722,595 at XuiSkin$EntityUiStyle.Load          > Could not find icon: Build_DoorframeMetal, script = Metal Doorframe (Craftsman)
WARN : General      f:0 st:209,722,596 at XuiSkin$EntityUiStyle.Load          > Could not find icon: Build_TableLargeWood, script = Wooden Table (Advanced)
WARN : General      f:0 st:209,722,596 at XuiSkin$EntityUiStyle.LoadComponentInfo> Could not find icon: Build_TableLargeWood
WARN : General      f:0 st:209,722,596 at XuiSkin$EntityUiStyle.Load          > Could not find icon: Build_LogSeat2, script = Crude Wooden Stool
WARN : General      f:0 st:209,722,597 at XuiSkin$EntityUiStyle.Load          > Could not find icon: Build_TableLargeWood, script = Wooden Table (Basic)
WARN : General      f:0 st:209,722,597 at XuiSkin$EntityUiStyle.LoadComponentInfo> Could not find icon: Build_TableLargeWood
WARN : General      f:0 st:209,722,597 at XuiSkin$EntityUiStyle.Load          > Could not find icon: Build_TableLargeWood, script = Wooden Table (Craftsman)
WARN : General      f:0 st:209,722,597 at XuiSkin$EntityUiStyle.LoadComponentInfo> Could not find icon: Build_TableLargeWood
WARN : General      f:0 st:209,722,598 at XuiSkin$EntityUiStyle.Load          > Could not find icon: Build_HerbDryerSmall, script = Simple Small Plant Drying Rack
WARN : General      f:0 st:209,722,598 at XuiSkin$EntityUiStyle.Load          > Could not find icon: Build_DoorframeBrick, script = Brick Doorframe (Basic)
WARN : General      f:0 st:209,722,598 at XuiSkin$EntityUiStyle.Load          > Could not find icon: Build_DoorframeBrick, script = Brick Doorframe (Craftsman)
WARN : General      f:0 st:209,722,598 at XuiSkin$EntityUiStyle.Load          > Could not find icon: Item_Key_Blank, script = Key Duplicator
WARN : General      f:0 st:209,722,599 at XuiSkin$EntityUiStyle.Load          > Could not find icon: Build_MetalCounter, script = Metal Counter (Basic)
WARN : General      f:0 st:209,722,599 at XuiSkin$EntityUiStyle.Load          > Could not find icon: Build_MetalCounter, script = Metal Counter (Craftsman)
WARN : General      f:0 st:209,722,599 at XuiSkin$EntityUiStyle.Load          > Could not find icon: Build_WallLogs, script = Log Wall
WARN : General      f:0 st:209,722,599 at XuiSkin$EntityUiStyle.Load          > Could not find icon: Item_Anvil_Forged, script = Electric Blower Forge
WARN : General      f:0 st:209,722,600 at XuiSkin$EntityUiStyle.LoadComponentInfo> Could not find icon: Item_Anvil_Forged
WARN : General      f:0 st:209,722,600 at XuiSkin$EntityUiStyle.Load          > Could not find icon: Build_DryingFrameSmall, script = Small Leather Drying Rack
WARN : General      f:0 st:209,722,600 at XuiSkin$EntityUiStyle.Load          > Could not find icon: Build_WindowframeStone, script = Stone Window Frame
WARN : General      f:0 st:209,722,600 at XuiSkin$EntityUiStyle.Load          > Could not find icon: Build_FurnaceAdvanced, script = Advanced Furnace
WARN : General      f:0 st:209,722,600 at XuiSkin$EntityUiStyle.Load          > Could not find icon: Build_DryingFrameSmall, script = Medium Leather Drying Rack
WARN : General      f:0 st:209,722,601 at XuiSkin$EntityUiStyle.Load          > Could not find icon: Item_Rock, script = Grinding Slab
WARN : General      f:0 st:209,722,601 at XuiSkin$EntityUiStyle.LoadComponentInfo> Could not find icon: Item_Rock
WARN : General      f:0 st:209,722,601 at XuiSkin$EntityUiStyle.Load          > Could not find icon: Build_BarrelOven, script = Metal Barrel Oven
WARN : General      f:0 st:209,722,601 at XuiSkin$EntityUiStyle.Load          > Could not find icon: Build_CharcoalDrum, script = Charcoal Burning Barrel
WARN : General      f:0 st:209,722,601 at XuiSkin$EntityUiStyle.Load          > Could not find icon: Build_StairsWood, script = Wooden Stairs
WARN : General      f:0 st:209,722,601 at XuiSkin$EntityUiStyle.Load          > Could not find icon: Item_Ingot_Steel, script = Arc Furnace
WARN : General      f:0 st:209,722,602 at XuiSkin$EntityUiStyle.LoadComponentInfo> Could not find icon: Item_Ingot_Steel
WARN : General      f:0 st:209,722,602 at XuiSkin$EntityUiStyle.Load          > Could not find icon: Build_TroughMetal, script = Long Metal Feeding Trough
WARN : General      f:0 st:209,722,602 at XuiSkin$EntityUiStyle.Load          > Could not find icon: Build_KilnLarge, script = Advanced Kiln
WARN : General      f:0 st:209,722,602 at XuiSkin$EntityUiStyle.Load          > Could not find icon: Build_ShelfWood, script = Wooden Shelf (Basic)
WARN : General      f:0 st:209,722,602 at XuiSkin$EntityUiStyle.Load          > Could not find icon: Build_RainCollectorCrate2, script = Rain Collector Crate (Garbage Bags)
WARN : General      f:0 st:209,722,603 at XuiSkin$EntityUiStyle.Load          > Could not find icon: Build_HerbDryerLarge, script = Simple Large Plant Drying Rack
WARN : General      f:0 st:209,722,603 at XuiSkin$EntityUiStyle.Load          > Could not find icon: Build_WoodPicket, script = Wooden Marker
WARN : General      f:0 st:209,722,603 at XuiSkin$EntityUiStyle.Load          > Could not find icon: Build_ShelfWood, script = Wooden Shelf (Craftsman)
WARN : General      f:0 st:209,722,603 at XuiSkin$EntityUiStyle.Load          > Could not find icon: Build_FloorSand, script = Sand Floor
WARN : General      f:0 st:209,722,603 at XuiSkin$EntityUiStyle.Load          > Could not find icon: Build_Sidetable, script = Wood Table with Drawer
WARN : General      f:0 st:209,722,604 at XuiSkin$EntityUiStyle.Load          > Could not find icon: Build_TanningBarrel, script = Tannin Barrel
WARN : General      f:0 st:209,722,604 at XuiSkin$EntityUiStyle.Load          > Could not find icon: Build_Sidetable, script = Wooden Table with Drawer (Craftsman)
WARN : General      f:0 st:209,722,604 at XuiSkin$EntityUiStyle.Load          > Could not find icon: Build_Sidetable, script = Wooden Table with Drawer (Basic)
WARN : General      f:0 st:209,722,604 at XuiSkin$EntityUiStyle.Load          > Could not find icon: Build_Bed, script = Wooden Bed
WARN : General      f:0 st:209,722,604 at XuiSkin$EntityUiStyle.Load          > Could not find icon: Build_SmeltingFurnace, script = Simple Forge
WARN : General      f:0 st:209,722,605 at XuiSkin$EntityUiStyle.Load          > Could not find icon: Build_LogBench, script = Log Bench
WARN : General      f:0 st:209,722,605 at XuiSkin$EntityUiStyle.Load          > Could not find icon: Build_StickBookcaseSmall, script = Crude Small Wooden Bookcase
WARN : General      f:0 st:209,722,605 at XuiSkin$EntityUiStyle.Load          > Could not find icon: Item_WaterDrop, script = Water Pump
WARN : General      f:0 st:209,722,605 at XuiSkin$EntityUiStyle.Load          > Could not find icon: Build_Grindstone, script = Grindstone
WARN : General      f:0 st:209,722,605 at XuiSkin$EntityUiStyle.Load          > Could not find icon: Item_Hacksaw, script = Metal Bandsaw
WARN : General      f:0 st:209,722,606 at XuiSkin$EntityUiStyle.Load          > Could not find icon: Build_BookcaseShort, script = Small Wooden Bookcase (Craftsman)
WARN : General      f:0 st:209,722,606 at XuiSkin$EntityUiStyle.Load          > Could not find icon: Build_MetalworkBench, script = Metalworkbench
WARN : General      f:0 st:209,722,606 at XuiSkin$EntityUiStyle.LoadComponentInfo> Could not find icon: Build_MetalworkBench
WARN : General      f:0 st:209,722,606 at XuiSkin$EntityUiStyle.Load          > Could not find icon: Item_Handle, script = Wooden Fence Post
WARN : General      f:0 st:209,722,606 at XuiSkin$EntityUiStyle.LoadComponentInfo> Could not find icon: Item_Handle
WARN : General      f:0 st:209,722,607 at XuiSkin$EntityUiStyle.Load          > Could not find icon: Build_BookcaseShort, script = Small Wooden Bookcase (Basic)
WARN : General      f:0 st:209,722,607 at XuiSkin$EntityUiStyle.Load          > Could not find icon: Build_Composter, script = Composter (Basic)
WARN : General      f:0 st:209,722,607 at XuiSkin$EntityUiStyle.Load          > Could not find icon: Build_FenceStakes, script = Crude Wooden Fence
WARN : General      f:0 st:209,722,607 at XuiSkin$EntityUiStyle.Load          > Could not find icon: Build_DoorframeLogs, script = Log Doorframe
WARN : General      f:0 st:209,722,607 at XuiSkin$EntityUiStyle.Load          > Could not find icon: Build_DoorFenceWood, script = Wooden Fence Gate
WARN : General      f:0 st:209,722,608 at XuiSkin$EntityUiStyle.Load          > Could not find icon: Build_SofteningBeam, script = Softening Beam
WARN : General      f:0 st:209,722,608 at XuiSkin$EntityUiStyle.Load          > Could not find icon: Build_ShortWireFence, script = Small Metal Wire Fence
WARN : General      f:0 st:209,722,608 at XuiSkin$EntityUiStyle.Load          > Could not find icon: Build_Stake_SkullStag, script = Deer Skull Pole
WARN : General      f:0 st:209,722,608 at XuiSkin$EntityUiStyle.Load          > Could not find icon: Item_Charcoal, script = Pit of Coals
WARN : General      f:0 st:209,722,608 at XuiSkin$EntityUiStyle.Load          > Could not find icon: Build_HerbDryerSmall, script = Small Plant Drying Rack
WARN : General      f:0 st:209,722,609 at XuiSkin$EntityUiStyle.Load          > Could not find icon: Item_BlowTorch, script = Metalwork Lathe
WARN : General      f:0 st:209,722,609 at XuiSkin$EntityUiStyle.LoadComponentInfo> Could not find icon: Item_BlowTorch
WARN : General      f:0 st:209,722,609 at XuiSkin$EntityUiStyle.Load          > Could not find icon: Build_LogTable2, script = Crude Wooden Table
WARN : General      f:0 st:209,722,609 at XuiSkin$EntityUiStyle.Load          > Could not find icon: Build_Coffin, script = Wooden Coffin
WARN : General      f:0 st:209,722,609 at XuiSkin$EntityUiStyle.Load          > Could not find icon: Build_Stake_Antlers, script = Antlers Pole
WARN : General      f:0 st:209,722,610 at XuiSkin$EntityUiStyle.Load          > Could not find icon: Build_Stake_SkullSheep, script = Sheep Skull Pole
WARN : General      f:0 st:209,722,610 at XuiSkin$EntityUiStyle.Load          > Could not find icon: Item_WaterDrop, script = Steam Turbine
WARN : General      f:0 st:209,722,610 at XuiSkin$EntityUiStyle.Load          > Could not find icon: Build_Coop2, script = Chicken Hutch (Dark Wood)
WARN : General      f:0 st:209,722,610 at XuiSkin$EntityUiStyle.Load          > Could not find icon: Build_FenceOpenLogs, script = Wide Log Gate
WARN : General      f:0 st:209,722,610 at XuiSkin$EntityUiStyle.Load          > Could not find icon: Build_PoleGate, script = Big Pole Fence Gate
WARN : General      f:0 st:209,722,611 at XuiSkin$EntityUiStyle.Load          > Could not find icon: Build_StairsLogs, script = Log Stairs
WARN : General      f:0 st:209,722,611 at XuiSkin$EntityUiStyle.Load          > Could not find icon: Item_Toast, script = Toaster
WARN : General      f:0 st:209,722,611 at XuiSkin$EntityUiStyle.Load          > Could not find icon: Build_FloorTilePorcelain, script = Tile Floor
WARN : General      f:0 st:209,722,611 at XuiSkin$EntityUiStyle.Load          > Could not find icon: Build_CrossSimple, script = Crude Wooden Cross
WARN : General      f:0 st:209,722,611 at XuiSkin$EntityUiStyle.Load          > Could not find icon: Item_Charcoal, script = Large Pit of Coals
WARN : General      f:0 st:209,722,612 at XuiSkin$EntityUiStyle.Load          > Could not find icon: Build_ButcherHook, script = Butcher Hook
WARN : General      f:0 st:209,722,612 at XuiSkin$EntityUiStyle.Load          > Could not find icon: Build_SpinningWheel, script = Spinning Wheel
WARN : General      f:0 st:209,722,612 at XuiSkin$EntityUiStyle.Load          > Could not find icon: Build_Coop, script = Chicken Hutch (Light Wood)
WARN : General      f:0 st:209,722,612 at XuiSkin$EntityUiStyle.Load          > Could not find icon: Build_Bookcase, script = Wooden Bookcase (Basic)
WARN : General      f:0 st:209,722,612 at XuiSkin$EntityUiStyle.LoadComponentInfo> Could not find icon: Build_Bookcase
WARN : General      f:0 st:209,722,612 at XuiSkin$EntityUiStyle.Load          > Could not find icon: Item_Petrol, script = Generator Maintenance
WARN : General      f:0 st:209,722,613 at XuiSkin$EntityUiStyle.Load          > Could not find icon: Build_Bookcase, script = Wooden Bookcase (Craftsman)
WARN : General      f:0 st:209,722,613 at XuiSkin$EntityUiStyle.Load          > Could not find icon: Build_BarricadeWindow_Bars, script = Metal Bar Barricade
WARN : General      f:0 st:209,722,613 at XuiSkin$EntityUiStyle.Load          > Could not find icon: Build_Stake_SkullBull, script = Bull Skull Pole
WARN : General      f:0 st:209,722,613 at XuiSkin$EntityUiStyle.Load          > Could not find icon: Build_Wall_Plaster, script = Plaster Wall
WARN : General      f:0 st:209,722,613 at XuiSkin$EntityUiStyle.Load          > Could not find icon: Build_CookingPit, script = Fire Pit (Stone Blocks)
WARN : General      f:0 st:209,722,614 at XuiSkin$EntityUiStyle.Load          > Could not find icon: Build_LoomSimple, script = Simple Loom
WARN : General      f:0 st:209,722,614 at XuiSkin$EntityUiStyle.Load          > Could not find icon: Build_WoodSign_Skull, script = Paint Sign - Skull
WARN : General      f:0 st:209,722,614 at XuiSkin$EntityUiStyle.Load          > Could not find icon: Build_WindowframeMetal, script = Metal Window Frame (Basic)
WARN : General      f:0 st:209,722,614 at XuiSkin$EntityUiStyle.Load          > Could not find icon: Build_WindowframeMetal, script = Metal Window Frame (Craftsman)
WARN : General      f:0 st:209,722,614 at XuiSkin$EntityUiStyle.Load          > Could not find icon: Build_DoubleWireGate, script = Double Tall Wire Fence Gate
WARN : General      f:0 st:209,722,614 at XuiSkin$EntityUiStyle.Load          > Could not find icon: Build_RainCollectorBarrel, script = Rain Collector Barrel (Tarp)
WARN : General      f:0 st:209,722,615 at XuiSkin$EntityUiStyle.Load          > Could not find icon: Build_FenceBrick, script = Short Brick Wall
WARN : General      f:0 st:209,722,615 at XuiSkin$EntityUiStyle.Load          > Could not find icon: Build_LogSeat, script = Short Log Bench
WARN : General      f:0 st:209,722,615 at XuiSkin$EntityUiStyle.LoadComponentInfo> Could not find icon: Build_LogSeat
WARN : General      f:0 st:209,722,615 at XuiSkin$EntityUiStyle.Load          > Could not find icon: Build_FenceMetalPosts, script = Metal Pole Fence
WARN : General      f:0 st:209,722,615 at XuiSkin$EntityUiStyle.Load          > Could not find icon: Build_DoorWood, script = Wooden Door (Advanced)
WARN : General      f:0 st:209,722,616 at XuiSkin$EntityUiStyle.Load          > Could not find icon: Build_WallframeMetal, script = Metal Wall Frame
WARN : General      f:0 st:209,722,616 at XuiSkin$EntityUiStyle.Load          > Could not find icon: Build_DoorWood, script = Wooden Door (Basic)
WARN : General      f:0 st:209,722,616 at XuiSkin$EntityUiStyle.Load          > Could not find icon: Build_WallframeWood, script = Wooden Wall Frame
WARN : General      f:0 st:209,722,616 at XuiSkin$EntityUiStyle.Load          > Could not find icon: Item_Anvil_Stone, script = Primitive Forge
WARN : General      f:0 st:209,722,616 at XuiSkin$EntityUiStyle.Load          > Could not find icon: Build_DoorMetal, script = Metal Door (Poor)
WARN : General      f:0 st:209,722,616 at XuiSkin$EntityUiStyle.Load          > Could not find icon: Build_DoorWeldedMetal, script = Metal Door (Shoddy)
WARN : General      f:0 st:209,722,617 at XuiSkin$EntityUiStyle.Load          > Could not find icon: Build_DoorWood, script = Wooden Door (Craftsman)
WARN : General      f:0 st:209,722,617 at XuiSkin$EntityUiStyle.Load          > Could not find icon: Build_Cross, script = Wooden Cross
WARN : General      f:0 st:209,722,617 at XuiSkin$EntityUiStyle.Load          > Could not find icon: Build_ShelvesWood, script = Double Wooden Shelves
WARN : General      f:0 st:209,722,617 at XuiSkin$EntityUiStyle.Load          > Could not find icon: Item_MugFulll, script = Coffee Machine
WARN : General      f:0 st:209,722,617 at XuiSkin$EntityUiStyle.Load          > Could not find icon: Item_RailroadRail_Short, script = Makeshift Electric Blower Forge
WARN : General      f:0 st:209,722,617 at XuiSkin$EntityUiStyle.LoadComponentInfo> Could not find icon: Item_RailroadRail_Short
WARN : General      f:0 st:209,722,618 at XuiSkin$EntityUiStyle.Load          > Could not find icon: Build_LeanToShelterTarp, script = Tarp Shelter
WARN : General      f:0 st:209,722,618 at XuiSkin$EntityUiStyle.Load          > Could not find icon: Build_HerbDryerLarge, script = Large Plant Drying Rack
WARN : General      f:0 st:209,722,618 at XuiSkin$EntityUiStyle.Load          > Could not find icon: Build_StoneQuern, script = Stone Quern
WARN : General      f:0 st:209,722,618 at XuiSkin$EntityUiStyle.LoadComponentInfo> Could not find icon: Build_StoneQuern
WARN : General      f:0 st:209,722,618 at XuiSkin$EntityUiStyle.Load          > Could not find icon: Build_WoodSign, script = Wooden Sign
WARN : General      f:0 st:209,722,619 at XuiSkin$EntityUiStyle.Load          > Could not find icon: Build_WoodPole_Tall, script = Wooden Pole
WARN : General      f:0 st:209,722,619 at XuiSkin$EntityUiStyle.Load          > Could not find icon: Build_WoodSign_Down, script = Paint Sign - Down Arrow
WARN : General      f:0 st:209,722,619 at XuiSkin$EntityUiStyle.Load          > Could not find icon: Item_Dice, script = Test Entity
WARN : General      f:0 st:209,722,619 at XuiSkin$EntityUiStyle.LoadComponentInfo> Could not find icon: Item_Note2
WARN : General      f:0 st:209,722,619 at XuiSkin$EntityUiStyle.Load          > Could not find icon: Build_SandbagWall, script = Sandbag Wall
WARN : General      f:0 st:209,722,620 at XuiSkin$EntityUiStyle.Load          > Could not find icon: Build_SmeltingFurnace, script = Simple Furnace
WARN : General      f:0 st:209,722,620 at XuiSkin$EntityUiStyle.Load          > Could not find icon: Build_BarricadeWindow_Plank, script = Planks Barricade
WARN : General      f:0 st:209,722,620 at XuiSkin$EntityUiStyle.Load          > Could not find icon: Item_Logs, script = Tree Stump
WARN : General      f:0 st:209,722,620 at XuiSkin$EntityUiStyle.LoadComponentInfo> Could not find icon: Item_Logs
WARN : General      f:0 st:209,722,620 at XuiSkin$EntityUiStyle.Load          > Could not find icon: Build_CrateWood, script = Wooden Crate (Craftsman)
WARN : General      f:0 st:209,722,621 at XuiSkin$EntityUiStyle.Load          > Could not find icon: Build_TallWireGate, script = Big Wire Fence Gate
WARN : General      f:0 st:209,722,621 at XuiSkin$EntityUiStyle.Load          > Could not find icon: Build_CrateWood, script = Wooden Crate (Basic)
WARN : General      f:0 st:209,722,621 at XuiSkin$EntityUiStyle.Load          > Could not find icon: Build_DoubleWireFence, script = Big Wire Fence
WARN : General      f:0 st:209,722,621 at XuiSkin$EntityUiStyle.Load          > Could not find icon: Build_Composter, script = Composter (Craftsman)
WARN : General      f:0 st:209,722,621 at XuiSkin$EntityUiStyle.Load          > Could not find icon: Build_Amphora, script = Amphora
WARN : General      f:0 st:209,722,621 at XuiSkin$EntityUiStyle.Load          > Could not find icon: Build_Coalpit, script = Charcoal Burning Pile
WARN : General      f:0 st:209,722,622 at XuiSkin$EntityUiStyle.Load          > Could not find icon: Build_FloorTileWood, script = Wooden Floor (Craftsman)
WARN : General      f:0 st:209,722,622 at XuiSkin$EntityUiStyle.Load          > Could not find icon: Build_FloorTileWood, script = Wooden Floor (Advanced)
WARN : General      f:0 st:209,722,622 at XuiSkin$EntityUiStyle.Load          > Could not find icon: Build_FloorTileWood, script = Wooden Floor (Basic)
WARN : General      f:0 st:209,722,622 at XuiSkin$EntityUiStyle.Load          > Could not find icon: Item_CarBatteryCharger, script = CeroSec - FS-800
WARN : General      f:0 st:209,722,622 at XuiSkin$EntityUiStyle.Load          > Could not find icon: Build_Wall_Wallpaper, script = Apply Wallpaper
WARN : General      f:0 st:209,722,622 at XuiSkin$EntityUiStyle.Load          > Could not find icon: Build_Chair, script = Wooden Chair (Basic)
WARN : General      f:0 st:209,722,623 at XuiSkin$EntityUiStyle.Load          > Could not find icon: Build_FlashlightLamp, script = Wooden Flashlight Pillar
WARN : General      f:0 st:209,722,623 at XuiSkin$EntityUiStyle.Load          > Could not find icon: Build_Chair, script = Wooden Chair (Advanced)
WARN : General      f:0 st:209,722,623 at XuiSkin$EntityUiStyle.Load          > Could not find icon: Build_FenceHighMetalPosts, script = Big Metal Pole Fence
WARN : General      f:0 st:209,722,623 at XuiSkin$EntityUiStyle.Load          > Could not find icon: Build_Chair, script = Wooden Chair (Craftsman)
WARN : General      f:0 st:209,722,623 at XuiSkin$EntityUiStyle.Load          > Could not find icon: Build_LogStool, script = Log Stool
WARN : General      f:0 st:209,722,624 at XuiSkin$EntityUiStyle.Load          > Could not find icon: Build_TableSmallWood, script = Small Wooden Table (Craftsman)
WARN : General      f:0 st:209,722,624 at XuiSkin$EntityUiStyle.LoadComponentInfo> Could not find icon: Build_TableSmallWood
WARN : General      f:0 st:209,722,624 at XuiSkin$EntityUiStyle.Load          > Could not find icon: Build_TableSmallWood, script = Small Wooden Table (Advanced)
WARN : General      f:0 st:209,722,624 at XuiSkin$EntityUiStyle.LoadComponentInfo> Could not find icon: Build_TableSmallWood
WARN : General      f:0 st:209,722,624 at XuiSkin$EntityUiStyle.Load          > Could not find icon: Build_TableSmallWood, script = Small Wooden Table (Basic)
WARN : General      f:0 st:209,722,625 at XuiSkin$EntityUiStyle.LoadComponentInfo> Could not find icon: Build_TableSmallWood
WARN : General      f:0 st:209,722,625 at XuiSkin$EntityUiStyle.Load          > Could not find icon: Item_CarBatteryCharger, script = Test Kiln
WARN : General      f:0 st:209,722,625 at XuiSkin$EntityUiStyle.LoadComponentInfo> Could not find icon: Item_Note2
WARN : General      f:0 st:209,722,625 at XuiSkin$EntityUiStyle.Load          > Could not find icon: Build_ShortWireGate, script = Metal Wire Fence Gate
WARN : General      f:0 st:209,722,626 at XuiSkin$EntityUiStyle.Load          > Could not find icon: Build_LogSeat, script = Log Seat
WARN : General      f:0 st:209,722,626 at XuiSkin$EntityUiStyle.Load          > Could not find icon: Item_PropaneTank, script = Steam Boiler
WARN : General      f:0 st:209,722,626 at XuiSkin$EntityUiStyle.Load          > Could not find icon: Build_TroughWoodLong, script = Long Wooden Feeding Trough
WARN : General      f:0 st:209,722,626 at XuiSkin$EntityUiStyle.Load          > Could not find icon: Build_MetalworkTable, script = Metalwork Table
WARN : General      f:0 st:209,722,626 at XuiSkin$EntityUiStyle.LoadComponentInfo> Could not find icon: Build_MetalworkTable
WARN : General      f:0 st:209,722,658 at TaggedObjectManager.createTagBits   > manager-> new tag discovered that was not preprocessed, tag: keyduplicator
WARN : General      f:0 st:209,722,659 at TaggedObjectManager.createTagBits   > manager-> new tag discovered that was not preprocessed, tag: choppingblock
WARN : Script       f:0 st:209,722,677 at ModelScript.check                   > no such model "null" for Base.BareHands
WARN : Script       f:0 st:209,722,683 at ModelScript.ScriptsLoaded           > different number of attachments on Cucumber and CucumberRotten
WARN : Script       f:0 st:209,722,684 at ModelScript.check                   > no such model "Base.null" for Base.NecklaceLong_SilverSapphire
WARN : Script       f:0 st:209,722,687 at ModelScript.ScriptsLoaded           > different number of attachments on FrenchFries_Hand and FrenchFries_HandBurnt
WARN : Script       f:0 st:209,722,687 at ModelScript.ScriptsLoaded           > different number of attachments on FrenchFries_Hand and FrenchFries_HandRotten
LOG  : General      f:0 st:209,723,180> LOADING ASSETS: START
LOG  : General      f:0 st:209,730,611> LOADING ASSETS: FINISH
WARN : Lua          f:0 st:209,732,114 at Lua(Vanilla).corpseStorageCheck     > require("ISUI/ISInventoryPaneContextMenu") failed
WARN : Lua          f:0 st:209,732,116 at Lua(Vanilla).corpseStorageCheck     > require("ISUI/ISVehicleMenu") failed
WARN : Lua          f:0 st:209,732,116 at Lua(Vanilla).corpseStorageCheck     > require("ISUI/ISContextMenu") failed
WARN : Lua          f:0 st:209,732,131 at Lua(Vanilla).ISCampingMenu          > require("Camping/CCampfireSystem") failed
WARN : Lua          f:0 st:209,732,445 at Lua(Vanilla).ISInventoryTransferUtil> require("TimedActions/ISInventoryTransferAction") failed
WARN : Lua          f:0 st:209,732,447 at Lua(Vanilla).ISInventoryTransferUtil> require("ISUI/PlayerData/ISPlayerData") failed
LOG  : Lua          f:0 st:209,733,429> Initializing Randomized World Tabletop Clutter Tables
WARN : Lua          f:0 st:209,733,472 at Lua(Vanilla).Features               > recursive require(): E:/SteamLibrary/steamapps/common/ProjectZomboid/media/lua/server/WorldGen/WorldGen.lua
WARN : Lua          f:0 st:209,733,498 at Lua(Vanilla).Biomes                 > recursive require(): E:/SteamLibrary/steamapps/common/ProjectZomboid/media/lua/server/WorldGen/WorldGen.lua
WARN : Lua          f:0 st:209,733,509 at Lua(Vanilla).Selection              > recursive require(): E:/SteamLibrary/steamapps/common/ProjectZomboid/media/lua/server/WorldGen/WorldGen.lua
WARN : Lua          f:0 st:209,733,509 at Lua(Vanilla).Veins                  > recursive require(): E:/SteamLibrary/steamapps/common/ProjectZomboid/media/lua/server/WorldGen/WorldGen.lua
WARN : Lua          f:0 st:209,733,510 at Lua(Vanilla).Roads                  > recursive require(): E:/SteamLibrary/steamapps/common/ProjectZomboid/media/lua/server/WorldGen/WorldGen.lua
WARN : Lua          f:0 st:209,733,510 at Lua(Vanilla).WorldGen               > recursive require(): E:/SteamLibrary/steamapps/common/ProjectZomboid/media/lua/server/WorldGen/attachments/Priorities.lua
LOG  : Lua          f:0 st:209,733,543> NLQA MP SERVER BOOT: authority=true requireOk=true error=nil
LOG  : Lua          f:0 st:209,733,544> NLQA MP SERVER BRIDGE: getClass=nil
LOG  : Lua          f:0 st:209,733,544> NLQA MP SERVER BRIDGE: importClass=nil
LOG  : Lua          f:0 st:209,733,544> NLQA MP SERVER BRIDGE: Java=nil
LOG  : Lua          f:0 st:209,733,544> NLQA MP SERVER BRIDGE: luautils=table
LOG  : Lua          f:0 st:209,733,544> NLQA MP SERVER BRIDGE: GameServer=nil
LOG  : Lua          f:0 st:209,733,545> NLQA MP SERVER BRIDGE: GameClient=nil
LOG  : Lua          f:0 st:209,733,545> NLQA MP SERVER BRIDGE: luautilsKeys=concatenateArrays,countItemsRecursive,equipItems,exportGlobals,findRootInventory,getConditionRGB,getCorrectSquareForWall,getNextTiles,haveToBeTransfered,haveToBeTransferedWhileTrading,indexOf,isEquipped,isSquareAdjacentToSquare,lerp,okModal,packString,remove,roughlyEqual,round,split,splitJavaStyle,stringEnds,stringStarts,tableContains,trim,unpackString,updatePerksXp,walk,walkAdj,walkAdjAltTest,walkAdjFence,walkAdjObject,walkAdjSquares,walkAdjSquaresExcluded,walkAdjTest,walkAdjWall,walkAdjWindowOrDoor,walkToContainer,walkToObject,weaponLowerCondition
LOG  : Lua          f:0 st:209,733,546> luaChecksum: 4d68eab7ba2acbfce367763a691deedd
LOG  : General      f:0 st:209,733,552> writing E:\pzmod\test-profile\mp-server\Server\servertest_SandboxVars.lua
LOG  : Network      f:0 st:209,733,609> Loading world...
LOG  : General      f:0 st:209,733,617> Loading worldgen params
LOG  : General      f:0 st:209,733,617> IsoMetaGrid.Create: begin scanning directories
LOG  : General      f:0 st:209,733,619> Looking in these map folders:
LOG  : General      f:0 st:209,733,620> <End of map-folders list>
LOG  : General      f:0 st:209,733,646> IsoMetaGrid.Create: X: [ -250 250 ], Y: [ -250 250 ]
LOG  : General      f:0 st:209,733,647> World seed: StZjddNFAtLGxyvc 101865925
LOG  : General      f:0 st:209,733,648> IsoMetaGrid.Create: finished scanning directories in 0.03 seconds
LOG  : General      f:0 st:209,733,697> IsoMetaGrid.Create: begin loading
LOG  : General      f:0 st:209,733,698> VehiclesDB2.init() start
LOG  : General      f:0 st:209,733,703> VehiclesDB2.init() end
LOG  : General      f:0 st:209,733,703> triggerEvent OnInitWorld
LOG  : General      f:0 st:209,733,703> SandboxOptions.load() start
LOG  : General      f:0 st:209,733,704> SandboxOptions.load() end
LOG  : General      f:0 st:209,733,704> ItemPickerJava.Parse() start
LOG  : General      f:0 st:209,733,979> ItemPickerJava.Parse() end
LOG  : General      f:0 st:209,733,982> LoadTileDefinitions start
WARN : Sprite       f:0 st:209,734,767 at IsoSpriteManager.AddSprite          > duplicate texture d_streetcracks_1_0 ignore ID=1050112, use ID=252928
WARN : Sprite       f:0 st:209,734,770 at IsoSpriteManager.AddSprite          > duplicate texture d_streetcracks_1_1 ignore ID=1050113, use ID=252929
WARN : Sprite       f:0 st:209,734,771 at IsoSpriteManager.AddSprite          > duplicate texture d_streetcracks_1_2 ignore ID=1050114, use ID=252930
WARN : Sprite       f:0 st:209,734,771 at IsoSpriteManager.AddSprite          > duplicate texture d_streetcracks_1_3 ignore ID=1050115, use ID=252931
WARN : Sprite       f:0 st:209,734,771 at IsoSpriteManager.AddSprite          > duplicate texture d_streetcracks_1_4 ignore ID=1050116, use ID=252932
WARN : Sprite       f:0 st:209,734,772 at IsoSpriteManager.AddSprite          > duplicate texture d_streetcracks_1_5 ignore ID=1050117, use ID=252933
WARN : Sprite       f:0 st:209,734,772 at IsoSpriteManager.AddSprite          > duplicate texture d_streetcracks_1_6 ignore ID=1050118, use ID=252934
WARN : Sprite       f:0 st:209,734,772 at IsoSpriteManager.AddSprite          > duplicate texture d_streetcracks_1_7 ignore ID=1050119, use ID=252935
WARN : Sprite       f:0 st:209,734,772 at IsoSpriteManager.AddSprite          > duplicate texture d_streetcracks_1_8 ignore ID=1050120, use ID=252936
WARN : Sprite       f:0 st:209,734,773 at IsoSpriteManager.AddSprite          > duplicate texture d_streetcracks_1_9 ignore ID=1050121, use ID=252937
WARN : Sprite       f:0 st:209,734,773 at IsoSpriteManager.AddSprite          > duplicate texture d_streetcracks_1_10 ignore ID=1050122, use ID=252938
WARN : Sprite       f:0 st:209,734,773 at IsoSpriteManager.AddSprite          > duplicate texture d_streetcracks_1_11 ignore ID=1050123, use ID=252939
WARN : Sprite       f:0 st:209,734,773 at IsoSpriteManager.AddSprite          > duplicate texture d_streetcracks_1_12 ignore ID=1050124, use ID=252940
WARN : Sprite       f:0 st:209,734,774 at IsoSpriteManager.AddSprite          > duplicate texture d_streetcracks_1_13 ignore ID=1050125, use ID=252941
WARN : Sprite       f:0 st:209,734,774 at IsoSpriteManager.AddSprite          > duplicate texture d_streetcracks_1_14 ignore ID=1050126, use ID=252942
WARN : Sprite       f:0 st:209,734,774 at IsoSpriteManager.AddSprite          > duplicate texture d_streetcracks_1_15 ignore ID=1050127, use ID=252943
WARN : Sprite       f:0 st:209,734,775 at IsoSpriteManager.AddSprite          > duplicate texture d_streetcracks_1_16 ignore ID=1050128, use ID=252944
WARN : Sprite       f:0 st:209,734,775 at IsoSpriteManager.AddSprite          > duplicate texture d_streetcracks_1_17 ignore ID=1050129, use ID=252945
WARN : Sprite       f:0 st:209,734,775 at IsoSpriteManager.AddSprite          > duplicate texture d_streetcracks_1_18 ignore ID=1050130, use ID=252946
WARN : Sprite       f:0 st:209,734,775 at IsoSpriteManager.AddSprite          > duplicate texture d_streetcracks_1_19 ignore ID=1050131, use ID=252947
WARN : Sprite       f:0 st:209,734,776 at IsoSpriteManager.AddSprite          > duplicate texture d_streetcracks_1_20 ignore ID=1050132, use ID=252948
WARN : Sprite       f:0 st:209,734,776 at IsoSpriteManager.AddSprite          > duplicate texture d_streetcracks_1_21 ignore ID=1050133, use ID=252949
WARN : Sprite       f:0 st:209,734,776 at IsoSpriteManager.AddSprite          > duplicate texture d_streetcracks_1_22 ignore ID=1050134, use ID=252950
WARN : Sprite       f:0 st:209,734,777 at IsoSpriteManager.AddSprite          > duplicate texture d_streetcracks_1_23 ignore ID=1050135, use ID=252951
WARN : Sprite       f:0 st:209,734,777 at IsoSpriteManager.AddSprite          > duplicate texture d_streetcracks_1_24 ignore ID=1050136, use ID=252952
WARN : Sprite       f:0 st:209,734,777 at IsoSpriteManager.AddSprite          > duplicate texture d_streetcracks_1_25 ignore ID=1050137, use ID=252953
WARN : Sprite       f:0 st:209,734,778 at IsoSpriteManager.AddSprite          > duplicate texture d_streetcracks_1_26 ignore ID=1050138, use ID=252954
WARN : Sprite       f:0 st:209,734,778 at IsoSpriteManager.AddSprite          > duplicate texture d_streetcracks_1_27 ignore ID=1050139, use ID=252955
WARN : Sprite       f:0 st:209,734,778 at IsoSpriteManager.AddSprite          > duplicate texture d_streetcracks_1_28 ignore ID=1050140, use ID=252956
WARN : Sprite       f:0 st:209,734,779 at IsoSpriteManager.AddSprite          > duplicate texture d_streetcracks_1_29 ignore ID=1050141, use ID=252957
WARN : Sprite       f:0 st:209,734,779 at IsoSpriteManager.AddSprite          > duplicate texture d_streetcracks_1_30 ignore ID=1050142, use ID=252958
WARN : Sprite       f:0 st:209,734,779 at IsoSpriteManager.AddSprite          > duplicate texture d_streetcracks_1_31 ignore ID=1050143, use ID=252959
WARN : Sprite       f:0 st:209,734,779 at IsoSpriteManager.AddSprite          > duplicate texture d_streetcracks_1_32 ignore ID=1050144, use ID=252960
WARN : Sprite       f:0 st:209,734,780 at IsoSpriteManager.AddSprite          > duplicate texture d_streetcracks_1_33 ignore ID=1050145, use ID=252961
WARN : Sprite       f:0 st:209,734,780 at IsoSpriteManager.AddSprite          > duplicate texture d_streetcracks_1_34 ignore ID=1050146, use ID=252962
WARN : Sprite       f:0 st:209,734,780 at IsoSpriteManager.AddSprite          > duplicate texture d_streetcracks_1_35 ignore ID=1050147, use ID=252963
WARN : Sprite       f:0 st:209,734,781 at IsoSpriteManager.AddSprite          > duplicate texture d_streetcracks_1_36 ignore ID=1050148, use ID=252964
WARN : Sprite       f:0 st:209,734,781 at IsoSpriteManager.AddSprite          > duplicate texture d_streetcracks_1_37 ignore ID=1050149, use ID=252965
WARN : Sprite       f:0 st:209,734,781 at IsoSpriteManager.AddSprite          > duplicate texture d_streetcracks_1_38 ignore ID=1050150, use ID=252966
WARN : Sprite       f:0 st:209,734,781 at IsoSpriteManager.AddSprite          > duplicate texture d_streetcracks_1_39 ignore ID=1050151, use ID=252967
WARN : Sprite       f:0 st:209,734,782 at IsoSpriteManager.AddSprite          > duplicate texture d_streetcracks_1_40 ignore ID=1050152, use ID=252968
WARN : Sprite       f:0 st:209,734,782 at IsoSpriteManager.AddSprite          > duplicate texture d_streetcracks_1_41 ignore ID=1050153, use ID=252969
WARN : Sprite       f:0 st:209,734,782 at IsoSpriteManager.AddSprite          > duplicate texture d_streetcracks_1_42 ignore ID=1050154, use ID=252970
WARN : Sprite       f:0 st:209,734,782 at IsoSpriteManager.AddSprite          > duplicate texture d_streetcracks_1_43 ignore ID=1050155, use ID=252971
WARN : Sprite       f:0 st:209,734,783 at IsoSpriteManager.AddSprite          > duplicate texture d_streetcracks_1_44 ignore ID=1050156, use ID=252972
WARN : Sprite       f:0 st:209,734,783 at IsoSpriteManager.AddSprite          > duplicate texture d_streetcracks_1_45 ignore ID=1050157, use ID=252973
WARN : Sprite       f:0 st:209,734,784 at IsoSpriteManager.AddSprite          > duplicate texture d_streetcracks_1_46 ignore ID=1050158, use ID=252974
WARN : Sprite       f:0 st:209,734,784 at IsoSpriteManager.AddSprite          > duplicate texture d_streetcracks_1_47 ignore ID=1050159, use ID=252975
WARN : Sprite       f:0 st:209,734,784 at IsoSpriteManager.AddSprite          > duplicate texture d_streetcracks_1_48 ignore ID=1050160, use ID=252976
WARN : Sprite       f:0 st:209,734,784 at IsoSpriteManager.AddSprite          > duplicate texture d_streetcracks_1_49 ignore ID=1050161, use ID=252977
WARN : Sprite       f:0 st:209,734,785 at IsoSpriteManager.AddSprite          > duplicate texture d_streetcracks_1_50 ignore ID=1050162, use ID=252978
WARN : Sprite       f:0 st:209,734,785 at IsoSpriteManager.AddSprite          > duplicate texture d_streetcracks_1_51 ignore ID=1050163, use ID=252979
WARN : Sprite       f:0 st:209,734,785 at IsoSpriteManager.AddSprite          > duplicate texture d_streetcracks_1_52 ignore ID=1050164, use ID=252980
WARN : Sprite       f:0 st:209,734,785 at IsoSpriteManager.AddSprite          > duplicate texture d_streetcracks_1_53 ignore ID=1050165, use ID=252981
WARN : Sprite       f:0 st:209,734,786 at IsoSpriteManager.AddSprite          > duplicate texture d_streetcracks_1_54 ignore ID=1050166, use ID=252982
WARN : Sprite       f:0 st:209,734,786 at IsoSpriteManager.AddSprite          > duplicate texture d_streetcracks_1_55 ignore ID=1050167, use ID=252983
WARN : Sprite       f:0 st:209,734,786 at IsoSpriteManager.AddSprite          > duplicate texture d_streetcracks_1_56 ignore ID=1050168, use ID=252984
WARN : Sprite       f:0 st:209,734,786 at IsoSpriteManager.AddSprite          > duplicate texture d_streetcracks_1_57 ignore ID=1050169, use ID=252985
WARN : Sprite       f:0 st:209,734,787 at IsoSpriteManager.AddSprite          > duplicate texture d_streetcracks_1_58 ignore ID=1050170, use ID=252986
WARN : Sprite       f:0 st:209,734,787 at IsoSpriteManager.AddSprite          > duplicate texture d_streetcracks_1_59 ignore ID=1050171, use ID=252987
WARN : Sprite       f:0 st:209,734,787 at IsoSpriteManager.AddSprite          > duplicate texture d_streetcracks_1_60 ignore ID=1050172, use ID=252988
WARN : Sprite       f:0 st:209,734,787 at IsoSpriteManager.AddSprite          > duplicate texture d_streetcracks_1_61 ignore ID=1050173, use ID=252989
WARN : Sprite       f:0 st:209,734,788 at IsoSpriteManager.AddSprite          > duplicate texture d_streetcracks_1_62 ignore ID=1050174, use ID=252990
WARN : Sprite       f:0 st:209,734,788 at IsoSpriteManager.AddSprite          > duplicate texture d_streetcracks_1_63 ignore ID=1050175, use ID=252991
WARN : Sprite       f:0 st:209,734,788 at IsoSpriteManager.AddSprite          > duplicate texture d_streetcracks_1_64 ignore ID=1050176, use ID=252992
WARN : Sprite       f:0 st:209,734,789 at IsoSpriteManager.AddSprite          > duplicate texture d_streetcracks_1_65 ignore ID=1050177, use ID=252993
WARN : Sprite       f:0 st:209,734,789 at IsoSpriteManager.AddSprite          > duplicate texture d_streetcracks_1_66 ignore ID=1050178, use ID=252994
WARN : Sprite       f:0 st:209,734,790 at IsoSpriteManager.AddSprite          > duplicate texture d_streetcracks_1_67 ignore ID=1050179, use ID=252995
WARN : Sprite       f:0 st:209,734,790 at IsoSpriteManager.AddSprite          > duplicate texture d_streetcracks_1_68 ignore ID=1050180, use ID=252996
WARN : Sprite       f:0 st:209,734,791 at IsoSpriteManager.AddSprite          > duplicate texture d_streetcracks_1_69 ignore ID=1050181, use ID=252997
WARN : Sprite       f:0 st:209,734,791 at IsoSpriteManager.AddSprite          > duplicate texture d_streetcracks_1_70 ignore ID=1050182, use ID=252998
WARN : Sprite       f:0 st:209,734,792 at IsoSpriteManager.AddSprite          > duplicate texture d_streetcracks_1_71 ignore ID=1050183, use ID=252999
WARN : Sprite       f:0 st:209,734,792 at IsoSpriteManager.AddSprite          > duplicate texture d_streetcracks_1_72 ignore ID=1050184, use ID=253000
WARN : Sprite       f:0 st:209,734,792 at IsoSpriteManager.AddSprite          > duplicate texture d_streetcracks_1_73 ignore ID=1050185, use ID=253001
WARN : Sprite       f:0 st:209,734,793 at IsoSpriteManager.AddSprite          > duplicate texture d_streetcracks_1_74 ignore ID=1050186, use ID=253002
WARN : Sprite       f:0 st:209,734,793 at IsoSpriteManager.AddSprite          > duplicate texture d_streetcracks_1_75 ignore ID=1050187, use ID=253003
WARN : Sprite       f:0 st:209,734,793 at IsoSpriteManager.AddSprite          > duplicate texture d_streetcracks_1_76 ignore ID=1050188, use ID=253004
WARN : Sprite       f:0 st:209,734,793 at IsoSpriteManager.AddSprite          > duplicate texture d_streetcracks_1_77 ignore ID=1050189, use ID=253005
WARN : Sprite       f:0 st:209,734,794 at IsoSpriteManager.AddSprite          > duplicate texture d_streetcracks_1_78 ignore ID=1050190, use ID=253006
WARN : Sprite       f:0 st:209,734,794 at IsoSpriteManager.AddSprite          > duplicate texture d_streetcracks_1_79 ignore ID=1050191, use ID=253007
WARN : Sprite       f:0 st:209,734,794 at IsoSpriteManager.AddSprite          > duplicate texture d_streetcracks_1_80 ignore ID=1050192, use ID=253008
WARN : Sprite       f:0 st:209,734,794 at IsoSpriteManager.AddSprite          > duplicate texture d_streetcracks_1_81 ignore ID=1050193, use ID=253009
WARN : Sprite       f:0 st:209,734,795 at IsoSpriteManager.AddSprite          > duplicate texture d_streetcracks_1_82 ignore ID=1050194, use ID=253010
WARN : Sprite       f:0 st:209,734,796 at IsoSpriteManager.AddSprite          > duplicate texture d_streetcracks_1_83 ignore ID=1050195, use ID=253011
WARN : Sprite       f:0 st:209,734,796 at IsoSpriteManager.AddSprite          > duplicate texture d_streetcracks_1_84 ignore ID=1050196, use ID=253012
WARN : Sprite       f:0 st:209,734,800 at IsoSpriteManager.AddSprite          > duplicate texture d_streetcracks_1_85 ignore ID=1050197, use ID=253013
WARN : Sprite       f:0 st:209,734,801 at IsoSpriteManager.AddSprite          > duplicate texture d_streetcracks_1_86 ignore ID=1050198, use ID=253014
WARN : Sprite       f:0 st:209,734,802 at IsoSpriteManager.AddSprite          > duplicate texture d_streetcracks_1_87 ignore ID=1050199, use ID=253015
WARN : Sprite       f:0 st:209,734,802 at IsoSpriteManager.AddSprite          > duplicate texture d_streetcracks_1_88 ignore ID=1050200, use ID=253016
WARN : Sprite       f:0 st:209,734,802 at IsoSpriteManager.AddSprite          > duplicate texture d_streetcracks_1_89 ignore ID=1050201, use ID=253017
WARN : Sprite       f:0 st:209,734,802 at IsoSpriteManager.AddSprite          > duplicate texture d_streetcracks_1_90 ignore ID=1050202, use ID=253018
WARN : Sprite       f:0 st:209,734,803 at IsoSpriteManager.AddSprite          > duplicate texture d_streetcracks_1_91 ignore ID=1050203, use ID=253019
WARN : Sprite       f:0 st:209,734,803 at IsoSpriteManager.AddSprite          > duplicate texture d_streetcracks_1_92 ignore ID=1050204, use ID=253020
WARN : Sprite       f:0 st:209,734,803 at IsoSpriteManager.AddSprite          > duplicate texture d_streetcracks_1_93 ignore ID=1050205, use ID=253021
WARN : Sprite       f:0 st:209,734,803 at IsoSpriteManager.AddSprite          > duplicate texture d_streetcracks_1_94 ignore ID=1050206, use ID=253022
WARN : Sprite       f:0 st:209,734,804 at IsoSpriteManager.AddSprite          > duplicate texture d_streetcracks_1_95 ignore ID=1050207, use ID=253023
WARN : Sprite       f:0 st:209,734,804 at IsoSpriteManager.AddSprite          > duplicate texture d_streetcracks_1_96 ignore ID=1050208, use ID=253024
WARN : Sprite       f:0 st:209,734,804 at IsoSpriteManager.AddSprite          > duplicate texture d_streetcracks_1_97 ignore ID=1050209, use ID=253025
WARN : Sprite       f:0 st:209,734,805 at IsoSpriteManager.AddSprite          > duplicate texture d_streetcracks_1_98 ignore ID=1050210, use ID=253026
WARN : Sprite       f:0 st:209,734,805 at IsoSpriteManager.AddSprite          > duplicate texture d_streetcracks_1_99 ignore ID=1050211, use ID=253027
WARN : Sprite       f:0 st:209,734,805 at IsoSpriteManager.AddSprite          > duplicate texture d_streetcracks_1_100 ignore ID=1050212, use ID=253028
WARN : Sprite       f:0 st:209,734,805 at IsoSpriteManager.AddSprite          > duplicate texture d_streetcracks_1_101 ignore ID=1050213, use ID=253029
WARN : Sprite       f:0 st:209,734,806 at IsoSpriteManager.AddSprite          > duplicate texture d_streetcracks_1_102 ignore ID=1050214, use ID=253030
WARN : Sprite       f:0 st:209,734,806 at IsoSpriteManager.AddSprite          > duplicate texture d_streetcracks_1_103 ignore ID=1050215, use ID=253031
WARN : Sprite       f:0 st:209,734,806 at IsoSpriteManager.AddSprite          > duplicate texture d_streetcracks_1_104 ignore ID=1050216, use ID=253032
WARN : Sprite       f:0 st:209,734,806 at IsoSpriteManager.AddSprite          > duplicate texture d_streetcracks_1_105 ignore ID=1050217, use ID=253033
WARN : Sprite       f:0 st:209,734,807 at IsoSpriteManager.AddSprite          > duplicate texture d_streetcracks_1_106 ignore ID=1050218, use ID=253034
WARN : Sprite       f:0 st:209,734,807 at IsoSpriteManager.AddSprite          > duplicate texture d_streetcracks_1_107 ignore ID=1050219, use ID=253035
WARN : Sprite       f:0 st:209,734,812 at IsoSpriteManager.AddSprite          > duplicate texture d_streetcracks_1_108 ignore ID=1050220, use ID=253036
WARN : Sprite       f:0 st:209,734,812 at IsoSpriteManager.AddSprite          > duplicate texture d_streetcracks_1_109 ignore ID=1050221, use ID=253037
WARN : Sprite       f:0 st:209,734,812 at IsoSpriteManager.AddSprite          > duplicate texture d_streetcracks_1_110 ignore ID=1050222, use ID=253038
WARN : Sprite       f:0 st:209,734,812 at IsoSpriteManager.AddSprite          > duplicate texture d_streetcracks_1_111 ignore ID=1050223, use ID=253039
WARN : Sprite       f:0 st:209,734,813 at IsoSpriteManager.AddSprite          > duplicate texture d_streetcracks_1_112 ignore ID=1050224, use ID=253040
WARN : Sprite       f:0 st:209,734,815 at IsoSpriteManager.AddSprite          > duplicate texture d_streetcracks_1_113 ignore ID=1050225, use ID=253041
WARN : Sprite       f:0 st:209,734,815 at IsoSpriteManager.AddSprite          > duplicate texture d_streetcracks_1_114 ignore ID=1050226, use ID=253042
WARN : Sprite       f:0 st:209,734,815 at IsoSpriteManager.AddSprite          > duplicate texture d_streetcracks_1_115 ignore ID=1050227, use ID=253043
WARN : Sprite       f:0 st:209,734,816 at IsoSpriteManager.AddSprite          > duplicate texture d_streetcracks_1_116 ignore ID=1050228, use ID=253044
WARN : Sprite       f:0 st:209,734,816 at IsoSpriteManager.AddSprite          > duplicate texture d_streetcracks_1_117 ignore ID=1050229, use ID=253045
WARN : Sprite       f:0 st:209,734,816 at IsoSpriteManager.AddSprite          > duplicate texture d_streetcracks_1_118 ignore ID=1050230, use ID=253046
WARN : Sprite       f:0 st:209,734,818 at IsoSpriteManager.AddSprite          > duplicate texture d_streetcracks_1_119 ignore ID=1050231, use ID=253047
WARN : Sprite       f:0 st:209,734,818 at IsoSpriteManager.AddSprite          > duplicate texture d_streetcracks_1_120 ignore ID=1050232, use ID=253048
WARN : Sprite       f:0 st:209,734,819 at IsoSpriteManager.AddSprite          > duplicate texture d_streetcracks_1_121 ignore ID=1050233, use ID=253049
WARN : Sprite       f:0 st:209,734,820 at IsoSpriteManager.AddSprite          > duplicate texture d_streetcracks_1_122 ignore ID=1050234, use ID=253050
WARN : Sprite       f:0 st:209,734,820 at IsoSpriteManager.AddSprite          > duplicate texture d_streetcracks_1_123 ignore ID=1050235, use ID=253051
WARN : Sprite       f:0 st:209,734,820 at IsoSpriteManager.AddSprite          > duplicate texture d_streetcracks_1_124 ignore ID=1050236, use ID=253052
WARN : Sprite       f:0 st:209,734,820 at IsoSpriteManager.AddSprite          > duplicate texture d_streetcracks_1_125 ignore ID=1050237, use ID=253053
WARN : Sprite       f:0 st:209,734,821 at IsoSpriteManager.AddSprite          > duplicate texture d_streetcracks_1_126 ignore ID=1050238, use ID=253054
WARN : Sprite       f:0 st:209,734,821 at IsoSpriteManager.AddSprite          > duplicate texture d_streetcracks_1_127 ignore ID=1050239, use ID=253055
WARN : Sprite       f:0 st:209,734,821 at IsoSpriteManager.AddSprite          > duplicate texture d_wallcracks_1_0 ignore ID=1060864, use ID=254976
WARN : Sprite       f:0 st:209,734,821 at IsoSpriteManager.AddSprite          > duplicate texture d_wallcracks_1_1 ignore ID=1060865, use ID=254977
WARN : Sprite       f:0 st:209,734,822 at IsoSpriteManager.AddSprite          > duplicate texture d_wallcracks_1_2 ignore ID=1060866, use ID=254978
WARN : Sprite       f:0 st:209,734,822 at IsoSpriteManager.AddSprite          > duplicate texture d_wallcracks_1_3 ignore ID=1060867, use ID=254979
WARN : Sprite       f:0 st:209,734,822 at IsoSpriteManager.AddSprite          > duplicate texture d_wallcracks_1_4 ignore ID=1060868, use ID=254980
WARN : Sprite       f:0 st:209,734,823 at IsoSpriteManager.AddSprite          > duplicate texture d_wallcracks_1_5 ignore ID=1060869, use ID=254981
WARN : Sprite       f:0 st:209,734,823 at IsoSpriteManager.AddSprite          > duplicate texture d_wallcracks_1_6 ignore ID=1060870, use ID=254982
WARN : Sprite       f:0 st:209,734,823 at IsoSpriteManager.AddSprite          > duplicate texture d_wallcracks_1_7 ignore ID=1060871, use ID=254983
WARN : Sprite       f:0 st:209,734,823 at IsoSpriteManager.AddSprite          > duplicate texture d_wallcracks_1_8 ignore ID=1060872, use ID=254984
WARN : Sprite       f:0 st:209,734,824 at IsoSpriteManager.AddSprite          > duplicate texture d_wallcracks_1_9 ignore ID=1060873, use ID=254985
WARN : Sprite       f:0 st:209,734,824 at IsoSpriteManager.AddSprite          > duplicate texture d_wallcracks_1_10 ignore ID=1060874, use ID=254986
WARN : Sprite       f:0 st:209,734,832 at IsoSpriteManager.AddSprite          > duplicate texture d_wallcracks_1_11 ignore ID=1060875, use ID=254987
WARN : Sprite       f:0 st:209,734,835 at IsoSpriteManager.AddSprite          > duplicate texture d_wallcracks_1_12 ignore ID=1060876, use ID=254988
WARN : Sprite       f:0 st:209,734,836 at IsoSpriteManager.AddSprite          > duplicate texture d_wallcracks_1_13 ignore ID=1060877, use ID=254989
WARN : Sprite       f:0 st:209,734,836 at IsoSpriteManager.AddSprite          > duplicate texture d_wallcracks_1_14 ignore ID=1060878, use ID=254990
WARN : Sprite       f:0 st:209,734,836 at IsoSpriteManager.AddSprite          > duplicate texture d_wallcracks_1_15 ignore ID=1060879, use ID=254991
WARN : Sprite       f:0 st:209,734,839 at IsoSpriteManager.AddSprite          > duplicate texture d_wallcracks_1_16 ignore ID=1060880, use ID=254992
WARN : Sprite       f:0 st:209,734,839 at IsoSpriteManager.AddSprite          > duplicate texture d_wallcracks_1_17 ignore ID=1060881, use ID=254993
WARN : Sprite       f:0 st:209,734,839 at IsoSpriteManager.AddSprite          > duplicate texture d_wallcracks_1_18 ignore ID=1060882, use ID=254994
WARN : Sprite       f:0 st:209,734,840 at IsoSpriteManager.AddSprite          > duplicate texture d_wallcracks_1_19 ignore ID=1060883, use ID=254995
WARN : Sprite       f:0 st:209,734,840 at IsoSpriteManager.AddSprite          > duplicate texture d_wallcracks_1_20 ignore ID=1060884, use ID=254996
WARN : Sprite       f:0 st:209,734,840 at IsoSpriteManager.AddSprite          > duplicate texture d_wallcracks_1_21 ignore ID=1060885, use ID=254997
WARN : Sprite       f:0 st:209,734,840 at IsoSpriteManager.AddSprite          > duplicate texture d_wallcracks_1_22 ignore ID=1060886, use ID=254998
WARN : Sprite       f:0 st:209,734,841 at IsoSpriteManager.AddSprite          > duplicate texture d_wallcracks_1_23 ignore ID=1060887, use ID=254999
WARN : Sprite       f:0 st:209,734,841 at IsoSpriteManager.AddSprite          > duplicate texture d_wallcracks_1_24 ignore ID=1060888, use ID=255000
WARN : Sprite       f:0 st:209,734,841 at IsoSpriteManager.AddSprite          > duplicate texture d_wallcracks_1_25 ignore ID=1060889, use ID=255001
WARN : Sprite       f:0 st:209,734,841 at IsoSpriteManager.AddSprite          > duplicate texture d_wallcracks_1_26 ignore ID=1060890, use ID=255002
WARN : Sprite       f:0 st:209,734,841 at IsoSpriteManager.AddSprite          > duplicate texture d_wallcracks_1_27 ignore ID=1060891, use ID=255003
WARN : Sprite       f:0 st:209,734,842 at IsoSpriteManager.AddSprite          > duplicate texture d_wallcracks_1_28 ignore ID=1060892, use ID=255004
WARN : Sprite       f:0 st:209,734,842 at IsoSpriteManager.AddSprite          > duplicate texture d_wallcracks_1_29 ignore ID=1060893, use ID=255005
WARN : Sprite       f:0 st:209,734,843 at IsoSpriteManager.AddSprite          > duplicate texture d_wallcracks_1_30 ignore ID=1060894, use ID=255006
WARN : Sprite       f:0 st:209,734,843 at IsoSpriteManager.AddSprite          > duplicate texture d_wallcracks_1_31 ignore ID=1060895, use ID=255007
WARN : Sprite       f:0 st:209,734,844 at IsoSpriteManager.AddSprite          > duplicate texture d_wallcracks_1_32 ignore ID=1060896, use ID=255008
WARN : Sprite       f:0 st:209,734,844 at IsoSpriteManager.AddSprite          > duplicate texture d_wallcracks_1_33 ignore ID=1060897, use ID=255009
WARN : Sprite       f:0 st:209,734,844 at IsoSpriteManager.AddSprite          > duplicate texture d_wallcracks_1_34 ignore ID=1060898, use ID=255010
WARN : Sprite       f:0 st:209,734,844 at IsoSpriteManager.AddSprite          > duplicate texture d_wallcracks_1_35 ignore ID=1060899, use ID=255011
WARN : Sprite       f:0 st:209,734,845 at IsoSpriteManager.AddSprite          > duplicate texture d_wallcracks_1_36 ignore ID=1060900, use ID=255012
WARN : Sprite       f:0 st:209,734,845 at IsoSpriteManager.AddSprite          > duplicate texture d_wallcracks_1_37 ignore ID=1060901, use ID=255013
WARN : Sprite       f:0 st:209,734,845 at IsoSpriteManager.AddSprite          > duplicate texture d_wallcracks_1_38 ignore ID=1060902, use ID=255014
WARN : Sprite       f:0 st:209,734,845 at IsoSpriteManager.AddSprite          > duplicate texture d_wallcracks_1_39 ignore ID=1060903, use ID=255015
WARN : Sprite       f:0 st:209,734,845 at IsoSpriteManager.AddSprite          > duplicate texture d_wallcracks_1_40 ignore ID=1060904, use ID=255016
WARN : Sprite       f:0 st:209,734,846 at IsoSpriteManager.AddSprite          > duplicate texture d_wallcracks_1_41 ignore ID=1060905, use ID=255017
WARN : Sprite       f:0 st:209,734,846 at IsoSpriteManager.AddSprite          > duplicate texture d_wallcracks_1_42 ignore ID=1060906, use ID=255018
WARN : Sprite       f:0 st:209,734,846 at IsoSpriteManager.AddSprite          > duplicate texture d_wallcracks_1_43 ignore ID=1060907, use ID=255019
WARN : Sprite       f:0 st:209,734,847 at IsoSpriteManager.AddSprite          > duplicate texture d_wallcracks_1_44 ignore ID=1060908, use ID=255020
WARN : Sprite       f:0 st:209,734,847 at IsoSpriteManager.AddSprite          > duplicate texture d_wallcracks_1_45 ignore ID=1060909, use ID=255021
WARN : Sprite       f:0 st:209,734,847 at IsoSpriteManager.AddSprite          > duplicate texture d_wallcracks_1_46 ignore ID=1060910, use ID=255022
WARN : Sprite       f:0 st:209,734,847 at IsoSpriteManager.AddSprite          > duplicate texture d_wallcracks_1_47 ignore ID=1060911, use ID=255023
WARN : Sprite       f:0 st:209,734,848 at IsoSpriteManager.AddSprite          > duplicate texture d_wallcracks_1_48 ignore ID=1060912, use ID=255024
WARN : Sprite       f:0 st:209,734,848 at IsoSpriteManager.AddSprite          > duplicate texture d_wallcracks_1_49 ignore ID=1060913, use ID=255025
WARN : Sprite       f:0 st:209,734,848 at IsoSpriteManager.AddSprite          > duplicate texture d_wallcracks_1_50 ignore ID=1060914, use ID=255026
WARN : Sprite       f:0 st:209,734,849 at IsoSpriteManager.AddSprite          > duplicate texture d_wallcracks_1_51 ignore ID=1060915, use ID=255027
WARN : Sprite       f:0 st:209,734,849 at IsoSpriteManager.AddSprite          > duplicate texture d_wallcracks_1_52 ignore ID=1060916, use ID=255028
WARN : Sprite       f:0 st:209,734,849 at IsoSpriteManager.AddSprite          > duplicate texture d_wallcracks_1_53 ignore ID=1060917, use ID=255029
WARN : Sprite       f:0 st:209,734,849 at IsoSpriteManager.AddSprite          > duplicate texture d_wallcracks_1_54 ignore ID=1060918, use ID=255030
WARN : Sprite       f:0 st:209,734,850 at IsoSpriteManager.AddSprite          > duplicate texture d_wallcracks_1_55 ignore ID=1060919, use ID=255031
WARN : Sprite       f:0 st:209,734,850 at IsoSpriteManager.AddSprite          > duplicate texture d_wallcracks_1_56 ignore ID=1060920, use ID=255032
WARN : Sprite       f:0 st:209,734,850 at IsoSpriteManager.AddSprite          > duplicate texture d_wallcracks_1_57 ignore ID=1060921, use ID=255033
WARN : Sprite       f:0 st:209,734,851 at IsoSpriteManager.AddSprite          > duplicate texture d_wallcracks_1_58 ignore ID=1060922, use ID=255034
WARN : Sprite       f:0 st:209,734,851 at IsoSpriteManager.AddSprite          > duplicate texture d_wallcracks_1_59 ignore ID=1060923, use ID=255035
WARN : Sprite       f:0 st:209,734,851 at IsoSpriteManager.AddSprite          > duplicate texture d_wallcracks_1_60 ignore ID=1060924, use ID=255036
WARN : Sprite       f:0 st:209,734,851 at IsoSpriteManager.AddSprite          > duplicate texture d_wallcracks_1_61 ignore ID=1060925, use ID=255037
WARN : Sprite       f:0 st:209,734,852 at IsoSpriteManager.AddSprite          > duplicate texture d_wallcracks_1_62 ignore ID=1060926, use ID=255038
WARN : Sprite       f:0 st:209,734,852 at IsoSpriteManager.AddSprite          > duplicate texture d_wallcracks_1_63 ignore ID=1060927, use ID=255039
WARN : Sprite       f:0 st:209,734,852 at IsoSpriteManager.AddSprite          > duplicate texture d_wallcracks_1_64 ignore ID=1060928, use ID=255040
WARN : Sprite       f:0 st:209,734,852 at IsoSpriteManager.AddSprite          > duplicate texture d_wallcracks_1_65 ignore ID=1060929, use ID=255041
WARN : Sprite       f:0 st:209,734,853 at IsoSpriteManager.AddSprite          > duplicate texture d_wallcracks_1_66 ignore ID=1060930, use ID=255042
WARN : Sprite       f:0 st:209,734,853 at IsoSpriteManager.AddSprite          > duplicate texture d_wallcracks_1_67 ignore ID=1060931, use ID=255043
WARN : Sprite       f:0 st:209,734,853 at IsoSpriteManager.AddSprite          > duplicate texture d_wallcracks_1_68 ignore ID=1060932, use ID=255044
WARN : Sprite       f:0 st:209,734,853 at IsoSpriteManager.AddSprite          > duplicate texture d_wallcracks_1_69 ignore ID=1060933, use ID=255045
WARN : Sprite       f:0 st:209,734,854 at IsoSpriteManager.AddSprite          > duplicate texture d_wallcracks_1_70 ignore ID=1060934, use ID=255046
WARN : Sprite       f:0 st:209,734,854 at IsoSpriteManager.AddSprite          > duplicate texture d_wallcracks_1_71 ignore ID=1060935, use ID=255047
WARN : Sprite       f:0 st:209,734,855 at IsoSpriteManager.AddSprite          > duplicate texture e_exterior_snow_1_0 ignore ID=1055232, use ID=454656
WARN : Sprite       f:0 st:209,734,855 at IsoSpriteManager.AddSprite          > duplicate texture e_exterior_snow_1_1 ignore ID=1055233, use ID=454657
WARN : Sprite       f:0 st:209,734,857 at IsoSpriteManager.AddSprite          > duplicate texture e_newgrassbase_snow_1_0 ignore ID=1056768, use ID=455680
WARN : Sprite       f:0 st:209,734,858 at IsoSpriteManager.AddSprite          > duplicate texture e_newgrassbase_snow_1_1 ignore ID=1056769, use ID=455681
WARN : Sprite       f:0 st:209,734,858 at IsoSpriteManager.AddSprite          > duplicate texture e_newgrassbase_snow_1_2 ignore ID=1056770, use ID=455682
WARN : Sprite       f:0 st:209,734,859 at IsoSpriteManager.AddSprite          > duplicate texture e_newgrassbase_snow_1_3 ignore ID=1056771, use ID=455683
WARN : Sprite       f:0 st:209,734,859 at IsoSpriteManager.AddSprite          > duplicate texture e_newgrassbase_snow_1_4 ignore ID=1056772, use ID=455684
WARN : Sprite       f:0 st:209,734,859 at IsoSpriteManager.AddSprite          > duplicate texture e_newgrassbase_snow_1_5 ignore ID=1056773, use ID=455685
WARN : Sprite       f:0 st:209,734,860 at IsoSpriteManager.AddSprite          > duplicate texture e_newgrassbase_snow_1_6 ignore ID=1056774, use ID=455686
WARN : Sprite       f:0 st:209,734,860 at IsoSpriteManager.AddSprite          > duplicate texture e_newgrassbase_snow_1_7 ignore ID=1056775, use ID=455687
WARN : Sprite       f:0 st:209,734,861 at IsoSpriteManager.AddSprite          > duplicate texture e_newgrassbase_snow_1_8 ignore ID=1056776, use ID=455688
WARN : Sprite       f:0 st:209,734,861 at IsoSpriteManager.AddSprite          > duplicate texture e_newgrassbase_snow_1_9 ignore ID=1056777, use ID=455689
WARN : Sprite       f:0 st:209,734,862 at IsoSpriteManager.AddSprite          > duplicate texture e_newgrassbase_snow_1_10 ignore ID=1056778, use ID=455690
WARN : Sprite       f:0 st:209,734,862 at IsoSpriteManager.AddSprite          > duplicate texture e_newgrassbase_snow_1_11 ignore ID=1056779, use ID=455691
WARN : Sprite       f:0 st:209,734,862 at IsoSpriteManager.AddSprite          > duplicate texture e_newgrassbase_snow_1_12 ignore ID=1056780, use ID=455692
WARN : Sprite       f:0 st:209,734,863 at IsoSpriteManager.AddSprite          > duplicate texture e_newgrassbase_snow_1_13 ignore ID=1056781, use ID=455693
WARN : Sprite       f:0 st:209,734,863 at IsoSpriteManager.AddSprite          > duplicate texture e_newgrassbase_snow_1_14 ignore ID=1056782, use ID=455694
WARN : Sprite       f:0 st:209,734,863 at IsoSpriteManager.AddSprite          > duplicate texture e_newgrassbase_snow_1_15 ignore ID=1056783, use ID=455695
WARN : Sprite       f:0 st:209,734,864 at IsoSpriteManager.AddSprite          > duplicate texture e_newgrassbase_snow_1_16 ignore ID=1056784, use ID=455696
WARN : Sprite       f:0 st:209,734,864 at IsoSpriteManager.AddSprite          > duplicate texture e_newgrassbase_snow_1_17 ignore ID=1056785, use ID=455697
WARN : Sprite       f:0 st:209,734,864 at IsoSpriteManager.AddSprite          > duplicate texture e_newgrassbase_snow_1_18 ignore ID=1056786, use ID=455698
WARN : Sprite       f:0 st:209,734,864 at IsoSpriteManager.AddSprite          > duplicate texture e_newgrassbase_snow_1_19 ignore ID=1056787, use ID=455699
WARN : Sprite       f:0 st:209,734,865 at IsoSpriteManager.AddSprite          > duplicate texture e_newgrassbase_snow_1_20 ignore ID=1056788, use ID=455700
WARN : Sprite       f:0 st:209,734,865 at IsoSpriteManager.AddSprite          > duplicate texture e_newgrassbase_snow_1_21 ignore ID=1056789, use ID=455701
WARN : Sprite       f:0 st:209,734,865 at IsoSpriteManager.AddSprite          > duplicate texture e_newgrassbase_snow_1_22 ignore ID=1056790, use ID=455702
WARN : Sprite       f:0 st:209,734,865 at IsoSpriteManager.AddSprite          > duplicate texture e_newgrassbase_snow_1_23 ignore ID=1056791, use ID=455703
WARN : Sprite       f:0 st:209,734,866 at IsoSpriteManager.AddSprite          > duplicate texture e_newgrassbase_snow_1_24 ignore ID=1056792, use ID=455704
WARN : Sprite       f:0 st:209,734,866 at IsoSpriteManager.AddSprite          > duplicate texture e_newgrassbase_snow_1_25 ignore ID=1056793, use ID=455705
WARN : Sprite       f:0 st:209,734,866 at IsoSpriteManager.AddSprite          > duplicate texture e_newgrassbase_snow_1_26 ignore ID=1056794, use ID=455706
WARN : Sprite       f:0 st:209,734,867 at IsoSpriteManager.AddSprite          > duplicate texture e_newgrassbase_snow_1_27 ignore ID=1056795, use ID=455707
WARN : Sprite       f:0 st:209,734,867 at IsoSpriteManager.AddSprite          > duplicate texture e_newgrassbase_snow_1_28 ignore ID=1056796, use ID=455708
WARN : Sprite       f:0 st:209,734,867 at IsoSpriteManager.AddSprite          > duplicate texture e_newgrassbase_snow_1_29 ignore ID=1056797, use ID=455709
WARN : Sprite       f:0 st:209,734,868 at IsoSpriteManager.AddSprite          > duplicate texture e_newgrassbase_snow_1_30 ignore ID=1056798, use ID=455710
WARN : Sprite       f:0 st:209,734,868 at IsoSpriteManager.AddSprite          > duplicate texture e_newgrassbase_snow_1_31 ignore ID=1056799, use ID=455711
WARN : Sprite       f:0 st:209,734,869 at IsoSpriteManager.AddSprite          > duplicate texture e_roof_snow_1_0 ignore ID=1058304, use ID=456704
WARN : Sprite       f:0 st:209,734,869 at IsoSpriteManager.AddSprite          > duplicate texture e_roof_snow_1_1 ignore ID=1058305, use ID=456705
WARN : Sprite       f:0 st:209,734,869 at IsoSpriteManager.AddSprite          > duplicate texture e_roof_snow_1_2 ignore ID=1058306, use ID=456706
WARN : Sprite       f:0 st:209,734,869 at IsoSpriteManager.AddSprite          > duplicate texture e_roof_snow_1_3 ignore ID=1058307, use ID=456707
WARN : Sprite       f:0 st:209,734,870 at IsoSpriteManager.AddSprite          > duplicate texture e_roof_snow_1_4 ignore ID=1058308, use ID=456708
WARN : Sprite       f:0 st:209,734,870 at IsoSpriteManager.AddSprite          > duplicate texture e_roof_snow_1_5 ignore ID=1058309, use ID=456709
WARN : Sprite       f:0 st:209,734,870 at IsoSpriteManager.AddSprite          > duplicate texture e_roof_snow_1_6 ignore ID=1058310, use ID=456710
WARN : Sprite       f:0 st:209,734,870 at IsoSpriteManager.AddSprite          > duplicate texture e_roof_snow_1_7 ignore ID=1058311, use ID=456711
WARN : Sprite       f:0 st:209,734,871 at IsoSpriteManager.AddSprite          > duplicate texture e_roof_snow_1_8 ignore ID=1058312, use ID=456712
WARN : Sprite       f:0 st:209,734,871 at IsoSpriteManager.AddSprite          > duplicate texture e_roof_snow_1_9 ignore ID=1058313, use ID=456713
WARN : Sprite       f:0 st:209,734,871 at IsoSpriteManager.AddSprite          > duplicate texture e_roof_snow_1_10 ignore ID=1058314, use ID=456714
WARN : Sprite       f:0 st:209,734,871 at IsoSpriteManager.AddSprite          > duplicate texture e_roof_snow_1_11 ignore ID=1058315, use ID=456715
WARN : Sprite       f:0 st:209,734,872 at IsoSpriteManager.AddSprite          > duplicate texture e_roof_snow_1_12 ignore ID=1058316, use ID=456716
WARN : Sprite       f:0 st:209,734,873 at IsoSpriteManager.AddSprite          > duplicate texture e_roof_snow_1_13 ignore ID=1058317, use ID=456717
WARN : Sprite       f:0 st:209,734,873 at IsoSpriteManager.AddSprite          > duplicate texture e_roof_snow_1_14 ignore ID=1058318, use ID=456718
WARN : Sprite       f:0 st:209,734,873 at IsoSpriteManager.AddSprite          > duplicate texture e_roof_snow_1_15 ignore ID=1058319, use ID=456719
WARN : Sprite       f:0 st:209,734,873 at IsoSpriteManager.AddSprite          > duplicate texture e_roof_snow_1_16 ignore ID=1058320, use ID=456720
WARN : Sprite       f:0 st:209,734,874 at IsoSpriteManager.AddSprite          > duplicate texture e_roof_snow_1_17 ignore ID=1058321, use ID=456721
WARN : Sprite       f:0 st:209,734,874 at IsoSpriteManager.AddSprite          > duplicate texture e_roof_snow_1_18 ignore ID=1058322, use ID=456722
WARN : Sprite       f:0 st:209,734,874 at IsoSpriteManager.AddSprite          > duplicate texture e_roof_snow_1_19 ignore ID=1058323, use ID=456723
WARN : Sprite       f:0 st:209,734,874 at IsoSpriteManager.AddSprite          > duplicate texture e_roof_snow_1_20 ignore ID=1058324, use ID=456724
WARN : Sprite       f:0 st:209,734,875 at IsoSpriteManager.AddSprite          > duplicate texture e_roof_snow_1_21 ignore ID=1058325, use ID=456725
WARN : Sprite       f:0 st:209,734,875 at IsoSpriteManager.AddSprite          > duplicate texture e_roof_snow_1_22 ignore ID=1058326, use ID=456726
WARN : Sprite       f:0 st:209,734,875 at IsoSpriteManager.AddSprite          > duplicate texture e_roof_snow_1_23 ignore ID=1058327, use ID=456727
WARN : Sprite       f:0 st:209,734,875 at IsoSpriteManager.AddSprite          > duplicate texture e_roof_snow_1_24 ignore ID=1058328, use ID=456728
WARN : Sprite       f:0 st:209,734,876 at IsoSpriteManager.AddSprite          > duplicate texture e_roof_snow_1_25 ignore ID=1058329, use ID=456729
WARN : Sprite       f:0 st:209,734,876 at IsoSpriteManager.AddSprite          > duplicate texture e_roof_snow_1_26 ignore ID=1058330, use ID=456730
WARN : Sprite       f:0 st:209,734,876 at IsoSpriteManager.AddSprite          > duplicate texture e_roof_snow_1_27 ignore ID=1058331, use ID=456731
WARN : Sprite       f:0 st:209,734,876 at IsoSpriteManager.AddSprite          > duplicate texture e_roof_snow_1_28 ignore ID=1058332, use ID=456732
WARN : Sprite       f:0 st:209,734,877 at IsoSpriteManager.AddSprite          > duplicate texture e_roof_snow_1_29 ignore ID=1058333, use ID=456733
WARN : Sprite       f:0 st:209,734,877 at IsoSpriteManager.AddSprite          > duplicate texture e_roof_snow_1_30 ignore ID=1058334, use ID=456734
WARN : Sprite       f:0 st:209,734,877 at IsoSpriteManager.AddSprite          > duplicate texture e_roof_snow_1_31 ignore ID=1058335, use ID=456735
WARN : Sprite       f:0 st:209,734,877 at IsoSpriteManager.AddSprite          > duplicate texture e_roof_snow_1_32 ignore ID=1058336, use ID=456736
WARN : Sprite       f:0 st:209,734,878 at IsoSpriteManager.AddSprite          > duplicate texture e_roof_snow_1_33 ignore ID=1058337, use ID=456737
WARN : Sprite       f:0 st:209,734,878 at IsoSpriteManager.AddSprite          > duplicate texture e_roof_snow_1_34 ignore ID=1058338, use ID=456738
WARN : Sprite       f:0 st:209,734,878 at IsoSpriteManager.AddSprite          > duplicate texture e_roof_snow_1_35 ignore ID=1058339, use ID=456739
WARN : Sprite       f:0 st:209,734,878 at IsoSpriteManager.AddSprite          > duplicate texture e_roof_snow_1_36 ignore ID=1058340, use ID=456740
WARN : Sprite       f:0 st:209,734,879 at IsoSpriteManager.AddSprite          > duplicate texture e_roof_snow_1_37 ignore ID=1058341, use ID=456741
WARN : Sprite       f:0 st:209,734,879 at IsoSpriteManager.AddSprite          > duplicate texture e_roof_snow_1_38 ignore ID=1058342, use ID=456742
WARN : Sprite       f:0 st:209,734,879 at IsoSpriteManager.AddSprite          > duplicate texture e_roof_snow_1_39 ignore ID=1058343, use ID=456743
WARN : Sprite       f:0 st:209,734,879 at IsoSpriteManager.AddSprite          > duplicate texture e_roof_snow_1_40 ignore ID=1058344, use ID=456744
WARN : Sprite       f:0 st:209,734,880 at IsoSpriteManager.AddSprite          > duplicate texture e_roof_snow_1_41 ignore ID=1058345, use ID=456745
WARN : Sprite       f:0 st:209,734,880 at IsoSpriteManager.AddSprite          > duplicate texture e_roof_snow_1_42 ignore ID=1058346, use ID=456746
WARN : Sprite       f:0 st:209,734,880 at IsoSpriteManager.AddSprite          > duplicate texture e_roof_snow_1_43 ignore ID=1058347, use ID=456747
WARN : Sprite       f:0 st:209,734,880 at IsoSpriteManager.AddSprite          > duplicate texture e_roof_snow_1_44 ignore ID=1058348, use ID=456748
WARN : Sprite       f:0 st:209,734,881 at IsoSpriteManager.AddSprite          > duplicate texture e_roof_snow_1_45 ignore ID=1058349, use ID=456749
WARN : Sprite       f:0 st:209,734,881 at IsoSpriteManager.AddSprite          > duplicate texture e_roof_snow_1_46 ignore ID=1058350, use ID=456750
WARN : Sprite       f:0 st:209,734,881 at IsoSpriteManager.AddSprite          > duplicate texture e_roof_snow_1_47 ignore ID=1058351, use ID=456751
WARN : Sprite       f:0 st:209,734,882 at IsoSpriteManager.AddSprite          > duplicate texture e_roof_snow_1_48 ignore ID=1058352, use ID=456752
WARN : Sprite       f:0 st:209,734,882 at IsoSpriteManager.AddSprite          > duplicate texture e_roof_snow_1_49 ignore ID=1058353, use ID=456753
WARN : Sprite       f:0 st:209,734,882 at IsoSpriteManager.AddSprite          > duplicate texture e_roof_snow_1_50 ignore ID=1058354, use ID=456754
WARN : Sprite       f:0 st:209,734,882 at IsoSpriteManager.AddSprite          > duplicate texture e_roof_snow_1_51 ignore ID=1058355, use ID=456755
WARN : Sprite       f:0 st:209,734,883 at IsoSpriteManager.AddSprite          > duplicate texture e_roof_snow_1_52 ignore ID=1058356, use ID=456756
WARN : Sprite       f:0 st:209,734,883 at IsoSpriteManager.AddSprite          > duplicate texture e_roof_snow_1_53 ignore ID=1058357, use ID=456757
WARN : Sprite       f:0 st:209,734,883 at IsoSpriteManager.AddSprite          > duplicate texture e_roof_snow_1_54 ignore ID=1058358, use ID=456758
WARN : Sprite       f:0 st:209,734,884 at IsoSpriteManager.AddSprite          > duplicate texture e_roof_snow_1_55 ignore ID=1058359, use ID=456759
WARN : Sprite       f:0 st:209,734,884 at IsoSpriteManager.AddSprite          > duplicate texture e_roof_snow_1_56 ignore ID=1058360, use ID=456760
WARN : Sprite       f:0 st:209,734,885 at IsoSpriteManager.AddSprite          > duplicate texture e_roof_snow_1_57 ignore ID=1058361, use ID=456761
WARN : Sprite       f:0 st:209,734,885 at IsoSpriteManager.AddSprite          > duplicate texture e_roof_snow_1_58 ignore ID=1058362, use ID=456762
WARN : Sprite       f:0 st:209,734,885 at IsoSpriteManager.AddSprite          > duplicate texture e_roof_snow_1_59 ignore ID=1058363, use ID=456763
WARN : Sprite       f:0 st:209,734,885 at IsoSpriteManager.AddSprite          > duplicate texture e_roof_snow_1_60 ignore ID=1058364, use ID=456764
WARN : Sprite       f:0 st:209,734,886 at IsoSpriteManager.AddSprite          > duplicate texture e_roof_snow_1_61 ignore ID=1058365, use ID=456765
WARN : Sprite       f:0 st:209,734,886 at IsoSpriteManager.AddSprite          > duplicate texture e_roof_snow_1_62 ignore ID=1058366, use ID=456766
WARN : Sprite       f:0 st:209,734,886 at IsoSpriteManager.AddSprite          > duplicate texture e_roof_snow_1_63 ignore ID=1058367, use ID=456767
WARN : Sprite       f:0 st:209,734,886 at IsoSpriteManager.AddSprite          > duplicate texture e_roof_snow_1_64 ignore ID=1058368, use ID=456768
WARN : Sprite       f:0 st:209,734,887 at IsoSpriteManager.AddSprite          > duplicate texture e_roof_snow_1_65 ignore ID=1058369, use ID=456769
WARN : Sprite       f:0 st:209,734,887 at IsoSpriteManager.AddSprite          > duplicate texture e_roof_snow_1_66 ignore ID=1058370, use ID=456770
WARN : Sprite       f:0 st:209,734,887 at IsoSpriteManager.AddSprite          > duplicate texture e_roof_snow_1_67 ignore ID=1058371, use ID=456771
WARN : Sprite       f:0 st:209,734,887 at IsoSpriteManager.AddSprite          > duplicate texture e_roof_snow_1_68 ignore ID=1058372, use ID=456772
WARN : Sprite       f:0 st:209,734,888 at IsoSpriteManager.AddSprite          > duplicate texture e_roof_snow_1_69 ignore ID=1058373, use ID=456773
WARN : Sprite       f:0 st:209,734,888 at IsoSpriteManager.AddSprite          > duplicate texture e_roof_snow_1_70 ignore ID=1058374, use ID=456774
WARN : Sprite       f:0 st:209,734,888 at IsoSpriteManager.AddSprite          > duplicate texture e_roof_snow_1_71 ignore ID=1058375, use ID=456775
WARN : Sprite       f:0 st:209,734,888 at IsoSpriteManager.AddSprite          > duplicate texture e_roof_snow_1_72 ignore ID=1058376, use ID=456776
WARN : Sprite       f:0 st:209,734,889 at IsoSpriteManager.AddSprite          > duplicate texture e_roof_snow_1_73 ignore ID=1058377, use ID=456777
WARN : Sprite       f:0 st:209,734,889 at IsoSpriteManager.AddSprite          > duplicate texture e_roof_snow_1_74 ignore ID=1058378, use ID=456778
WARN : Sprite       f:0 st:209,734,889 at IsoSpriteManager.AddSprite          > duplicate texture e_roof_snow_1_75 ignore ID=1058379, use ID=456779
WARN : Sprite       f:0 st:209,734,889 at IsoSpriteManager.AddSprite          > duplicate texture e_roof_snow_1_76 ignore ID=1058380, use ID=456780
WARN : Sprite       f:0 st:209,734,890 at IsoSpriteManager.AddSprite          > duplicate texture e_roof_snow_1_77 ignore ID=1058381, use ID=456781
WARN : Sprite       f:0 st:209,734,890 at IsoSpriteManager.AddSprite          > duplicate texture e_roof_snow_1_78 ignore ID=1058382, use ID=456782
WARN : Sprite       f:0 st:209,734,890 at IsoSpriteManager.AddSprite          > duplicate texture e_roof_snow_1_79 ignore ID=1058383, use ID=456783
WARN : Sprite       f:0 st:209,734,890 at IsoSpriteManager.AddSprite          > duplicate texture e_roof_snow_1_80 ignore ID=1058384, use ID=456784
WARN : Sprite       f:0 st:209,734,891 at IsoSpriteManager.AddSprite          > duplicate texture e_roof_snow_1_81 ignore ID=1058385, use ID=456785
WARN : Sprite       f:0 st:209,734,891 at IsoSpriteManager.AddSprite          > duplicate texture e_roof_snow_1_82 ignore ID=1058386, use ID=456786
WARN : Sprite       f:0 st:209,734,891 at IsoSpriteManager.AddSprite          > duplicate texture e_roof_snow_1_83 ignore ID=1058387, use ID=456787
WARN : Sprite       f:0 st:209,734,891 at IsoSpriteManager.AddSprite          > duplicate texture e_roof_snow_1_84 ignore ID=1058388, use ID=456788
WARN : Sprite       f:0 st:209,734,892 at IsoSpriteManager.AddSprite          > duplicate texture e_roof_snow_1_85 ignore ID=1058389, use ID=456789
WARN : Sprite       f:0 st:209,734,892 at IsoSpriteManager.AddSprite          > duplicate texture e_roof_snow_1_86 ignore ID=1058390, use ID=456790
WARN : Sprite       f:0 st:209,734,892 at IsoSpriteManager.AddSprite          > duplicate texture e_roof_snow_1_87 ignore ID=1058391, use ID=456791
WARN : Sprite       f:0 st:209,734,892 at IsoSpriteManager.AddSprite          > duplicate texture e_roof_snow_1_88 ignore ID=1058392, use ID=456792
WARN : Sprite       f:0 st:209,734,893 at IsoSpriteManager.AddSprite          > duplicate texture e_roof_snow_1_89 ignore ID=1058393, use ID=456793
WARN : Sprite       f:0 st:209,734,893 at IsoSpriteManager.AddSprite          > duplicate texture e_roof_snow_1_90 ignore ID=1058394, use ID=456794
WARN : Sprite       f:0 st:209,734,893 at IsoSpriteManager.AddSprite          > duplicate texture e_roof_snow_1_91 ignore ID=1058395, use ID=456795
WARN : Sprite       f:0 st:209,734,893 at IsoSpriteManager.AddSprite          > duplicate texture e_roof_snow_1_92 ignore ID=1058396, use ID=456796
WARN : Sprite       f:0 st:209,734,894 at IsoSpriteManager.AddSprite          > duplicate texture e_roof_snow_1_93 ignore ID=1058397, use ID=456797
WARN : Sprite       f:0 st:209,734,894 at IsoSpriteManager.AddSprite          > duplicate texture e_roof_snow_1_94 ignore ID=1058398, use ID=456798
WARN : Sprite       f:0 st:209,734,894 at IsoSpriteManager.AddSprite          > duplicate texture e_roof_snow_1_95 ignore ID=1058399, use ID=456799
WARN : Sprite       f:0 st:209,734,894 at IsoSpriteManager.AddSprite          > duplicate texture e_roof_snow_1_96 ignore ID=1058400, use ID=456800
WARN : Sprite       f:0 st:209,734,895 at IsoSpriteManager.AddSprite          > duplicate texture e_roof_snow_1_97 ignore ID=1058401, use ID=456801
WARN : Sprite       f:0 st:209,734,895 at IsoSpriteManager.AddSprite          > duplicate texture e_roof_snow_1_98 ignore ID=1058402, use ID=456802
WARN : Sprite       f:0 st:209,734,896 at IsoSpriteManager.AddSprite          > duplicate texture e_roof_snow_1_99 ignore ID=1058403, use ID=456803
WARN : Sprite       f:0 st:209,734,896 at IsoSpriteManager.AddSprite          > duplicate texture e_roof_snow_1_100 ignore ID=1058404, use ID=456804
WARN : Sprite       f:0 st:209,734,897 at IsoSpriteManager.AddSprite          > duplicate texture e_roof_snow_1_101 ignore ID=1058405, use ID=456805
WARN : Sprite       f:0 st:209,734,897 at IsoSpriteManager.AddSprite          > duplicate texture e_roof_snow_1_102 ignore ID=1058406, use ID=456806
WARN : Sprite       f:0 st:209,734,897 at IsoSpriteManager.AddSprite          > duplicate texture e_roof_snow_1_103 ignore ID=1058407, use ID=456807
WARN : Sprite       f:0 st:209,734,897 at IsoSpriteManager.AddSprite          > duplicate texture e_roof_snow_1_104 ignore ID=1058408, use ID=456808
WARN : Sprite       f:0 st:209,734,898 at IsoSpriteManager.AddSprite          > duplicate texture e_roof_snow_1_105 ignore ID=1058409, use ID=456809
WARN : Sprite       f:0 st:209,734,898 at IsoSpriteManager.AddSprite          > duplicate texture e_roof_snow_1_106 ignore ID=1058410, use ID=456810
WARN : Sprite       f:0 st:209,734,898 at IsoSpriteManager.AddSprite          > duplicate texture e_roof_snow_1_107 ignore ID=1058411, use ID=456811
WARN : Sprite       f:0 st:209,734,898 at IsoSpriteManager.AddSprite          > duplicate texture e_roof_snow_1_108 ignore ID=1058412, use ID=456812
WARN : Sprite       f:0 st:209,734,899 at IsoSpriteManager.AddSprite          > duplicate texture e_roof_snow_1_109 ignore ID=1058413, use ID=456813
WARN : Sprite       f:0 st:209,734,899 at IsoSpriteManager.AddSprite          > duplicate texture e_roof_snow_1_110 ignore ID=1058414, use ID=456814
WARN : Sprite       f:0 st:209,734,899 at IsoSpriteManager.AddSprite          > duplicate texture e_roof_snow_1_111 ignore ID=1058415, use ID=456815
WARN : Sprite       f:0 st:209,734,901 at IsoSpriteManager.AddSprite          > duplicate texture f_bushes_2_0 ignore ID=1061888, use ID=457728
WARN : Sprite       f:0 st:209,734,902 at IsoSpriteManager.AddSprite          > duplicate texture f_bushes_2_1 ignore ID=1061889, use ID=457729
WARN : Sprite       f:0 st:209,734,902 at IsoSpriteManager.AddSprite          > duplicate texture f_bushes_2_2 ignore ID=1061890, use ID=457730
WARN : Sprite       f:0 st:209,734,903 at IsoSpriteManager.AddSprite          > duplicate texture f_bushes_2_3 ignore ID=1061891, use ID=457731
WARN : Sprite       f:0 st:209,734,903 at IsoSpriteManager.AddSprite          > duplicate texture f_bushes_2_4 ignore ID=1061892, use ID=457732
WARN : Sprite       f:0 st:209,734,903 at IsoSpriteManager.AddSprite          > duplicate texture f_bushes_2_5 ignore ID=1061893, use ID=457733
WARN : Sprite       f:0 st:209,734,903 at IsoSpriteManager.AddSprite          > duplicate texture f_bushes_2_6 ignore ID=1061894, use ID=457734
WARN : Sprite       f:0 st:209,734,904 at IsoSpriteManager.AddSprite          > duplicate texture f_bushes_2_7 ignore ID=1061895, use ID=457735
WARN : Sprite       f:0 st:209,734,911 at IsoSpriteManager.AddSprite          > duplicate texture f_bushes_2_8 ignore ID=1061896, use ID=457736
WARN : Sprite       f:0 st:209,734,911 at IsoSpriteManager.AddSprite          > duplicate texture f_bushes_2_9 ignore ID=1061897, use ID=457737
WARN : Sprite       f:0 st:209,734,912 at IsoSpriteManager.AddSprite          > duplicate texture f_bushes_2_10 ignore ID=1061898, use ID=457738
WARN : Sprite       f:0 st:209,734,912 at IsoSpriteManager.AddSprite          > duplicate texture f_bushes_2_11 ignore ID=1061899, use ID=457739
WARN : Sprite       f:0 st:209,734,912 at IsoSpriteManager.AddSprite          > duplicate texture f_bushes_2_12 ignore ID=1061900, use ID=457740
WARN : Sprite       f:0 st:209,734,912 at IsoSpriteManager.AddSprite          > duplicate texture f_bushes_2_13 ignore ID=1061901, use ID=457741
WARN : Sprite       f:0 st:209,734,914 at IsoSpriteManager.AddSprite          > duplicate texture f_bushes_2_14 ignore ID=1061902, use ID=457742
WARN : Sprite       f:0 st:209,734,914 at IsoSpriteManager.AddSprite          > duplicate texture f_bushes_2_15 ignore ID=1061903, use ID=457743
WARN : Sprite       f:0 st:209,734,914 at IsoSpriteManager.AddSprite          > duplicate texture f_bushes_2_16 ignore ID=1061904, use ID=457744
WARN : Sprite       f:0 st:209,734,915 at IsoSpriteManager.AddSprite          > duplicate texture f_bushes_2_17 ignore ID=1061905, use ID=457745
WARN : Sprite       f:0 st:209,734,915 at IsoSpriteManager.AddSprite          > duplicate texture f_bushes_2_18 ignore ID=1061906, use ID=457746
WARN : Sprite       f:0 st:209,734,915 at IsoSpriteManager.AddSprite          > duplicate texture f_bushes_2_19 ignore ID=1061907, use ID=457747
WARN : Sprite       f:0 st:209,734,915 at IsoSpriteManager.AddSprite          > duplicate texture f_bushes_2_20 ignore ID=1061908, use ID=457748
WARN : Sprite       f:0 st:209,734,916 at IsoSpriteManager.AddSprite          > duplicate texture f_bushes_2_21 ignore ID=1061909, use ID=457749
WARN : Sprite       f:0 st:209,734,916 at IsoSpriteManager.AddSprite          > duplicate texture f_bushes_2_22 ignore ID=1061910, use ID=457750
WARN : Sprite       f:0 st:209,734,916 at IsoSpriteManager.AddSprite          > duplicate texture f_bushes_2_23 ignore ID=1061911, use ID=457751
WARN : Sprite       f:0 st:209,734,916 at IsoSpriteManager.AddSprite          > duplicate texture f_bushes_2_24 ignore ID=1061912, use ID=457752
WARN : Sprite       f:0 st:209,734,917 at IsoSpriteManager.AddSprite          > duplicate texture f_bushes_2_25 ignore ID=1061913, use ID=457753
WARN : Sprite       f:0 st:209,734,917 at IsoSpriteManager.AddSprite          > duplicate texture f_bushes_2_26 ignore ID=1061914, use ID=457754
WARN : Sprite       f:0 st:209,734,917 at IsoSpriteManager.AddSprite          > duplicate texture f_bushes_2_27 ignore ID=1061915, use ID=457755
WARN : Sprite       f:0 st:209,734,917 at IsoSpriteManager.AddSprite          > duplicate texture f_bushes_2_28 ignore ID=1061916, use ID=457756
WARN : Sprite       f:0 st:209,734,917 at IsoSpriteManager.AddSprite          > duplicate texture f_bushes_2_29 ignore ID=1061917, use ID=457757
WARN : Sprite       f:0 st:209,734,918 at IsoSpriteManager.AddSprite          > duplicate texture f_bushes_2_30 ignore ID=1061918, use ID=457758
WARN : Sprite       f:0 st:209,734,918 at IsoSpriteManager.AddSprite          > duplicate texture f_bushes_2_31 ignore ID=1061919, use ID=457759
WARN : Sprite       f:0 st:209,734,918 at IsoSpriteManager.AddSprite          > duplicate texture f_bushes_2_32 ignore ID=1061920, use ID=457760
WARN : Sprite       f:0 st:209,734,918 at IsoSpriteManager.AddSprite          > duplicate texture f_bushes_2_33 ignore ID=1061921, use ID=457761
WARN : Sprite       f:0 st:209,734,919 at IsoSpriteManager.AddSprite          > duplicate texture f_bushes_2_34 ignore ID=1061922, use ID=457762
WARN : Sprite       f:0 st:209,734,919 at IsoSpriteManager.AddSprite          > duplicate texture f_bushes_2_35 ignore ID=1061923, use ID=457763
WARN : Sprite       f:0 st:209,734,920 at IsoSpriteManager.AddSprite          > duplicate texture f_bushes_2_36 ignore ID=1061924, use ID=457764
WARN : Sprite       f:0 st:209,734,920 at IsoSpriteManager.AddSprite          > duplicate texture f_bushes_2_37 ignore ID=1061925, use ID=457765
WARN : Sprite       f:0 st:209,734,920 at IsoSpriteManager.AddSprite          > duplicate texture f_bushes_2_38 ignore ID=1061926, use ID=457766
WARN : Sprite       f:0 st:209,734,920 at IsoSpriteManager.AddSprite          > duplicate texture f_bushes_2_39 ignore ID=1061927, use ID=457767
WARN : Sprite       f:0 st:209,734,921 at IsoSpriteManager.AddSprite          > duplicate texture f_bushes_2_40 ignore ID=1061928, use ID=457768
WARN : Sprite       f:0 st:209,734,921 at IsoSpriteManager.AddSprite          > duplicate texture f_bushes_2_41 ignore ID=1061929, use ID=457769
WARN : Sprite       f:0 st:209,734,921 at IsoSpriteManager.AddSprite          > duplicate texture f_bushes_2_42 ignore ID=1061930, use ID=457770
WARN : Sprite       f:0 st:209,734,922 at IsoSpriteManager.AddSprite          > duplicate texture f_bushes_2_43 ignore ID=1061931, use ID=457771
WARN : Sprite       f:0 st:209,734,922 at IsoSpriteManager.AddSprite          > duplicate texture f_bushes_2_44 ignore ID=1061932, use ID=457772
WARN : Sprite       f:0 st:209,734,922 at IsoSpriteManager.AddSprite          > duplicate texture f_bushes_2_45 ignore ID=1061933, use ID=457773
WARN : Sprite       f:0 st:209,734,922 at IsoSpriteManager.AddSprite          > duplicate texture f_bushes_2_46 ignore ID=1061934, use ID=457774
WARN : Sprite       f:0 st:209,734,923 at IsoSpriteManager.AddSprite          > duplicate texture f_bushes_2_47 ignore ID=1061935, use ID=457775
WARN : Sprite       f:0 st:209,734,923 at IsoSpriteManager.AddSprite          > duplicate texture f_bushes_2_48 ignore ID=1061936, use ID=457776
WARN : Sprite       f:0 st:209,734,923 at IsoSpriteManager.AddSprite          > duplicate texture f_bushes_2_49 ignore ID=1061937, use ID=457777
WARN : Sprite       f:0 st:209,734,924 at IsoSpriteManager.AddSprite          > duplicate texture f_bushes_2_50 ignore ID=1061938, use ID=457778
WARN : Sprite       f:0 st:209,734,924 at IsoSpriteManager.AddSprite          > duplicate texture f_bushes_2_51 ignore ID=1061939, use ID=457779
WARN : Sprite       f:0 st:209,734,926 at IsoSpriteManager.AddSprite          > duplicate texture f_bushes_2_52 ignore ID=1061940, use ID=457780
WARN : Sprite       f:0 st:209,734,926 at IsoSpriteManager.AddSprite          > duplicate texture f_bushes_2_53 ignore ID=1061941, use ID=457781
WARN : Sprite       f:0 st:209,734,945 at IsoSpriteManager.AddSprite          > duplicate texture f_bushes_2_54 ignore ID=1061942, use ID=457782
WARN : Sprite       f:0 st:209,734,945 at IsoSpriteManager.AddSprite          > duplicate texture f_bushes_2_55 ignore ID=1061943, use ID=457783
WARN : Sprite       f:0 st:209,734,946 at IsoSpriteManager.AddSprite          > duplicate texture f_bushes_2_56 ignore ID=1061944, use ID=457784
WARN : Sprite       f:0 st:209,734,946 at IsoSpriteManager.AddSprite          > duplicate texture f_bushes_2_57 ignore ID=1061945, use ID=457785
WARN : Sprite       f:0 st:209,734,946 at IsoSpriteManager.AddSprite          > duplicate texture f_bushes_2_58 ignore ID=1061946, use ID=457786
WARN : Sprite       f:0 st:209,734,947 at IsoSpriteManager.AddSprite          > duplicate texture f_bushes_2_59 ignore ID=1061947, use ID=457787
WARN : Sprite       f:0 st:209,734,947 at IsoSpriteManager.AddSprite          > duplicate texture f_bushes_2_60 ignore ID=1061948, use ID=457788
WARN : Sprite       f:0 st:209,734,947 at IsoSpriteManager.AddSprite          > duplicate texture f_bushes_2_61 ignore ID=1061949, use ID=457789
WARN : Sprite       f:0 st:209,734,947 at IsoSpriteManager.AddSprite          > duplicate texture f_bushes_2_62 ignore ID=1061950, use ID=457790
WARN : Sprite       f:0 st:209,734,948 at IsoSpriteManager.AddSprite          > duplicate texture f_bushes_2_63 ignore ID=1061951, use ID=457791
WARN : Sprite       f:0 st:209,734,948 at IsoSpriteManager.AddSprite          > duplicate texture f_bushes_2_64 ignore ID=1061952, use ID=457792
WARN : Sprite       f:0 st:209,734,948 at IsoSpriteManager.AddSprite          > duplicate texture f_bushes_2_65 ignore ID=1061953, use ID=457793
WARN : Sprite       f:0 st:209,734,949 at IsoSpriteManager.AddSprite          > duplicate texture f_bushes_2_66 ignore ID=1061954, use ID=457794
WARN : Sprite       f:0 st:209,734,949 at IsoSpriteManager.AddSprite          > duplicate texture f_bushes_2_67 ignore ID=1061955, use ID=457795
WARN : Sprite       f:0 st:209,734,949 at IsoSpriteManager.AddSprite          > duplicate texture f_bushes_2_68 ignore ID=1061956, use ID=457796
WARN : Sprite       f:0 st:209,734,949 at IsoSpriteManager.AddSprite          > duplicate texture f_bushes_2_69 ignore ID=1061957, use ID=457797
WARN : Sprite       f:0 st:209,734,950 at IsoSpriteManager.AddSprite          > duplicate texture f_bushes_2_70 ignore ID=1061958, use ID=457798
WARN : Sprite       f:0 st:209,734,950 at IsoSpriteManager.AddSprite          > duplicate texture f_bushes_2_71 ignore ID=1061959, use ID=457799
WARN : Sprite       f:0 st:209,734,950 at IsoSpriteManager.AddSprite          > duplicate texture f_bushes_2_72 ignore ID=1061960, use ID=457800
WARN : Sprite       f:0 st:209,734,950 at IsoSpriteManager.AddSprite          > duplicate texture f_bushes_2_73 ignore ID=1061961, use ID=457801
WARN : Sprite       f:0 st:209,734,951 at IsoSpriteManager.AddSprite          > duplicate texture f_bushes_2_74 ignore ID=1061962, use ID=457802
WARN : Sprite       f:0 st:209,734,951 at IsoSpriteManager.AddSprite          > duplicate texture f_bushes_2_75 ignore ID=1061963, use ID=457803
WARN : Sprite       f:0 st:209,734,951 at IsoSpriteManager.AddSprite          > duplicate texture f_bushes_2_76 ignore ID=1061964, use ID=457804
WARN : Sprite       f:0 st:209,734,951 at IsoSpriteManager.AddSprite          > duplicate texture f_bushes_2_77 ignore ID=1061965, use ID=457805
WARN : Sprite       f:0 st:209,734,952 at IsoSpriteManager.AddSprite          > duplicate texture f_bushes_2_78 ignore ID=1061966, use ID=457806
WARN : Sprite       f:0 st:209,734,952 at IsoSpriteManager.AddSprite          > duplicate texture f_bushes_2_79 ignore ID=1061967, use ID=457807
WARN : Sprite       f:0 st:209,734,954 at IsoSpriteManager.AddSprite          > duplicate texture floors_overlay_wood_01_0 ignore ID=1574400, use ID=468992
WARN : Sprite       f:0 st:209,734,954 at IsoSpriteManager.AddSprite          > duplicate texture floors_overlay_wood_01_1 ignore ID=1574401, use ID=468993
WARN : Sprite       f:0 st:209,734,954 at IsoSpriteManager.AddSprite          > duplicate texture floors_overlay_wood_01_2 ignore ID=1574402, use ID=468994
WARN : Sprite       f:0 st:209,734,955 at IsoSpriteManager.AddSprite          > duplicate texture floors_overlay_wood_01_3 ignore ID=1574403, use ID=468995
WARN : Sprite       f:0 st:209,734,955 at IsoSpriteManager.AddSprite          > duplicate texture floors_overlay_wood_01_4 ignore ID=1574404, use ID=468996
WARN : Sprite       f:0 st:209,734,955 at IsoSpriteManager.AddSprite          > duplicate texture floors_overlay_wood_01_5 ignore ID=1574405, use ID=468997
WARN : Sprite       f:0 st:209,734,955 at IsoSpriteManager.AddSprite          > duplicate texture floors_overlay_wood_01_6 ignore ID=1574406, use ID=468998
WARN : Sprite       f:0 st:209,734,956 at IsoSpriteManager.AddSprite          > duplicate texture floors_overlay_wood_01_7 ignore ID=1574407, use ID=468999
WARN : Sprite       f:0 st:209,734,956 at IsoSpriteManager.AddSprite          > duplicate texture floors_overlay_wood_01_8 ignore ID=1574408, use ID=469000
WARN : Sprite       f:0 st:209,734,956 at IsoSpriteManager.AddSprite          > duplicate texture floors_overlay_wood_01_9 ignore ID=1574409, use ID=469001
WARN : Sprite       f:0 st:209,734,956 at IsoSpriteManager.AddSprite          > duplicate texture floors_overlay_wood_01_10 ignore ID=1574410, use ID=469002
WARN : Sprite       f:0 st:209,734,957 at IsoSpriteManager.AddSprite          > duplicate texture floors_overlay_wood_01_11 ignore ID=1574411, use ID=469003
WARN : Sprite       f:0 st:209,734,957 at IsoSpriteManager.AddSprite          > duplicate texture floors_overlay_wood_01_12 ignore ID=1574412, use ID=469004
WARN : Sprite       f:0 st:209,734,957 at IsoSpriteManager.AddSprite          > duplicate texture floors_overlay_wood_01_13 ignore ID=1574413, use ID=469005
WARN : Sprite       f:0 st:209,734,957 at IsoSpriteManager.AddSprite          > duplicate texture floors_overlay_wood_01_14 ignore ID=1574414, use ID=469006
WARN : Sprite       f:0 st:209,734,958 at IsoSpriteManager.AddSprite          > duplicate texture floors_overlay_wood_01_15 ignore ID=1574415, use ID=469007
WARN : Sprite       f:0 st:209,734,958 at IsoSpriteManager.AddSprite          > duplicate texture floors_overlay_wood_01_16 ignore ID=1574416, use ID=469008
WARN : Sprite       f:0 st:209,734,958 at IsoSpriteManager.AddSprite          > duplicate texture floors_overlay_wood_01_17 ignore ID=1574417, use ID=469009
WARN : Sprite       f:0 st:209,734,958 at IsoSpriteManager.AddSprite          > duplicate texture floors_overlay_wood_01_18 ignore ID=1574418, use ID=469010
WARN : Sprite       f:0 st:209,734,959 at IsoSpriteManager.AddSprite          > duplicate texture floors_overlay_wood_01_19 ignore ID=1574419, use ID=469011
WARN : Sprite       f:0 st:209,734,959 at IsoSpriteManager.AddSprite          > duplicate texture floors_overlay_wood_01_20 ignore ID=1574420, use ID=469012
WARN : Sprite       f:0 st:209,734,960 at IsoSpriteManager.AddSprite          > duplicate texture floors_overlay_wood_01_21 ignore ID=1574421, use ID=469013
WARN : Sprite       f:0 st:209,734,960 at IsoSpriteManager.AddSprite          > duplicate texture floors_overlay_wood_01_22 ignore ID=1574422, use ID=469014
WARN : Sprite       f:0 st:209,734,960 at IsoSpriteManager.AddSprite          > duplicate texture floors_overlay_wood_01_23 ignore ID=1574423, use ID=469015
WARN : Sprite       f:0 st:209,734,960 at IsoSpriteManager.AddSprite          > duplicate texture floors_overlay_wood_01_24 ignore ID=1574424, use ID=469016
WARN : Sprite       f:0 st:209,734,961 at IsoSpriteManager.AddSprite          > duplicate texture floors_overlay_wood_01_25 ignore ID=1574425, use ID=469017
WARN : Sprite       f:0 st:209,734,961 at IsoSpriteManager.AddSprite          > duplicate texture floors_overlay_wood_01_26 ignore ID=1574426, use ID=469018
WARN : Sprite       f:0 st:209,734,961 at IsoSpriteManager.AddSprite          > duplicate texture floors_overlay_wood_01_27 ignore ID=1574427, use ID=469019
WARN : Sprite       f:0 st:209,734,962 at IsoSpriteManager.AddSprite          > duplicate texture floors_overlay_wood_01_28 ignore ID=1574428, use ID=469020
WARN : Sprite       f:0 st:209,734,962 at IsoSpriteManager.AddSprite          > duplicate texture floors_overlay_wood_01_29 ignore ID=1574429, use ID=469021
WARN : Sprite       f:0 st:209,734,962 at IsoSpriteManager.AddSprite          > duplicate texture floors_overlay_wood_01_30 ignore ID=1574430, use ID=469022
WARN : Sprite       f:0 st:209,734,962 at IsoSpriteManager.AddSprite          > duplicate texture floors_overlay_wood_01_31 ignore ID=1574431, use ID=469023
WARN : Sprite       f:0 st:209,734,963 at IsoSpriteManager.AddSprite          > duplicate texture floors_overlay_wood_01_32 ignore ID=1574432, use ID=469024
WARN : Sprite       f:0 st:209,734,963 at IsoSpriteManager.AddSprite          > duplicate texture floors_overlay_wood_01_33 ignore ID=1574433, use ID=469025
WARN : Sprite       f:0 st:209,734,963 at IsoSpriteManager.AddSprite          > duplicate texture floors_overlay_wood_01_34 ignore ID=1574434, use ID=469026
WARN : Sprite       f:0 st:209,734,963 at IsoSpriteManager.AddSprite          > duplicate texture floors_overlay_wood_01_35 ignore ID=1574435, use ID=469027
WARN : Sprite       f:0 st:209,734,963 at IsoSpriteManager.AddSprite          > duplicate texture floors_overlay_wood_01_36 ignore ID=1574436, use ID=469028
WARN : Sprite       f:0 st:209,734,964 at IsoSpriteManager.AddSprite          > duplicate texture floors_overlay_wood_01_37 ignore ID=1574437, use ID=469029
WARN : Sprite       f:0 st:209,734,964 at IsoSpriteManager.AddSprite          > duplicate texture floors_overlay_wood_01_38 ignore ID=1574438, use ID=469030
WARN : Sprite       f:0 st:209,734,964 at IsoSpriteManager.AddSprite          > duplicate texture floors_overlay_wood_01_39 ignore ID=1574439, use ID=469031
WARN : Sprite       f:0 st:209,734,964 at IsoSpriteManager.AddSprite          > duplicate texture floors_overlay_wood_01_40 ignore ID=1574440, use ID=469032
WARN : Sprite       f:0 st:209,734,965 at IsoSpriteManager.AddSprite          > duplicate texture floors_overlay_wood_01_41 ignore ID=1574441, use ID=469033
WARN : Sprite       f:0 st:209,734,965 at IsoSpriteManager.AddSprite          > duplicate texture floors_overlay_wood_01_42 ignore ID=1574442, use ID=469034
WARN : Sprite       f:0 st:209,734,965 at IsoSpriteManager.AddSprite          > duplicate texture floors_overlay_wood_01_43 ignore ID=1574443, use ID=469035
WARN : Sprite       f:0 st:209,734,965 at IsoSpriteManager.AddSprite          > duplicate texture floors_overlay_wood_01_44 ignore ID=1574444, use ID=469036
WARN : Sprite       f:0 st:209,734,965 at IsoSpriteManager.AddSprite          > duplicate texture floors_overlay_wood_01_45 ignore ID=1574445, use ID=469037
WARN : Sprite       f:0 st:209,734,966 at IsoSpriteManager.AddSprite          > duplicate texture floors_overlay_wood_01_46 ignore ID=1574446, use ID=469038
WARN : Sprite       f:0 st:209,734,966 at IsoSpriteManager.AddSprite          > duplicate texture floors_overlay_wood_01_47 ignore ID=1574447, use ID=469039
WARN : Sprite       f:0 st:209,734,966 at IsoSpriteManager.AddSprite          > duplicate texture floors_overlay_wood_01_48 ignore ID=1574448, use ID=469040
WARN : Sprite       f:0 st:209,734,967 at IsoSpriteManager.AddSprite          > duplicate texture floors_overlay_wood_01_49 ignore ID=1574449, use ID=469041
WARN : Sprite       f:0 st:209,734,967 at IsoSpriteManager.AddSprite          > duplicate texture floors_overlay_wood_01_50 ignore ID=1574450, use ID=469042
WARN : Sprite       f:0 st:209,734,968 at IsoSpriteManager.AddSprite          > duplicate texture floors_overlay_wood_01_51 ignore ID=1574451, use ID=469043
WARN : Sprite       f:0 st:209,734,968 at IsoSpriteManager.AddSprite          > duplicate texture floors_overlay_wood_01_52 ignore ID=1574452, use ID=469044
WARN : Sprite       f:0 st:209,734,968 at IsoSpriteManager.AddSprite          > duplicate texture floors_overlay_wood_01_53 ignore ID=1574453, use ID=469045
WARN : Sprite       f:0 st:209,734,968 at IsoSpriteManager.AddSprite          > duplicate texture floors_overlay_wood_01_54 ignore ID=1574454, use ID=469046
WARN : Sprite       f:0 st:209,734,969 at IsoSpriteManager.AddSprite          > duplicate texture floors_overlay_wood_01_55 ignore ID=1574455, use ID=469047
WARN : Sprite       f:0 st:209,734,969 at IsoSpriteManager.AddSprite          > duplicate texture floors_overlay_wood_01_56 ignore ID=1574456, use ID=469048
WARN : Sprite       f:0 st:209,734,969 at IsoSpriteManager.AddSprite          > duplicate texture floors_overlay_wood_01_57 ignore ID=1574457, use ID=469049
WARN : Sprite       f:0 st:209,734,969 at IsoSpriteManager.AddSprite          > duplicate texture floors_overlay_wood_01_58 ignore ID=1574458, use ID=469050
WARN : Sprite       f:0 st:209,734,970 at IsoSpriteManager.AddSprite          > duplicate texture floors_overlay_wood_01_59 ignore ID=1574459, use ID=469051
WARN : Sprite       f:0 st:209,734,970 at IsoSpriteManager.AddSprite          > duplicate texture floors_overlay_wood_01_60 ignore ID=1574460, use ID=469052
WARN : Sprite       f:0 st:209,734,970 at IsoSpriteManager.AddSprite          > duplicate texture floors_overlay_wood_01_61 ignore ID=1574461, use ID=469053
WARN : Sprite       f:0 st:209,734,970 at IsoSpriteManager.AddSprite          > duplicate texture floors_overlay_wood_01_62 ignore ID=1574462, use ID=469054
WARN : Sprite       f:0 st:209,734,970 at IsoSpriteManager.AddSprite          > duplicate texture floors_overlay_wood_01_63 ignore ID=1574463, use ID=469055
WARN : Sprite       f:0 st:209,734,971 at IsoSpriteManager.AddSprite          > duplicate texture floors_overlay_wood_01_64 ignore ID=1574464, use ID=469056
WARN : Sprite       f:0 st:209,734,971 at IsoSpriteManager.AddSprite          > duplicate texture floors_overlay_wood_01_65 ignore ID=1574465, use ID=469057
WARN : Sprite       f:0 st:209,734,971 at IsoSpriteManager.AddSprite          > duplicate texture floors_overlay_wood_01_66 ignore ID=1574466, use ID=469058
WARN : Sprite       f:0 st:209,734,971 at IsoSpriteManager.AddSprite          > duplicate texture floors_overlay_wood_01_67 ignore ID=1574467, use ID=469059
WARN : Sprite       f:0 st:209,734,971 at IsoSpriteManager.AddSprite          > duplicate texture floors_overlay_wood_01_68 ignore ID=1574468, use ID=469060
WARN : Sprite       f:0 st:209,734,972 at IsoSpriteManager.AddSprite          > duplicate texture floors_overlay_wood_01_69 ignore ID=1574469, use ID=469061
WARN : Sprite       f:0 st:209,734,972 at IsoSpriteManager.AddSprite          > duplicate texture floors_overlay_wood_01_70 ignore ID=1574470, use ID=469062
WARN : Sprite       f:0 st:209,734,972 at IsoSpriteManager.AddSprite          > duplicate texture floors_overlay_wood_01_71 ignore ID=1574471, use ID=469063
LOG  : General      f:0 st:209,735,036> LoadTileDefinitions end
LOG  : General      f:0 st:209,735,048> triggerEvent OnLoadedTileDefinitions
LOG  : General      f:0 st:209,735,145> loadAnimalDefinitions start
LOG  : General      f:0 st:209,735,154> loadAnimalDefinitions end
LOG  : General      f:0 st:209,735,216> GameTime.init() and load() start
LOG  : General      f:0 st:209,735,218> GameTime.init() and load() end
LOG  : General      f:0 st:209,735,218> ZomboidRadio.Init() start
LOG  : General      f:0 st:209,735,246> :: Searching for radio data files:
LOG  : General      f:0 st:209,735,311>  Found file: E:\SteamLibrary\steamapps\common\ProjectZomboid\media\radio\RadioData.xml
LOG  : General      f:0 st:209,735,311> :: Searching for translation files:
LOG  : Lua          f:0 st:209,735,350> scriptmanager = zombie.radio.scripting.RadioScriptManager@5b9ee280, isNewGame = false
LOG  : Lua          f:0 st:209,735,350> name = Automated Emergency Broadcast System, freq = 107800, cat = Emergency, uuid = EMRG-711984
LOG  : General      f:0 st:209,735,353> Radio Loading channels...
LOG  : General      f:0 st:209,735,353> ZomboidRadio.Init() end
LOG  : General      f:0 st:209,735,353> GlobalModData.init() start
LOG  : General      f:0 st:209,735,354> GlobalModData.init() end
LOG  : General      f:0 st:209,735,354> InstanceTracker.load() start
LOG  : General      f:0 st:209,735,358> InstanceTracker.load() end
LOG  : General      f:0 st:209,735,358> ErosionGlobals.Boot() start
LOG  : General      f:0 st:209,735,382> ErosionGlobals.Boot() end
LOG  : General      f:0 st:209,735,382> WorldDictionary.init() start
LOG  : General      f:0 st:209,735,383> WorldDictionary: Checking dictionary...
LOG  : General      f:0 st:209,735,390> Loading WorldDictionary:E:\pzmod\test-profile\mp-server\Saves\Multiplayer\servertest\WorldDictionary.bin
LOG  : General      f:0 st:209,735,491> WorldDictionary.init() end
LOG  : General      f:0 st:209,735,493> GameEntityManager.Init() start
LOG  : General      f:0 st:209,735,507> GameEntityManager.Init() end
LOG  : General      f:0 st:209,735,507> PersistentOutfits.init() start
LOG  : General      f:0 st:209,735,516> PersistentOutfits.init() end
LOG  : General      f:0 st:209,735,568> IsoMetaGrid.Create: finished loading in 1.87 seconds
LOG  : General      f:0 st:209,737,241> loading 9512 zones from map_zone.bin
LOG  : General      f:0 st:209,737,427> loading 121 zones from map_animals.bin
LOG  : General      f:0 st:209,737,456> Max #ZONES on one chunk is 27
LOG  : General      f:0 st:209,737,456> triggerEvent OnLoadedMapZones
LOG  : General      f:0 st:209,737,698> ItemConfigurator.Preprocess() start
LOG  : General      f:0 st:209,737,729> ItemConfigurator.Preprocess() end
LOG  : General      f:0 st:209,737,733> MapCollisionData.init() start
LOG  : General      f:0 st:209,738,259> MapCollisionData.init() end
LOG  : General      f:0 st:209,738,259> AnimalPopulationManager.init() start
LOG  : General      f:0 st:209,738,272> AnimalPopulationManager.init() end
LOG  : General      f:0 st:209,738,272> ZombiePopulationManager.init() start
LOG  : General      f:0 st:209,738,301> ZombiePopulationManager.init() end
LOG  : General      f:0 st:209,738,301> Pathfind init() start
LOG  : General      f:0 st:209,738,309> Pathfind init() end
LOG  : General      f:0 st:209,738,310> WorldStreamer.create() start
LOG  : General      f:0 st:209,738,311> WorldStreamer.create() end
LOG  : General      f:0 st:209,738,312> CellLoader.LoadCellBinaryChunk start
LOG  : General      f:0 st:209,738,313> CellLoader.LoadCellBinaryChunk start
LOG  : General      f:0 st:209,738,314> WorldStreamer.isBusy() loop start
LOG  : General      f:0 st:209,738,314> WorldStreamer.isBusy() loop end
LOG  : General      f:0 st:209,738,323> MetaTracker.load() start
LOG  : General      f:0 st:209,738,324> MetaTracker.load() end
LOG  : Network      f:0 st:209,738,357> Initialising RakNet...
LOG  : Network      f:0 st:209,738,373> *** SERVER STARTED ****
LOG  : Network      f:0 st:209,738,373> *** Steam is not enabled
LOG  : Lua          f:0 st:209,738,374> LuaNet: Initializing...
LOG  : Lua          f:0 st:209,738,375> LuaNet: Registering server listener...
LOG  : Lua          f:0 st:209,738,375> LuaNet: Initialization [DONE], triggering events for 'LuaNet.onInitAdd'.
LOG  : General      f:1 st:209,740,125> Missing texture: media/textures/weather/fogwhite.png
WARN : Packet       f:242 st:209,764,223 at PacketsCache.<init>                 > No packet handler for type: Drink, EatBody, SandboxOptions, ReceiveCommand, Ping, SpawnRegion, WorldMapPlayerPosition, WorldMap, AddAmbient, ZombieSound, PlaySoundEveryPlayer, StartRain, StopRain, ClimateManagerPacket, IsoRegionServerPacket, IsoRegionClientRequestFullUpdate, SyncIsoObject, ClientCommand, BloodSplatter, ZombieDescriptors, UpdateItemSprite, SyncCompost, SyncPerks, SyncEquippedRadioFreq, AddAlarm, ChangeTextColor, ChunkObjectStateResponse, StartFishSplash, FishingData, ToxicBuilding, InvMngReqItem, InvMngGetItem, InvMngRemoveItem, InvMngUpdateItem, ChangePlayerStats, ConstructedZone, ViewBannedIPs, ViewBannedSteamIDs, InitPlayerChat, PlayerJoinChat, PlayerLeaveChat, ChatMessageFromPlayer, ChatMessageToPlayer, PlayerStartPMChat, AddChatTab, RemoveChatTab, PlayerConnectedToChat, PlayerNotFound, PlayerListensChannel, RadioServerData, RadioDeviceDataState, RadioPostSilenceEvent, SyncRadioData, SendItemListNet
LOG  : Network      f:242 st:209,764,235> Connected new client 522417766519176117 ID # 0
WARN : Packet       f:299 st:209,769,969 at PacketsCache.<init>                 > No packet handler for type: Drink, EatBody, SandboxOptions, ReceiveCommand, Ping, SpawnRegion, WorldMapPlayerPosition, WorldMap, AddAmbient, ZombieSound, PlaySoundEveryPlayer, StartRain, StopRain, ClimateManagerPacket, IsoRegionServerPacket, IsoRegionClientRequestFullUpdate, SyncIsoObject, ClientCommand, BloodSplatter, ZombieDescriptors, UpdateItemSprite, SyncCompost, SyncPerks, SyncEquippedRadioFreq, AddAlarm, ChangeTextColor, ChunkObjectStateResponse, StartFishSplash, FishingData, ToxicBuilding, InvMngReqItem, InvMngGetItem, InvMngRemoveItem, InvMngUpdateItem, ChangePlayerStats, ConstructedZone, ViewBannedIPs, ViewBannedSteamIDs, InitPlayerChat, PlayerJoinChat, PlayerLeaveChat, ChatMessageFromPlayer, ChatMessageToPlayer, PlayerStartPMChat, AddChatTab, RemoveChatTab, PlayerConnectedToChat, PlayerNotFound, PlayerListensChannel, RadioServerData, RadioDeviceDataState, RadioPostSilenceEvent, SyncRadioData, SendItemListNet
LOG  : Network      f:299 st:209,769,979> Connected new client 1112389317710452655 ID # 4
LOG  : General      f:583 st:209,798,412> SaveAll took 30.2541 ms
LOG  : General      f:583 st:209,798,414> Saving players
LOG  : General      f:583 st:209,798,471> Saving worldgen params
LOG  : General      f:583 st:209,798,481> Saving GlobalModData
LOG  : General      f:583 st:209,798,484> Saving finish
LOG  : General      f:583 st:209,798,484> Saving took 101.8676 ms
WARN : ActionSystem f:615 st:209,801,631 at ActionState.parse                   > Canceled loading wrong transition from milkanimal to milkanimal in file to_milkanimal.xml
WARN : ActionSystem f:615 st:209,801,644 at ActionState.parse                   > Canceled loading wrong transition from petanimal to petanimal in file to_petanimal.xml
WARN : ActionSystem f:615 st:209,801,657 at ActionState.parse                   > Canceled loading wrong transition from shearanimal to shearanimal in file to_shearanimal.xml
LOG  : Lua          f:649 st:209,804,914> NLQA PRODUCTION AUTHORITY COMMAND: refresh username=nl-host
LOG  : Lua          f:649 st:209,804,917> NLQA PRODUCTION AUTHORITY SNAPSHOT: username=nl-host revision=6
LOG  : Lua          f:649 st:209,804,918> NLQA MP SERVER COMMAND: refresh username=nl-host
LOG  : Lua          f:649 st:209,804,918> NLQA MP SERVER PLAYER: dead=false authorityKey=nl-host argsType=nil
LOG  : Lua          f:649 st:209,804,918> NLQA MP SERVER GAME-SERVER API: api=nil apiOk=true playersOk=false players=nil
LOG  : Lua          f:661 st:209,806,080> NLQA NPC PRODUCTION RESTORE id=marisol x=8280.42 y=11708.98 revision=358
LOG  : Lua          f:661 st:209,806,090> NLQA NPC PRODUCTION SPAWN id=marisol x=8280.42 y=11708.98 z=0
LOG  : Lua          f:661 st:209,806,090> NLQA NPC PRODUCTION RESTORE id=kenji x=8283.48 y=11718.52 revision=356
LOG  : Lua          f:661 st:209,806,092> NLQA NPC PRODUCTION SPAWN id=kenji x=8283.48 y=11718.52 z=0
LOG  : Lua          f:661 st:209,806,092> NLQA NPC PRODUCTION RESTORE id=amara x=8284.48 y=11717.52 revision=356
LOG  : Lua          f:661 st:209,806,094> NLQA NPC PRODUCTION SPAWN id=amara x=8284.48 y=11717.52 z=0
LOG  : General      f:661 st:209,806,094> Disconnected player in CurrentCell.getObjectList() removed
LOG  : General      f:661 st:209,806,094> Disconnected player in CurrentCell.getObjectList() removed
LOG  : General      f:661 st:209,806,094> Disconnected player in CurrentCell.getObjectList() removed
LOG  : Lua          f:662 st:209,806,182> NLQA NPC PRODUCTION PATH id=marisol from=8280.42,11708.98 to=6817.00,5259.00 waypoint=1
LOG  : Lua          f:662 st:209,806,186> NLQA NPC PRODUCTION PATH id=kenji from=8283.48,11718.52 to=8281.00,11720.00 waypoint=2
LOG  : Lua          f:662 st:209,806,188> NLQA NPC PRODUCTION PATH id=amara from=8284.48,11717.52 to=8282.00,11719.00 waypoint=2
LOG  : Lua          f:679 st:209,807,907> NLQA PRODUCTION AUTHORITY COMMAND: presence username=nl-host
WARN : Animation    f:702 st:209,810,181 at AnimationSet.GetState               > AnimState not found: turning180
LOG  : Lua          f:710 st:209,811,042> NLQA PRODUCTION AUTHORITY COMMAND: refresh username=nl-guest
LOG  : Lua          f:710 st:209,811,044> NLQA PRODUCTION AUTHORITY SNAPSHOT: username=nl-guest revision=3
LOG  : Lua          f:710 st:209,811,044> NLQA MP SERVER COMMAND: refresh username=nl-guest
LOG  : Lua          f:710 st:209,811,045> NLQA MP SERVER PLAYER: dead=false authorityKey=nl-guest argsType=nil
LOG  : Lua          f:710 st:209,811,045> NLQA MP SERVER GAME-SERVER API: api=nil apiOk=true playersOk=false players=nil
LOG  : Lua          f:729 st:209,812,949> NLQA PRODUCTION AUTHORITY COMMAND: presence username=nl-host
LOG  : Lua          f:740 st:209,814,041> NLQA PRODUCTION AUTHORITY COMMAND: presence username=nl-guest
LOG  : Lua          f:779 st:209,817,940> NLQA PRODUCTION AUTHORITY COMMAND: presence username=nl-host
LOG  : Lua          f:779 st:209,817,942> NLQA SOCIAL COMMAND: refresh username=nl-host id=nil action=nil
LOG  : Lua          f:780 st:209,817,981> NLQA HOUSEHOLD RESET: career fixture cleared persisted household and claims
LOG  : Lua          f:780 st:209,817,983> NLQA CAREER WORLD SEED: username=nl-host item=Base.RippedSheets amount=8 square=8283,11720,1
LOG  : Lua          f:790 st:209,819,044> NLQA PRODUCTION AUTHORITY COMMAND: presence username=nl-guest
LOG  : Lua          f:806 st:209,820,621> NLQA PRODUCTION AUTHORITY COMMAND: select username=nl-host
LOG  : Lua          f:806 st:209,820,623> NLQA PRODUCTION AUTHORITY SNAPSHOT: username=nl-host revision=6
LOG  : Lua          f:811 st:209,821,143> NLQA PRODUCTION AUTHORITY COMMAND: deliver username=nl-host
LOG  : Lua          f:811 st:209,821,145> NLQA PRODUCTION AUTHORITY SNAPSHOT: username=nl-host revision=8
LOG  : Lua          f:812 st:209,821,186> NLQA HOUSEHOLD RESULT: username=nl-host command=create message=Neighborhood Home created
LOG  : Lua          f:817 st:209,821,716> NLQA HOUSEHOLD RESULT: username=nl-host command=invite message=Invitation sent to nl-guest
LOG  : Lua          f:817 st:209,821,760> NLQA HOUSEHOLD RESULT: username=nl-guest command=accept message=Joined the household
LOG  : Lua          f:827 st:209,822,780> NLQA HOUSEHOLD RESULT: username=nl-host command=task message=Tidy shared home complete: +5 credits
LOG  : Lua          f:829 st:209,822,938> NLQA PRODUCTION AUTHORITY COMMAND: presence username=nl-host
LOG  : Lua          f:840 st:209,824,041> NLQA PRODUCTION AUTHORITY COMMAND: presence username=nl-guest
LOG  : Lua          f:840 st:209,824,043> NLQA SOCIAL COMMAND: refresh username=nl-guest id=nil action=nil
LOG  : Lua          f:879 st:209,827,948> NLQA PRODUCTION AUTHORITY COMMAND: presence username=nl-host
LOG  : Lua          f:890 st:209,829,039> NLQA PRODUCTION AUTHORITY COMMAND: presence username=nl-guest
LOG  : Lua          f:929 st:209,832,940> NLQA PRODUCTION AUTHORITY COMMAND: presence username=nl-host
LOG  : Lua          f:940 st:209,834,041> NLQA PRODUCTION AUTHORITY COMMAND: presence username=nl-guest
