LOG  : General      f:0 st:187,535,085> Logs configuration:
LOG  : General      f:0 st:187,535,088>      General: General
LOG  : General      f:0 st:187,535,089>      Network: General
LOG  : General      f:0 st:187,535,089>          Lua: General
LOG  : General      f:0 st:187,535,090>          Mod: General
LOG  : General      f:0 st:187,535,090>  Multiplayer: General
LOG  : General      f:0 st:187,535,091>       Packet: Warning
LOG  : General      f:0 st:187,535,092> NetworkFileDebug: Warning
LOG  : General      f:0 st:187,535,092>         ZNet: Warning
LOG  : General      f:0 st:187,535,093> DetailedInfo: Warning
LOG  : General      f:0 st:187,535,093>    LuaObject: Warning
LOG  : General      f:0 st:187,535,094>   GameOption: Warning
LOG  : General      f:0 st:187,535,094>        Sound: Warning
LOG  : General      f:0 st:187,535,095>       Zombie: Warning
LOG  : General      f:0 st:187,535,095>       Combat: Warning
LOG  : General      f:0 st:187,535,096>      Objects: Warning
LOG  : General      f:0 st:187,535,096>    Fireplace: Warning
LOG  : General      f:0 st:187,535,096>        Radio: Warning
LOG  : General      f:0 st:187,535,097>   MapLoading: Warning
LOG  : General      f:0 st:187,535,097>     Clothing: Warning
LOG  : General      f:0 st:187,535,097>    Animation: Warning
LOG  : General      f:0 st:187,535,097> AnimationDetailed: Warning
LOG  : General      f:0 st:187,535,098> AnimationLayers: Warning
LOG  : General      f:0 st:187,535,098>        Asset: Warning
LOG  : General      f:0 st:187,535,099>       Script: Warning
LOG  : General      f:0 st:187,535,099>       Shader: Warning
LOG  : General      f:0 st:187,535,099>       Sprite: Warning
LOG  : General      f:0 st:187,535,100>        Input: Warning
LOG  : General      f:0 st:187,535,100>       Recipe: Warning
LOG  : General      f:0 st:187,535,101> ActionSystem: Warning
LOG  : General      f:0 st:187,535,101> ActionSystemEvents: Warning
LOG  : General      f:0 st:187,535,102>    IsoRegion: Warning
LOG  : General      f:0 st:187,535,102>       FileIO: Warning
LOG  : General      f:0 st:187,535,102>       Damage: Warning
LOG  : General      f:0 st:187,535,103>        Death: Warning
LOG  : General      f:0 st:187,535,103>      Discord: Warning
LOG  : General      f:0 st:187,535,103>    Statistic: Warning
LOG  : General      f:0 st:187,535,104>      Vehicle: Warning
LOG  : General      f:0 st:187,535,104>   VehicleHit: Warning
LOG  : General      f:0 st:187,535,104>        Voice: Warning
LOG  : General      f:0 st:187,535,105>     Checksum: Warning
LOG  : General      f:0 st:187,535,105>       Animal: Warning
LOG  : General      f:0 st:187,535,106>   ItemPicker: Warning
LOG  : General      f:0 st:187,535,106>   CraftLogic: Warning
LOG  : General      f:0 st:187,535,106>       Action: Warning
LOG  : General      f:0 st:187,535,107>       Entity: Warning
LOG  : General      f:0 st:187,535,107>    Lightning: Warning
LOG  : General      f:0 st:187,535,107>      Grapple: Warning
LOG  : General      f:0 st:187,535,108>    ExitDebug: Warning
LOG  : General      f:0 st:187,535,108>   BodyDamage: Warning
LOG  : General      f:0 st:187,535,108>          Xml: Warning
LOG  : General      f:0 st:187,535,108>      Physics: Warning
LOG  : General      f:0 st:187,535,109>   Ballistics: Warning
LOG  : General      f:0 st:187,535,109>      Ragdoll: Warning
LOG  : General      f:0 st:187,535,109>     PZBullet: Warning
LOG  : General      f:0 st:187,535,110> ModelManager: Warning
LOG  : General      f:0 st:187,535,110> LoadAnimation: Warning
LOG  : General      f:0 st:187,535,110>         Zone: Warning
LOG  : General      f:0 st:187,535,110>     WorldGen: Warning
LOG  : General      f:0 st:187,535,111>     Foraging: Warning
LOG  : General      f:0 st:187,535,111>       Saving: Warning
LOG  : General      f:0 st:187,535,112>        Fluid: Warning
LOG  : General      f:0 st:187,535,112>       Energy: Warning
LOG  : General      f:0 st:187,535,112>  Translation: Warning
LOG  : General      f:0 st:187,535,113>     Moveable: Warning
LOG  : General      f:0 st:187,535,113>     Basement: Warning
LOG  : General      f:0 st:187,535,113>   FallDamage: Warning
LOG  : General      f:0 st:187,535,114>        ImGui: Warning
LOG  : General      f:0 st:187,535,114> CharacterTrait: Warning
LOG  : General      f:0 st:187,535,114>         ISUI: Warning
LOG  : General      f:0 st:187,535,114> ISUIStackTrace: Warning
LOG  : General      f:0 st:187,535,115> FaceLocationFix: Warning
LOG  : General      f:0 st:187,535,115>      Context: Warning
LOG  : General      f:0 st:187,535,115> AnimationRecorder: Warning
LOG  : General      f:0 st:187,535,116>      Default: Warning
LOG  : General      f:0 st:187,535,116> version=42.20.4 b0bbce05d5 demo=false
LOG  : General      f:0 st:187,535,116> revision=b0bbce05d5
LOG  : General      f:0 st:187,535,121> unknown option "-debug"
LOG  : General      f:0 st:187,535,122> checking server WorldVersion in map_t.bin
LOG  : General      f:0 st:187,535,123> Loading networking libraries...
LOG  : General      f:0 st:187,535,124> Loading RakNet64...
LOG  : General      f:0 st:187,535,125> Loading ZNetNoSteam64...
LOG  : General      f:0 st:187,535,142> SteamUtils started without Steam
LOG  : General      f:0 st:187,537,194> LightingFPS set to 15
LOG  : General      f:0 st:187,537,559> compressionElapsed=127ms, mergingElapsed=209ms
LOG  : General      f:0 st:187,537,570> Backup made in 348 ms
LOG  : General      f:0 st:187,537,964> admin password changed via -adminpassword option
LOG  : Network      f:0 st:187,537,968> Initialising Server Systems...
LOG  : Mod          f:0 st:187,538,345> refusing to list examplemod
LOG  : Mod          f:0 st:187,538,364> loading NeighborhoodLifeHUD
LOG  : Mod          f:0 st:187,538,365> loading NeighborhoodQA
LOG  : General      f:0 st:187,540,300> scriptChecksum: 96412105bed4585e5d2a315edcd208c3
WARN : Script       f:0 st:187,541,073 at VehicleScript.Loaded                > vehicle "RaceCar58" extents != physicsChassisShape
WARN : Script       f:0 st:187,541,095 at VehicleScript.Loaded                > vehicle "AmbulanceBurnt" extents != physicsChassisShape
WARN : Script       f:0 st:187,541,101 at VehicleScript.Loaded                > vehicle "PickUpVanLightsBurnt" extents != physicsChassisShape
WARN : Script       f:0 st:187,541,108 at VehicleScript.Loaded                > vehicle "Trailer_Horsebox" extents != physicsChassisShape
WARN : Script       f:0 st:187,541,133 at VehicleScript.Loaded                > vehicle "ModernCar02Burnt" extents != physicsChassisShape
WARN : Script       f:0 st:187,541,137 at VehicleScript.Loaded                > vehicle "RaceCarBurnt" extents != physicsChassisShape
WARN : Script       f:0 st:187,541,139 at VehicleScript.Loaded                > vehicle "Trailer_Livestock" extents != physicsChassisShape
WARN : Script       f:0 st:187,541,141 at VehicleScript.Loaded                > vehicle "RaceCar34" extents != physicsChassisShape
WARN : Script       f:0 st:187,541,153 at VehicleScript.Loaded                > vehicle "RaceCar12" extents != physicsChassisShape
WARN : General      f:0 st:187,541,213 at XuiSkin$EntityUiStyle.Load          > Could not find icon: Item_Dice, script = Entity_DisplayName_Default
WARN : General      f:0 st:187,541,214 at XuiSkin$EntityUiStyle.LoadComponentInfo> Could not find icon: Item_Dice
WARN : General      f:0 st:187,541,214 at XuiSkin$EntityUiStyle.LoadComponentInfo> Could not find icon: Item_Dice
WARN : General      f:0 st:187,541,214 at XuiSkin$EntityUiStyle.LoadComponentInfo> Could not find icon: Item_Dice
WARN : General      f:0 st:187,541,215 at XuiSkin$EntityUiStyle.LoadComponentInfo> Could not find icon: Item_Dice
WARN : General      f:0 st:187,541,216 at XuiSkin$EntityUiStyle.Load          > Could not find icon: Build_FloorDirt, script = Dirt Floor
WARN : General      f:0 st:187,541,216 at XuiSkin$EntityUiStyle.Load          > Could not find icon: Build_DoorframeStone, script = Stone Doorframe
WARN : General      f:0 st:187,541,217 at XuiSkin$EntityUiStyle.Load          > Could not find icon: Build_PotteryBench, script = Pottery Bench
WARN : General      f:0 st:187,541,217 at XuiSkin$EntityUiStyle.LoadComponentInfo> Could not find icon: Build_PotteryBench
WARN : General      f:0 st:187,541,217 at XuiSkin$EntityUiStyle.Load          > Could not find icon: Build_Cairn, script = Stone Cairn
WARN : General      f:0 st:187,541,218 at XuiSkin$EntityUiStyle.Load          > Could not find icon: Build_WallWood, script = Wooden Wall (Advanced)
WARN : General      f:0 st:187,541,218 at XuiSkin$EntityUiStyle.Load          > Could not find icon: Build_WallWood, script = Wooden Wall (Basic)
WARN : General      f:0 st:187,541,218 at XuiSkin$EntityUiStyle.Load          > Could not find icon: Build_LeanToShelterSticks, script = Lean-to Shelter
WARN : General      f:0 st:187,541,219 at XuiSkin$EntityUiStyle.Load          > Could not find icon: Build_PotteryWheel, script = Pottery Wheel
WARN : General      f:0 st:187,541,219 at XuiSkin$EntityUiStyle.LoadComponentInfo> Could not find icon: Build_PotteryWheel
WARN : General      f:0 st:187,541,220 at XuiSkin$EntityUiStyle.Load          > Could not find icon: Build_CabinetStone, script = Stone Cabinet
WARN : General      f:0 st:187,541,220 at XuiSkin$EntityUiStyle.Load          > Could not find icon: Build_WallWood, script = Wooden Wall (Craftsman)
WARN : General      f:0 st:187,541,220 at XuiSkin$EntityUiStyle.Load          > Could not find icon: Build_WoodSign_Left, script = Paint Sign - Left Arrow
WARN : General      f:0 st:187,541,221 at XuiSkin$EntityUiStyle.Load          > Could not find icon: Build_PrimitiveFurnace, script = Primitive Furnace
WARN : General      f:0 st:187,541,221 at XuiSkin$EntityUiStyle.Load          > Could not find icon: Build_DoorframeWood, script = Wooden Doorframe (Craftsman)
WARN : General      f:0 st:187,541,221 at XuiSkin$EntityUiStyle.Load          > Could not find icon: Build_DoorframeWood, script = Wooden Doorframe (Advanced)
WARN : General      f:0 st:187,541,222 at XuiSkin$EntityUiStyle.Load          > Could not find icon: Build_DoorframeWood, script = Wooden Doorframe (Basic)
WARN : General      f:0 st:187,541,222 at XuiSkin$EntityUiStyle.Load          > Could not find icon: Build_WindowframeLogs, script = Log Window Frame
WARN : General      f:0 st:187,541,223 at XuiSkin$EntityUiStyle.Load          > Could not find icon: Build_FloorGravel, script = Gravel Floor
WARN : General      f:0 st:187,541,223 at XuiSkin$EntityUiStyle.Load          > Could not find icon: Item_WaterBottle, script = Bottling Machine
WARN : General      f:0 st:187,541,224 at XuiSkin$EntityUiStyle.Load          > Could not find icon: Build_WallBrick, script = Brick Wall (Basic)
WARN : General      f:0 st:187,541,224 at XuiSkin$EntityUiStyle.Load          > Could not find icon: Build_WallBrick, script = Brick Wall (Craftsman)
WARN : General      f:0 st:187,541,224 at XuiSkin$EntityUiStyle.Load          > Could not find icon: Build_DryingFrameLarge, script = Large Leather Drying Rack
WARN : General      f:0 st:187,541,225 at XuiSkin$EntityUiStyle.Load          > Could not find icon: Build_RippleComb, script = Ripple Comb
WARN : General      f:0 st:187,541,225 at XuiSkin$EntityUiStyle.Load          > Could not find icon: Build_Wall_Paint, script = Paint Wall / Item
WARN : General      f:0 st:187,541,225 at XuiSkin$EntityUiStyle.Load          > Could not find icon: Build_FenceWood, script = Wooden Fence (Craftsman)
WARN : General      f:0 st:187,541,225 at XuiSkin$EntityUiStyle.Load          > Could not find icon: Build_FenceWood, script = Wooden Fence (Advanced)
WARN : General      f:0 st:187,541,226 at XuiSkin$EntityUiStyle.Load          > Could not find icon: Build_LogTable, script = Log Table
WARN : General      f:0 st:187,541,226 at XuiSkin$EntityUiStyle.Load          > Could not find icon: Build_FenceWood, script = Wooden Fence (Basic)
WARN : General      f:0 st:187,541,226 at XuiSkin$EntityUiStyle.Load          > Could not find icon: Build_ForgeAdvanced, script = Advanced Forge
WARN : General      f:0 st:187,541,226 at XuiSkin$EntityUiStyle.Load          > Could not find icon: Build_GunLocker, script = Small Metal Locker (Craftsman)
WARN : General      f:0 st:187,541,227 at XuiSkin$EntityUiStyle.Load          > Could not find icon: Build_GunLocker, script = Small Metal Locker (Basic)
WARN : General      f:0 st:187,541,227 at XuiSkin$EntityUiStyle.Load          > Could not find icon: Build_RainCollectorCrate, script = Rain Collector Crate (Tarp)
WARN : General      f:0 st:187,541,227 at XuiSkin$EntityUiStyle.Load          > Could not find icon: Build_ButterChurn, script = Butter Churn
WARN : General      f:0 st:187,541,227 at XuiSkin$EntityUiStyle.Load          > Could not find icon: Build_Stake_SkullCow, script = Cow Skull Pole
WARN : General      f:0 st:187,541,228 at XuiSkin$EntityUiStyle.Load          > Could not find icon: Build_FloorTileMetal, script = Metal Floor
WARN : General      f:0 st:187,541,228 at XuiSkin$EntityUiStyle.Load          > Could not find icon: Build_Handpress, script = Hand-Operated Press
WARN : General      f:0 st:187,541,228 at XuiSkin$EntityUiStyle.LoadComponentInfo> Could not find icon: Build_Handpress
WARN : General      f:0 st:187,541,229 at XuiSkin$EntityUiStyle.Load          > Could not find icon: Build_MetalCounterCorner, script = Metal Counter Corner (Craftsman)
WARN : General      f:0 st:187,541,229 at XuiSkin$EntityUiStyle.Load          > Could not find icon: Build_MetalCounterCorner, script = Metal Counter Corner (Basic)
WARN : General      f:0 st:187,541,229 at XuiSkin$EntityUiStyle.Load          > Could not find icon: Build_WoodCounterCorner, script = Wooden Counter Corner (Basic)
WARN : General      f:0 st:187,541,230 at XuiSkin$EntityUiStyle.Load          > Could not find icon: Build_HeckleComb, script = Heckle Comb
WARN : General      f:0 st:187,541,230 at XuiSkin$EntityUiStyle.Load          > Could not find icon: Build_Stake_SkullPig, script = Pig Skull Pole
WARN : General      f:0 st:187,541,230 at XuiSkin$EntityUiStyle.Load          > Could not find icon: Build_ScutchingBoard, script = Scutching Board
WARN : General      f:0 st:187,541,231 at XuiSkin$EntityUiStyle.Load          > Could not find icon: Build_FenceMetalPosts, script = Metal Pole Fence Gate
WARN : General      f:0 st:187,541,231 at XuiSkin$EntityUiStyle.Load          > Could not find icon: Build_DoublePoleGate, script = Double Tall Metal Pole Gate
WARN : General      f:0 st:187,541,231 at XuiSkin$EntityUiStyle.Load          > Could not find icon: Build_WoodCounter, script = Wooden Counter (Advanced)
WARN : General      f:0 st:187,541,231 at XuiSkin$EntityUiStyle.Load          > Could not find icon: Build_WoodCounterCorner, script = Wooden Counter Corner (Craftsman)
WARN : General      f:0 st:187,541,232 at XuiSkin$EntityUiStyle.Load          > Could not find icon: Build_WoodCounter, script = Wooden Counter (Basic)
WARN : General      f:0 st:187,541,232 at XuiSkin$EntityUiStyle.Load          > Could not find icon: Build_WoodCounterCorner, script = Wooden Counter Corner (Advanced)
WARN : General      f:0 st:187,541,232 at XuiSkin$EntityUiStyle.Load          > Could not find icon: Build_WoodCounter, script = Wooden Counter (Craftsman)
WARN : General      f:0 st:187,541,232 at XuiSkin$EntityUiStyle.Load          > Could not find icon: Build_RainCollectorBarrel2, script = Rain Collector Barrel (Garbage Bags)
WARN : General      f:0 st:187,541,233 at XuiSkin$EntityUiStyle.Load          > Could not find icon: Build_WoodSign_Up, script = Paint Sign - Up Arrow
WARN : General      f:0 st:187,541,233 at XuiSkin$EntityUiStyle.Load          > Could not find icon: Build_WoodSign_Right, script = Paint Sign - Right Arrow
WARN : General      f:0 st:187,541,233 at XuiSkin$EntityUiStyle.Load          > Could not find icon: Item_SheetMetal, script = Hydraulic Press
WARN : General      f:0 st:187,541,233 at XuiSkin$EntityUiStyle.Load          > Could not find icon: Build_FenceMetal, script = Metal Fence (Craftsman)
WARN : General      f:0 st:187,541,234 at XuiSkin$EntityUiStyle.Load          > Could not find icon: Build_FenceLogs, script = Log Fence
WARN : General      f:0 st:187,541,234 at XuiSkin$EntityUiStyle.Load          > Could not find icon: Build_FenceMetal, script = Metal Fence (Basic)
WARN : General      f:0 st:187,541,234 at XuiSkin$EntityUiStyle.Load          > Could not find icon: Item_Orange, script = Juice Maker
WARN : General      f:0 st:187,541,234 at XuiSkin$EntityUiStyle.Load          > Could not find icon: Build_Campfire, script = Campfire
WARN : General      f:0 st:187,541,235 at XuiSkin$EntityUiStyle.LoadComponentInfo> Could not find icon: Build_Campfire
WARN : General      f:0 st:187,541,235 at XuiSkin$EntityUiStyle.Load          > Could not find icon: Build_StairsMetal, script = Metal Stairs
WARN : General      f:0 st:187,541,235 at XuiSkin$EntityUiStyle.Load          > Could not find icon: Build_TroughWoodShort, script = Short Wooden Feeding Trough
WARN : General      f:0 st:187,541,236 at XuiSkin$EntityUiStyle.Load          > Could not find icon: Item_Anvil_Forged, script = Advanced Makeshift Electric Blower Forge
WARN : General      f:0 st:187,541,236 at XuiSkin$EntityUiStyle.LoadComponentInfo> Could not find icon: Item_Anvil_Forged
WARN : General      f:0 st:187,541,236 at XuiSkin$EntityUiStyle.Load          > Could not find icon: Build_WallStone, script = Stone Wall
WARN : General      f:0 st:187,541,236 at XuiSkin$EntityUiStyle.Load          > Could not find icon: Build_Stake_SkullDoe, script = Doe Skull Pole
WARN : General      f:0 st:187,541,237 at XuiSkin$EntityUiStyle.Load          > Could not find icon: Build_WindowBlack, script = Wooden Windows
WARN : General      f:0 st:187,541,237 at XuiSkin$EntityUiStyle.Load          > Could not find icon: Item_Clamp_Forged, script = Standing Drill Press
WARN : General      f:0 st:187,541,237 at XuiSkin$EntityUiStyle.LoadComponentInfo> Could not find icon: Item_Clamp_Forged
WARN : General      f:0 st:187,541,237 at XuiSkin$EntityUiStyle.Load          > Could not find icon: Build_KilnSmall, script = Primitive Kiln
WARN : General      f:0 st:187,541,238 at XuiSkin$EntityUiStyle.Load          > Could not find icon: Build_ShelvesMetal, script = Metal Shelves (Basic)
WARN : General      f:0 st:187,541,238 at XuiSkin$EntityUiStyle.Load          > Could not find icon: Build_ShelvesMetal, script = Metal Shelves (Craftsman)
WARN : General      f:0 st:187,541,238 at XuiSkin$EntityUiStyle.Load          > Could not find icon: Build_DomeKiln, script = Dome Kiln
WARN : General      f:0 st:187,541,238 at XuiSkin$EntityUiStyle.Load          > Could not find icon: Build_Loom, script = Loom
WARN : General      f:0 st:187,541,239 at XuiSkin$EntityUiStyle.Load          > Could not find icon: Build_BarricadeWindow_Sheet, script = Metal Sheet Barricade
WARN : General      f:0 st:187,541,239 at XuiSkin$EntityUiStyle.Load          > Could not find icon: Build_DoubleWoodGate, script = Double Tall Wooden Gate
WARN : General      f:0 st:187,541,239 at XuiSkin$EntityUiStyle.Load          > Could not find icon: Build_StoneMill, script = Stone Mill
WARN : General      f:0 st:187,541,239 at XuiSkin$EntityUiStyle.LoadComponentInfo> Could not find icon: Build_StoneMill
WARN : General      f:0 st:187,541,240 at XuiSkin$EntityUiStyle.Load          > Could not find icon: Build_WallMetal, script = Metal Wall (Craftsman)
WARN : General      f:0 st:187,541,240 at XuiSkin$EntityUiStyle.Load          > Could not find icon: Item_ClayMold_Shingle, script = Well
WARN : General      f:0 st:187,541,240 at XuiSkin$EntityUiStyle.Load          > Could not find icon: Item_Boulder, script = Boulder
WARN : General      f:0 st:187,541,240 at XuiSkin$EntityUiStyle.LoadComponentInfo> Could not find icon: Item_Boulder
WARN : General      f:0 st:187,541,241 at XuiSkin$EntityUiStyle.Load          > Could not find icon: Build_WindowframeWood, script = Wooden Window Frame (Advanced)
WARN : General      f:0 st:187,541,241 at XuiSkin$EntityUiStyle.Load          > Could not find icon: Build_WindowframeWood, script = Wooden Window Frame (Craftsman)
WARN : General      f:0 st:187,541,241 at XuiSkin$EntityUiStyle.Load          > Could not find icon: Build_StickBookcase, script = Crude Wooden Bookcase
WARN : General      f:0 st:187,541,242 at XuiSkin$EntityUiStyle.Load          > Could not find icon: Build_CabinetMetal, script = Big Metal Locker (Basic)
WARN : General      f:0 st:187,541,242 at XuiSkin$EntityUiStyle.Load          > Could not find icon: Build_ChoppingBlock, script = Chopping Block
WARN : General      f:0 st:187,541,242 at XuiSkin$EntityUiStyle.LoadComponentInfo> Could not find icon: Build_ChoppingBlock
WARN : General      f:0 st:187,541,242 at XuiSkin$EntityUiStyle.Load          > Could not find icon: Build_WallMetal, script = Metal Wall (Basic)
WARN : General      f:0 st:187,541,243 at XuiSkin$EntityUiStyle.Load          > Could not find icon: Item_Logs, script = Sawmill
WARN : General      f:0 st:187,541,243 at XuiSkin$EntityUiStyle.Load          > Could not find icon: Build_WindowframeWood, script = Wooden Window Frame (Basic)
WARN : General      f:0 st:187,541,243 at XuiSkin$EntityUiStyle.Load          > Could not find icon: Build_CabinetMetal, script = Big Metal Locker (Craftsman)
WARN : General      f:0 st:187,541,243 at XuiSkin$EntityUiStyle.Load          > Could not find icon: Build_WindowframeBrick, script = Brick Window Frame (Craftsman)
WARN : General      f:0 st:187,541,244 at XuiSkin$EntityUiStyle.Load          > Could not find icon: Build_WindowframeBrick, script = Brick Window Frame (Basic)
WARN : General      f:0 st:187,541,244 at XuiSkin$EntityUiStyle.Load          > Could not find icon: Build_CookingPitSimple, script = Fire Pit (Stones)
WARN : General      f:0 st:187,541,244 at XuiSkin$EntityUiStyle.Load          > Could not find icon: Build_FenceWire, script = Barbed Wire Fence
WARN : General      f:0 st:187,541,244 at XuiSkin$EntityUiStyle.Load          > Could not find icon: Build_CrateMetal, script = Metal Crate (Craftsman)
WARN : General      f:0 st:187,541,245 at XuiSkin$EntityUiStyle.Load          > Could not find icon: Build_CrateMetal, script = Metal Crate (Basic)
WARN : General      f:0 st:187,541,245 at XuiSkin$EntityUiStyle.Load          > Could not find icon: Build_AnvilStone, script = Stone Anvil
WARN : General      f:0 st:187,541,245 at XuiSkin$EntityUiStyle.LoadComponentInfo> Could not find icon: Build_AnvilStone
WARN : General      f:0 st:187,541,245 at XuiSkin$EntityUiStyle.Load          > Could not find icon: Item_WaterTank, script = Water Dispenser
WARN : General      f:0 st:187,541,245 at XuiSkin$EntityUiStyle.Load          > Could not find icon: Build_DoorframeMetal, script = Metal Doorframe (Basic)
WARN : General      f:0 st:187,541,246 at XuiSkin$EntityUiStyle.Load          > Could not find icon: Build_LeanToShelterLeather, script = Leather Shelter
WARN : General      f:0 st:187,541,246 at XuiSkin$EntityUiStyle.Load          > Could not find icon: Build_DoorframeMetal, script = Metal Doorframe (Craftsman)
WARN : General      f:0 st:187,541,246 at XuiSkin$EntityUiStyle.Load          > Could not find icon: Build_TableLargeWood, script = Wooden Table (Advanced)
WARN : General      f:0 st:187,541,246 at XuiSkin$EntityUiStyle.LoadComponentInfo> Could not find icon: Build_TableLargeWood
WARN : General      f:0 st:187,541,247 at XuiSkin$EntityUiStyle.Load          > Could not find icon: Build_LogSeat2, script = Crude Wooden Stool
WARN : General      f:0 st:187,541,247 at XuiSkin$EntityUiStyle.Load          > Could not find icon: Build_TableLargeWood, script = Wooden Table (Basic)
WARN : General      f:0 st:187,541,247 at XuiSkin$EntityUiStyle.LoadComponentInfo> Could not find icon: Build_TableLargeWood
WARN : General      f:0 st:187,541,248 at XuiSkin$EntityUiStyle.Load          > Could not find icon: Build_TableLargeWood, script = Wooden Table (Craftsman)
WARN : General      f:0 st:187,541,248 at XuiSkin$EntityUiStyle.LoadComponentInfo> Could not find icon: Build_TableLargeWood
WARN : General      f:0 st:187,541,248 at XuiSkin$EntityUiStyle.Load          > Could not find icon: Build_HerbDryerSmall, script = Simple Small Plant Drying Rack
WARN : General      f:0 st:187,541,248 at XuiSkin$EntityUiStyle.Load          > Could not find icon: Build_DoorframeBrick, script = Brick Doorframe (Basic)
WARN : General      f:0 st:187,541,249 at XuiSkin$EntityUiStyle.Load          > Could not find icon: Build_DoorframeBrick, script = Brick Doorframe (Craftsman)
WARN : General      f:0 st:187,541,249 at XuiSkin$EntityUiStyle.Load          > Could not find icon: Item_Key_Blank, script = Key Duplicator
WARN : General      f:0 st:187,541,249 at XuiSkin$EntityUiStyle.Load          > Could not find icon: Build_MetalCounter, script = Metal Counter (Basic)
WARN : General      f:0 st:187,541,249 at XuiSkin$EntityUiStyle.Load          > Could not find icon: Build_MetalCounter, script = Metal Counter (Craftsman)
WARN : General      f:0 st:187,541,250 at XuiSkin$EntityUiStyle.Load          > Could not find icon: Build_WallLogs, script = Log Wall
WARN : General      f:0 st:187,541,250 at XuiSkin$EntityUiStyle.Load          > Could not find icon: Item_Anvil_Forged, script = Electric Blower Forge
WARN : General      f:0 st:187,541,250 at XuiSkin$EntityUiStyle.LoadComponentInfo> Could not find icon: Item_Anvil_Forged
WARN : General      f:0 st:187,541,250 at XuiSkin$EntityUiStyle.Load          > Could not find icon: Build_DryingFrameSmall, script = Small Leather Drying Rack
WARN : General      f:0 st:187,541,251 at XuiSkin$EntityUiStyle.Load          > Could not find icon: Build_WindowframeStone, script = Stone Window Frame
WARN : General      f:0 st:187,541,251 at XuiSkin$EntityUiStyle.Load          > Could not find icon: Build_FurnaceAdvanced, script = Advanced Furnace
WARN : General      f:0 st:187,541,251 at XuiSkin$EntityUiStyle.Load          > Could not find icon: Build_DryingFrameSmall, script = Medium Leather Drying Rack
WARN : General      f:0 st:187,541,251 at XuiSkin$EntityUiStyle.Load          > Could not find icon: Item_Rock, script = Grinding Slab
WARN : General      f:0 st:187,541,252 at XuiSkin$EntityUiStyle.LoadComponentInfo> Could not find icon: Item_Rock
WARN : General      f:0 st:187,541,252 at XuiSkin$EntityUiStyle.Load          > Could not find icon: Build_BarrelOven, script = Metal Barrel Oven
WARN : General      f:0 st:187,541,252 at XuiSkin$EntityUiStyle.Load          > Could not find icon: Build_CharcoalDrum, script = Charcoal Burning Barrel
WARN : General      f:0 st:187,541,252 at XuiSkin$EntityUiStyle.Load          > Could not find icon: Build_StairsWood, script = Wooden Stairs
WARN : General      f:0 st:187,541,253 at XuiSkin$EntityUiStyle.Load          > Could not find icon: Item_Ingot_Steel, script = Arc Furnace
WARN : General      f:0 st:187,541,253 at XuiSkin$EntityUiStyle.LoadComponentInfo> Could not find icon: Item_Ingot_Steel
WARN : General      f:0 st:187,541,253 at XuiSkin$EntityUiStyle.Load          > Could not find icon: Build_TroughMetal, script = Long Metal Feeding Trough
WARN : General      f:0 st:187,541,254 at XuiSkin$EntityUiStyle.Load          > Could not find icon: Build_KilnLarge, script = Advanced Kiln
WARN : General      f:0 st:187,541,254 at XuiSkin$EntityUiStyle.Load          > Could not find icon: Build_ShelfWood, script = Wooden Shelf (Basic)
WARN : General      f:0 st:187,541,254 at XuiSkin$EntityUiStyle.Load          > Could not find icon: Build_RainCollectorCrate2, script = Rain Collector Crate (Garbage Bags)
WARN : General      f:0 st:187,541,255 at XuiSkin$EntityUiStyle.Load          > Could not find icon: Build_HerbDryerLarge, script = Simple Large Plant Drying Rack
WARN : General      f:0 st:187,541,255 at XuiSkin$EntityUiStyle.Load          > Could not find icon: Build_WoodPicket, script = Wooden Marker
WARN : General      f:0 st:187,541,255 at XuiSkin$EntityUiStyle.Load          > Could not find icon: Build_ShelfWood, script = Wooden Shelf (Craftsman)
WARN : General      f:0 st:187,541,256 at XuiSkin$EntityUiStyle.Load          > Could not find icon: Build_FloorSand, script = Sand Floor
WARN : General      f:0 st:187,541,256 at XuiSkin$EntityUiStyle.Load          > Could not find icon: Build_Sidetable, script = Wood Table with Drawer
WARN : General      f:0 st:187,541,256 at XuiSkin$EntityUiStyle.Load          > Could not find icon: Build_TanningBarrel, script = Tannin Barrel
WARN : General      f:0 st:187,541,257 at XuiSkin$EntityUiStyle.Load          > Could not find icon: Build_Sidetable, script = Wooden Table with Drawer (Craftsman)
WARN : General      f:0 st:187,541,257 at XuiSkin$EntityUiStyle.Load          > Could not find icon: Build_Sidetable, script = Wooden Table with Drawer (Basic)
WARN : General      f:0 st:187,541,257 at XuiSkin$EntityUiStyle.Load          > Could not find icon: Build_Bed, script = Wooden Bed
WARN : General      f:0 st:187,541,258 at XuiSkin$EntityUiStyle.Load          > Could not find icon: Build_SmeltingFurnace, script = Simple Forge
WARN : General      f:0 st:187,541,258 at XuiSkin$EntityUiStyle.Load          > Could not find icon: Build_LogBench, script = Log Bench
WARN : General      f:0 st:187,541,258 at XuiSkin$EntityUiStyle.Load          > Could not find icon: Build_StickBookcaseSmall, script = Crude Small Wooden Bookcase
WARN : General      f:0 st:187,541,259 at XuiSkin$EntityUiStyle.Load          > Could not find icon: Item_WaterDrop, script = Water Pump
WARN : General      f:0 st:187,541,259 at XuiSkin$EntityUiStyle.Load          > Could not find icon: Build_Grindstone, script = Grindstone
WARN : General      f:0 st:187,541,259 at XuiSkin$EntityUiStyle.Load          > Could not find icon: Item_Hacksaw, script = Metal Bandsaw
WARN : General      f:0 st:187,541,260 at XuiSkin$EntityUiStyle.Load          > Could not find icon: Build_BookcaseShort, script = Small Wooden Bookcase (Craftsman)
WARN : General      f:0 st:187,541,260 at XuiSkin$EntityUiStyle.Load          > Could not find icon: Build_MetalworkBench, script = Metalworkbench
WARN : General      f:0 st:187,541,260 at XuiSkin$EntityUiStyle.LoadComponentInfo> Could not find icon: Build_MetalworkBench
WARN : General      f:0 st:187,541,261 at XuiSkin$EntityUiStyle.Load          > Could not find icon: Item_Handle, script = Wooden Fence Post
WARN : General      f:0 st:187,541,261 at XuiSkin$EntityUiStyle.LoadComponentInfo> Could not find icon: Item_Handle
WARN : General      f:0 st:187,541,261 at XuiSkin$EntityUiStyle.Load          > Could not find icon: Build_BookcaseShort, script = Small Wooden Bookcase (Basic)
WARN : General      f:0 st:187,541,261 at XuiSkin$EntityUiStyle.Load          > Could not find icon: Build_Composter, script = Composter (Basic)
WARN : General      f:0 st:187,541,262 at XuiSkin$EntityUiStyle.Load          > Could not find icon: Build_FenceStakes, script = Crude Wooden Fence
WARN : General      f:0 st:187,541,262 at XuiSkin$EntityUiStyle.Load          > Could not find icon: Build_DoorframeLogs, script = Log Doorframe
WARN : General      f:0 st:187,541,262 at XuiSkin$EntityUiStyle.Load          > Could not find icon: Build_DoorFenceWood, script = Wooden Fence Gate
WARN : General      f:0 st:187,541,262 at XuiSkin$EntityUiStyle.Load          > Could not find icon: Build_SofteningBeam, script = Softening Beam
WARN : General      f:0 st:187,541,263 at XuiSkin$EntityUiStyle.Load          > Could not find icon: Build_ShortWireFence, script = Small Metal Wire Fence
WARN : General      f:0 st:187,541,263 at XuiSkin$EntityUiStyle.Load          > Could not find icon: Build_Stake_SkullStag, script = Deer Skull Pole
WARN : General      f:0 st:187,541,263 at XuiSkin$EntityUiStyle.Load          > Could not find icon: Item_Charcoal, script = Pit of Coals
WARN : General      f:0 st:187,541,263 at XuiSkin$EntityUiStyle.Load          > Could not find icon: Build_HerbDryerSmall, script = Small Plant Drying Rack
WARN : General      f:0 st:187,541,264 at XuiSkin$EntityUiStyle.Load          > Could not find icon: Item_BlowTorch, script = Metalwork Lathe
WARN : General      f:0 st:187,541,264 at XuiSkin$EntityUiStyle.LoadComponentInfo> Could not find icon: Item_BlowTorch
WARN : General      f:0 st:187,541,264 at XuiSkin$EntityUiStyle.Load          > Could not find icon: Build_LogTable2, script = Crude Wooden Table
WARN : General      f:0 st:187,541,264 at XuiSkin$EntityUiStyle.Load          > Could not find icon: Build_Coffin, script = Wooden Coffin
WARN : General      f:0 st:187,541,265 at XuiSkin$EntityUiStyle.Load          > Could not find icon: Build_Stake_Antlers, script = Antlers Pole
WARN : General      f:0 st:187,541,265 at XuiSkin$EntityUiStyle.Load          > Could not find icon: Build_Stake_SkullSheep, script = Sheep Skull Pole
WARN : General      f:0 st:187,541,265 at XuiSkin$EntityUiStyle.Load          > Could not find icon: Item_WaterDrop, script = Steam Turbine
WARN : General      f:0 st:187,541,265 at XuiSkin$EntityUiStyle.Load          > Could not find icon: Build_Coop2, script = Chicken Hutch (Dark Wood)
WARN : General      f:0 st:187,541,266 at XuiSkin$EntityUiStyle.Load          > Could not find icon: Build_FenceOpenLogs, script = Wide Log Gate
WARN : General      f:0 st:187,541,266 at XuiSkin$EntityUiStyle.Load          > Could not find icon: Build_PoleGate, script = Big Pole Fence Gate
WARN : General      f:0 st:187,541,266 at XuiSkin$EntityUiStyle.Load          > Could not find icon: Build_StairsLogs, script = Log Stairs
WARN : General      f:0 st:187,541,266 at XuiSkin$EntityUiStyle.Load          > Could not find icon: Item_Toast, script = Toaster
WARN : General      f:0 st:187,541,267 at XuiSkin$EntityUiStyle.Load          > Could not find icon: Build_FloorTilePorcelain, script = Tile Floor
WARN : General      f:0 st:187,541,267 at XuiSkin$EntityUiStyle.Load          > Could not find icon: Build_CrossSimple, script = Crude Wooden Cross
WARN : General      f:0 st:187,541,267 at XuiSkin$EntityUiStyle.Load          > Could not find icon: Item_Charcoal, script = Large Pit of Coals
WARN : General      f:0 st:187,541,267 at XuiSkin$EntityUiStyle.Load          > Could not find icon: Build_ButcherHook, script = Butcher Hook
WARN : General      f:0 st:187,541,267 at XuiSkin$EntityUiStyle.Load          > Could not find icon: Build_SpinningWheel, script = Spinning Wheel
WARN : General      f:0 st:187,541,268 at XuiSkin$EntityUiStyle.Load          > Could not find icon: Build_Coop, script = Chicken Hutch (Light Wood)
WARN : General      f:0 st:187,541,268 at XuiSkin$EntityUiStyle.Load          > Could not find icon: Build_Bookcase, script = Wooden Bookcase (Basic)
WARN : General      f:0 st:187,541,268 at XuiSkin$EntityUiStyle.LoadComponentInfo> Could not find icon: Build_Bookcase
WARN : General      f:0 st:187,541,268 at XuiSkin$EntityUiStyle.Load          > Could not find icon: Item_Petrol, script = Generator Maintenance
WARN : General      f:0 st:187,541,268 at XuiSkin$EntityUiStyle.Load          > Could not find icon: Build_Bookcase, script = Wooden Bookcase (Craftsman)
WARN : General      f:0 st:187,541,269 at XuiSkin$EntityUiStyle.Load          > Could not find icon: Build_BarricadeWindow_Bars, script = Metal Bar Barricade
WARN : General      f:0 st:187,541,269 at XuiSkin$EntityUiStyle.Load          > Could not find icon: Build_Stake_SkullBull, script = Bull Skull Pole
WARN : General      f:0 st:187,541,269 at XuiSkin$EntityUiStyle.Load          > Could not find icon: Build_Wall_Plaster, script = Plaster Wall
WARN : General      f:0 st:187,541,269 at XuiSkin$EntityUiStyle.Load          > Could not find icon: Build_CookingPit, script = Fire Pit (Stone Blocks)
WARN : General      f:0 st:187,541,270 at XuiSkin$EntityUiStyle.Load          > Could not find icon: Build_LoomSimple, script = Simple Loom
WARN : General      f:0 st:187,541,270 at XuiSkin$EntityUiStyle.Load          > Could not find icon: Build_WoodSign_Skull, script = Paint Sign - Skull
WARN : General      f:0 st:187,541,270 at XuiSkin$EntityUiStyle.Load          > Could not find icon: Build_WindowframeMetal, script = Metal Window Frame (Basic)
WARN : General      f:0 st:187,541,270 at XuiSkin$EntityUiStyle.Load          > Could not find icon: Build_WindowframeMetal, script = Metal Window Frame (Craftsman)
WARN : General      f:0 st:187,541,271 at XuiSkin$EntityUiStyle.Load          > Could not find icon: Build_DoubleWireGate, script = Double Tall Wire Fence Gate
WARN : General      f:0 st:187,541,271 at XuiSkin$EntityUiStyle.Load          > Could not find icon: Build_RainCollectorBarrel, script = Rain Collector Barrel (Tarp)
WARN : General      f:0 st:187,541,271 at XuiSkin$EntityUiStyle.Load          > Could not find icon: Build_FenceBrick, script = Short Brick Wall
WARN : General      f:0 st:187,541,271 at XuiSkin$EntityUiStyle.Load          > Could not find icon: Build_LogSeat, script = Short Log Bench
WARN : General      f:0 st:187,541,272 at XuiSkin$EntityUiStyle.LoadComponentInfo> Could not find icon: Build_LogSeat
WARN : General      f:0 st:187,541,272 at XuiSkin$EntityUiStyle.Load          > Could not find icon: Build_FenceMetalPosts, script = Metal Pole Fence
WARN : General      f:0 st:187,541,272 at XuiSkin$EntityUiStyle.Load          > Could not find icon: Build_DoorWood, script = Wooden Door (Advanced)
WARN : General      f:0 st:187,541,272 at XuiSkin$EntityUiStyle.Load          > Could not find icon: Build_WallframeMetal, script = Metal Wall Frame
WARN : General      f:0 st:187,541,273 at XuiSkin$EntityUiStyle.Load          > Could not find icon: Build_DoorWood, script = Wooden Door (Basic)
WARN : General      f:0 st:187,541,273 at XuiSkin$EntityUiStyle.Load          > Could not find icon: Build_WallframeWood, script = Wooden Wall Frame
WARN : General      f:0 st:187,541,273 at XuiSkin$EntityUiStyle.Load          > Could not find icon: Item_Anvil_Stone, script = Primitive Forge
WARN : General      f:0 st:187,541,273 at XuiSkin$EntityUiStyle.Load          > Could not find icon: Build_DoorMetal, script = Metal Door (Poor)
WARN : General      f:0 st:187,541,273 at XuiSkin$EntityUiStyle.Load          > Could not find icon: Build_DoorWeldedMetal, script = Metal Door (Shoddy)
WARN : General      f:0 st:187,541,274 at XuiSkin$EntityUiStyle.Load          > Could not find icon: Build_DoorWood, script = Wooden Door (Craftsman)
WARN : General      f:0 st:187,541,274 at XuiSkin$EntityUiStyle.Load          > Could not find icon: Build_Cross, script = Wooden Cross
WARN : General      f:0 st:187,541,274 at XuiSkin$EntityUiStyle.Load          > Could not find icon: Build_ShelvesWood, script = Double Wooden Shelves
WARN : General      f:0 st:187,541,274 at XuiSkin$EntityUiStyle.Load          > Could not find icon: Item_MugFulll, script = Coffee Machine
WARN : General      f:0 st:187,541,275 at XuiSkin$EntityUiStyle.Load          > Could not find icon: Item_RailroadRail_Short, script = Makeshift Electric Blower Forge
WARN : General      f:0 st:187,541,275 at XuiSkin$EntityUiStyle.LoadComponentInfo> Could not find icon: Item_RailroadRail_Short
WARN : General      f:0 st:187,541,275 at XuiSkin$EntityUiStyle.Load          > Could not find icon: Build_LeanToShelterTarp, script = Tarp Shelter
WARN : General      f:0 st:187,541,275 at XuiSkin$EntityUiStyle.Load          > Could not find icon: Build_HerbDryerLarge, script = Large Plant Drying Rack
WARN : General      f:0 st:187,541,275 at XuiSkin$EntityUiStyle.Load          > Could not find icon: Build_StoneQuern, script = Stone Quern
WARN : General      f:0 st:187,541,276 at XuiSkin$EntityUiStyle.LoadComponentInfo> Could not find icon: Build_StoneQuern
WARN : General      f:0 st:187,541,276 at XuiSkin$EntityUiStyle.Load          > Could not find icon: Build_WoodSign, script = Wooden Sign
WARN : General      f:0 st:187,541,276 at XuiSkin$EntityUiStyle.Load          > Could not find icon: Build_WoodPole_Tall, script = Wooden Pole
WARN : General      f:0 st:187,541,276 at XuiSkin$EntityUiStyle.Load          > Could not find icon: Build_WoodSign_Down, script = Paint Sign - Down Arrow
WARN : General      f:0 st:187,541,277 at XuiSkin$EntityUiStyle.Load          > Could not find icon: Item_Dice, script = Test Entity
WARN : General      f:0 st:187,541,277 at XuiSkin$EntityUiStyle.LoadComponentInfo> Could not find icon: Item_Note2
WARN : General      f:0 st:187,541,277 at XuiSkin$EntityUiStyle.Load          > Could not find icon: Build_SandbagWall, script = Sandbag Wall
WARN : General      f:0 st:187,541,277 at XuiSkin$EntityUiStyle.Load          > Could not find icon: Build_SmeltingFurnace, script = Simple Furnace
WARN : General      f:0 st:187,541,277 at XuiSkin$EntityUiStyle.Load          > Could not find icon: Build_BarricadeWindow_Plank, script = Planks Barricade
WARN : General      f:0 st:187,541,278 at XuiSkin$EntityUiStyle.Load          > Could not find icon: Item_Logs, script = Tree Stump
WARN : General      f:0 st:187,541,278 at XuiSkin$EntityUiStyle.LoadComponentInfo> Could not find icon: Item_Logs
WARN : General      f:0 st:187,541,278 at XuiSkin$EntityUiStyle.Load          > Could not find icon: Build_CrateWood, script = Wooden Crate (Craftsman)
WARN : General      f:0 st:187,541,278 at XuiSkin$EntityUiStyle.Load          > Could not find icon: Build_TallWireGate, script = Big Wire Fence Gate
WARN : General      f:0 st:187,541,278 at XuiSkin$EntityUiStyle.Load          > Could not find icon: Build_CrateWood, script = Wooden Crate (Basic)
WARN : General      f:0 st:187,541,279 at XuiSkin$EntityUiStyle.Load          > Could not find icon: Build_DoubleWireFence, script = Big Wire Fence
WARN : General      f:0 st:187,541,279 at XuiSkin$EntityUiStyle.Load          > Could not find icon: Build_Composter, script = Composter (Craftsman)
WARN : General      f:0 st:187,541,279 at XuiSkin$EntityUiStyle.Load          > Could not find icon: Build_Amphora, script = Amphora
WARN : General      f:0 st:187,541,279 at XuiSkin$EntityUiStyle.Load          > Could not find icon: Build_Coalpit, script = Charcoal Burning Pile
WARN : General      f:0 st:187,541,280 at XuiSkin$EntityUiStyle.Load          > Could not find icon: Build_FloorTileWood, script = Wooden Floor (Craftsman)
WARN : General      f:0 st:187,541,280 at XuiSkin$EntityUiStyle.Load          > Could not find icon: Build_FloorTileWood, script = Wooden Floor (Advanced)
WARN : General      f:0 st:187,541,280 at XuiSkin$EntityUiStyle.Load          > Could not find icon: Build_FloorTileWood, script = Wooden Floor (Basic)
WARN : General      f:0 st:187,541,280 at XuiSkin$EntityUiStyle.Load          > Could not find icon: Item_CarBatteryCharger, script = CeroSec - FS-800
WARN : General      f:0 st:187,541,281 at XuiSkin$EntityUiStyle.Load          > Could not find icon: Build_Wall_Wallpaper, script = Apply Wallpaper
WARN : General      f:0 st:187,541,282 at XuiSkin$EntityUiStyle.Load          > Could not find icon: Build_Chair, script = Wooden Chair (Basic)
WARN : General      f:0 st:187,541,282 at XuiSkin$EntityUiStyle.Load          > Could not find icon: Build_FlashlightLamp, script = Wooden Flashlight Pillar
WARN : General      f:0 st:187,541,283 at XuiSkin$EntityUiStyle.Load          > Could not find icon: Build_Chair, script = Wooden Chair (Advanced)
WARN : General      f:0 st:187,541,283 at XuiSkin$EntityUiStyle.Load          > Could not find icon: Build_FenceHighMetalPosts, script = Big Metal Pole Fence
WARN : General      f:0 st:187,541,283 at XuiSkin$EntityUiStyle.Load          > Could not find icon: Build_Chair, script = Wooden Chair (Craftsman)
WARN : General      f:0 st:187,541,283 at XuiSkin$EntityUiStyle.Load          > Could not find icon: Build_LogStool, script = Log Stool
WARN : General      f:0 st:187,541,283 at XuiSkin$EntityUiStyle.Load          > Could not find icon: Build_TableSmallWood, script = Small Wooden Table (Craftsman)
WARN : General      f:0 st:187,541,284 at XuiSkin$EntityUiStyle.LoadComponentInfo> Could not find icon: Build_TableSmallWood
WARN : General      f:0 st:187,541,284 at XuiSkin$EntityUiStyle.Load          > Could not find icon: Build_TableSmallWood, script = Small Wooden Table (Advanced)
WARN : General      f:0 st:187,541,284 at XuiSkin$EntityUiStyle.LoadComponentInfo> Could not find icon: Build_TableSmallWood
WARN : General      f:0 st:187,541,284 at XuiSkin$EntityUiStyle.Load          > Could not find icon: Build_TableSmallWood, script = Small Wooden Table (Basic)
WARN : General      f:0 st:187,541,285 at XuiSkin$EntityUiStyle.LoadComponentInfo> Could not find icon: Build_TableSmallWood
WARN : General      f:0 st:187,541,285 at XuiSkin$EntityUiStyle.Load          > Could not find icon: Item_CarBatteryCharger, script = Test Kiln
WARN : General      f:0 st:187,541,285 at XuiSkin$EntityUiStyle.LoadComponentInfo> Could not find icon: Item_Note2
WARN : General      f:0 st:187,541,285 at XuiSkin$EntityUiStyle.Load          > Could not find icon: Build_ShortWireGate, script = Metal Wire Fence Gate
WARN : General      f:0 st:187,541,285 at XuiSkin$EntityUiStyle.Load          > Could not find icon: Build_LogSeat, script = Log Seat
WARN : General      f:0 st:187,541,286 at XuiSkin$EntityUiStyle.Load          > Could not find icon: Item_PropaneTank, script = Steam Boiler
WARN : General      f:0 st:187,541,286 at XuiSkin$EntityUiStyle.Load          > Could not find icon: Build_TroughWoodLong, script = Long Wooden Feeding Trough
WARN : General      f:0 st:187,541,286 at XuiSkin$EntityUiStyle.Load          > Could not find icon: Build_MetalworkTable, script = Metalwork Table
WARN : General      f:0 st:187,541,286 at XuiSkin$EntityUiStyle.LoadComponentInfo> Could not find icon: Build_MetalworkTable
WARN : General      f:0 st:187,541,287 at XuiSkin$EntityUiStyle.Load          > Could not find icon: Item_Dice, script = Entity_DisplayName_Default
WARN : General      f:0 st:187,541,287 at XuiSkin$EntityUiStyle.LoadComponentInfo> Could not find icon: Item_Dice
WARN : General      f:0 st:187,541,287 at XuiSkin$EntityUiStyle.LoadComponentInfo> Could not find icon: Item_Dice
WARN : General      f:0 st:187,541,288 at XuiSkin$EntityUiStyle.LoadComponentInfo> Could not find icon: Item_Dice
WARN : General      f:0 st:187,541,288 at XuiSkin$EntityUiStyle.LoadComponentInfo> Could not find icon: Item_Dice
WARN : General      f:0 st:187,541,289 at XuiSkin$EntityUiStyle.Load          > Could not find icon: Build_FloorDirt, script = Dirt Floor
WARN : General      f:0 st:187,541,289 at XuiSkin$EntityUiStyle.Load          > Could not find icon: Build_DoorframeStone, script = Stone Doorframe
WARN : General      f:0 st:187,541,289 at XuiSkin$EntityUiStyle.Load          > Could not find icon: Build_PotteryBench, script = Pottery Bench
WARN : General      f:0 st:187,541,289 at XuiSkin$EntityUiStyle.LoadComponentInfo> Could not find icon: Build_PotteryBench
WARN : General      f:0 st:187,541,289 at XuiSkin$EntityUiStyle.Load          > Could not find icon: Build_Cairn, script = Stone Cairn
WARN : General      f:0 st:187,541,290 at XuiSkin$EntityUiStyle.Load          > Could not find icon: Build_WallWood, script = Wooden Wall (Advanced)
WARN : General      f:0 st:187,541,290 at XuiSkin$EntityUiStyle.Load          > Could not find icon: Build_WallWood, script = Wooden Wall (Basic)
WARN : General      f:0 st:187,541,290 at XuiSkin$EntityUiStyle.Load          > Could not find icon: Build_LeanToShelterSticks, script = Lean-to Shelter
WARN : General      f:0 st:187,541,290 at XuiSkin$EntityUiStyle.Load          > Could not find icon: Build_PotteryWheel, script = Pottery Wheel
WARN : General      f:0 st:187,541,290 at XuiSkin$EntityUiStyle.LoadComponentInfo> Could not find icon: Build_PotteryWheel
WARN : General      f:0 st:187,541,291 at XuiSkin$EntityUiStyle.Load          > Could not find icon: Build_CabinetStone, script = Stone Cabinet
WARN : General      f:0 st:187,541,291 at XuiSkin$EntityUiStyle.Load          > Could not find icon: Build_WallWood, script = Wooden Wall (Craftsman)
WARN : General      f:0 st:187,541,291 at XuiSkin$EntityUiStyle.Load          > Could not find icon: Build_WoodSign_Left, script = Paint Sign - Left Arrow
WARN : General      f:0 st:187,541,291 at XuiSkin$EntityUiStyle.Load          > Could not find icon: Build_PrimitiveFurnace, script = Primitive Furnace
WARN : General      f:0 st:187,541,291 at XuiSkin$EntityUiStyle.Load          > Could not find icon: Build_DoorframeWood, script = Wooden Doorframe (Craftsman)
WARN : General      f:0 st:187,541,292 at XuiSkin$EntityUiStyle.Load          > Could not find icon: Build_DoorframeWood, script = Wooden Doorframe (Advanced)
WARN : General      f:0 st:187,541,292 at XuiSkin$EntityUiStyle.Load          > Could not find icon: Build_DoorframeWood, script = Wooden Doorframe (Basic)
WARN : General      f:0 st:187,541,292 at XuiSkin$EntityUiStyle.Load          > Could not find icon: Build_WindowframeLogs, script = Log Window Frame
WARN : General      f:0 st:187,541,292 at XuiSkin$EntityUiStyle.Load          > Could not find icon: Build_FloorGravel, script = Gravel Floor
WARN : General      f:0 st:187,541,292 at XuiSkin$EntityUiStyle.Load          > Could not find icon: Item_WaterBottle, script = Bottling Machine
WARN : General      f:0 st:187,541,293 at XuiSkin$EntityUiStyle.Load          > Could not find icon: Build_WallBrick, script = Brick Wall (Basic)
WARN : General      f:0 st:187,541,293 at XuiSkin$EntityUiStyle.Load          > Could not find icon: Build_WallBrick, script = Brick Wall (Craftsman)
WARN : General      f:0 st:187,541,293 at XuiSkin$EntityUiStyle.Load          > Could not find icon: Build_DryingFrameLarge, script = Large Leather Drying Rack
WARN : General      f:0 st:187,541,293 at XuiSkin$EntityUiStyle.Load          > Could not find icon: Build_RippleComb, script = Ripple Comb
WARN : General      f:0 st:187,541,294 at XuiSkin$EntityUiStyle.Load          > Could not find icon: Build_Wall_Paint, script = Paint Wall / Item
WARN : General      f:0 st:187,541,294 at XuiSkin$EntityUiStyle.Load          > Could not find icon: Build_FenceWood, script = Wooden Fence (Craftsman)
WARN : General      f:0 st:187,541,294 at XuiSkin$EntityUiStyle.Load          > Could not find icon: Build_FenceWood, script = Wooden Fence (Advanced)
WARN : General      f:0 st:187,541,294 at XuiSkin$EntityUiStyle.Load          > Could not find icon: Build_LogTable, script = Log Table
WARN : General      f:0 st:187,541,295 at XuiSkin$EntityUiStyle.Load          > Could not find icon: Build_FenceWood, script = Wooden Fence (Basic)
WARN : General      f:0 st:187,541,295 at XuiSkin$EntityUiStyle.Load          > Could not find icon: Build_ForgeAdvanced, script = Advanced Forge
WARN : General      f:0 st:187,541,295 at XuiSkin$EntityUiStyle.Load          > Could not find icon: Build_GunLocker, script = Small Metal Locker (Craftsman)
WARN : General      f:0 st:187,541,295 at XuiSkin$EntityUiStyle.Load          > Could not find icon: Build_GunLocker, script = Small Metal Locker (Basic)
WARN : General      f:0 st:187,541,295 at XuiSkin$EntityUiStyle.Load          > Could not find icon: Build_RainCollectorCrate, script = Rain Collector Crate (Tarp)
WARN : General      f:0 st:187,541,296 at XuiSkin$EntityUiStyle.Load          > Could not find icon: Build_ButterChurn, script = Butter Churn
WARN : General      f:0 st:187,541,296 at XuiSkin$EntityUiStyle.Load          > Could not find icon: Build_Stake_SkullCow, script = Cow Skull Pole
WARN : General      f:0 st:187,541,296 at XuiSkin$EntityUiStyle.Load          > Could not find icon: Build_FloorTileMetal, script = Metal Floor
WARN : General      f:0 st:187,541,296 at XuiSkin$EntityUiStyle.Load          > Could not find icon: Build_Handpress, script = Hand-Operated Press
WARN : General      f:0 st:187,541,297 at XuiSkin$EntityUiStyle.LoadComponentInfo> Could not find icon: Build_Handpress
WARN : General      f:0 st:187,541,297 at XuiSkin$EntityUiStyle.Load          > Could not find icon: Build_MetalCounterCorner, script = Metal Counter Corner (Craftsman)
WARN : General      f:0 st:187,541,297 at XuiSkin$EntityUiStyle.Load          > Could not find icon: Build_MetalCounterCorner, script = Metal Counter Corner (Basic)
WARN : General      f:0 st:187,541,297 at XuiSkin$EntityUiStyle.Load          > Could not find icon: Build_WoodCounterCorner, script = Wooden Counter Corner (Basic)
WARN : General      f:0 st:187,541,297 at XuiSkin$EntityUiStyle.Load          > Could not find icon: Build_HeckleComb, script = Heckle Comb
WARN : General      f:0 st:187,541,298 at XuiSkin$EntityUiStyle.Load          > Could not find icon: Build_Stake_SkullPig, script = Pig Skull Pole
WARN : General      f:0 st:187,541,298 at XuiSkin$EntityUiStyle.Load          > Could not find icon: Build_ScutchingBoard, script = Scutching Board
WARN : General      f:0 st:187,541,298 at XuiSkin$EntityUiStyle.Load          > Could not find icon: Build_FenceMetalPosts, script = Metal Pole Fence Gate
WARN : General      f:0 st:187,541,298 at XuiSkin$EntityUiStyle.Load          > Could not find icon: Build_DoublePoleGate, script = Double Tall Metal Pole Gate
WARN : General      f:0 st:187,541,298 at XuiSkin$EntityUiStyle.Load          > Could not find icon: Build_WoodCounter, script = Wooden Counter (Advanced)
WARN : General      f:0 st:187,541,298 at XuiSkin$EntityUiStyle.Load          > Could not find icon: Build_WoodCounterCorner, script = Wooden Counter Corner (Craftsman)
WARN : General      f:0 st:187,541,299 at XuiSkin$EntityUiStyle.Load          > Could not find icon: Build_WoodCounter, script = Wooden Counter (Basic)
WARN : General      f:0 st:187,541,299 at XuiSkin$EntityUiStyle.Load          > Could not find icon: Build_WoodCounterCorner, script = Wooden Counter Corner (Advanced)
WARN : General      f:0 st:187,541,299 at XuiSkin$EntityUiStyle.Load          > Could not find icon: Build_WoodCounter, script = Wooden Counter (Craftsman)
WARN : General      f:0 st:187,541,299 at XuiSkin$EntityUiStyle.Load          > Could not find icon: Build_RainCollectorBarrel2, script = Rain Collector Barrel (Garbage Bags)
WARN : General      f:0 st:187,541,300 at XuiSkin$EntityUiStyle.Load          > Could not find icon: Build_WoodSign_Up, script = Paint Sign - Up Arrow
WARN : General      f:0 st:187,541,300 at XuiSkin$EntityUiStyle.Load          > Could not find icon: Build_WoodSign_Right, script = Paint Sign - Right Arrow
WARN : General      f:0 st:187,541,300 at XuiSkin$EntityUiStyle.Load          > Could not find icon: Item_SheetMetal, script = Hydraulic Press
WARN : General      f:0 st:187,541,300 at XuiSkin$EntityUiStyle.Load          > Could not find icon: Build_FenceMetal, script = Metal Fence (Craftsman)
WARN : General      f:0 st:187,541,301 at XuiSkin$EntityUiStyle.Load          > Could not find icon: Build_FenceLogs, script = Log Fence
WARN : General      f:0 st:187,541,301 at XuiSkin$EntityUiStyle.Load          > Could not find icon: Build_FenceMetal, script = Metal Fence (Basic)
WARN : General      f:0 st:187,541,301 at XuiSkin$EntityUiStyle.Load          > Could not find icon: Item_Orange, script = Juice Maker
WARN : General      f:0 st:187,541,301 at XuiSkin$EntityUiStyle.Load          > Could not find icon: Build_Campfire, script = Campfire
WARN : General      f:0 st:187,541,302 at XuiSkin$EntityUiStyle.LoadComponentInfo> Could not find icon: Build_Campfire
WARN : General      f:0 st:187,541,302 at XuiSkin$EntityUiStyle.Load          > Could not find icon: Build_StairsMetal, script = Metal Stairs
WARN : General      f:0 st:187,541,302 at XuiSkin$EntityUiStyle.Load          > Could not find icon: Build_TroughWoodShort, script = Short Wooden Feeding Trough
WARN : General      f:0 st:187,541,302 at XuiSkin$EntityUiStyle.Load          > Could not find icon: Item_Anvil_Forged, script = Advanced Makeshift Electric Blower Forge
WARN : General      f:0 st:187,541,302 at XuiSkin$EntityUiStyle.LoadComponentInfo> Could not find icon: Item_Anvil_Forged
WARN : General      f:0 st:187,541,303 at XuiSkin$EntityUiStyle.Load          > Could not find icon: Build_WallStone, script = Stone Wall
WARN : General      f:0 st:187,541,303 at XuiSkin$EntityUiStyle.Load          > Could not find icon: Build_Stake_SkullDoe, script = Doe Skull Pole
WARN : General      f:0 st:187,541,303 at XuiSkin$EntityUiStyle.Load          > Could not find icon: Build_WindowBlack, script = Wooden Windows
WARN : General      f:0 st:187,541,303 at XuiSkin$EntityUiStyle.Load          > Could not find icon: Item_Clamp_Forged, script = Standing Drill Press
WARN : General      f:0 st:187,541,303 at XuiSkin$EntityUiStyle.LoadComponentInfo> Could not find icon: Item_Clamp_Forged
WARN : General      f:0 st:187,541,304 at XuiSkin$EntityUiStyle.Load          > Could not find icon: Build_KilnSmall, script = Primitive Kiln
WARN : General      f:0 st:187,541,304 at XuiSkin$EntityUiStyle.Load          > Could not find icon: Build_ShelvesMetal, script = Metal Shelves (Basic)
WARN : General      f:0 st:187,541,304 at XuiSkin$EntityUiStyle.Load          > Could not find icon: Build_ShelvesMetal, script = Metal Shelves (Craftsman)
WARN : General      f:0 st:187,541,304 at XuiSkin$EntityUiStyle.Load          > Could not find icon: Build_DomeKiln, script = Dome Kiln
WARN : General      f:0 st:187,541,304 at XuiSkin$EntityUiStyle.Load          > Could not find icon: Build_Loom, script = Loom
WARN : General      f:0 st:187,541,304 at XuiSkin$EntityUiStyle.Load          > Could not find icon: Build_BarricadeWindow_Sheet, script = Metal Sheet Barricade
WARN : General      f:0 st:187,541,305 at XuiSkin$EntityUiStyle.Load          > Could not find icon: Build_DoubleWoodGate, script = Double Tall Wooden Gate
WARN : General      f:0 st:187,541,305 at XuiSkin$EntityUiStyle.Load          > Could not find icon: Build_StoneMill, script = Stone Mill
WARN : General      f:0 st:187,541,305 at XuiSkin$EntityUiStyle.LoadComponentInfo> Could not find icon: Build_StoneMill
WARN : General      f:0 st:187,541,305 at XuiSkin$EntityUiStyle.Load          > Could not find icon: Build_WallMetal, script = Metal Wall (Craftsman)
WARN : General      f:0 st:187,541,306 at XuiSkin$EntityUiStyle.Load          > Could not find icon: Item_ClayMold_Shingle, script = Well
WARN : General      f:0 st:187,541,306 at XuiSkin$EntityUiStyle.Load          > Could not find icon: Item_Boulder, script = Boulder
WARN : General      f:0 st:187,541,306 at XuiSkin$EntityUiStyle.LoadComponentInfo> Could not find icon: Item_Boulder
WARN : General      f:0 st:187,541,306 at XuiSkin$EntityUiStyle.Load          > Could not find icon: Build_WindowframeWood, script = Wooden Window Frame (Advanced)
WARN : General      f:0 st:187,541,306 at XuiSkin$EntityUiStyle.Load          > Could not find icon: Build_WindowframeWood, script = Wooden Window Frame (Craftsman)
WARN : General      f:0 st:187,541,307 at XuiSkin$EntityUiStyle.Load          > Could not find icon: Build_StickBookcase, script = Crude Wooden Bookcase
WARN : General      f:0 st:187,541,307 at XuiSkin$EntityUiStyle.Load          > Could not find icon: Build_CabinetMetal, script = Big Metal Locker (Basic)
WARN : General      f:0 st:187,541,307 at XuiSkin$EntityUiStyle.Load          > Could not find icon: Build_ChoppingBlock, script = Chopping Block
WARN : General      f:0 st:187,541,307 at XuiSkin$EntityUiStyle.LoadComponentInfo> Could not find icon: Build_ChoppingBlock
WARN : General      f:0 st:187,541,307 at XuiSkin$EntityUiStyle.Load          > Could not find icon: Build_WallMetal, script = Metal Wall (Basic)
WARN : General      f:0 st:187,541,308 at XuiSkin$EntityUiStyle.Load          > Could not find icon: Item_Logs, script = Sawmill
WARN : General      f:0 st:187,541,308 at XuiSkin$EntityUiStyle.Load          > Could not find icon: Build_WindowframeWood, script = Wooden Window Frame (Basic)
WARN : General      f:0 st:187,541,308 at XuiSkin$EntityUiStyle.Load          > Could not find icon: Build_CabinetMetal, script = Big Metal Locker (Craftsman)
WARN : General      f:0 st:187,541,308 at XuiSkin$EntityUiStyle.Load          > Could not find icon: Build_WindowframeBrick, script = Brick Window Frame (Craftsman)
WARN : General      f:0 st:187,541,308 at XuiSkin$EntityUiStyle.Load          > Could not find icon: Build_WindowframeBrick, script = Brick Window Frame (Basic)
WARN : General      f:0 st:187,541,309 at XuiSkin$EntityUiStyle.Load          > Could not find icon: Build_CookingPitSimple, script = Fire Pit (Stones)
WARN : General      f:0 st:187,541,309 at XuiSkin$EntityUiStyle.Load          > Could not find icon: Build_FenceWire, script = Barbed Wire Fence
WARN : General      f:0 st:187,541,309 at XuiSkin$EntityUiStyle.Load          > Could not find icon: Build_CrateMetal, script = Metal Crate (Craftsman)
WARN : General      f:0 st:187,541,309 at XuiSkin$EntityUiStyle.Load          > Could not find icon: Build_CrateMetal, script = Metal Crate (Basic)
WARN : General      f:0 st:187,541,309 at XuiSkin$EntityUiStyle.Load          > Could not find icon: Build_AnvilStone, script = Stone Anvil
WARN : General      f:0 st:187,541,310 at XuiSkin$EntityUiStyle.LoadComponentInfo> Could not find icon: Build_AnvilStone
WARN : General      f:0 st:187,541,310 at XuiSkin$EntityUiStyle.Load          > Could not find icon: Item_WaterTank, script = Water Dispenser
WARN : General      f:0 st:187,541,310 at XuiSkin$EntityUiStyle.Load          > Could not find icon: Build_DoorframeMetal, script = Metal Doorframe (Basic)
WARN : General      f:0 st:187,541,310 at XuiSkin$EntityUiStyle.Load          > Could not find icon: Build_LeanToShelterLeather, script = Leather Shelter
WARN : General      f:0 st:187,541,310 at XuiSkin$EntityUiStyle.Load          > Could not find icon: Build_DoorframeMetal, script = Metal Doorframe (Craftsman)
WARN : General      f:0 st:187,541,311 at XuiSkin$EntityUiStyle.Load          > Could not find icon: Build_TableLargeWood, script = Wooden Table (Advanced)
WARN : General      f:0 st:187,541,311 at XuiSkin$EntityUiStyle.LoadComponentInfo> Could not find icon: Build_TableLargeWood
WARN : General      f:0 st:187,541,311 at XuiSkin$EntityUiStyle.Load          > Could not find icon: Build_LogSeat2, script = Crude Wooden Stool
WARN : General      f:0 st:187,541,311 at XuiSkin$EntityUiStyle.Load          > Could not find icon: Build_TableLargeWood, script = Wooden Table (Basic)
WARN : General      f:0 st:187,541,311 at XuiSkin$EntityUiStyle.LoadComponentInfo> Could not find icon: Build_TableLargeWood
WARN : General      f:0 st:187,541,312 at XuiSkin$EntityUiStyle.Load          > Could not find icon: Build_TableLargeWood, script = Wooden Table (Craftsman)
WARN : General      f:0 st:187,541,312 at XuiSkin$EntityUiStyle.LoadComponentInfo> Could not find icon: Build_TableLargeWood
WARN : General      f:0 st:187,541,312 at XuiSkin$EntityUiStyle.Load          > Could not find icon: Build_HerbDryerSmall, script = Simple Small Plant Drying Rack
WARN : General      f:0 st:187,541,312 at XuiSkin$EntityUiStyle.Load          > Could not find icon: Build_DoorframeBrick, script = Brick Doorframe (Basic)
WARN : General      f:0 st:187,541,313 at XuiSkin$EntityUiStyle.Load          > Could not find icon: Build_DoorframeBrick, script = Brick Doorframe (Craftsman)
WARN : General      f:0 st:187,541,313 at XuiSkin$EntityUiStyle.Load          > Could not find icon: Item_Key_Blank, script = Key Duplicator
WARN : General      f:0 st:187,541,313 at XuiSkin$EntityUiStyle.Load          > Could not find icon: Build_MetalCounter, script = Metal Counter (Basic)
WARN : General      f:0 st:187,541,313 at XuiSkin$EntityUiStyle.Load          > Could not find icon: Build_MetalCounter, script = Metal Counter (Craftsman)
WARN : General      f:0 st:187,541,313 at XuiSkin$EntityUiStyle.Load          > Could not find icon: Build_WallLogs, script = Log Wall
WARN : General      f:0 st:187,541,314 at XuiSkin$EntityUiStyle.Load          > Could not find icon: Item_Anvil_Forged, script = Electric Blower Forge
WARN : General      f:0 st:187,541,314 at XuiSkin$EntityUiStyle.LoadComponentInfo> Could not find icon: Item_Anvil_Forged
WARN : General      f:0 st:187,541,314 at XuiSkin$EntityUiStyle.Load          > Could not find icon: Build_DryingFrameSmall, script = Small Leather Drying Rack
WARN : General      f:0 st:187,541,314 at XuiSkin$EntityUiStyle.Load          > Could not find icon: Build_WindowframeStone, script = Stone Window Frame
WARN : General      f:0 st:187,541,314 at XuiSkin$EntityUiStyle.Load          > Could not find icon: Build_FurnaceAdvanced, script = Advanced Furnace
WARN : General      f:0 st:187,541,315 at XuiSkin$EntityUiStyle.Load          > Could not find icon: Build_DryingFrameSmall, script = Medium Leather Drying Rack
WARN : General      f:0 st:187,541,315 at XuiSkin$EntityUiStyle.Load          > Could not find icon: Item_Rock, script = Grinding Slab
WARN : General      f:0 st:187,541,315 at XuiSkin$EntityUiStyle.LoadComponentInfo> Could not find icon: Item_Rock
WARN : General      f:0 st:187,541,315 at XuiSkin$EntityUiStyle.Load          > Could not find icon: Build_BarrelOven, script = Metal Barrel Oven
WARN : General      f:0 st:187,541,315 at XuiSkin$EntityUiStyle.Load          > Could not find icon: Build_CharcoalDrum, script = Charcoal Burning Barrel
WARN : General      f:0 st:187,541,316 at XuiSkin$EntityUiStyle.Load          > Could not find icon: Build_StairsWood, script = Wooden Stairs
WARN : General      f:0 st:187,541,316 at XuiSkin$EntityUiStyle.Load          > Could not find icon: Item_Ingot_Steel, script = Arc Furnace
WARN : General      f:0 st:187,541,316 at XuiSkin$EntityUiStyle.LoadComponentInfo> Could not find icon: Item_Ingot_Steel
WARN : General      f:0 st:187,541,316 at XuiSkin$EntityUiStyle.Load          > Could not find icon: Build_TroughMetal, script = Long Metal Feeding Trough
WARN : General      f:0 st:187,541,316 at XuiSkin$EntityUiStyle.Load          > Could not find icon: Build_KilnLarge, script = Advanced Kiln
WARN : General      f:0 st:187,541,317 at XuiSkin$EntityUiStyle.Load          > Could not find icon: Build_ShelfWood, script = Wooden Shelf (Basic)
WARN : General      f:0 st:187,541,317 at XuiSkin$EntityUiStyle.Load          > Could not find icon: Build_RainCollectorCrate2, script = Rain Collector Crate (Garbage Bags)
WARN : General      f:0 st:187,541,317 at XuiSkin$EntityUiStyle.Load          > Could not find icon: Build_HerbDryerLarge, script = Simple Large Plant Drying Rack
WARN : General      f:0 st:187,541,317 at XuiSkin$EntityUiStyle.Load          > Could not find icon: Build_WoodPicket, script = Wooden Marker
WARN : General      f:0 st:187,541,318 at XuiSkin$EntityUiStyle.Load          > Could not find icon: Build_ShelfWood, script = Wooden Shelf (Craftsman)
WARN : General      f:0 st:187,541,318 at XuiSkin$EntityUiStyle.Load          > Could not find icon: Build_FloorSand, script = Sand Floor
WARN : General      f:0 st:187,541,318 at XuiSkin$EntityUiStyle.Load          > Could not find icon: Build_Sidetable, script = Wood Table with Drawer
WARN : General      f:0 st:187,541,318 at XuiSkin$EntityUiStyle.Load          > Could not find icon: Build_TanningBarrel, script = Tannin Barrel
WARN : General      f:0 st:187,541,318 at XuiSkin$EntityUiStyle.Load          > Could not find icon: Build_Sidetable, script = Wooden Table with Drawer (Craftsman)
WARN : General      f:0 st:187,541,319 at XuiSkin$EntityUiStyle.Load          > Could not find icon: Build_Sidetable, script = Wooden Table with Drawer (Basic)
WARN : General      f:0 st:187,541,319 at XuiSkin$EntityUiStyle.Load          > Could not find icon: Build_Bed, script = Wooden Bed
WARN : General      f:0 st:187,541,319 at XuiSkin$EntityUiStyle.Load          > Could not find icon: Build_SmeltingFurnace, script = Simple Forge
WARN : General      f:0 st:187,541,319 at XuiSkin$EntityUiStyle.Load          > Could not find icon: Build_LogBench, script = Log Bench
WARN : General      f:0 st:187,541,319 at XuiSkin$EntityUiStyle.Load          > Could not find icon: Build_StickBookcaseSmall, script = Crude Small Wooden Bookcase
WARN : General      f:0 st:187,541,320 at XuiSkin$EntityUiStyle.Load          > Could not find icon: Item_WaterDrop, script = Water Pump
WARN : General      f:0 st:187,541,320 at XuiSkin$EntityUiStyle.Load          > Could not find icon: Build_Grindstone, script = Grindstone
WARN : General      f:0 st:187,541,320 at XuiSkin$EntityUiStyle.Load          > Could not find icon: Item_Hacksaw, script = Metal Bandsaw
WARN : General      f:0 st:187,541,320 at XuiSkin$EntityUiStyle.Load          > Could not find icon: Build_BookcaseShort, script = Small Wooden Bookcase (Craftsman)
WARN : General      f:0 st:187,541,320 at XuiSkin$EntityUiStyle.Load          > Could not find icon: Build_MetalworkBench, script = Metalworkbench
WARN : General      f:0 st:187,541,321 at XuiSkin$EntityUiStyle.LoadComponentInfo> Could not find icon: Build_MetalworkBench
WARN : General      f:0 st:187,541,321 at XuiSkin$EntityUiStyle.Load          > Could not find icon: Item_Handle, script = Wooden Fence Post
WARN : General      f:0 st:187,541,321 at XuiSkin$EntityUiStyle.LoadComponentInfo> Could not find icon: Item_Handle
WARN : General      f:0 st:187,541,321 at XuiSkin$EntityUiStyle.Load          > Could not find icon: Build_BookcaseShort, script = Small Wooden Bookcase (Basic)
WARN : General      f:0 st:187,541,321 at XuiSkin$EntityUiStyle.Load          > Could not find icon: Build_Composter, script = Composter (Basic)
WARN : General      f:0 st:187,541,321 at XuiSkin$EntityUiStyle.Load          > Could not find icon: Build_FenceStakes, script = Crude Wooden Fence
WARN : General      f:0 st:187,541,322 at XuiSkin$EntityUiStyle.Load          > Could not find icon: Build_DoorframeLogs, script = Log Doorframe
WARN : General      f:0 st:187,541,322 at XuiSkin$EntityUiStyle.Load          > Could not find icon: Build_DoorFenceWood, script = Wooden Fence Gate
WARN : General      f:0 st:187,541,322 at XuiSkin$EntityUiStyle.Load          > Could not find icon: Build_SofteningBeam, script = Softening Beam
WARN : General      f:0 st:187,541,322 at XuiSkin$EntityUiStyle.Load          > Could not find icon: Build_ShortWireFence, script = Small Metal Wire Fence
WARN : General      f:0 st:187,541,323 at XuiSkin$EntityUiStyle.Load          > Could not find icon: Build_Stake_SkullStag, script = Deer Skull Pole
WARN : General      f:0 st:187,541,323 at XuiSkin$EntityUiStyle.Load          > Could not find icon: Item_Charcoal, script = Pit of Coals
WARN : General      f:0 st:187,541,323 at XuiSkin$EntityUiStyle.Load          > Could not find icon: Build_HerbDryerSmall, script = Small Plant Drying Rack
WARN : General      f:0 st:187,541,323 at XuiSkin$EntityUiStyle.Load          > Could not find icon: Item_BlowTorch, script = Metalwork Lathe
WARN : General      f:0 st:187,541,323 at XuiSkin$EntityUiStyle.LoadComponentInfo> Could not find icon: Item_BlowTorch
WARN : General      f:0 st:187,541,324 at XuiSkin$EntityUiStyle.Load          > Could not find icon: Build_LogTable2, script = Crude Wooden Table
WARN : General      f:0 st:187,541,324 at XuiSkin$EntityUiStyle.Load          > Could not find icon: Build_Coffin, script = Wooden Coffin
WARN : General      f:0 st:187,541,324 at XuiSkin$EntityUiStyle.Load          > Could not find icon: Build_Stake_Antlers, script = Antlers Pole
WARN : General      f:0 st:187,541,324 at XuiSkin$EntityUiStyle.Load          > Could not find icon: Build_Stake_SkullSheep, script = Sheep Skull Pole
WARN : General      f:0 st:187,541,325 at XuiSkin$EntityUiStyle.Load          > Could not find icon: Item_WaterDrop, script = Steam Turbine
WARN : General      f:0 st:187,541,325 at XuiSkin$EntityUiStyle.Load          > Could not find icon: Build_Coop2, script = Chicken Hutch (Dark Wood)
WARN : General      f:0 st:187,541,325 at XuiSkin$EntityUiStyle.Load          > Could not find icon: Build_FenceOpenLogs, script = Wide Log Gate
WARN : General      f:0 st:187,541,325 at XuiSkin$EntityUiStyle.Load          > Could not find icon: Build_PoleGate, script = Big Pole Fence Gate
WARN : General      f:0 st:187,541,325 at XuiSkin$EntityUiStyle.Load          > Could not find icon: Build_StairsLogs, script = Log Stairs
WARN : General      f:0 st:187,541,326 at XuiSkin$EntityUiStyle.Load          > Could not find icon: Item_Toast, script = Toaster
WARN : General      f:0 st:187,541,326 at XuiSkin$EntityUiStyle.Load          > Could not find icon: Build_FloorTilePorcelain, script = Tile Floor
WARN : General      f:0 st:187,541,326 at XuiSkin$EntityUiStyle.Load          > Could not find icon: Build_CrossSimple, script = Crude Wooden Cross
WARN : General      f:0 st:187,541,326 at XuiSkin$EntityUiStyle.Load          > Could not find icon: Item_Charcoal, script = Large Pit of Coals
WARN : General      f:0 st:187,541,326 at XuiSkin$EntityUiStyle.Load          > Could not find icon: Build_ButcherHook, script = Butcher Hook
WARN : General      f:0 st:187,541,327 at XuiSkin$EntityUiStyle.Load          > Could not find icon: Build_SpinningWheel, script = Spinning Wheel
WARN : General      f:0 st:187,541,327 at XuiSkin$EntityUiStyle.Load          > Could not find icon: Build_Coop, script = Chicken Hutch (Light Wood)
WARN : General      f:0 st:187,541,327 at XuiSkin$EntityUiStyle.Load          > Could not find icon: Build_Bookcase, script = Wooden Bookcase (Basic)
WARN : General      f:0 st:187,541,327 at XuiSkin$EntityUiStyle.LoadComponentInfo> Could not find icon: Build_Bookcase
WARN : General      f:0 st:187,541,327 at XuiSkin$EntityUiStyle.Load          > Could not find icon: Item_Petrol, script = Generator Maintenance
WARN : General      f:0 st:187,541,327 at XuiSkin$EntityUiStyle.Load          > Could not find icon: Build_Bookcase, script = Wooden Bookcase (Craftsman)
WARN : General      f:0 st:187,541,328 at XuiSkin$EntityUiStyle.Load          > Could not find icon: Build_BarricadeWindow_Bars, script = Metal Bar Barricade
WARN : General      f:0 st:187,541,328 at XuiSkin$EntityUiStyle.Load          > Could not find icon: Build_Stake_SkullBull, script = Bull Skull Pole
WARN : General      f:0 st:187,541,328 at XuiSkin$EntityUiStyle.Load          > Could not find icon: Build_Wall_Plaster, script = Plaster Wall
WARN : General      f:0 st:187,541,328 at XuiSkin$EntityUiStyle.Load          > Could not find icon: Build_CookingPit, script = Fire Pit (Stone Blocks)
WARN : General      f:0 st:187,541,328 at XuiSkin$EntityUiStyle.Load          > Could not find icon: Build_LoomSimple, script = Simple Loom
WARN : General      f:0 st:187,541,329 at XuiSkin$EntityUiStyle.Load          > Could not find icon: Build_WoodSign_Skull, script = Paint Sign - Skull
WARN : General      f:0 st:187,541,329 at XuiSkin$EntityUiStyle.Load          > Could not find icon: Build_WindowframeMetal, script = Metal Window Frame (Basic)
WARN : General      f:0 st:187,541,329 at XuiSkin$EntityUiStyle.Load          > Could not find icon: Build_WindowframeMetal, script = Metal Window Frame (Craftsman)
WARN : General      f:0 st:187,541,330 at XuiSkin$EntityUiStyle.Load          > Could not find icon: Build_DoubleWireGate, script = Double Tall Wire Fence Gate
WARN : General      f:0 st:187,541,330 at XuiSkin$EntityUiStyle.Load          > Could not find icon: Build_RainCollectorBarrel, script = Rain Collector Barrel (Tarp)
WARN : General      f:0 st:187,541,330 at XuiSkin$EntityUiStyle.Load          > Could not find icon: Build_FenceBrick, script = Short Brick Wall
WARN : General      f:0 st:187,541,330 at XuiSkin$EntityUiStyle.Load          > Could not find icon: Build_LogSeat, script = Short Log Bench
WARN : General      f:0 st:187,541,330 at XuiSkin$EntityUiStyle.LoadComponentInfo> Could not find icon: Build_LogSeat
WARN : General      f:0 st:187,541,331 at XuiSkin$EntityUiStyle.Load          > Could not find icon: Build_FenceMetalPosts, script = Metal Pole Fence
WARN : General      f:0 st:187,541,331 at XuiSkin$EntityUiStyle.Load          > Could not find icon: Build_DoorWood, script = Wooden Door (Advanced)
WARN : General      f:0 st:187,541,331 at XuiSkin$EntityUiStyle.Load          > Could not find icon: Build_WallframeMetal, script = Metal Wall Frame
WARN : General      f:0 st:187,541,331 at XuiSkin$EntityUiStyle.Load          > Could not find icon: Build_DoorWood, script = Wooden Door (Basic)
WARN : General      f:0 st:187,541,331 at XuiSkin$EntityUiStyle.Load          > Could not find icon: Build_WallframeWood, script = Wooden Wall Frame
WARN : General      f:0 st:187,541,332 at XuiSkin$EntityUiStyle.Load          > Could not find icon: Item_Anvil_Stone, script = Primitive Forge
WARN : General      f:0 st:187,541,332 at XuiSkin$EntityUiStyle.Load          > Could not find icon: Build_DoorMetal, script = Metal Door (Poor)
WARN : General      f:0 st:187,541,332 at XuiSkin$EntityUiStyle.Load          > Could not find icon: Build_DoorWeldedMetal, script = Metal Door (Shoddy)
WARN : General      f:0 st:187,541,332 at XuiSkin$EntityUiStyle.Load          > Could not find icon: Build_DoorWood, script = Wooden Door (Craftsman)
WARN : General      f:0 st:187,541,332 at XuiSkin$EntityUiStyle.Load          > Could not find icon: Build_Cross, script = Wooden Cross
WARN : General      f:0 st:187,541,333 at XuiSkin$EntityUiStyle.Load          > Could not find icon: Build_ShelvesWood, script = Double Wooden Shelves
WARN : General      f:0 st:187,541,333 at XuiSkin$EntityUiStyle.Load          > Could not find icon: Item_MugFulll, script = Coffee Machine
WARN : General      f:0 st:187,541,333 at XuiSkin$EntityUiStyle.Load          > Could not find icon: Item_RailroadRail_Short, script = Makeshift Electric Blower Forge
WARN : General      f:0 st:187,541,333 at XuiSkin$EntityUiStyle.LoadComponentInfo> Could not find icon: Item_RailroadRail_Short
WARN : General      f:0 st:187,541,333 at XuiSkin$EntityUiStyle.Load          > Could not find icon: Build_LeanToShelterTarp, script = Tarp Shelter
WARN : General      f:0 st:187,541,334 at XuiSkin$EntityUiStyle.Load          > Could not find icon: Build_HerbDryerLarge, script = Large Plant Drying Rack
WARN : General      f:0 st:187,541,334 at XuiSkin$EntityUiStyle.Load          > Could not find icon: Build_StoneQuern, script = Stone Quern
WARN : General      f:0 st:187,541,334 at XuiSkin$EntityUiStyle.LoadComponentInfo> Could not find icon: Build_StoneQuern
WARN : General      f:0 st:187,541,334 at XuiSkin$EntityUiStyle.Load          > Could not find icon: Build_WoodSign, script = Wooden Sign
WARN : General      f:0 st:187,541,334 at XuiSkin$EntityUiStyle.Load          > Could not find icon: Build_WoodPole_Tall, script = Wooden Pole
WARN : General      f:0 st:187,541,335 at XuiSkin$EntityUiStyle.Load          > Could not find icon: Build_WoodSign_Down, script = Paint Sign - Down Arrow
WARN : General      f:0 st:187,541,335 at XuiSkin$EntityUiStyle.Load          > Could not find icon: Item_Dice, script = Test Entity
WARN : General      f:0 st:187,541,335 at XuiSkin$EntityUiStyle.LoadComponentInfo> Could not find icon: Item_Note2
WARN : General      f:0 st:187,541,335 at XuiSkin$EntityUiStyle.Load          > Could not find icon: Build_SandbagWall, script = Sandbag Wall
WARN : General      f:0 st:187,541,336 at XuiSkin$EntityUiStyle.Load          > Could not find icon: Build_SmeltingFurnace, script = Simple Furnace
WARN : General      f:0 st:187,541,336 at XuiSkin$EntityUiStyle.Load          > Could not find icon: Build_BarricadeWindow_Plank, script = Planks Barricade
WARN : General      f:0 st:187,541,336 at XuiSkin$EntityUiStyle.Load          > Could not find icon: Item_Logs, script = Tree Stump
WARN : General      f:0 st:187,541,336 at XuiSkin$EntityUiStyle.LoadComponentInfo> Could not find icon: Item_Logs
WARN : General      f:0 st:187,541,336 at XuiSkin$EntityUiStyle.Load          > Could not find icon: Build_CrateWood, script = Wooden Crate (Craftsman)
WARN : General      f:0 st:187,541,337 at XuiSkin$EntityUiStyle.Load          > Could not find icon: Build_TallWireGate, script = Big Wire Fence Gate
WARN : General      f:0 st:187,541,337 at XuiSkin$EntityUiStyle.Load          > Could not find icon: Build_CrateWood, script = Wooden Crate (Basic)
WARN : General      f:0 st:187,541,337 at XuiSkin$EntityUiStyle.Load          > Could not find icon: Build_DoubleWireFence, script = Big Wire Fence
WARN : General      f:0 st:187,541,337 at XuiSkin$EntityUiStyle.Load          > Could not find icon: Build_Composter, script = Composter (Craftsman)
WARN : General      f:0 st:187,541,337 at XuiSkin$EntityUiStyle.Load          > Could not find icon: Build_Amphora, script = Amphora
WARN : General      f:0 st:187,541,338 at XuiSkin$EntityUiStyle.Load          > Could not find icon: Build_Coalpit, script = Charcoal Burning Pile
WARN : General      f:0 st:187,541,338 at XuiSkin$EntityUiStyle.Load          > Could not find icon: Build_FloorTileWood, script = Wooden Floor (Craftsman)
WARN : General      f:0 st:187,541,338 at XuiSkin$EntityUiStyle.Load          > Could not find icon: Build_FloorTileWood, script = Wooden Floor (Advanced)
WARN : General      f:0 st:187,541,338 at XuiSkin$EntityUiStyle.Load          > Could not find icon: Build_FloorTileWood, script = Wooden Floor (Basic)
WARN : General      f:0 st:187,541,338 at XuiSkin$EntityUiStyle.Load          > Could not find icon: Item_CarBatteryCharger, script = CeroSec - FS-800
WARN : General      f:0 st:187,541,339 at XuiSkin$EntityUiStyle.Load          > Could not find icon: Build_Wall_Wallpaper, script = Apply Wallpaper
WARN : General      f:0 st:187,541,339 at XuiSkin$EntityUiStyle.Load          > Could not find icon: Build_Chair, script = Wooden Chair (Basic)
WARN : General      f:0 st:187,541,339 at XuiSkin$EntityUiStyle.Load          > Could not find icon: Build_FlashlightLamp, script = Wooden Flashlight Pillar
WARN : General      f:0 st:187,541,339 at XuiSkin$EntityUiStyle.Load          > Could not find icon: Build_Chair, script = Wooden Chair (Advanced)
WARN : General      f:0 st:187,541,339 at XuiSkin$EntityUiStyle.Load          > Could not find icon: Build_FenceHighMetalPosts, script = Big Metal Pole Fence
WARN : General      f:0 st:187,541,340 at XuiSkin$EntityUiStyle.Load          > Could not find icon: Build_Chair, script = Wooden Chair (Craftsman)
WARN : General      f:0 st:187,541,340 at XuiSkin$EntityUiStyle.Load          > Could not find icon: Build_LogStool, script = Log Stool
WARN : General      f:0 st:187,541,340 at XuiSkin$EntityUiStyle.Load          > Could not find icon: Build_TableSmallWood, script = Small Wooden Table (Craftsman)
WARN : General      f:0 st:187,541,340 at XuiSkin$EntityUiStyle.LoadComponentInfo> Could not find icon: Build_TableSmallWood
WARN : General      f:0 st:187,541,340 at XuiSkin$EntityUiStyle.Load          > Could not find icon: Build_TableSmallWood, script = Small Wooden Table (Advanced)
WARN : General      f:0 st:187,541,341 at XuiSkin$EntityUiStyle.LoadComponentInfo> Could not find icon: Build_TableSmallWood
WARN : General      f:0 st:187,541,341 at XuiSkin$EntityUiStyle.Load          > Could not find icon: Build_TableSmallWood, script = Small Wooden Table (Basic)
WARN : General      f:0 st:187,541,341 at XuiSkin$EntityUiStyle.LoadComponentInfo> Could not find icon: Build_TableSmallWood
WARN : General      f:0 st:187,541,341 at XuiSkin$EntityUiStyle.Load          > Could not find icon: Item_CarBatteryCharger, script = Test Kiln
WARN : General      f:0 st:187,541,342 at XuiSkin$EntityUiStyle.LoadComponentInfo> Could not find icon: Item_Note2
WARN : General      f:0 st:187,541,342 at XuiSkin$EntityUiStyle.Load          > Could not find icon: Build_ShortWireGate, script = Metal Wire Fence Gate
WARN : General      f:0 st:187,541,342 at XuiSkin$EntityUiStyle.Load          > Could not find icon: Build_LogSeat, script = Log Seat
WARN : General      f:0 st:187,541,342 at XuiSkin$EntityUiStyle.Load          > Could not find icon: Item_PropaneTank, script = Steam Boiler
WARN : General      f:0 st:187,541,343 at XuiSkin$EntityUiStyle.Load          > Could not find icon: Build_TroughWoodLong, script = Long Wooden Feeding Trough
WARN : General      f:0 st:187,541,343 at XuiSkin$EntityUiStyle.Load          > Could not find icon: Build_MetalworkTable, script = Metalwork Table
WARN : General      f:0 st:187,541,343 at XuiSkin$EntityUiStyle.LoadComponentInfo> Could not find icon: Build_MetalworkTable
WARN : General      f:0 st:187,541,344 at XuiSkin$EntityUiStyle.Load          > Could not find icon: Item_Dice, script = Entity_DisplayName_Default
WARN : General      f:0 st:187,541,344 at XuiSkin$EntityUiStyle.LoadComponentInfo> Could not find icon: Item_Dice
WARN : General      f:0 st:187,541,344 at XuiSkin$EntityUiStyle.LoadComponentInfo> Could not find icon: Item_Dice
WARN : General      f:0 st:187,541,345 at XuiSkin$EntityUiStyle.LoadComponentInfo> Could not find icon: Item_Dice
WARN : General      f:0 st:187,541,345 at XuiSkin$EntityUiStyle.LoadComponentInfo> Could not find icon: Item_Dice
WARN : General      f:0 st:187,541,345 at XuiSkin$EntityUiStyle.Load          > Could not find icon: Build_FloorDirt, script = Dirt Floor
WARN : General      f:0 st:187,541,345 at XuiSkin$EntityUiStyle.Load          > Could not find icon: Build_DoorframeStone, script = Stone Doorframe
WARN : General      f:0 st:187,541,346 at XuiSkin$EntityUiStyle.Load          > Could not find icon: Build_PotteryBench, script = Pottery Bench
WARN : General      f:0 st:187,541,346 at XuiSkin$EntityUiStyle.LoadComponentInfo> Could not find icon: Build_PotteryBench
WARN : General      f:0 st:187,541,346 at XuiSkin$EntityUiStyle.Load          > Could not find icon: Build_Cairn, script = Stone Cairn
WARN : General      f:0 st:187,541,347 at XuiSkin$EntityUiStyle.Load          > Could not find icon: Build_WallWood, script = Wooden Wall (Advanced)
WARN : General      f:0 st:187,541,347 at XuiSkin$EntityUiStyle.Load          > Could not find icon: Build_WallWood, script = Wooden Wall (Basic)
WARN : General      f:0 st:187,541,347 at XuiSkin$EntityUiStyle.Load          > Could not find icon: Build_LeanToShelterSticks, script = Lean-to Shelter
WARN : General      f:0 st:187,541,347 at XuiSkin$EntityUiStyle.Load          > Could not find icon: Build_PotteryWheel, script = Pottery Wheel
WARN : General      f:0 st:187,541,348 at XuiSkin$EntityUiStyle.LoadComponentInfo> Could not find icon: Build_PotteryWheel
WARN : General      f:0 st:187,541,348 at XuiSkin$EntityUiStyle.Load          > Could not find icon: Build_CabinetStone, script = Stone Cabinet
WARN : General      f:0 st:187,541,348 at XuiSkin$EntityUiStyle.Load          > Could not find icon: Build_WallWood, script = Wooden Wall (Craftsman)
WARN : General      f:0 st:187,541,348 at XuiSkin$EntityUiStyle.Load          > Could not find icon: Build_WoodSign_Left, script = Paint Sign - Left Arrow
WARN : General      f:0 st:187,541,348 at XuiSkin$EntityUiStyle.Load          > Could not find icon: Build_PrimitiveFurnace, script = Primitive Furnace
WARN : General      f:0 st:187,541,349 at XuiSkin$EntityUiStyle.Load          > Could not find icon: Build_DoorframeWood, script = Wooden Doorframe (Craftsman)
WARN : General      f:0 st:187,541,349 at XuiSkin$EntityUiStyle.Load          > Could not find icon: Build_DoorframeWood, script = Wooden Doorframe (Advanced)
WARN : General      f:0 st:187,541,349 at XuiSkin$EntityUiStyle.Load          > Could not find icon: Build_DoorframeWood, script = Wooden Doorframe (Basic)
WARN : General      f:0 st:187,541,349 at XuiSkin$EntityUiStyle.Load          > Could not find icon: Build_WindowframeLogs, script = Log Window Frame
WARN : General      f:0 st:187,541,350 at XuiSkin$EntityUiStyle.Load          > Could not find icon: Build_FloorGravel, script = Gravel Floor
WARN : General      f:0 st:187,541,350 at XuiSkin$EntityUiStyle.Load          > Could not find icon: Item_WaterBottle, script = Bottling Machine
WARN : General      f:0 st:187,541,350 at XuiSkin$EntityUiStyle.Load          > Could not find icon: Build_WallBrick, script = Brick Wall (Basic)
WARN : General      f:0 st:187,541,350 at XuiSkin$EntityUiStyle.Load          > Could not find icon: Build_WallBrick, script = Brick Wall (Craftsman)
WARN : General      f:0 st:187,541,350 at XuiSkin$EntityUiStyle.Load          > Could not find icon: Build_DryingFrameLarge, script = Large Leather Drying Rack
WARN : General      f:0 st:187,541,350 at XuiSkin$EntityUiStyle.Load          > Could not find icon: Build_RippleComb, script = Ripple Comb
WARN : General      f:0 st:187,541,351 at XuiSkin$EntityUiStyle.Load          > Could not find icon: Build_Wall_Paint, script = Paint Wall / Item
WARN : General      f:0 st:187,541,351 at XuiSkin$EntityUiStyle.Load          > Could not find icon: Build_FenceWood, script = Wooden Fence (Craftsman)
WARN : General      f:0 st:187,541,351 at XuiSkin$EntityUiStyle.Load          > Could not find icon: Build_FenceWood, script = Wooden Fence (Advanced)
WARN : General      f:0 st:187,541,351 at XuiSkin$EntityUiStyle.Load          > Could not find icon: Build_LogTable, script = Log Table
WARN : General      f:0 st:187,541,351 at XuiSkin$EntityUiStyle.Load          > Could not find icon: Build_FenceWood, script = Wooden Fence (Basic)
WARN : General      f:0 st:187,541,352 at XuiSkin$EntityUiStyle.Load          > Could not find icon: Build_ForgeAdvanced, script = Advanced Forge
WARN : General      f:0 st:187,541,352 at XuiSkin$EntityUiStyle.Load          > Could not find icon: Build_GunLocker, script = Small Metal Locker (Craftsman)
WARN : General      f:0 st:187,541,352 at XuiSkin$EntityUiStyle.Load          > Could not find icon: Build_GunLocker, script = Small Metal Locker (Basic)
WARN : General      f:0 st:187,541,352 at XuiSkin$EntityUiStyle.Load          > Could not find icon: Build_RainCollectorCrate, script = Rain Collector Crate (Tarp)
WARN : General      f:0 st:187,541,352 at XuiSkin$EntityUiStyle.Load          > Could not find icon: Build_ButterChurn, script = Butter Churn
WARN : General      f:0 st:187,541,353 at XuiSkin$EntityUiStyle.Load          > Could not find icon: Build_Stake_SkullCow, script = Cow Skull Pole
WARN : General      f:0 st:187,541,353 at XuiSkin$EntityUiStyle.Load          > Could not find icon: Build_FloorTileMetal, script = Metal Floor
WARN : General      f:0 st:187,541,353 at XuiSkin$EntityUiStyle.Load          > Could not find icon: Build_Handpress, script = Hand-Operated Press
WARN : General      f:0 st:187,541,354 at XuiSkin$EntityUiStyle.LoadComponentInfo> Could not find icon: Build_Handpress
WARN : General      f:0 st:187,541,354 at XuiSkin$EntityUiStyle.Load          > Could not find icon: Build_MetalCounterCorner, script = Metal Counter Corner (Craftsman)
WARN : General      f:0 st:187,541,354 at XuiSkin$EntityUiStyle.Load          > Could not find icon: Build_MetalCounterCorner, script = Metal Counter Corner (Basic)
WARN : General      f:0 st:187,541,354 at XuiSkin$EntityUiStyle.Load          > Could not find icon: Build_WoodCounterCorner, script = Wooden Counter Corner (Basic)
WARN : General      f:0 st:187,541,354 at XuiSkin$EntityUiStyle.Load          > Could not find icon: Build_HeckleComb, script = Heckle Comb
WARN : General      f:0 st:187,541,355 at XuiSkin$EntityUiStyle.Load          > Could not find icon: Build_Stake_SkullPig, script = Pig Skull Pole
WARN : General      f:0 st:187,541,355 at XuiSkin$EntityUiStyle.Load          > Could not find icon: Build_ScutchingBoard, script = Scutching Board
WARN : General      f:0 st:187,541,355 at XuiSkin$EntityUiStyle.Load          > Could not find icon: Build_FenceMetalPosts, script = Metal Pole Fence Gate
WARN : General      f:0 st:187,541,355 at XuiSkin$EntityUiStyle.Load          > Could not find icon: Build_DoublePoleGate, script = Double Tall Metal Pole Gate
WARN : General      f:0 st:187,541,355 at XuiSkin$EntityUiStyle.Load          > Could not find icon: Build_WoodCounter, script = Wooden Counter (Advanced)
WARN : General      f:0 st:187,541,356 at XuiSkin$EntityUiStyle.Load          > Could not find icon: Build_WoodCounterCorner, script = Wooden Counter Corner (Craftsman)
WARN : General      f:0 st:187,541,356 at XuiSkin$EntityUiStyle.Load          > Could not find icon: Build_WoodCounter, script = Wooden Counter (Basic)
WARN : General      f:0 st:187,541,356 at XuiSkin$EntityUiStyle.Load          > Could not find icon: Build_WoodCounterCorner, script = Wooden Counter Corner (Advanced)
WARN : General      f:0 st:187,541,356 at XuiSkin$EntityUiStyle.Load          > Could not find icon: Build_WoodCounter, script = Wooden Counter (Craftsman)
WARN : General      f:0 st:187,541,356 at XuiSkin$EntityUiStyle.Load          > Could not find icon: Build_RainCollectorBarrel2, script = Rain Collector Barrel (Garbage Bags)
WARN : General      f:0 st:187,541,357 at XuiSkin$EntityUiStyle.Load          > Could not find icon: Build_WoodSign_Up, script = Paint Sign - Up Arrow
WARN : General      f:0 st:187,541,357 at XuiSkin$EntityUiStyle.Load          > Could not find icon: Build_WoodSign_Right, script = Paint Sign - Right Arrow
WARN : General      f:0 st:187,541,357 at XuiSkin$EntityUiStyle.Load          > Could not find icon: Item_SheetMetal, script = Hydraulic Press
WARN : General      f:0 st:187,541,357 at XuiSkin$EntityUiStyle.Load          > Could not find icon: Build_FenceMetal, script = Metal Fence (Craftsman)
WARN : General      f:0 st:187,541,357 at XuiSkin$EntityUiStyle.Load          > Could not find icon: Build_FenceLogs, script = Log Fence
WARN : General      f:0 st:187,541,358 at XuiSkin$EntityUiStyle.Load          > Could not find icon: Build_FenceMetal, script = Metal Fence (Basic)
WARN : General      f:0 st:187,541,358 at XuiSkin$EntityUiStyle.Load          > Could not find icon: Item_Orange, script = Juice Maker
WARN : General      f:0 st:187,541,358 at XuiSkin$EntityUiStyle.Load          > Could not find icon: Build_Campfire, script = Campfire
WARN : General      f:0 st:187,541,358 at XuiSkin$EntityUiStyle.LoadComponentInfo> Could not find icon: Build_Campfire
WARN : General      f:0 st:187,541,358 at XuiSkin$EntityUiStyle.Load          > Could not find icon: Build_StairsMetal, script = Metal Stairs
WARN : General      f:0 st:187,541,359 at XuiSkin$EntityUiStyle.Load          > Could not find icon: Build_TroughWoodShort, script = Short Wooden Feeding Trough
WARN : General      f:0 st:187,541,359 at XuiSkin$EntityUiStyle.Load          > Could not find icon: Item_Anvil_Forged, script = Advanced Makeshift Electric Blower Forge
WARN : General      f:0 st:187,541,359 at XuiSkin$EntityUiStyle.LoadComponentInfo> Could not find icon: Item_Anvil_Forged
WARN : General      f:0 st:187,541,359 at XuiSkin$EntityUiStyle.Load          > Could not find icon: Build_WallStone, script = Stone Wall
WARN : General      f:0 st:187,541,360 at XuiSkin$EntityUiStyle.Load          > Could not find icon: Build_Stake_SkullDoe, script = Doe Skull Pole
WARN : General      f:0 st:187,541,360 at XuiSkin$EntityUiStyle.Load          > Could not find icon: Build_WindowBlack, script = Wooden Windows
WARN : General      f:0 st:187,541,360 at XuiSkin$EntityUiStyle.Load          > Could not find icon: Item_Clamp_Forged, script = Standing Drill Press
WARN : General      f:0 st:187,541,360 at XuiSkin$EntityUiStyle.LoadComponentInfo> Could not find icon: Item_Clamp_Forged
WARN : General      f:0 st:187,541,360 at XuiSkin$EntityUiStyle.Load          > Could not find icon: Build_KilnSmall, script = Primitive Kiln
WARN : General      f:0 st:187,541,360 at XuiSkin$EntityUiStyle.Load          > Could not find icon: Build_ShelvesMetal, script = Metal Shelves (Basic)
WARN : General      f:0 st:187,541,361 at XuiSkin$EntityUiStyle.Load          > Could not find icon: Build_ShelvesMetal, script = Metal Shelves (Craftsman)
WARN : General      f:0 st:187,541,361 at XuiSkin$EntityUiStyle.Load          > Could not find icon: Build_DomeKiln, script = Dome Kiln
WARN : General      f:0 st:187,541,361 at XuiSkin$EntityUiStyle.Load          > Could not find icon: Build_Loom, script = Loom
WARN : General      f:0 st:187,541,361 at XuiSkin$EntityUiStyle.Load          > Could not find icon: Build_BarricadeWindow_Sheet, script = Metal Sheet Barricade
WARN : General      f:0 st:187,541,361 at XuiSkin$EntityUiStyle.Load          > Could not find icon: Build_DoubleWoodGate, script = Double Tall Wooden Gate
WARN : General      f:0 st:187,541,362 at XuiSkin$EntityUiStyle.Load          > Could not find icon: Build_StoneMill, script = Stone Mill
WARN : General      f:0 st:187,541,362 at XuiSkin$EntityUiStyle.LoadComponentInfo> Could not find icon: Build_StoneMill
WARN : General      f:0 st:187,541,362 at XuiSkin$EntityUiStyle.Load          > Could not find icon: Build_WallMetal, script = Metal Wall (Craftsman)
WARN : General      f:0 st:187,541,362 at XuiSkin$EntityUiStyle.Load          > Could not find icon: Item_ClayMold_Shingle, script = Well
WARN : General      f:0 st:187,541,363 at XuiSkin$EntityUiStyle.Load          > Could not find icon: Item_Boulder, script = Boulder
WARN : General      f:0 st:187,541,363 at XuiSkin$EntityUiStyle.LoadComponentInfo> Could not find icon: Item_Boulder
WARN : General      f:0 st:187,541,363 at XuiSkin$EntityUiStyle.Load          > Could not find icon: Build_WindowframeWood, script = Wooden Window Frame (Advanced)
WARN : General      f:0 st:187,541,363 at XuiSkin$EntityUiStyle.Load          > Could not find icon: Build_WindowframeWood, script = Wooden Window Frame (Craftsman)
WARN : General      f:0 st:187,541,363 at XuiSkin$EntityUiStyle.Load          > Could not find icon: Build_StickBookcase, script = Crude Wooden Bookcase
WARN : General      f:0 st:187,541,363 at XuiSkin$EntityUiStyle.Load          > Could not find icon: Build_CabinetMetal, script = Big Metal Locker (Basic)
WARN : General      f:0 st:187,541,364 at XuiSkin$EntityUiStyle.Load          > Could not find icon: Build_ChoppingBlock, script = Chopping Block
WARN : General      f:0 st:187,541,364 at XuiSkin$EntityUiStyle.LoadComponentInfo> Could not find icon: Build_ChoppingBlock
WARN : General      f:0 st:187,541,364 at XuiSkin$EntityUiStyle.Load          > Could not find icon: Build_WallMetal, script = Metal Wall (Basic)
WARN : General      f:0 st:187,541,364 at XuiSkin$EntityUiStyle.Load          > Could not find icon: Item_Logs, script = Sawmill
WARN : General      f:0 st:187,541,365 at XuiSkin$EntityUiStyle.Load          > Could not find icon: Build_WindowframeWood, script = Wooden Window Frame (Basic)
WARN : General      f:0 st:187,541,365 at XuiSkin$EntityUiStyle.Load          > Could not find icon: Build_CabinetMetal, script = Big Metal Locker (Craftsman)
WARN : General      f:0 st:187,541,365 at XuiSkin$EntityUiStyle.Load          > Could not find icon: Build_WindowframeBrick, script = Brick Window Frame (Craftsman)
WARN : General      f:0 st:187,541,365 at XuiSkin$EntityUiStyle.Load          > Could not find icon: Build_WindowframeBrick, script = Brick Window Frame (Basic)
WARN : General      f:0 st:187,541,365 at XuiSkin$EntityUiStyle.Load          > Could not find icon: Build_CookingPitSimple, script = Fire Pit (Stones)
WARN : General      f:0 st:187,541,366 at XuiSkin$EntityUiStyle.Load          > Could not find icon: Build_FenceWire, script = Barbed Wire Fence
WARN : General      f:0 st:187,541,366 at XuiSkin$EntityUiStyle.Load          > Could not find icon: Build_CrateMetal, script = Metal Crate (Craftsman)
WARN : General      f:0 st:187,541,366 at XuiSkin$EntityUiStyle.Load          > Could not find icon: Build_CrateMetal, script = Metal Crate (Basic)
WARN : General      f:0 st:187,541,366 at XuiSkin$EntityUiStyle.Load          > Could not find icon: Build_AnvilStone, script = Stone Anvil
WARN : General      f:0 st:187,541,366 at XuiSkin$EntityUiStyle.LoadComponentInfo> Could not find icon: Build_AnvilStone
WARN : General      f:0 st:187,541,367 at XuiSkin$EntityUiStyle.Load          > Could not find icon: Item_WaterTank, script = Water Dispenser
WARN : General      f:0 st:187,541,367 at XuiSkin$EntityUiStyle.Load          > Could not find icon: Build_DoorframeMetal, script = Metal Doorframe (Basic)
WARN : General      f:0 st:187,541,367 at XuiSkin$EntityUiStyle.Load          > Could not find icon: Build_LeanToShelterLeather, script = Leather Shelter
WARN : General      f:0 st:187,541,367 at XuiSkin$EntityUiStyle.Load          > Could not find icon: Build_DoorframeMetal, script = Metal Doorframe (Craftsman)
WARN : General      f:0 st:187,541,367 at XuiSkin$EntityUiStyle.Load          > Could not find icon: Build_TableLargeWood, script = Wooden Table (Advanced)
WARN : General      f:0 st:187,541,368 at XuiSkin$EntityUiStyle.LoadComponentInfo> Could not find icon: Build_TableLargeWood
WARN : General      f:0 st:187,541,368 at XuiSkin$EntityUiStyle.Load          > Could not find icon: Build_LogSeat2, script = Crude Wooden Stool
WARN : General      f:0 st:187,541,368 at XuiSkin$EntityUiStyle.Load          > Could not find icon: Build_TableLargeWood, script = Wooden Table (Basic)
WARN : General      f:0 st:187,541,368 at XuiSkin$EntityUiStyle.LoadComponentInfo> Could not find icon: Build_TableLargeWood
WARN : General      f:0 st:187,541,368 at XuiSkin$EntityUiStyle.Load          > Could not find icon: Build_TableLargeWood, script = Wooden Table (Craftsman)
WARN : General      f:0 st:187,541,368 at XuiSkin$EntityUiStyle.LoadComponentInfo> Could not find icon: Build_TableLargeWood
WARN : General      f:0 st:187,541,369 at XuiSkin$EntityUiStyle.Load          > Could not find icon: Build_HerbDryerSmall, script = Simple Small Plant Drying Rack
WARN : General      f:0 st:187,541,369 at XuiSkin$EntityUiStyle.Load          > Could not find icon: Build_DoorframeBrick, script = Brick Doorframe (Basic)
WARN : General      f:0 st:187,541,369 at XuiSkin$EntityUiStyle.Load          > Could not find icon: Build_DoorframeBrick, script = Brick Doorframe (Craftsman)
WARN : General      f:0 st:187,541,369 at XuiSkin$EntityUiStyle.Load          > Could not find icon: Item_Key_Blank, script = Key Duplicator
WARN : General      f:0 st:187,541,369 at XuiSkin$EntityUiStyle.Load          > Could not find icon: Build_MetalCounter, script = Metal Counter (Basic)
WARN : General      f:0 st:187,541,370 at XuiSkin$EntityUiStyle.Load          > Could not find icon: Build_MetalCounter, script = Metal Counter (Craftsman)
WARN : General      f:0 st:187,541,370 at XuiSkin$EntityUiStyle.Load          > Could not find icon: Build_WallLogs, script = Log Wall
WARN : General      f:0 st:187,541,370 at XuiSkin$EntityUiStyle.Load          > Could not find icon: Item_Anvil_Forged, script = Electric Blower Forge
WARN : General      f:0 st:187,541,370 at XuiSkin$EntityUiStyle.LoadComponentInfo> Could not find icon: Item_Anvil_Forged
WARN : General      f:0 st:187,541,371 at XuiSkin$EntityUiStyle.Load          > Could not find icon: Build_DryingFrameSmall, script = Small Leather Drying Rack
WARN : General      f:0 st:187,541,371 at XuiSkin$EntityUiStyle.Load          > Could not find icon: Build_WindowframeStone, script = Stone Window Frame
WARN : General      f:0 st:187,541,371 at XuiSkin$EntityUiStyle.Load          > Could not find icon: Build_FurnaceAdvanced, script = Advanced Furnace
WARN : General      f:0 st:187,541,371 at XuiSkin$EntityUiStyle.Load          > Could not find icon: Build_DryingFrameSmall, script = Medium Leather Drying Rack
WARN : General      f:0 st:187,541,372 at XuiSkin$EntityUiStyle.Load          > Could not find icon: Item_Rock, script = Grinding Slab
WARN : General      f:0 st:187,541,372 at XuiSkin$EntityUiStyle.LoadComponentInfo> Could not find icon: Item_Rock
WARN : General      f:0 st:187,541,372 at XuiSkin$EntityUiStyle.Load          > Could not find icon: Build_BarrelOven, script = Metal Barrel Oven
WARN : General      f:0 st:187,541,372 at XuiSkin$EntityUiStyle.Load          > Could not find icon: Build_CharcoalDrum, script = Charcoal Burning Barrel
WARN : General      f:0 st:187,541,372 at XuiSkin$EntityUiStyle.Load          > Could not find icon: Build_StairsWood, script = Wooden Stairs
WARN : General      f:0 st:187,541,373 at XuiSkin$EntityUiStyle.Load          > Could not find icon: Item_Ingot_Steel, script = Arc Furnace
WARN : General      f:0 st:187,541,373 at XuiSkin$EntityUiStyle.LoadComponentInfo> Could not find icon: Item_Ingot_Steel
WARN : General      f:0 st:187,541,373 at XuiSkin$EntityUiStyle.Load          > Could not find icon: Build_TroughMetal, script = Long Metal Feeding Trough
WARN : General      f:0 st:187,541,373 at XuiSkin$EntityUiStyle.Load          > Could not find icon: Build_KilnLarge, script = Advanced Kiln
WARN : General      f:0 st:187,541,373 at XuiSkin$EntityUiStyle.Load          > Could not find icon: Build_ShelfWood, script = Wooden Shelf (Basic)
WARN : General      f:0 st:187,541,374 at XuiSkin$EntityUiStyle.Load          > Could not find icon: Build_RainCollectorCrate2, script = Rain Collector Crate (Garbage Bags)
WARN : General      f:0 st:187,541,374 at XuiSkin$EntityUiStyle.Load          > Could not find icon: Build_HerbDryerLarge, script = Simple Large Plant Drying Rack
WARN : General      f:0 st:187,541,374 at XuiSkin$EntityUiStyle.Load          > Could not find icon: Build_WoodPicket, script = Wooden Marker
WARN : General      f:0 st:187,541,374 at XuiSkin$EntityUiStyle.Load          > Could not find icon: Build_ShelfWood, script = Wooden Shelf (Craftsman)
WARN : General      f:0 st:187,541,374 at XuiSkin$EntityUiStyle.Load          > Could not find icon: Build_FloorSand, script = Sand Floor
WARN : General      f:0 st:187,541,374 at XuiSkin$EntityUiStyle.Load          > Could not find icon: Build_Sidetable, script = Wood Table with Drawer
WARN : General      f:0 st:187,541,375 at XuiSkin$EntityUiStyle.Load          > Could not find icon: Build_TanningBarrel, script = Tannin Barrel
WARN : General      f:0 st:187,541,375 at XuiSkin$EntityUiStyle.Load          > Could not find icon: Build_Sidetable, script = Wooden Table with Drawer (Craftsman)
WARN : General      f:0 st:187,541,375 at XuiSkin$EntityUiStyle.Load          > Could not find icon: Build_Sidetable, script = Wooden Table with Drawer (Basic)
WARN : General      f:0 st:187,541,375 at XuiSkin$EntityUiStyle.Load          > Could not find icon: Build_Bed, script = Wooden Bed
WARN : General      f:0 st:187,541,376 at XuiSkin$EntityUiStyle.Load          > Could not find icon: Build_SmeltingFurnace, script = Simple Forge
WARN : General      f:0 st:187,541,376 at XuiSkin$EntityUiStyle.Load          > Could not find icon: Build_LogBench, script = Log Bench
WARN : General      f:0 st:187,541,376 at XuiSkin$EntityUiStyle.Load          > Could not find icon: Build_StickBookcaseSmall, script = Crude Small Wooden Bookcase
WARN : General      f:0 st:187,541,376 at XuiSkin$EntityUiStyle.Load          > Could not find icon: Item_WaterDrop, script = Water Pump
WARN : General      f:0 st:187,541,377 at XuiSkin$EntityUiStyle.Load          > Could not find icon: Build_Grindstone, script = Grindstone
WARN : General      f:0 st:187,541,377 at XuiSkin$EntityUiStyle.Load          > Could not find icon: Item_Hacksaw, script = Metal Bandsaw
WARN : General      f:0 st:187,541,377 at XuiSkin$EntityUiStyle.Load          > Could not find icon: Build_BookcaseShort, script = Small Wooden Bookcase (Craftsman)
WARN : General      f:0 st:187,541,377 at XuiSkin$EntityUiStyle.Load          > Could not find icon: Build_MetalworkBench, script = Metalworkbench
WARN : General      f:0 st:187,541,377 at XuiSkin$EntityUiStyle.LoadComponentInfo> Could not find icon: Build_MetalworkBench
WARN : General      f:0 st:187,541,378 at XuiSkin$EntityUiStyle.Load          > Could not find icon: Item_Handle, script = Wooden Fence Post
WARN : General      f:0 st:187,541,378 at XuiSkin$EntityUiStyle.LoadComponentInfo> Could not find icon: Item_Handle
WARN : General      f:0 st:187,541,378 at XuiSkin$EntityUiStyle.Load          > Could not find icon: Build_BookcaseShort, script = Small Wooden Bookcase (Basic)
WARN : General      f:0 st:187,541,378 at XuiSkin$EntityUiStyle.Load          > Could not find icon: Build_Composter, script = Composter (Basic)
WARN : General      f:0 st:187,541,378 at XuiSkin$EntityUiStyle.Load          > Could not find icon: Build_FenceStakes, script = Crude Wooden Fence
WARN : General      f:0 st:187,541,379 at XuiSkin$EntityUiStyle.Load          > Could not find icon: Build_DoorframeLogs, script = Log Doorframe
WARN : General      f:0 st:187,541,379 at XuiSkin$EntityUiStyle.Load          > Could not find icon: Build_DoorFenceWood, script = Wooden Fence Gate
WARN : General      f:0 st:187,541,379 at XuiSkin$EntityUiStyle.Load          > Could not find icon: Build_SofteningBeam, script = Softening Beam
WARN : General      f:0 st:187,541,379 at XuiSkin$EntityUiStyle.Load          > Could not find icon: Build_ShortWireFence, script = Small Metal Wire Fence
WARN : General      f:0 st:187,541,379 at XuiSkin$EntityUiStyle.Load          > Could not find icon: Build_Stake_SkullStag, script = Deer Skull Pole
WARN : General      f:0 st:187,541,379 at XuiSkin$EntityUiStyle.Load          > Could not find icon: Item_Charcoal, script = Pit of Coals
WARN : General      f:0 st:187,541,380 at XuiSkin$EntityUiStyle.Load          > Could not find icon: Build_HerbDryerSmall, script = Small Plant Drying Rack
WARN : General      f:0 st:187,541,380 at XuiSkin$EntityUiStyle.Load          > Could not find icon: Item_BlowTorch, script = Metalwork Lathe
WARN : General      f:0 st:187,541,380 at XuiSkin$EntityUiStyle.LoadComponentInfo> Could not find icon: Item_BlowTorch
WARN : General      f:0 st:187,541,380 at XuiSkin$EntityUiStyle.Load          > Could not find icon: Build_LogTable2, script = Crude Wooden Table
WARN : General      f:0 st:187,541,380 at XuiSkin$EntityUiStyle.Load          > Could not find icon: Build_Coffin, script = Wooden Coffin
WARN : General      f:0 st:187,541,381 at XuiSkin$EntityUiStyle.Load          > Could not find icon: Build_Stake_Antlers, script = Antlers Pole
WARN : General      f:0 st:187,541,381 at XuiSkin$EntityUiStyle.Load          > Could not find icon: Build_Stake_SkullSheep, script = Sheep Skull Pole
WARN : General      f:0 st:187,541,381 at XuiSkin$EntityUiStyle.Load          > Could not find icon: Item_WaterDrop, script = Steam Turbine
WARN : General      f:0 st:187,541,381 at XuiSkin$EntityUiStyle.Load          > Could not find icon: Build_Coop2, script = Chicken Hutch (Dark Wood)
WARN : General      f:0 st:187,541,381 at XuiSkin$EntityUiStyle.Load          > Could not find icon: Build_FenceOpenLogs, script = Wide Log Gate
WARN : General      f:0 st:187,541,382 at XuiSkin$EntityUiStyle.Load          > Could not find icon: Build_PoleGate, script = Big Pole Fence Gate
WARN : General      f:0 st:187,541,382 at XuiSkin$EntityUiStyle.Load          > Could not find icon: Build_StairsLogs, script = Log Stairs
WARN : General      f:0 st:187,541,382 at XuiSkin$EntityUiStyle.Load          > Could not find icon: Item_Toast, script = Toaster
WARN : General      f:0 st:187,541,382 at XuiSkin$EntityUiStyle.Load          > Could not find icon: Build_FloorTilePorcelain, script = Tile Floor
WARN : General      f:0 st:187,541,383 at XuiSkin$EntityUiStyle.Load          > Could not find icon: Build_CrossSimple, script = Crude Wooden Cross
WARN : General      f:0 st:187,541,383 at XuiSkin$EntityUiStyle.Load          > Could not find icon: Item_Charcoal, script = Large Pit of Coals
WARN : General      f:0 st:187,541,383 at XuiSkin$EntityUiStyle.Load          > Could not find icon: Build_ButcherHook, script = Butcher Hook
WARN : General      f:0 st:187,541,384 at XuiSkin$EntityUiStyle.Load          > Could not find icon: Build_SpinningWheel, script = Spinning Wheel
WARN : General      f:0 st:187,541,384 at XuiSkin$EntityUiStyle.Load          > Could not find icon: Build_Coop, script = Chicken Hutch (Light Wood)
WARN : General      f:0 st:187,541,384 at XuiSkin$EntityUiStyle.Load          > Could not find icon: Build_Bookcase, script = Wooden Bookcase (Basic)
WARN : General      f:0 st:187,541,384 at XuiSkin$EntityUiStyle.LoadComponentInfo> Could not find icon: Build_Bookcase
WARN : General      f:0 st:187,541,384 at XuiSkin$EntityUiStyle.Load          > Could not find icon: Item_Petrol, script = Generator Maintenance
WARN : General      f:0 st:187,541,385 at XuiSkin$EntityUiStyle.Load          > Could not find icon: Build_Bookcase, script = Wooden Bookcase (Craftsman)
WARN : General      f:0 st:187,541,385 at XuiSkin$EntityUiStyle.Load          > Could not find icon: Build_BarricadeWindow_Bars, script = Metal Bar Barricade
WARN : General      f:0 st:187,541,385 at XuiSkin$EntityUiStyle.Load          > Could not find icon: Build_Stake_SkullBull, script = Bull Skull Pole
WARN : General      f:0 st:187,541,385 at XuiSkin$EntityUiStyle.Load          > Could not find icon: Build_Wall_Plaster, script = Plaster Wall
WARN : General      f:0 st:187,541,385 at XuiSkin$EntityUiStyle.Load          > Could not find icon: Build_CookingPit, script = Fire Pit (Stone Blocks)
WARN : General      f:0 st:187,541,385 at XuiSkin$EntityUiStyle.Load          > Could not find icon: Build_LoomSimple, script = Simple Loom
WARN : General      f:0 st:187,541,386 at XuiSkin$EntityUiStyle.Load          > Could not find icon: Build_WoodSign_Skull, script = Paint Sign - Skull
WARN : General      f:0 st:187,541,386 at XuiSkin$EntityUiStyle.Load          > Could not find icon: Build_WindowframeMetal, script = Metal Window Frame (Basic)
WARN : General      f:0 st:187,541,386 at XuiSkin$EntityUiStyle.Load          > Could not find icon: Build_WindowframeMetal, script = Metal Window Frame (Craftsman)
WARN : General      f:0 st:187,541,386 at XuiSkin$EntityUiStyle.Load          > Could not find icon: Build_DoubleWireGate, script = Double Tall Wire Fence Gate
WARN : General      f:0 st:187,541,386 at XuiSkin$EntityUiStyle.Load          > Could not find icon: Build_RainCollectorBarrel, script = Rain Collector Barrel (Tarp)
WARN : General      f:0 st:187,541,387 at XuiSkin$EntityUiStyle.Load          > Could not find icon: Build_FenceBrick, script = Short Brick Wall
WARN : General      f:0 st:187,541,387 at XuiSkin$EntityUiStyle.Load          > Could not find icon: Build_LogSeat, script = Short Log Bench
WARN : General      f:0 st:187,541,387 at XuiSkin$EntityUiStyle.LoadComponentInfo> Could not find icon: Build_LogSeat
WARN : General      f:0 st:187,541,387 at XuiSkin$EntityUiStyle.Load          > Could not find icon: Build_FenceMetalPosts, script = Metal Pole Fence
WARN : General      f:0 st:187,541,387 at XuiSkin$EntityUiStyle.Load          > Could not find icon: Build_DoorWood, script = Wooden Door (Advanced)
WARN : General      f:0 st:187,541,388 at XuiSkin$EntityUiStyle.Load          > Could not find icon: Build_WallframeMetal, script = Metal Wall Frame
WARN : General      f:0 st:187,541,388 at XuiSkin$EntityUiStyle.Load          > Could not find icon: Build_DoorWood, script = Wooden Door (Basic)
WARN : General      f:0 st:187,541,388 at XuiSkin$EntityUiStyle.Load          > Could not find icon: Build_WallframeWood, script = Wooden Wall Frame
WARN : General      f:0 st:187,541,388 at XuiSkin$EntityUiStyle.Load          > Could not find icon: Item_Anvil_Stone, script = Primitive Forge
WARN : General      f:0 st:187,541,388 at XuiSkin$EntityUiStyle.Load          > Could not find icon: Build_DoorMetal, script = Metal Door (Poor)
WARN : General      f:0 st:187,541,389 at XuiSkin$EntityUiStyle.Load          > Could not find icon: Build_DoorWeldedMetal, script = Metal Door (Shoddy)
WARN : General      f:0 st:187,541,389 at XuiSkin$EntityUiStyle.Load          > Could not find icon: Build_DoorWood, script = Wooden Door (Craftsman)
WARN : General      f:0 st:187,541,389 at XuiSkin$EntityUiStyle.Load          > Could not find icon: Build_Cross, script = Wooden Cross
WARN : General      f:0 st:187,541,389 at XuiSkin$EntityUiStyle.Load          > Could not find icon: Build_ShelvesWood, script = Double Wooden Shelves
WARN : General      f:0 st:187,541,389 at XuiSkin$EntityUiStyle.Load          > Could not find icon: Item_MugFulll, script = Coffee Machine
WARN : General      f:0 st:187,541,390 at XuiSkin$EntityUiStyle.Load          > Could not find icon: Item_RailroadRail_Short, script = Makeshift Electric Blower Forge
WARN : General      f:0 st:187,541,390 at XuiSkin$EntityUiStyle.LoadComponentInfo> Could not find icon: Item_RailroadRail_Short
WARN : General      f:0 st:187,541,390 at XuiSkin$EntityUiStyle.Load          > Could not find icon: Build_LeanToShelterTarp, script = Tarp Shelter
WARN : General      f:0 st:187,541,390 at XuiSkin$EntityUiStyle.Load          > Could not find icon: Build_HerbDryerLarge, script = Large Plant Drying Rack
WARN : General      f:0 st:187,541,390 at XuiSkin$EntityUiStyle.Load          > Could not find icon: Build_StoneQuern, script = Stone Quern
WARN : General      f:0 st:187,541,391 at XuiSkin$EntityUiStyle.LoadComponentInfo> Could not find icon: Build_StoneQuern
WARN : General      f:0 st:187,541,391 at XuiSkin$EntityUiStyle.Load          > Could not find icon: Build_WoodSign, script = Wooden Sign
WARN : General      f:0 st:187,541,391 at XuiSkin$EntityUiStyle.Load          > Could not find icon: Build_WoodPole_Tall, script = Wooden Pole
WARN : General      f:0 st:187,541,391 at XuiSkin$EntityUiStyle.Load          > Could not find icon: Build_WoodSign_Down, script = Paint Sign - Down Arrow
WARN : General      f:0 st:187,541,391 at XuiSkin$EntityUiStyle.Load          > Could not find icon: Item_Dice, script = Test Entity
WARN : General      f:0 st:187,541,392 at XuiSkin$EntityUiStyle.LoadComponentInfo> Could not find icon: Item_Note2
WARN : General      f:0 st:187,541,392 at XuiSkin$EntityUiStyle.Load          > Could not find icon: Build_SandbagWall, script = Sandbag Wall
WARN : General      f:0 st:187,541,392 at XuiSkin$EntityUiStyle.Load          > Could not find icon: Build_SmeltingFurnace, script = Simple Furnace
WARN : General      f:0 st:187,541,392 at XuiSkin$EntityUiStyle.Load          > Could not find icon: Build_BarricadeWindow_Plank, script = Planks Barricade
WARN : General      f:0 st:187,541,392 at XuiSkin$EntityUiStyle.Load          > Could not find icon: Item_Logs, script = Tree Stump
WARN : General      f:0 st:187,541,392 at XuiSkin$EntityUiStyle.LoadComponentInfo> Could not find icon: Item_Logs
WARN : General      f:0 st:187,541,393 at XuiSkin$EntityUiStyle.Load          > Could not find icon: Build_CrateWood, script = Wooden Crate (Craftsman)
WARN : General      f:0 st:187,541,393 at XuiSkin$EntityUiStyle.Load          > Could not find icon: Build_TallWireGate, script = Big Wire Fence Gate
WARN : General      f:0 st:187,541,393 at XuiSkin$EntityUiStyle.Load          > Could not find icon: Build_CrateWood, script = Wooden Crate (Basic)
WARN : General      f:0 st:187,541,393 at XuiSkin$EntityUiStyle.Load          > Could not find icon: Build_DoubleWireFence, script = Big Wire Fence
WARN : General      f:0 st:187,541,393 at XuiSkin$EntityUiStyle.Load          > Could not find icon: Build_Composter, script = Composter (Craftsman)
WARN : General      f:0 st:187,541,394 at XuiSkin$EntityUiStyle.Load          > Could not find icon: Build_Amphora, script = Amphora
WARN : General      f:0 st:187,541,394 at XuiSkin$EntityUiStyle.Load          > Could not find icon: Build_Coalpit, script = Charcoal Burning Pile
WARN : General      f:0 st:187,541,394 at XuiSkin$EntityUiStyle.Load          > Could not find icon: Build_FloorTileWood, script = Wooden Floor (Craftsman)
WARN : General      f:0 st:187,541,394 at XuiSkin$EntityUiStyle.Load          > Could not find icon: Build_FloorTileWood, script = Wooden Floor (Advanced)
WARN : General      f:0 st:187,541,395 at XuiSkin$EntityUiStyle.Load          > Could not find icon: Build_FloorTileWood, script = Wooden Floor (Basic)
WARN : General      f:0 st:187,541,395 at XuiSkin$EntityUiStyle.Load          > Could not find icon: Item_CarBatteryCharger, script = CeroSec - FS-800
WARN : General      f:0 st:187,541,395 at XuiSkin$EntityUiStyle.Load          > Could not find icon: Build_Wall_Wallpaper, script = Apply Wallpaper
WARN : General      f:0 st:187,541,395 at XuiSkin$EntityUiStyle.Load          > Could not find icon: Build_Chair, script = Wooden Chair (Basic)
WARN : General      f:0 st:187,541,395 at XuiSkin$EntityUiStyle.Load          > Could not find icon: Build_FlashlightLamp, script = Wooden Flashlight Pillar
WARN : General      f:0 st:187,541,395 at XuiSkin$EntityUiStyle.Load          > Could not find icon: Build_Chair, script = Wooden Chair (Advanced)
WARN : General      f:0 st:187,541,396 at XuiSkin$EntityUiStyle.Load          > Could not find icon: Build_FenceHighMetalPosts, script = Big Metal Pole Fence
WARN : General      f:0 st:187,541,396 at XuiSkin$EntityUiStyle.Load          > Could not find icon: Build_Chair, script = Wooden Chair (Craftsman)
WARN : General      f:0 st:187,541,396 at XuiSkin$EntityUiStyle.Load          > Could not find icon: Build_LogStool, script = Log Stool
WARN : General      f:0 st:187,541,396 at XuiSkin$EntityUiStyle.Load          > Could not find icon: Build_TableSmallWood, script = Small Wooden Table (Craftsman)
WARN : General      f:0 st:187,541,396 at XuiSkin$EntityUiStyle.LoadComponentInfo> Could not find icon: Build_TableSmallWood
WARN : General      f:0 st:187,541,396 at XuiSkin$EntityUiStyle.Load          > Could not find icon: Build_TableSmallWood, script = Small Wooden Table (Advanced)
WARN : General      f:0 st:187,541,397 at XuiSkin$EntityUiStyle.LoadComponentInfo> Could not find icon: Build_TableSmallWood
WARN : General      f:0 st:187,541,397 at XuiSkin$EntityUiStyle.Load          > Could not find icon: Build_TableSmallWood, script = Small Wooden Table (Basic)
WARN : General      f:0 st:187,541,397 at XuiSkin$EntityUiStyle.LoadComponentInfo> Could not find icon: Build_TableSmallWood
WARN : General      f:0 st:187,541,397 at XuiSkin$EntityUiStyle.Load          > Could not find icon: Item_CarBatteryCharger, script = Test Kiln
WARN : General      f:0 st:187,541,397 at XuiSkin$EntityUiStyle.LoadComponentInfo> Could not find icon: Item_Note2
WARN : General      f:0 st:187,541,398 at XuiSkin$EntityUiStyle.Load          > Could not find icon: Build_ShortWireGate, script = Metal Wire Fence Gate
WARN : General      f:0 st:187,541,398 at XuiSkin$EntityUiStyle.Load          > Could not find icon: Build_LogSeat, script = Log Seat
WARN : General      f:0 st:187,541,398 at XuiSkin$EntityUiStyle.Load          > Could not find icon: Item_PropaneTank, script = Steam Boiler
WARN : General      f:0 st:187,541,398 at XuiSkin$EntityUiStyle.Load          > Could not find icon: Build_TroughWoodLong, script = Long Wooden Feeding Trough
WARN : General      f:0 st:187,541,398 at XuiSkin$EntityUiStyle.Load          > Could not find icon: Build_MetalworkTable, script = Metalwork Table
WARN : General      f:0 st:187,541,399 at XuiSkin$EntityUiStyle.LoadComponentInfo> Could not find icon: Build_MetalworkTable
WARN : General      f:0 st:187,541,399 at XuiSkin$EntityUiStyle.Load          > Could not find icon: Item_Dice, script = Entity_DisplayName_Default
WARN : General      f:0 st:187,541,400 at XuiSkin$EntityUiStyle.LoadComponentInfo> Could not find icon: Item_Dice
WARN : General      f:0 st:187,541,400 at XuiSkin$EntityUiStyle.LoadComponentInfo> Could not find icon: Item_Dice
WARN : General      f:0 st:187,541,400 at XuiSkin$EntityUiStyle.LoadComponentInfo> Could not find icon: Item_Dice
WARN : General      f:0 st:187,541,400 at XuiSkin$EntityUiStyle.LoadComponentInfo> Could not find icon: Item_Dice
WARN : General      f:0 st:187,541,401 at XuiSkin$EntityUiStyle.Load          > Could not find icon: Build_FloorDirt, script = Dirt Floor
WARN : General      f:0 st:187,541,401 at XuiSkin$EntityUiStyle.Load          > Could not find icon: Build_DoorframeStone, script = Stone Doorframe
WARN : General      f:0 st:187,541,401 at XuiSkin$EntityUiStyle.Load          > Could not find icon: Build_PotteryBench, script = Pottery Bench
WARN : General      f:0 st:187,541,401 at XuiSkin$EntityUiStyle.LoadComponentInfo> Could not find icon: Build_PotteryBench
WARN : General      f:0 st:187,541,402 at XuiSkin$EntityUiStyle.Load          > Could not find icon: Build_Cairn, script = Stone Cairn
WARN : General      f:0 st:187,541,402 at XuiSkin$EntityUiStyle.Load          > Could not find icon: Build_WallWood, script = Wooden Wall (Advanced)
WARN : General      f:0 st:187,541,402 at XuiSkin$EntityUiStyle.Load          > Could not find icon: Build_WallWood, script = Wooden Wall (Basic)
WARN : General      f:0 st:187,541,402 at XuiSkin$EntityUiStyle.Load          > Could not find icon: Build_LeanToShelterSticks, script = Lean-to Shelter
WARN : General      f:0 st:187,541,402 at XuiSkin$EntityUiStyle.Load          > Could not find icon: Build_PotteryWheel, script = Pottery Wheel
WARN : General      f:0 st:187,541,402 at XuiSkin$EntityUiStyle.LoadComponentInfo> Could not find icon: Build_PotteryWheel
WARN : General      f:0 st:187,541,403 at XuiSkin$EntityUiStyle.Load          > Could not find icon: Build_CabinetStone, script = Stone Cabinet
WARN : General      f:0 st:187,541,403 at XuiSkin$EntityUiStyle.Load          > Could not find icon: Build_WallWood, script = Wooden Wall (Craftsman)
WARN : General      f:0 st:187,541,403 at XuiSkin$EntityUiStyle.Load          > Could not find icon: Build_WoodSign_Left, script = Paint Sign - Left Arrow
WARN : General      f:0 st:187,541,403 at XuiSkin$EntityUiStyle.Load          > Could not find icon: Build_PrimitiveFurnace, script = Primitive Furnace
WARN : General      f:0 st:187,541,403 at XuiSkin$EntityUiStyle.Load          > Could not find icon: Build_DoorframeWood, script = Wooden Doorframe (Craftsman)
WARN : General      f:0 st:187,541,404 at XuiSkin$EntityUiStyle.Load          > Could not find icon: Build_DoorframeWood, script = Wooden Doorframe (Advanced)
WARN : General      f:0 st:187,541,404 at XuiSkin$EntityUiStyle.Load          > Could not find icon: Build_DoorframeWood, script = Wooden Doorframe (Basic)
WARN : General      f:0 st:187,541,404 at XuiSkin$EntityUiStyle.Load          > Could not find icon: Build_WindowframeLogs, script = Log Window Frame
WARN : General      f:0 st:187,541,404 at XuiSkin$EntityUiStyle.Load          > Could not find icon: Build_FloorGravel, script = Gravel Floor
WARN : General      f:0 st:187,541,404 at XuiSkin$EntityUiStyle.Load          > Could not find icon: Item_WaterBottle, script = Bottling Machine
WARN : General      f:0 st:187,541,404 at XuiSkin$EntityUiStyle.Load          > Could not find icon: Build_WallBrick, script = Brick Wall (Basic)
WARN : General      f:0 st:187,541,405 at XuiSkin$EntityUiStyle.Load          > Could not find icon: Build_WallBrick, script = Brick Wall (Craftsman)
WARN : General      f:0 st:187,541,405 at XuiSkin$EntityUiStyle.Load          > Could not find icon: Build_DryingFrameLarge, script = Large Leather Drying Rack
WARN : General      f:0 st:187,541,405 at XuiSkin$EntityUiStyle.Load          > Could not find icon: Build_RippleComb, script = Ripple Comb
WARN : General      f:0 st:187,541,405 at XuiSkin$EntityUiStyle.Load          > Could not find icon: Build_Wall_Paint, script = Paint Wall / Item
WARN : General      f:0 st:187,541,406 at XuiSkin$EntityUiStyle.Load          > Could not find icon: Build_FenceWood, script = Wooden Fence (Craftsman)
WARN : General      f:0 st:187,541,406 at XuiSkin$EntityUiStyle.Load          > Could not find icon: Build_FenceWood, script = Wooden Fence (Advanced)
WARN : General      f:0 st:187,541,406 at XuiSkin$EntityUiStyle.Load          > Could not find icon: Build_LogTable, script = Log Table
WARN : General      f:0 st:187,541,406 at XuiSkin$EntityUiStyle.Load          > Could not find icon: Build_FenceWood, script = Wooden Fence (Basic)
WARN : General      f:0 st:187,541,406 at XuiSkin$EntityUiStyle.Load          > Could not find icon: Build_ForgeAdvanced, script = Advanced Forge
WARN : General      f:0 st:187,541,407 at XuiSkin$EntityUiStyle.Load          > Could not find icon: Build_GunLocker, script = Small Metal Locker (Craftsman)
WARN : General      f:0 st:187,541,407 at XuiSkin$EntityUiStyle.Load          > Could not find icon: Build_GunLocker, script = Small Metal Locker (Basic)
WARN : General      f:0 st:187,541,407 at XuiSkin$EntityUiStyle.Load          > Could not find icon: Build_RainCollectorCrate, script = Rain Collector Crate (Tarp)
WARN : General      f:0 st:187,541,407 at XuiSkin$EntityUiStyle.Load          > Could not find icon: Build_ButterChurn, script = Butter Churn
WARN : General      f:0 st:187,541,407 at XuiSkin$EntityUiStyle.Load          > Could not find icon: Build_Stake_SkullCow, script = Cow Skull Pole
WARN : General      f:0 st:187,541,407 at XuiSkin$EntityUiStyle.Load          > Could not find icon: Build_FloorTileMetal, script = Metal Floor
WARN : General      f:0 st:187,541,408 at XuiSkin$EntityUiStyle.Load          > Could not find icon: Build_Handpress, script = Hand-Operated Press
WARN : General      f:0 st:187,541,408 at XuiSkin$EntityUiStyle.LoadComponentInfo> Could not find icon: Build_Handpress
WARN : General      f:0 st:187,541,408 at XuiSkin$EntityUiStyle.Load          > Could not find icon: Build_MetalCounterCorner, script = Metal Counter Corner (Craftsman)
WARN : General      f:0 st:187,541,408 at XuiSkin$EntityUiStyle.Load          > Could not find icon: Build_MetalCounterCorner, script = Metal Counter Corner (Basic)
WARN : General      f:0 st:187,541,409 at XuiSkin$EntityUiStyle.Load          > Could not find icon: Build_WoodCounterCorner, script = Wooden Counter Corner (Basic)
WARN : General      f:0 st:187,541,409 at XuiSkin$EntityUiStyle.Load          > Could not find icon: Build_HeckleComb, script = Heckle Comb
WARN : General      f:0 st:187,541,409 at XuiSkin$EntityUiStyle.Load          > Could not find icon: Build_Stake_SkullPig, script = Pig Skull Pole
WARN : General      f:0 st:187,541,409 at XuiSkin$EntityUiStyle.Load          > Could not find icon: Build_ScutchingBoard, script = Scutching Board
WARN : General      f:0 st:187,541,409 at XuiSkin$EntityUiStyle.Load          > Could not find icon: Build_FenceMetalPosts, script = Metal Pole Fence Gate
WARN : General      f:0 st:187,541,409 at XuiSkin$EntityUiStyle.Load          > Could not find icon: Build_DoublePoleGate, script = Double Tall Metal Pole Gate
WARN : General      f:0 st:187,541,410 at XuiSkin$EntityUiStyle.Load          > Could not find icon: Build_WoodCounter, script = Wooden Counter (Advanced)
WARN : General      f:0 st:187,541,410 at XuiSkin$EntityUiStyle.Load          > Could not find icon: Build_WoodCounterCorner, script = Wooden Counter Corner (Craftsman)
WARN : General      f:0 st:187,541,410 at XuiSkin$EntityUiStyle.Load          > Could not find icon: Build_WoodCounter, script = Wooden Counter (Basic)
WARN : General      f:0 st:187,541,410 at XuiSkin$EntityUiStyle.Load          > Could not find icon: Build_WoodCounterCorner, script = Wooden Counter Corner (Advanced)
WARN : General      f:0 st:187,541,410 at XuiSkin$EntityUiStyle.Load          > Could not find icon: Build_WoodCounter, script = Wooden Counter (Craftsman)
WARN : General      f:0 st:187,541,410 at XuiSkin$EntityUiStyle.Load          > Could not find icon: Build_RainCollectorBarrel2, script = Rain Collector Barrel (Garbage Bags)
WARN : General      f:0 st:187,541,411 at XuiSkin$EntityUiStyle.Load          > Could not find icon: Build_WoodSign_Up, script = Paint Sign - Up Arrow
WARN : General      f:0 st:187,541,411 at XuiSkin$EntityUiStyle.Load          > Could not find icon: Build_WoodSign_Right, script = Paint Sign - Right Arrow
WARN : General      f:0 st:187,541,411 at XuiSkin$EntityUiStyle.Load          > Could not find icon: Item_SheetMetal, script = Hydraulic Press
WARN : General      f:0 st:187,541,411 at XuiSkin$EntityUiStyle.Load          > Could not find icon: Build_FenceMetal, script = Metal Fence (Craftsman)
WARN : General      f:0 st:187,541,411 at XuiSkin$EntityUiStyle.Load          > Could not find icon: Build_FenceLogs, script = Log Fence
WARN : General      f:0 st:187,541,412 at XuiSkin$EntityUiStyle.Load          > Could not find icon: Build_FenceMetal, script = Metal Fence (Basic)
WARN : General      f:0 st:187,541,412 at XuiSkin$EntityUiStyle.Load          > Could not find icon: Item_Orange, script = Juice Maker
WARN : General      f:0 st:187,541,412 at XuiSkin$EntityUiStyle.Load          > Could not find icon: Build_Campfire, script = Campfire
WARN : General      f:0 st:187,541,412 at XuiSkin$EntityUiStyle.LoadComponentInfo> Could not find icon: Build_Campfire
WARN : General      f:0 st:187,541,412 at XuiSkin$EntityUiStyle.Load          > Could not find icon: Build_StairsMetal, script = Metal Stairs
WARN : General      f:0 st:187,541,413 at XuiSkin$EntityUiStyle.Load          > Could not find icon: Build_TroughWoodShort, script = Short Wooden Feeding Trough
WARN : General      f:0 st:187,541,413 at XuiSkin$EntityUiStyle.Load          > Could not find icon: Item_Anvil_Forged, script = Advanced Makeshift Electric Blower Forge
WARN : General      f:0 st:187,541,413 at XuiSkin$EntityUiStyle.LoadComponentInfo> Could not find icon: Item_Anvil_Forged
WARN : General      f:0 st:187,541,413 at XuiSkin$EntityUiStyle.Load          > Could not find icon: Build_WallStone, script = Stone Wall
WARN : General      f:0 st:187,541,413 at XuiSkin$EntityUiStyle.Load          > Could not find icon: Build_Stake_SkullDoe, script = Doe Skull Pole
WARN : General      f:0 st:187,541,414 at XuiSkin$EntityUiStyle.Load          > Could not find icon: Build_WindowBlack, script = Wooden Windows
WARN : General      f:0 st:187,541,414 at XuiSkin$EntityUiStyle.Load          > Could not find icon: Item_Clamp_Forged, script = Standing Drill Press
WARN : General      f:0 st:187,541,414 at XuiSkin$EntityUiStyle.LoadComponentInfo> Could not find icon: Item_Clamp_Forged
WARN : General      f:0 st:187,541,414 at XuiSkin$EntityUiStyle.Load          > Could not find icon: Build_KilnSmall, script = Primitive Kiln
WARN : General      f:0 st:187,541,414 at XuiSkin$EntityUiStyle.Load          > Could not find icon: Build_ShelvesMetal, script = Metal Shelves (Basic)
WARN : General      f:0 st:187,541,415 at XuiSkin$EntityUiStyle.Load          > Could not find icon: Build_ShelvesMetal, script = Metal Shelves (Craftsman)
WARN : General      f:0 st:187,541,415 at XuiSkin$EntityUiStyle.Load          > Could not find icon: Build_DomeKiln, script = Dome Kiln
WARN : General      f:0 st:187,541,415 at XuiSkin$EntityUiStyle.Load          > Could not find icon: Build_Loom, script = Loom
WARN : General      f:0 st:187,541,415 at XuiSkin$EntityUiStyle.Load          > Could not find icon: Build_BarricadeWindow_Sheet, script = Metal Sheet Barricade
WARN : General      f:0 st:187,541,415 at XuiSkin$EntityUiStyle.Load          > Could not find icon: Build_DoubleWoodGate, script = Double Tall Wooden Gate
WARN : General      f:0 st:187,541,415 at XuiSkin$EntityUiStyle.Load          > Could not find icon: Build_StoneMill, script = Stone Mill
WARN : General      f:0 st:187,541,416 at XuiSkin$EntityUiStyle.LoadComponentInfo> Could not find icon: Build_StoneMill
WARN : General      f:0 st:187,541,416 at XuiSkin$EntityUiStyle.Load          > Could not find icon: Build_WallMetal, script = Metal Wall (Craftsman)
WARN : General      f:0 st:187,541,416 at XuiSkin$EntityUiStyle.Load          > Could not find icon: Item_ClayMold_Shingle, script = Well
WARN : General      f:0 st:187,541,416 at XuiSkin$EntityUiStyle.Load          > Could not find icon: Item_Boulder, script = Boulder
WARN : General      f:0 st:187,541,416 at XuiSkin$EntityUiStyle.LoadComponentInfo> Could not find icon: Item_Boulder
WARN : General      f:0 st:187,541,417 at XuiSkin$EntityUiStyle.Load          > Could not find icon: Build_WindowframeWood, script = Wooden Window Frame (Advanced)
WARN : General      f:0 st:187,541,417 at XuiSkin$EntityUiStyle.Load          > Could not find icon: Build_WindowframeWood, script = Wooden Window Frame (Craftsman)
WARN : General      f:0 st:187,541,417 at XuiSkin$EntityUiStyle.Load          > Could not find icon: Build_StickBookcase, script = Crude Wooden Bookcase
WARN : General      f:0 st:187,541,417 at XuiSkin$EntityUiStyle.Load          > Could not find icon: Build_CabinetMetal, script = Big Metal Locker (Basic)
WARN : General      f:0 st:187,541,417 at XuiSkin$EntityUiStyle.Load          > Could not find icon: Build_ChoppingBlock, script = Chopping Block
WARN : General      f:0 st:187,541,418 at XuiSkin$EntityUiStyle.LoadComponentInfo> Could not find icon: Build_ChoppingBlock
WARN : General      f:0 st:187,541,418 at XuiSkin$EntityUiStyle.Load          > Could not find icon: Build_WallMetal, script = Metal Wall (Basic)
WARN : General      f:0 st:187,541,418 at XuiSkin$EntityUiStyle.Load          > Could not find icon: Item_Logs, script = Sawmill
WARN : General      f:0 st:187,541,418 at XuiSkin$EntityUiStyle.Load          > Could not find icon: Build_WindowframeWood, script = Wooden Window Frame (Basic)
WARN : General      f:0 st:187,541,419 at XuiSkin$EntityUiStyle.Load          > Could not find icon: Build_CabinetMetal, script = Big Metal Locker (Craftsman)
WARN : General      f:0 st:187,541,419 at XuiSkin$EntityUiStyle.Load          > Could not find icon: Build_WindowframeBrick, script = Brick Window Frame (Craftsman)
WARN : General      f:0 st:187,541,419 at XuiSkin$EntityUiStyle.Load          > Could not find icon: Build_WindowframeBrick, script = Brick Window Frame (Basic)
WARN : General      f:0 st:187,541,419 at XuiSkin$EntityUiStyle.Load          > Could not find icon: Build_CookingPitSimple, script = Fire Pit (Stones)
WARN : General      f:0 st:187,541,419 at XuiSkin$EntityUiStyle.Load          > Could not find icon: Build_FenceWire, script = Barbed Wire Fence
WARN : General      f:0 st:187,541,420 at XuiSkin$EntityUiStyle.Load          > Could not find icon: Build_CrateMetal, script = Metal Crate (Craftsman)
WARN : General      f:0 st:187,541,420 at XuiSkin$EntityUiStyle.Load          > Could not find icon: Build_CrateMetal, script = Metal Crate (Basic)
WARN : General      f:0 st:187,541,420 at XuiSkin$EntityUiStyle.Load          > Could not find icon: Build_AnvilStone, script = Stone Anvil
WARN : General      f:0 st:187,541,420 at XuiSkin$EntityUiStyle.LoadComponentInfo> Could not find icon: Build_AnvilStone
WARN : General      f:0 st:187,541,420 at XuiSkin$EntityUiStyle.Load          > Could not find icon: Item_WaterTank, script = Water Dispenser
WARN : General      f:0 st:187,541,420 at XuiSkin$EntityUiStyle.Load          > Could not find icon: Build_DoorframeMetal, script = Metal Doorframe (Basic)
WARN : General      f:0 st:187,541,421 at XuiSkin$EntityUiStyle.Load          > Could not find icon: Build_LeanToShelterLeather, script = Leather Shelter
WARN : General      f:0 st:187,541,421 at XuiSkin$EntityUiStyle.Load          > Could not find icon: Build_DoorframeMetal, script = Metal Doorframe (Craftsman)
WARN : General      f:0 st:187,541,421 at XuiSkin$EntityUiStyle.Load          > Could not find icon: Build_TableLargeWood, script = Wooden Table (Advanced)
WARN : General      f:0 st:187,541,421 at XuiSkin$EntityUiStyle.LoadComponentInfo> Could not find icon: Build_TableLargeWood
WARN : General      f:0 st:187,541,421 at XuiSkin$EntityUiStyle.Load          > Could not find icon: Build_LogSeat2, script = Crude Wooden Stool
WARN : General      f:0 st:187,541,422 at XuiSkin$EntityUiStyle.Load          > Could not find icon: Build_TableLargeWood, script = Wooden Table (Basic)
WARN : General      f:0 st:187,541,422 at XuiSkin$EntityUiStyle.LoadComponentInfo> Could not find icon: Build_TableLargeWood
WARN : General      f:0 st:187,541,422 at XuiSkin$EntityUiStyle.Load          > Could not find icon: Build_TableLargeWood, script = Wooden Table (Craftsman)
WARN : General      f:0 st:187,541,422 at XuiSkin$EntityUiStyle.LoadComponentInfo> Could not find icon: Build_TableLargeWood
WARN : General      f:0 st:187,541,422 at XuiSkin$EntityUiStyle.Load          > Could not find icon: Build_HerbDryerSmall, script = Simple Small Plant Drying Rack
WARN : General      f:0 st:187,541,423 at XuiSkin$EntityUiStyle.Load          > Could not find icon: Build_DoorframeBrick, script = Brick Doorframe (Basic)
WARN : General      f:0 st:187,541,423 at XuiSkin$EntityUiStyle.Load          > Could not find icon: Build_DoorframeBrick, script = Brick Doorframe (Craftsman)
WARN : General      f:0 st:187,541,423 at XuiSkin$EntityUiStyle.Load          > Could not find icon: Item_Key_Blank, script = Key Duplicator
WARN : General      f:0 st:187,541,423 at XuiSkin$EntityUiStyle.Load          > Could not find icon: Build_MetalCounter, script = Metal Counter (Basic)
WARN : General      f:0 st:187,541,423 at XuiSkin$EntityUiStyle.Load          > Could not find icon: Build_MetalCounter, script = Metal Counter (Craftsman)
WARN : General      f:0 st:187,541,424 at XuiSkin$EntityUiStyle.Load          > Could not find icon: Build_WallLogs, script = Log Wall
WARN : General      f:0 st:187,541,424 at XuiSkin$EntityUiStyle.Load          > Could not find icon: Item_Anvil_Forged, script = Electric Blower Forge
WARN : General      f:0 st:187,541,424 at XuiSkin$EntityUiStyle.LoadComponentInfo> Could not find icon: Item_Anvil_Forged
WARN : General      f:0 st:187,541,424 at XuiSkin$EntityUiStyle.Load          > Could not find icon: Build_DryingFrameSmall, script = Small Leather Drying Rack
WARN : General      f:0 st:187,541,424 at XuiSkin$EntityUiStyle.Load          > Could not find icon: Build_WindowframeStone, script = Stone Window Frame
WARN : General      f:0 st:187,541,425 at XuiSkin$EntityUiStyle.Load          > Could not find icon: Build_FurnaceAdvanced, script = Advanced Furnace
WARN : General      f:0 st:187,541,425 at XuiSkin$EntityUiStyle.Load          > Could not find icon: Build_DryingFrameSmall, script = Medium Leather Drying Rack
WARN : General      f:0 st:187,541,425 at XuiSkin$EntityUiStyle.Load          > Could not find icon: Item_Rock, script = Grinding Slab
WARN : General      f:0 st:187,541,425 at XuiSkin$EntityUiStyle.LoadComponentInfo> Could not find icon: Item_Rock
WARN : General      f:0 st:187,541,425 at XuiSkin$EntityUiStyle.Load          > Could not find icon: Build_BarrelOven, script = Metal Barrel Oven
WARN : General      f:0 st:187,541,426 at XuiSkin$EntityUiStyle.Load          > Could not find icon: Build_CharcoalDrum, script = Charcoal Burning Barrel
WARN : General      f:0 st:187,541,426 at XuiSkin$EntityUiStyle.Load          > Could not find icon: Build_StairsWood, script = Wooden Stairs
WARN : General      f:0 st:187,541,426 at XuiSkin$EntityUiStyle.Load          > Could not find icon: Item_Ingot_Steel, script = Arc Furnace
WARN : General      f:0 st:187,541,426 at XuiSkin$EntityUiStyle.LoadComponentInfo> Could not find icon: Item_Ingot_Steel
WARN : General      f:0 st:187,541,426 at XuiSkin$EntityUiStyle.Load          > Could not find icon: Build_TroughMetal, script = Long Metal Feeding Trough
WARN : General      f:0 st:187,541,427 at XuiSkin$EntityUiStyle.Load          > Could not find icon: Build_KilnLarge, script = Advanced Kiln
WARN : General      f:0 st:187,541,427 at XuiSkin$EntityUiStyle.Load          > Could not find icon: Build_ShelfWood, script = Wooden Shelf (Basic)
WARN : General      f:0 st:187,541,427 at XuiSkin$EntityUiStyle.Load          > Could not find icon: Build_RainCollectorCrate2, script = Rain Collector Crate (Garbage Bags)
WARN : General      f:0 st:187,541,427 at XuiSkin$EntityUiStyle.Load          > Could not find icon: Build_HerbDryerLarge, script = Simple Large Plant Drying Rack
WARN : General      f:0 st:187,541,427 at XuiSkin$EntityUiStyle.Load          > Could not find icon: Build_WoodPicket, script = Wooden Marker
WARN : General      f:0 st:187,541,428 at XuiSkin$EntityUiStyle.Load          > Could not find icon: Build_ShelfWood, script = Wooden Shelf (Craftsman)
WARN : General      f:0 st:187,541,428 at XuiSkin$EntityUiStyle.Load          > Could not find icon: Build_FloorSand, script = Sand Floor
WARN : General      f:0 st:187,541,428 at XuiSkin$EntityUiStyle.Load          > Could not find icon: Build_Sidetable, script = Wood Table with Drawer
WARN : General      f:0 st:187,541,428 at XuiSkin$EntityUiStyle.Load          > Could not find icon: Build_TanningBarrel, script = Tannin Barrel
WARN : General      f:0 st:187,541,428 at XuiSkin$EntityUiStyle.Load          > Could not find icon: Build_Sidetable, script = Wooden Table with Drawer (Craftsman)
WARN : General      f:0 st:187,541,428 at XuiSkin$EntityUiStyle.Load          > Could not find icon: Build_Sidetable, script = Wooden Table with Drawer (Basic)
WARN : General      f:0 st:187,541,429 at XuiSkin$EntityUiStyle.Load          > Could not find icon: Build_Bed, script = Wooden Bed
WARN : General      f:0 st:187,541,429 at XuiSkin$EntityUiStyle.Load          > Could not find icon: Build_SmeltingFurnace, script = Simple Forge
WARN : General      f:0 st:187,541,429 at XuiSkin$EntityUiStyle.Load          > Could not find icon: Build_LogBench, script = Log Bench
WARN : General      f:0 st:187,541,429 at XuiSkin$EntityUiStyle.Load          > Could not find icon: Build_StickBookcaseSmall, script = Crude Small Wooden Bookcase
WARN : General      f:0 st:187,541,429 at XuiSkin$EntityUiStyle.Load          > Could not find icon: Item_WaterDrop, script = Water Pump
WARN : General      f:0 st:187,541,430 at XuiSkin$EntityUiStyle.Load          > Could not find icon: Build_Grindstone, script = Grindstone
WARN : General      f:0 st:187,541,430 at XuiSkin$EntityUiStyle.Load          > Could not find icon: Item_Hacksaw, script = Metal Bandsaw
WARN : General      f:0 st:187,541,430 at XuiSkin$EntityUiStyle.Load          > Could not find icon: Build_BookcaseShort, script = Small Wooden Bookcase (Craftsman)
WARN : General      f:0 st:187,541,430 at XuiSkin$EntityUiStyle.Load          > Could not find icon: Build_MetalworkBench, script = Metalworkbench
WARN : General      f:0 st:187,541,431 at XuiSkin$EntityUiStyle.LoadComponentInfo> Could not find icon: Build_MetalworkBench
WARN : General      f:0 st:187,541,431 at XuiSkin$EntityUiStyle.Load          > Could not find icon: Item_Handle, script = Wooden Fence Post
WARN : General      f:0 st:187,541,431 at XuiSkin$EntityUiStyle.LoadComponentInfo> Could not find icon: Item_Handle
WARN : General      f:0 st:187,541,431 at XuiSkin$EntityUiStyle.Load          > Could not find icon: Build_BookcaseShort, script = Small Wooden Bookcase (Basic)
WARN : General      f:0 st:187,541,431 at XuiSkin$EntityUiStyle.Load          > Could not find icon: Build_Composter, script = Composter (Basic)
WARN : General      f:0 st:187,541,432 at XuiSkin$EntityUiStyle.Load          > Could not find icon: Build_FenceStakes, script = Crude Wooden Fence
WARN : General      f:0 st:187,541,432 at XuiSkin$EntityUiStyle.Load          > Could not find icon: Build_DoorframeLogs, script = Log Doorframe
WARN : General      f:0 st:187,541,432 at XuiSkin$EntityUiStyle.Load          > Could not find icon: Build_DoorFenceWood, script = Wooden Fence Gate
WARN : General      f:0 st:187,541,432 at XuiSkin$EntityUiStyle.Load          > Could not find icon: Build_SofteningBeam, script = Softening Beam
WARN : General      f:0 st:187,541,432 at XuiSkin$EntityUiStyle.Load          > Could not find icon: Build_ShortWireFence, script = Small Metal Wire Fence
WARN : General      f:0 st:187,541,432 at XuiSkin$EntityUiStyle.Load          > Could not find icon: Build_Stake_SkullStag, script = Deer Skull Pole
WARN : General      f:0 st:187,541,433 at XuiSkin$EntityUiStyle.Load          > Could not find icon: Item_Charcoal, script = Pit of Coals
WARN : General      f:0 st:187,541,433 at XuiSkin$EntityUiStyle.Load          > Could not find icon: Build_HerbDryerSmall, script = Small Plant Drying Rack
WARN : General      f:0 st:187,541,433 at XuiSkin$EntityUiStyle.Load          > Could not find icon: Item_BlowTorch, script = Metalwork Lathe
WARN : General      f:0 st:187,541,433 at XuiSkin$EntityUiStyle.LoadComponentInfo> Could not find icon: Item_BlowTorch
WARN : General      f:0 st:187,541,433 at XuiSkin$EntityUiStyle.Load          > Could not find icon: Build_LogTable2, script = Crude Wooden Table
WARN : General      f:0 st:187,541,433 at XuiSkin$EntityUiStyle.Load          > Could not find icon: Build_Coffin, script = Wooden Coffin
WARN : General      f:0 st:187,541,434 at XuiSkin$EntityUiStyle.Load          > Could not find icon: Build_Stake_Antlers, script = Antlers Pole
WARN : General      f:0 st:187,541,434 at XuiSkin$EntityUiStyle.Load          > Could not find icon: Build_Stake_SkullSheep, script = Sheep Skull Pole
WARN : General      f:0 st:187,541,434 at XuiSkin$EntityUiStyle.Load          > Could not find icon: Item_WaterDrop, script = Steam Turbine
WARN : General      f:0 st:187,541,434 at XuiSkin$EntityUiStyle.Load          > Could not find icon: Build_Coop2, script = Chicken Hutch (Dark Wood)
WARN : General      f:0 st:187,541,434 at XuiSkin$EntityUiStyle.Load          > Could not find icon: Build_FenceOpenLogs, script = Wide Log Gate
WARN : General      f:0 st:187,541,435 at XuiSkin$EntityUiStyle.Load          > Could not find icon: Build_PoleGate, script = Big Pole Fence Gate
WARN : General      f:0 st:187,541,435 at XuiSkin$EntityUiStyle.Load          > Could not find icon: Build_StairsLogs, script = Log Stairs
WARN : General      f:0 st:187,541,435 at XuiSkin$EntityUiStyle.Load          > Could not find icon: Item_Toast, script = Toaster
WARN : General      f:0 st:187,541,435 at XuiSkin$EntityUiStyle.Load          > Could not find icon: Build_FloorTilePorcelain, script = Tile Floor
WARN : General      f:0 st:187,541,435 at XuiSkin$EntityUiStyle.Load          > Could not find icon: Build_CrossSimple, script = Crude Wooden Cross
WARN : General      f:0 st:187,541,436 at XuiSkin$EntityUiStyle.Load          > Could not find icon: Item_Charcoal, script = Large Pit of Coals
WARN : General      f:0 st:187,541,436 at XuiSkin$EntityUiStyle.Load          > Could not find icon: Build_ButcherHook, script = Butcher Hook
WARN : General      f:0 st:187,541,436 at XuiSkin$EntityUiStyle.Load          > Could not find icon: Build_SpinningWheel, script = Spinning Wheel
WARN : General      f:0 st:187,541,436 at XuiSkin$EntityUiStyle.Load          > Could not find icon: Build_Coop, script = Chicken Hutch (Light Wood)
WARN : General      f:0 st:187,541,436 at XuiSkin$EntityUiStyle.Load          > Could not find icon: Build_Bookcase, script = Wooden Bookcase (Basic)
WARN : General      f:0 st:187,541,437 at XuiSkin$EntityUiStyle.LoadComponentInfo> Could not find icon: Build_Bookcase
WARN : General      f:0 st:187,541,437 at XuiSkin$EntityUiStyle.Load          > Could not find icon: Item_Petrol, script = Generator Maintenance
WARN : General      f:0 st:187,541,437 at XuiSkin$EntityUiStyle.Load          > Could not find icon: Build_Bookcase, script = Wooden Bookcase (Craftsman)
WARN : General      f:0 st:187,541,437 at XuiSkin$EntityUiStyle.Load          > Could not find icon: Build_BarricadeWindow_Bars, script = Metal Bar Barricade
WARN : General      f:0 st:187,541,437 at XuiSkin$EntityUiStyle.Load          > Could not find icon: Build_Stake_SkullBull, script = Bull Skull Pole
WARN : General      f:0 st:187,541,437 at XuiSkin$EntityUiStyle.Load          > Could not find icon: Build_Wall_Plaster, script = Plaster Wall
WARN : General      f:0 st:187,541,438 at XuiSkin$EntityUiStyle.Load          > Could not find icon: Build_CookingPit, script = Fire Pit (Stone Blocks)
WARN : General      f:0 st:187,541,438 at XuiSkin$EntityUiStyle.Load          > Could not find icon: Build_LoomSimple, script = Simple Loom
WARN : General      f:0 st:187,541,438 at XuiSkin$EntityUiStyle.Load          > Could not find icon: Build_WoodSign_Skull, script = Paint Sign - Skull
WARN : General      f:0 st:187,541,438 at XuiSkin$EntityUiStyle.Load          > Could not find icon: Build_WindowframeMetal, script = Metal Window Frame (Basic)
WARN : General      f:0 st:187,541,438 at XuiSkin$EntityUiStyle.Load          > Could not find icon: Build_WindowframeMetal, script = Metal Window Frame (Craftsman)
WARN : General      f:0 st:187,541,439 at XuiSkin$EntityUiStyle.Load          > Could not find icon: Build_DoubleWireGate, script = Double Tall Wire Fence Gate
WARN : General      f:0 st:187,541,439 at XuiSkin$EntityUiStyle.Load          > Could not find icon: Build_RainCollectorBarrel, script = Rain Collector Barrel (Tarp)
WARN : General      f:0 st:187,541,439 at XuiSkin$EntityUiStyle.Load          > Could not find icon: Build_FenceBrick, script = Short Brick Wall
WARN : General      f:0 st:187,541,439 at XuiSkin$EntityUiStyle.Load          > Could not find icon: Build_LogSeat, script = Short Log Bench
WARN : General      f:0 st:187,541,439 at XuiSkin$EntityUiStyle.LoadComponentInfo> Could not find icon: Build_LogSeat
WARN : General      f:0 st:187,541,440 at XuiSkin$EntityUiStyle.Load          > Could not find icon: Build_FenceMetalPosts, script = Metal Pole Fence
WARN : General      f:0 st:187,541,440 at XuiSkin$EntityUiStyle.Load          > Could not find icon: Build_DoorWood, script = Wooden Door (Advanced)
WARN : General      f:0 st:187,541,440 at XuiSkin$EntityUiStyle.Load          > Could not find icon: Build_WallframeMetal, script = Metal Wall Frame
WARN : General      f:0 st:187,541,440 at XuiSkin$EntityUiStyle.Load          > Could not find icon: Build_DoorWood, script = Wooden Door (Basic)
WARN : General      f:0 st:187,541,440 at XuiSkin$EntityUiStyle.Load          > Could not find icon: Build_WallframeWood, script = Wooden Wall Frame
WARN : General      f:0 st:187,541,441 at XuiSkin$EntityUiStyle.Load          > Could not find icon: Item_Anvil_Stone, script = Primitive Forge
WARN : General      f:0 st:187,541,441 at XuiSkin$EntityUiStyle.Load          > Could not find icon: Build_DoorMetal, script = Metal Door (Poor)
WARN : General      f:0 st:187,541,441 at XuiSkin$EntityUiStyle.Load          > Could not find icon: Build_DoorWeldedMetal, script = Metal Door (Shoddy)
WARN : General      f:0 st:187,541,441 at XuiSkin$EntityUiStyle.Load          > Could not find icon: Build_DoorWood, script = Wooden Door (Craftsman)
WARN : General      f:0 st:187,541,442 at XuiSkin$EntityUiStyle.Load          > Could not find icon: Build_Cross, script = Wooden Cross
WARN : General      f:0 st:187,541,442 at XuiSkin$EntityUiStyle.Load          > Could not find icon: Build_ShelvesWood, script = Double Wooden Shelves
WARN : General      f:0 st:187,541,442 at XuiSkin$EntityUiStyle.Load          > Could not find icon: Item_MugFulll, script = Coffee Machine
WARN : General      f:0 st:187,541,442 at XuiSkin$EntityUiStyle.Load          > Could not find icon: Item_RailroadRail_Short, script = Makeshift Electric Blower Forge
WARN : General      f:0 st:187,541,442 at XuiSkin$EntityUiStyle.LoadComponentInfo> Could not find icon: Item_RailroadRail_Short
WARN : General      f:0 st:187,541,443 at XuiSkin$EntityUiStyle.Load          > Could not find icon: Build_LeanToShelterTarp, script = Tarp Shelter
WARN : General      f:0 st:187,541,443 at XuiSkin$EntityUiStyle.Load          > Could not find icon: Build_HerbDryerLarge, script = Large Plant Drying Rack
WARN : General      f:0 st:187,541,443 at XuiSkin$EntityUiStyle.Load          > Could not find icon: Build_StoneQuern, script = Stone Quern
WARN : General      f:0 st:187,541,443 at XuiSkin$EntityUiStyle.LoadComponentInfo> Could not find icon: Build_StoneQuern
WARN : General      f:0 st:187,541,443 at XuiSkin$EntityUiStyle.Load          > Could not find icon: Build_WoodSign, script = Wooden Sign
WARN : General      f:0 st:187,541,443 at XuiSkin$EntityUiStyle.Load          > Could not find icon: Build_WoodPole_Tall, script = Wooden Pole
WARN : General      f:0 st:187,541,444 at XuiSkin$EntityUiStyle.Load          > Could not find icon: Build_WoodSign_Down, script = Paint Sign - Down Arrow
WARN : General      f:0 st:187,541,444 at XuiSkin$EntityUiStyle.Load          > Could not find icon: Item_Dice, script = Test Entity
WARN : General      f:0 st:187,541,444 at XuiSkin$EntityUiStyle.LoadComponentInfo> Could not find icon: Item_Note2
WARN : General      f:0 st:187,541,444 at XuiSkin$EntityUiStyle.Load          > Could not find icon: Build_SandbagWall, script = Sandbag Wall
WARN : General      f:0 st:187,541,444 at XuiSkin$EntityUiStyle.Load          > Could not find icon: Build_SmeltingFurnace, script = Simple Furnace
WARN : General      f:0 st:187,541,445 at XuiSkin$EntityUiStyle.Load          > Could not find icon: Build_BarricadeWindow_Plank, script = Planks Barricade
WARN : General      f:0 st:187,541,445 at XuiSkin$EntityUiStyle.Load          > Could not find icon: Item_Logs, script = Tree Stump
WARN : General      f:0 st:187,541,445 at XuiSkin$EntityUiStyle.LoadComponentInfo> Could not find icon: Item_Logs
WARN : General      f:0 st:187,541,445 at XuiSkin$EntityUiStyle.Load          > Could not find icon: Build_CrateWood, script = Wooden Crate (Craftsman)
WARN : General      f:0 st:187,541,445 at XuiSkin$EntityUiStyle.Load          > Could not find icon: Build_TallWireGate, script = Big Wire Fence Gate
WARN : General      f:0 st:187,541,445 at XuiSkin$EntityUiStyle.Load          > Could not find icon: Build_CrateWood, script = Wooden Crate (Basic)
WARN : General      f:0 st:187,541,446 at XuiSkin$EntityUiStyle.Load          > Could not find icon: Build_DoubleWireFence, script = Big Wire Fence
WARN : General      f:0 st:187,541,446 at XuiSkin$EntityUiStyle.Load          > Could not find icon: Build_Composter, script = Composter (Craftsman)
WARN : General      f:0 st:187,541,446 at XuiSkin$EntityUiStyle.Load          > Could not find icon: Build_Amphora, script = Amphora
WARN : General      f:0 st:187,541,446 at XuiSkin$EntityUiStyle.Load          > Could not find icon: Build_Coalpit, script = Charcoal Burning Pile
WARN : General      f:0 st:187,541,446 at XuiSkin$EntityUiStyle.Load          > Could not find icon: Build_FloorTileWood, script = Wooden Floor (Craftsman)
WARN : General      f:0 st:187,541,447 at XuiSkin$EntityUiStyle.Load          > Could not find icon: Build_FloorTileWood, script = Wooden Floor (Advanced)
WARN : General      f:0 st:187,541,447 at XuiSkin$EntityUiStyle.Load          > Could not find icon: Build_FloorTileWood, script = Wooden Floor (Basic)
WARN : General      f:0 st:187,541,447 at XuiSkin$EntityUiStyle.Load          > Could not find icon: Item_CarBatteryCharger, script = CeroSec - FS-800
WARN : General      f:0 st:187,541,447 at XuiSkin$EntityUiStyle.Load          > Could not find icon: Build_Wall_Wallpaper, script = Apply Wallpaper
WARN : General      f:0 st:187,541,448 at XuiSkin$EntityUiStyle.Load          > Could not find icon: Build_Chair, script = Wooden Chair (Basic)
WARN : General      f:0 st:187,541,448 at XuiSkin$EntityUiStyle.Load          > Could not find icon: Build_FlashlightLamp, script = Wooden Flashlight Pillar
WARN : General      f:0 st:187,541,448 at XuiSkin$EntityUiStyle.Load          > Could not find icon: Build_Chair, script = Wooden Chair (Advanced)
WARN : General      f:0 st:187,541,448 at XuiSkin$EntityUiStyle.Load          > Could not find icon: Build_FenceHighMetalPosts, script = Big Metal Pole Fence
WARN : General      f:0 st:187,541,448 at XuiSkin$EntityUiStyle.Load          > Could not find icon: Build_Chair, script = Wooden Chair (Craftsman)
WARN : General      f:0 st:187,541,449 at XuiSkin$EntityUiStyle.Load          > Could not find icon: Build_LogStool, script = Log Stool
WARN : General      f:0 st:187,541,449 at XuiSkin$EntityUiStyle.Load          > Could not find icon: Build_TableSmallWood, script = Small Wooden Table (Craftsman)
WARN : General      f:0 st:187,541,449 at XuiSkin$EntityUiStyle.LoadComponentInfo> Could not find icon: Build_TableSmallWood
WARN : General      f:0 st:187,541,449 at XuiSkin$EntityUiStyle.Load          > Could not find icon: Build_TableSmallWood, script = Small Wooden Table (Advanced)
WARN : General      f:0 st:187,541,449 at XuiSkin$EntityUiStyle.LoadComponentInfo> Could not find icon: Build_TableSmallWood
WARN : General      f:0 st:187,541,449 at XuiSkin$EntityUiStyle.Load          > Could not find icon: Build_TableSmallWood, script = Small Wooden Table (Basic)
WARN : General      f:0 st:187,541,450 at XuiSkin$EntityUiStyle.LoadComponentInfo> Could not find icon: Build_TableSmallWood
WARN : General      f:0 st:187,541,450 at XuiSkin$EntityUiStyle.Load          > Could not find icon: Item_CarBatteryCharger, script = Test Kiln
WARN : General      f:0 st:187,541,450 at XuiSkin$EntityUiStyle.LoadComponentInfo> Could not find icon: Item_Note2
WARN : General      f:0 st:187,541,450 at XuiSkin$EntityUiStyle.Load          > Could not find icon: Build_ShortWireGate, script = Metal Wire Fence Gate
WARN : General      f:0 st:187,541,450 at XuiSkin$EntityUiStyle.Load          > Could not find icon: Build_LogSeat, script = Log Seat
WARN : General      f:0 st:187,541,451 at XuiSkin$EntityUiStyle.Load          > Could not find icon: Item_PropaneTank, script = Steam Boiler
WARN : General      f:0 st:187,541,451 at XuiSkin$EntityUiStyle.Load          > Could not find icon: Build_TroughWoodLong, script = Long Wooden Feeding Trough
WARN : General      f:0 st:187,541,451 at XuiSkin$EntityUiStyle.Load          > Could not find icon: Build_MetalworkTable, script = Metalwork Table
WARN : General      f:0 st:187,541,451 at XuiSkin$EntityUiStyle.LoadComponentInfo> Could not find icon: Build_MetalworkTable
WARN : General      f:0 st:187,541,480 at TaggedObjectManager.createTagBits   > manager-> new tag discovered that was not preprocessed, tag: keyduplicator
WARN : General      f:0 st:187,541,481 at TaggedObjectManager.createTagBits   > manager-> new tag discovered that was not preprocessed, tag: choppingblock
WARN : Script       f:0 st:187,541,499 at ModelScript.check                   > no such model "null" for Base.BareHands
WARN : Script       f:0 st:187,541,506 at ModelScript.ScriptsLoaded           > different number of attachments on Cucumber and CucumberRotten
WARN : Script       f:0 st:187,541,506 at ModelScript.check                   > no such model "Base.null" for Base.NecklaceLong_SilverSapphire
WARN : Script       f:0 st:187,541,510 at ModelScript.ScriptsLoaded           > different number of attachments on FrenchFries_Hand and FrenchFries_HandBurnt
WARN : Script       f:0 st:187,541,510 at ModelScript.ScriptsLoaded           > different number of attachments on FrenchFries_Hand and FrenchFries_HandRotten
LOG  : General      f:0 st:187,541,999> LOADING ASSETS: START
LOG  : General      f:0 st:187,550,873> LOADING ASSETS: FINISH
WARN : Lua          f:0 st:187,552,586 at Lua(Vanilla).corpseStorageCheck     > require("ISUI/ISInventoryPaneContextMenu") failed
WARN : Lua          f:0 st:187,552,586 at Lua(Vanilla).corpseStorageCheck     > require("ISUI/ISVehicleMenu") failed
WARN : Lua          f:0 st:187,552,586 at Lua(Vanilla).corpseStorageCheck     > require("ISUI/ISContextMenu") failed
WARN : Lua          f:0 st:187,552,606 at Lua(Vanilla).ISCampingMenu          > require("Camping/CCampfireSystem") failed
WARN : Lua          f:0 st:187,552,953 at Lua(Vanilla).ISInventoryTransferUtil> require("TimedActions/ISInventoryTransferAction") failed
WARN : Lua          f:0 st:187,552,954 at Lua(Vanilla).ISInventoryTransferUtil> require("ISUI/PlayerData/ISPlayerData") failed
LOG  : Lua          f:0 st:187,554,013> Initializing Randomized World Tabletop Clutter Tables
WARN : Lua          f:0 st:187,554,060 at Lua(Vanilla).Features               > recursive require(): E:/SteamLibrary/steamapps/common/ProjectZomboid/media/lua/server/WorldGen/WorldGen.lua
WARN : Lua          f:0 st:187,554,089 at Lua(Vanilla).Biomes                 > recursive require(): E:/SteamLibrary/steamapps/common/ProjectZomboid/media/lua/server/WorldGen/WorldGen.lua
WARN : Lua          f:0 st:187,554,101 at Lua(Vanilla).Selection              > recursive require(): E:/SteamLibrary/steamapps/common/ProjectZomboid/media/lua/server/WorldGen/WorldGen.lua
WARN : Lua          f:0 st:187,554,102 at Lua(Vanilla).Veins                  > recursive require(): E:/SteamLibrary/steamapps/common/ProjectZomboid/media/lua/server/WorldGen/WorldGen.lua
WARN : Lua          f:0 st:187,554,103 at Lua(Vanilla).Roads                  > recursive require(): E:/SteamLibrary/steamapps/common/ProjectZomboid/media/lua/server/WorldGen/WorldGen.lua
WARN : Lua          f:0 st:187,554,103 at Lua(Vanilla).WorldGen               > recursive require(): E:/SteamLibrary/steamapps/common/ProjectZomboid/media/lua/server/WorldGen/attachments/Priorities.lua
LOG  : Lua          f:0 st:187,554,123> NeighborhoodLife server bootstrap loaded
LOG  : Lua          f:0 st:187,554,127> NLQA MP SERVER BOOT: authority=true requireOk=true error=nil
LOG  : Lua          f:0 st:187,554,127> luaChecksum: 528f92f2d0805f89ad5d32f1569f4e80
LOG  : General      f:0 st:187,554,134> writing E:\pzmod\test-profile\mp-server\Server\servertest_SandboxVars.lua
LOG  : Network      f:0 st:187,554,197> Loading world...
LOG  : General      f:0 st:187,554,206> Loading worldgen params
LOG  : General      f:0 st:187,554,206> IsoMetaGrid.Create: begin scanning directories
LOG  : General      f:0 st:187,554,209> Looking in these map folders:
LOG  : General      f:0 st:187,554,209> <End of map-folders list>
LOG  : General      f:0 st:187,554,236> IsoMetaGrid.Create: X: [ -250 250 ], Y: [ -250 250 ]
LOG  : General      f:0 st:187,554,236> World seed: StZjddNFAtLGxyvc 101865925
LOG  : General      f:0 st:187,554,237> IsoMetaGrid.Create: finished scanning directories in 0.029 seconds
LOG  : General      f:0 st:187,554,294> IsoMetaGrid.Create: begin loading
LOG  : General      f:0 st:187,554,295> VehiclesDB2.init() start
LOG  : General      f:0 st:187,554,300> VehiclesDB2.init() end
LOG  : General      f:0 st:187,554,300> triggerEvent OnInitWorld
LOG  : General      f:0 st:187,554,300> SandboxOptions.load() start
LOG  : General      f:0 st:187,554,301> SandboxOptions.load() end
LOG  : General      f:0 st:187,554,301> ItemPickerJava.Parse() start
LOG  : General      f:0 st:187,554,588> ItemPickerJava.Parse() end
LOG  : General      f:0 st:187,554,590> LoadTileDefinitions start
WARN : Sprite       f:0 st:187,555,359 at IsoSpriteManager.AddSprite          > duplicate texture d_streetcracks_1_0 ignore ID=1050112, use ID=252928
WARN : Sprite       f:0 st:187,555,363 at IsoSpriteManager.AddSprite          > duplicate texture d_streetcracks_1_1 ignore ID=1050113, use ID=252929
WARN : Sprite       f:0 st:187,555,363 at IsoSpriteManager.AddSprite          > duplicate texture d_streetcracks_1_2 ignore ID=1050114, use ID=252930
WARN : Sprite       f:0 st:187,555,363 at IsoSpriteManager.AddSprite          > duplicate texture d_streetcracks_1_3 ignore ID=1050115, use ID=252931
WARN : Sprite       f:0 st:187,555,364 at IsoSpriteManager.AddSprite          > duplicate texture d_streetcracks_1_4 ignore ID=1050116, use ID=252932
WARN : Sprite       f:0 st:187,555,364 at IsoSpriteManager.AddSprite          > duplicate texture d_streetcracks_1_5 ignore ID=1050117, use ID=252933
WARN : Sprite       f:0 st:187,555,364 at IsoSpriteManager.AddSprite          > duplicate texture d_streetcracks_1_6 ignore ID=1050118, use ID=252934
WARN : Sprite       f:0 st:187,555,365 at IsoSpriteManager.AddSprite          > duplicate texture d_streetcracks_1_7 ignore ID=1050119, use ID=252935
WARN : Sprite       f:0 st:187,555,365 at IsoSpriteManager.AddSprite          > duplicate texture d_streetcracks_1_8 ignore ID=1050120, use ID=252936
WARN : Sprite       f:0 st:187,555,365 at IsoSpriteManager.AddSprite          > duplicate texture d_streetcracks_1_9 ignore ID=1050121, use ID=252937
WARN : Sprite       f:0 st:187,555,365 at IsoSpriteManager.AddSprite          > duplicate texture d_streetcracks_1_10 ignore ID=1050122, use ID=252938
WARN : Sprite       f:0 st:187,555,366 at IsoSpriteManager.AddSprite          > duplicate texture d_streetcracks_1_11 ignore ID=1050123, use ID=252939
WARN : Sprite       f:0 st:187,555,366 at IsoSpriteManager.AddSprite          > duplicate texture d_streetcracks_1_12 ignore ID=1050124, use ID=252940
WARN : Sprite       f:0 st:187,555,366 at IsoSpriteManager.AddSprite          > duplicate texture d_streetcracks_1_13 ignore ID=1050125, use ID=252941
WARN : Sprite       f:0 st:187,555,366 at IsoSpriteManager.AddSprite          > duplicate texture d_streetcracks_1_14 ignore ID=1050126, use ID=252942
WARN : Sprite       f:0 st:187,555,367 at IsoSpriteManager.AddSprite          > duplicate texture d_streetcracks_1_15 ignore ID=1050127, use ID=252943
WARN : Sprite       f:0 st:187,555,367 at IsoSpriteManager.AddSprite          > duplicate texture d_streetcracks_1_16 ignore ID=1050128, use ID=252944
WARN : Sprite       f:0 st:187,555,367 at IsoSpriteManager.AddSprite          > duplicate texture d_streetcracks_1_17 ignore ID=1050129, use ID=252945
WARN : Sprite       f:0 st:187,555,367 at IsoSpriteManager.AddSprite          > duplicate texture d_streetcracks_1_18 ignore ID=1050130, use ID=252946
WARN : Sprite       f:0 st:187,555,368 at IsoSpriteManager.AddSprite          > duplicate texture d_streetcracks_1_19 ignore ID=1050131, use ID=252947
WARN : Sprite       f:0 st:187,555,368 at IsoSpriteManager.AddSprite          > duplicate texture d_streetcracks_1_20 ignore ID=1050132, use ID=252948
WARN : Sprite       f:0 st:187,555,368 at IsoSpriteManager.AddSprite          > duplicate texture d_streetcracks_1_21 ignore ID=1050133, use ID=252949
WARN : Sprite       f:0 st:187,555,368 at IsoSpriteManager.AddSprite          > duplicate texture d_streetcracks_1_22 ignore ID=1050134, use ID=252950
WARN : Sprite       f:0 st:187,555,369 at IsoSpriteManager.AddSprite          > duplicate texture d_streetcracks_1_23 ignore ID=1050135, use ID=252951
WARN : Sprite       f:0 st:187,555,369 at IsoSpriteManager.AddSprite          > duplicate texture d_streetcracks_1_24 ignore ID=1050136, use ID=252952
WARN : Sprite       f:0 st:187,555,369 at IsoSpriteManager.AddSprite          > duplicate texture d_streetcracks_1_25 ignore ID=1050137, use ID=252953
WARN : Sprite       f:0 st:187,555,370 at IsoSpriteManager.AddSprite          > duplicate texture d_streetcracks_1_26 ignore ID=1050138, use ID=252954
WARN : Sprite       f:0 st:187,555,370 at IsoSpriteManager.AddSprite          > duplicate texture d_streetcracks_1_27 ignore ID=1050139, use ID=252955
WARN : Sprite       f:0 st:187,555,370 at IsoSpriteManager.AddSprite          > duplicate texture d_streetcracks_1_28 ignore ID=1050140, use ID=252956
WARN : Sprite       f:0 st:187,555,371 at IsoSpriteManager.AddSprite          > duplicate texture d_streetcracks_1_29 ignore ID=1050141, use ID=252957
WARN : Sprite       f:0 st:187,555,371 at IsoSpriteManager.AddSprite          > duplicate texture d_streetcracks_1_30 ignore ID=1050142, use ID=252958
WARN : Sprite       f:0 st:187,555,371 at IsoSpriteManager.AddSprite          > duplicate texture d_streetcracks_1_31 ignore ID=1050143, use ID=252959
WARN : Sprite       f:0 st:187,555,371 at IsoSpriteManager.AddSprite          > duplicate texture d_streetcracks_1_32 ignore ID=1050144, use ID=252960
WARN : Sprite       f:0 st:187,555,372 at IsoSpriteManager.AddSprite          > duplicate texture d_streetcracks_1_33 ignore ID=1050145, use ID=252961
WARN : Sprite       f:0 st:187,555,372 at IsoSpriteManager.AddSprite          > duplicate texture d_streetcracks_1_34 ignore ID=1050146, use ID=252962
WARN : Sprite       f:0 st:187,555,372 at IsoSpriteManager.AddSprite          > duplicate texture d_streetcracks_1_35 ignore ID=1050147, use ID=252963
WARN : Sprite       f:0 st:187,555,372 at IsoSpriteManager.AddSprite          > duplicate texture d_streetcracks_1_36 ignore ID=1050148, use ID=252964
WARN : Sprite       f:0 st:187,555,373 at IsoSpriteManager.AddSprite          > duplicate texture d_streetcracks_1_37 ignore ID=1050149, use ID=252965
WARN : Sprite       f:0 st:187,555,373 at IsoSpriteManager.AddSprite          > duplicate texture d_streetcracks_1_38 ignore ID=1050150, use ID=252966
WARN : Sprite       f:0 st:187,555,373 at IsoSpriteManager.AddSprite          > duplicate texture d_streetcracks_1_39 ignore ID=1050151, use ID=252967
WARN : Sprite       f:0 st:187,555,373 at IsoSpriteManager.AddSprite          > duplicate texture d_streetcracks_1_40 ignore ID=1050152, use ID=252968
WARN : Sprite       f:0 st:187,555,374 at IsoSpriteManager.AddSprite          > duplicate texture d_streetcracks_1_41 ignore ID=1050153, use ID=252969
WARN : Sprite       f:0 st:187,555,374 at IsoSpriteManager.AddSprite          > duplicate texture d_streetcracks_1_42 ignore ID=1050154, use ID=252970
WARN : Sprite       f:0 st:187,555,374 at IsoSpriteManager.AddSprite          > duplicate texture d_streetcracks_1_43 ignore ID=1050155, use ID=252971
WARN : Sprite       f:0 st:187,555,374 at IsoSpriteManager.AddSprite          > duplicate texture d_streetcracks_1_44 ignore ID=1050156, use ID=252972
WARN : Sprite       f:0 st:187,555,374 at IsoSpriteManager.AddSprite          > duplicate texture d_streetcracks_1_45 ignore ID=1050157, use ID=252973
WARN : Sprite       f:0 st:187,555,375 at IsoSpriteManager.AddSprite          > duplicate texture d_streetcracks_1_46 ignore ID=1050158, use ID=252974
WARN : Sprite       f:0 st:187,555,375 at IsoSpriteManager.AddSprite          > duplicate texture d_streetcracks_1_47 ignore ID=1050159, use ID=252975
WARN : Sprite       f:0 st:187,555,375 at IsoSpriteManager.AddSprite          > duplicate texture d_streetcracks_1_48 ignore ID=1050160, use ID=252976
WARN : Sprite       f:0 st:187,555,375 at IsoSpriteManager.AddSprite          > duplicate texture d_streetcracks_1_49 ignore ID=1050161, use ID=252977
WARN : Sprite       f:0 st:187,555,376 at IsoSpriteManager.AddSprite          > duplicate texture d_streetcracks_1_50 ignore ID=1050162, use ID=252978
WARN : Sprite       f:0 st:187,555,376 at IsoSpriteManager.AddSprite          > duplicate texture d_streetcracks_1_51 ignore ID=1050163, use ID=252979
WARN : Sprite       f:0 st:187,555,376 at IsoSpriteManager.AddSprite          > duplicate texture d_streetcracks_1_52 ignore ID=1050164, use ID=252980
WARN : Sprite       f:0 st:187,555,377 at IsoSpriteManager.AddSprite          > duplicate texture d_streetcracks_1_53 ignore ID=1050165, use ID=252981
WARN : Sprite       f:0 st:187,555,377 at IsoSpriteManager.AddSprite          > duplicate texture d_streetcracks_1_54 ignore ID=1050166, use ID=252982
WARN : Sprite       f:0 st:187,555,377 at IsoSpriteManager.AddSprite          > duplicate texture d_streetcracks_1_55 ignore ID=1050167, use ID=252983
WARN : Sprite       f:0 st:187,555,377 at IsoSpriteManager.AddSprite          > duplicate texture d_streetcracks_1_56 ignore ID=1050168, use ID=252984
WARN : Sprite       f:0 st:187,555,378 at IsoSpriteManager.AddSprite          > duplicate texture d_streetcracks_1_57 ignore ID=1050169, use ID=252985
WARN : Sprite       f:0 st:187,555,378 at IsoSpriteManager.AddSprite          > duplicate texture d_streetcracks_1_58 ignore ID=1050170, use ID=252986
WARN : Sprite       f:0 st:187,555,378 at IsoSpriteManager.AddSprite          > duplicate texture d_streetcracks_1_59 ignore ID=1050171, use ID=252987
WARN : Sprite       f:0 st:187,555,378 at IsoSpriteManager.AddSprite          > duplicate texture d_streetcracks_1_60 ignore ID=1050172, use ID=252988
WARN : Sprite       f:0 st:187,555,379 at IsoSpriteManager.AddSprite          > duplicate texture d_streetcracks_1_61 ignore ID=1050173, use ID=252989
WARN : Sprite       f:0 st:187,555,379 at IsoSpriteManager.AddSprite          > duplicate texture d_streetcracks_1_62 ignore ID=1050174, use ID=252990
WARN : Sprite       f:0 st:187,555,379 at IsoSpriteManager.AddSprite          > duplicate texture d_streetcracks_1_63 ignore ID=1050175, use ID=252991
WARN : Sprite       f:0 st:187,555,379 at IsoSpriteManager.AddSprite          > duplicate texture d_streetcracks_1_64 ignore ID=1050176, use ID=252992
WARN : Sprite       f:0 st:187,555,380 at IsoSpriteManager.AddSprite          > duplicate texture d_streetcracks_1_65 ignore ID=1050177, use ID=252993
WARN : Sprite       f:0 st:187,555,380 at IsoSpriteManager.AddSprite          > duplicate texture d_streetcracks_1_66 ignore ID=1050178, use ID=252994
WARN : Sprite       f:0 st:187,555,380 at IsoSpriteManager.AddSprite          > duplicate texture d_streetcracks_1_67 ignore ID=1050179, use ID=252995
WARN : Sprite       f:0 st:187,555,380 at IsoSpriteManager.AddSprite          > duplicate texture d_streetcracks_1_68 ignore ID=1050180, use ID=252996
WARN : Sprite       f:0 st:187,555,381 at IsoSpriteManager.AddSprite          > duplicate texture d_streetcracks_1_69 ignore ID=1050181, use ID=252997
WARN : Sprite       f:0 st:187,555,381 at IsoSpriteManager.AddSprite          > duplicate texture d_streetcracks_1_70 ignore ID=1050182, use ID=252998
WARN : Sprite       f:0 st:187,555,381 at IsoSpriteManager.AddSprite          > duplicate texture d_streetcracks_1_71 ignore ID=1050183, use ID=252999
WARN : Sprite       f:0 st:187,555,382 at IsoSpriteManager.AddSprite          > duplicate texture d_streetcracks_1_72 ignore ID=1050184, use ID=253000
WARN : Sprite       f:0 st:187,555,382 at IsoSpriteManager.AddSprite          > duplicate texture d_streetcracks_1_73 ignore ID=1050185, use ID=253001
WARN : Sprite       f:0 st:187,555,382 at IsoSpriteManager.AddSprite          > duplicate texture d_streetcracks_1_74 ignore ID=1050186, use ID=253002
WARN : Sprite       f:0 st:187,555,383 at IsoSpriteManager.AddSprite          > duplicate texture d_streetcracks_1_75 ignore ID=1050187, use ID=253003
WARN : Sprite       f:0 st:187,555,383 at IsoSpriteManager.AddSprite          > duplicate texture d_streetcracks_1_76 ignore ID=1050188, use ID=253004
WARN : Sprite       f:0 st:187,555,383 at IsoSpriteManager.AddSprite          > duplicate texture d_streetcracks_1_77 ignore ID=1050189, use ID=253005
WARN : Sprite       f:0 st:187,555,383 at IsoSpriteManager.AddSprite          > duplicate texture d_streetcracks_1_78 ignore ID=1050190, use ID=253006
WARN : Sprite       f:0 st:187,555,384 at IsoSpriteManager.AddSprite          > duplicate texture d_streetcracks_1_79 ignore ID=1050191, use ID=253007
WARN : Sprite       f:0 st:187,555,384 at IsoSpriteManager.AddSprite          > duplicate texture d_streetcracks_1_80 ignore ID=1050192, use ID=253008
WARN : Sprite       f:0 st:187,555,384 at IsoSpriteManager.AddSprite          > duplicate texture d_streetcracks_1_81 ignore ID=1050193, use ID=253009
WARN : Sprite       f:0 st:187,555,385 at IsoSpriteManager.AddSprite          > duplicate texture d_streetcracks_1_82 ignore ID=1050194, use ID=253010
WARN : Sprite       f:0 st:187,555,385 at IsoSpriteManager.AddSprite          > duplicate texture d_streetcracks_1_83 ignore ID=1050195, use ID=253011
WARN : Sprite       f:0 st:187,555,385 at IsoSpriteManager.AddSprite          > duplicate texture d_streetcracks_1_84 ignore ID=1050196, use ID=253012
WARN : Sprite       f:0 st:187,555,385 at IsoSpriteManager.AddSprite          > duplicate texture d_streetcracks_1_85 ignore ID=1050197, use ID=253013
WARN : Sprite       f:0 st:187,555,386 at IsoSpriteManager.AddSprite          > duplicate texture d_streetcracks_1_86 ignore ID=1050198, use ID=253014
WARN : Sprite       f:0 st:187,555,386 at IsoSpriteManager.AddSprite          > duplicate texture d_streetcracks_1_87 ignore ID=1050199, use ID=253015
WARN : Sprite       f:0 st:187,555,386 at IsoSpriteManager.AddSprite          > duplicate texture d_streetcracks_1_88 ignore ID=1050200, use ID=253016
WARN : Sprite       f:0 st:187,555,387 at IsoSpriteManager.AddSprite          > duplicate texture d_streetcracks_1_89 ignore ID=1050201, use ID=253017
WARN : Sprite       f:0 st:187,555,387 at IsoSpriteManager.AddSprite          > duplicate texture d_streetcracks_1_90 ignore ID=1050202, use ID=253018
WARN : Sprite       f:0 st:187,555,387 at IsoSpriteManager.AddSprite          > duplicate texture d_streetcracks_1_91 ignore ID=1050203, use ID=253019
WARN : Sprite       f:0 st:187,555,387 at IsoSpriteManager.AddSprite          > duplicate texture d_streetcracks_1_92 ignore ID=1050204, use ID=253020
WARN : Sprite       f:0 st:187,555,388 at IsoSpriteManager.AddSprite          > duplicate texture d_streetcracks_1_93 ignore ID=1050205, use ID=253021
WARN : Sprite       f:0 st:187,555,388 at IsoSpriteManager.AddSprite          > duplicate texture d_streetcracks_1_94 ignore ID=1050206, use ID=253022
WARN : Sprite       f:0 st:187,555,388 at IsoSpriteManager.AddSprite          > duplicate texture d_streetcracks_1_95 ignore ID=1050207, use ID=253023
WARN : Sprite       f:0 st:187,555,389 at IsoSpriteManager.AddSprite          > duplicate texture d_streetcracks_1_96 ignore ID=1050208, use ID=253024
WARN : Sprite       f:0 st:187,555,389 at IsoSpriteManager.AddSprite          > duplicate texture d_streetcracks_1_97 ignore ID=1050209, use ID=253025
WARN : Sprite       f:0 st:187,555,390 at IsoSpriteManager.AddSprite          > duplicate texture d_streetcracks_1_98 ignore ID=1050210, use ID=253026
WARN : Sprite       f:0 st:187,555,390 at IsoSpriteManager.AddSprite          > duplicate texture d_streetcracks_1_99 ignore ID=1050211, use ID=253027
WARN : Sprite       f:0 st:187,555,390 at IsoSpriteManager.AddSprite          > duplicate texture d_streetcracks_1_100 ignore ID=1050212, use ID=253028
WARN : Sprite       f:0 st:187,555,390 at IsoSpriteManager.AddSprite          > duplicate texture d_streetcracks_1_101 ignore ID=1050213, use ID=253029
WARN : Sprite       f:0 st:187,555,391 at IsoSpriteManager.AddSprite          > duplicate texture d_streetcracks_1_102 ignore ID=1050214, use ID=253030
WARN : Sprite       f:0 st:187,555,391 at IsoSpriteManager.AddSprite          > duplicate texture d_streetcracks_1_103 ignore ID=1050215, use ID=253031
WARN : Sprite       f:0 st:187,555,391 at IsoSpriteManager.AddSprite          > duplicate texture d_streetcracks_1_104 ignore ID=1050216, use ID=253032
WARN : Sprite       f:0 st:187,555,391 at IsoSpriteManager.AddSprite          > duplicate texture d_streetcracks_1_105 ignore ID=1050217, use ID=253033
WARN : Sprite       f:0 st:187,555,391 at IsoSpriteManager.AddSprite          > duplicate texture d_streetcracks_1_106 ignore ID=1050218, use ID=253034
WARN : Sprite       f:0 st:187,555,392 at IsoSpriteManager.AddSprite          > duplicate texture d_streetcracks_1_107 ignore ID=1050219, use ID=253035
WARN : Sprite       f:0 st:187,555,392 at IsoSpriteManager.AddSprite          > duplicate texture d_streetcracks_1_108 ignore ID=1050220, use ID=253036
WARN : Sprite       f:0 st:187,555,392 at IsoSpriteManager.AddSprite          > duplicate texture d_streetcracks_1_109 ignore ID=1050221, use ID=253037
WARN : Sprite       f:0 st:187,555,392 at IsoSpriteManager.AddSprite          > duplicate texture d_streetcracks_1_110 ignore ID=1050222, use ID=253038
WARN : Sprite       f:0 st:187,555,393 at IsoSpriteManager.AddSprite          > duplicate texture d_streetcracks_1_111 ignore ID=1050223, use ID=253039
WARN : Sprite       f:0 st:187,555,393 at IsoSpriteManager.AddSprite          > duplicate texture d_streetcracks_1_112 ignore ID=1050224, use ID=253040
WARN : Sprite       f:0 st:187,555,394 at IsoSpriteManager.AddSprite          > duplicate texture d_streetcracks_1_113 ignore ID=1050225, use ID=253041
WARN : Sprite       f:0 st:187,555,394 at IsoSpriteManager.AddSprite          > duplicate texture d_streetcracks_1_114 ignore ID=1050226, use ID=253042
WARN : Sprite       f:0 st:187,555,394 at IsoSpriteManager.AddSprite          > duplicate texture d_streetcracks_1_115 ignore ID=1050227, use ID=253043
WARN : Sprite       f:0 st:187,555,395 at IsoSpriteManager.AddSprite          > duplicate texture d_streetcracks_1_116 ignore ID=1050228, use ID=253044
WARN : Sprite       f:0 st:187,555,395 at IsoSpriteManager.AddSprite          > duplicate texture d_streetcracks_1_117 ignore ID=1050229, use ID=253045
WARN : Sprite       f:0 st:187,555,395 at IsoSpriteManager.AddSprite          > duplicate texture d_streetcracks_1_118 ignore ID=1050230, use ID=253046
WARN : Sprite       f:0 st:187,555,395 at IsoSpriteManager.AddSprite          > duplicate texture d_streetcracks_1_119 ignore ID=1050231, use ID=253047
WARN : Sprite       f:0 st:187,555,396 at IsoSpriteManager.AddSprite          > duplicate texture d_streetcracks_1_120 ignore ID=1050232, use ID=253048
WARN : Sprite       f:0 st:187,555,396 at IsoSpriteManager.AddSprite          > duplicate texture d_streetcracks_1_121 ignore ID=1050233, use ID=253049
WARN : Sprite       f:0 st:187,555,396 at IsoSpriteManager.AddSprite          > duplicate texture d_streetcracks_1_122 ignore ID=1050234, use ID=253050
WARN : Sprite       f:0 st:187,555,396 at IsoSpriteManager.AddSprite          > duplicate texture d_streetcracks_1_123 ignore ID=1050235, use ID=253051
WARN : Sprite       f:0 st:187,555,396 at IsoSpriteManager.AddSprite          > duplicate texture d_streetcracks_1_124 ignore ID=1050236, use ID=253052
WARN : Sprite       f:0 st:187,555,397 at IsoSpriteManager.AddSprite          > duplicate texture d_streetcracks_1_125 ignore ID=1050237, use ID=253053
WARN : Sprite       f:0 st:187,555,397 at IsoSpriteManager.AddSprite          > duplicate texture d_streetcracks_1_126 ignore ID=1050238, use ID=253054
WARN : Sprite       f:0 st:187,555,397 at IsoSpriteManager.AddSprite          > duplicate texture d_streetcracks_1_127 ignore ID=1050239, use ID=253055
WARN : Sprite       f:0 st:187,555,397 at IsoSpriteManager.AddSprite          > duplicate texture d_wallcracks_1_0 ignore ID=1060864, use ID=254976
WARN : Sprite       f:0 st:187,555,398 at IsoSpriteManager.AddSprite          > duplicate texture d_wallcracks_1_1 ignore ID=1060865, use ID=254977
WARN : Sprite       f:0 st:187,555,398 at IsoSpriteManager.AddSprite          > duplicate texture d_wallcracks_1_2 ignore ID=1060866, use ID=254978
WARN : Sprite       f:0 st:187,555,398 at IsoSpriteManager.AddSprite          > duplicate texture d_wallcracks_1_3 ignore ID=1060867, use ID=254979
WARN : Sprite       f:0 st:187,555,398 at IsoSpriteManager.AddSprite          > duplicate texture d_wallcracks_1_4 ignore ID=1060868, use ID=254980
WARN : Sprite       f:0 st:187,555,398 at IsoSpriteManager.AddSprite          > duplicate texture d_wallcracks_1_5 ignore ID=1060869, use ID=254981
WARN : Sprite       f:0 st:187,555,399 at IsoSpriteManager.AddSprite          > duplicate texture d_wallcracks_1_6 ignore ID=1060870, use ID=254982
WARN : Sprite       f:0 st:187,555,399 at IsoSpriteManager.AddSprite          > duplicate texture d_wallcracks_1_7 ignore ID=1060871, use ID=254983
WARN : Sprite       f:0 st:187,555,399 at IsoSpriteManager.AddSprite          > duplicate texture d_wallcracks_1_8 ignore ID=1060872, use ID=254984
WARN : Sprite       f:0 st:187,555,399 at IsoSpriteManager.AddSprite          > duplicate texture d_wallcracks_1_9 ignore ID=1060873, use ID=254985
WARN : Sprite       f:0 st:187,555,400 at IsoSpriteManager.AddSprite          > duplicate texture d_wallcracks_1_10 ignore ID=1060874, use ID=254986
WARN : Sprite       f:0 st:187,555,400 at IsoSpriteManager.AddSprite          > duplicate texture d_wallcracks_1_11 ignore ID=1060875, use ID=254987
WARN : Sprite       f:0 st:187,555,400 at IsoSpriteManager.AddSprite          > duplicate texture d_wallcracks_1_12 ignore ID=1060876, use ID=254988
WARN : Sprite       f:0 st:187,555,401 at IsoSpriteManager.AddSprite          > duplicate texture d_wallcracks_1_13 ignore ID=1060877, use ID=254989
WARN : Sprite       f:0 st:187,555,401 at IsoSpriteManager.AddSprite          > duplicate texture d_wallcracks_1_14 ignore ID=1060878, use ID=254990
WARN : Sprite       f:0 st:187,555,401 at IsoSpriteManager.AddSprite          > duplicate texture d_wallcracks_1_15 ignore ID=1060879, use ID=254991
WARN : Sprite       f:0 st:187,555,401 at IsoSpriteManager.AddSprite          > duplicate texture d_wallcracks_1_16 ignore ID=1060880, use ID=254992
WARN : Sprite       f:0 st:187,555,402 at IsoSpriteManager.AddSprite          > duplicate texture d_wallcracks_1_17 ignore ID=1060881, use ID=254993
WARN : Sprite       f:0 st:187,555,402 at IsoSpriteManager.AddSprite          > duplicate texture d_wallcracks_1_18 ignore ID=1060882, use ID=254994
WARN : Sprite       f:0 st:187,555,402 at IsoSpriteManager.AddSprite          > duplicate texture d_wallcracks_1_19 ignore ID=1060883, use ID=254995
WARN : Sprite       f:0 st:187,555,402 at IsoSpriteManager.AddSprite          > duplicate texture d_wallcracks_1_20 ignore ID=1060884, use ID=254996
WARN : Sprite       f:0 st:187,555,403 at IsoSpriteManager.AddSprite          > duplicate texture d_wallcracks_1_21 ignore ID=1060885, use ID=254997
WARN : Sprite       f:0 st:187,555,403 at IsoSpriteManager.AddSprite          > duplicate texture d_wallcracks_1_22 ignore ID=1060886, use ID=254998
WARN : Sprite       f:0 st:187,555,403 at IsoSpriteManager.AddSprite          > duplicate texture d_wallcracks_1_23 ignore ID=1060887, use ID=254999
WARN : Sprite       f:0 st:187,555,404 at IsoSpriteManager.AddSprite          > duplicate texture d_wallcracks_1_24 ignore ID=1060888, use ID=255000
WARN : Sprite       f:0 st:187,555,404 at IsoSpriteManager.AddSprite          > duplicate texture d_wallcracks_1_25 ignore ID=1060889, use ID=255001
WARN : Sprite       f:0 st:187,555,405 at IsoSpriteManager.AddSprite          > duplicate texture d_wallcracks_1_26 ignore ID=1060890, use ID=255002
WARN : Sprite       f:0 st:187,555,405 at IsoSpriteManager.AddSprite          > duplicate texture d_wallcracks_1_27 ignore ID=1060891, use ID=255003
WARN : Sprite       f:0 st:187,555,405 at IsoSpriteManager.AddSprite          > duplicate texture d_wallcracks_1_28 ignore ID=1060892, use ID=255004
WARN : Sprite       f:0 st:187,555,406 at IsoSpriteManager.AddSprite          > duplicate texture d_wallcracks_1_29 ignore ID=1060893, use ID=255005
WARN : Sprite       f:0 st:187,555,406 at IsoSpriteManager.AddSprite          > duplicate texture d_wallcracks_1_30 ignore ID=1060894, use ID=255006
WARN : Sprite       f:0 st:187,555,406 at IsoSpriteManager.AddSprite          > duplicate texture d_wallcracks_1_31 ignore ID=1060895, use ID=255007
WARN : Sprite       f:0 st:187,555,406 at IsoSpriteManager.AddSprite          > duplicate texture d_wallcracks_1_32 ignore ID=1060896, use ID=255008
WARN : Sprite       f:0 st:187,555,407 at IsoSpriteManager.AddSprite          > duplicate texture d_wallcracks_1_33 ignore ID=1060897, use ID=255009
WARN : Sprite       f:0 st:187,555,407 at IsoSpriteManager.AddSprite          > duplicate texture d_wallcracks_1_34 ignore ID=1060898, use ID=255010
WARN : Sprite       f:0 st:187,555,407 at IsoSpriteManager.AddSprite          > duplicate texture d_wallcracks_1_35 ignore ID=1060899, use ID=255011
WARN : Sprite       f:0 st:187,555,407 at IsoSpriteManager.AddSprite          > duplicate texture d_wallcracks_1_36 ignore ID=1060900, use ID=255012
WARN : Sprite       f:0 st:187,555,408 at IsoSpriteManager.AddSprite          > duplicate texture d_wallcracks_1_37 ignore ID=1060901, use ID=255013
WARN : Sprite       f:0 st:187,555,408 at IsoSpriteManager.AddSprite          > duplicate texture d_wallcracks_1_38 ignore ID=1060902, use ID=255014
WARN : Sprite       f:0 st:187,555,408 at IsoSpriteManager.AddSprite          > duplicate texture d_wallcracks_1_39 ignore ID=1060903, use ID=255015
WARN : Sprite       f:0 st:187,555,408 at IsoSpriteManager.AddSprite          > duplicate texture d_wallcracks_1_40 ignore ID=1060904, use ID=255016
WARN : Sprite       f:0 st:187,555,414 at IsoSpriteManager.AddSprite          > duplicate texture d_wallcracks_1_41 ignore ID=1060905, use ID=255017
WARN : Sprite       f:0 st:187,555,415 at IsoSpriteManager.AddSprite          > duplicate texture d_wallcracks_1_42 ignore ID=1060906, use ID=255018
WARN : Sprite       f:0 st:187,555,415 at IsoSpriteManager.AddSprite          > duplicate texture d_wallcracks_1_43 ignore ID=1060907, use ID=255019
WARN : Sprite       f:0 st:187,555,416 at IsoSpriteManager.AddSprite          > duplicate texture d_wallcracks_1_44 ignore ID=1060908, use ID=255020
WARN : Sprite       f:0 st:187,555,416 at IsoSpriteManager.AddSprite          > duplicate texture d_wallcracks_1_45 ignore ID=1060909, use ID=255021
WARN : Sprite       f:0 st:187,555,416 at IsoSpriteManager.AddSprite          > duplicate texture d_wallcracks_1_46 ignore ID=1060910, use ID=255022
WARN : Sprite       f:0 st:187,555,416 at IsoSpriteManager.AddSprite          > duplicate texture d_wallcracks_1_47 ignore ID=1060911, use ID=255023
WARN : Sprite       f:0 st:187,555,417 at IsoSpriteManager.AddSprite          > duplicate texture d_wallcracks_1_48 ignore ID=1060912, use ID=255024
WARN : Sprite       f:0 st:187,555,417 at IsoSpriteManager.AddSprite          > duplicate texture d_wallcracks_1_49 ignore ID=1060913, use ID=255025
WARN : Sprite       f:0 st:187,555,417 at IsoSpriteManager.AddSprite          > duplicate texture d_wallcracks_1_50 ignore ID=1060914, use ID=255026
WARN : Sprite       f:0 st:187,555,417 at IsoSpriteManager.AddSprite          > duplicate texture d_wallcracks_1_51 ignore ID=1060915, use ID=255027
WARN : Sprite       f:0 st:187,555,418 at IsoSpriteManager.AddSprite          > duplicate texture d_wallcracks_1_52 ignore ID=1060916, use ID=255028
WARN : Sprite       f:0 st:187,555,418 at IsoSpriteManager.AddSprite          > duplicate texture d_wallcracks_1_53 ignore ID=1060917, use ID=255029
WARN : Sprite       f:0 st:187,555,418 at IsoSpriteManager.AddSprite          > duplicate texture d_wallcracks_1_54 ignore ID=1060918, use ID=255030
WARN : Sprite       f:0 st:187,555,418 at IsoSpriteManager.AddSprite          > duplicate texture d_wallcracks_1_55 ignore ID=1060919, use ID=255031
WARN : Sprite       f:0 st:187,555,419 at IsoSpriteManager.AddSprite          > duplicate texture d_wallcracks_1_56 ignore ID=1060920, use ID=255032
WARN : Sprite       f:0 st:187,555,419 at IsoSpriteManager.AddSprite          > duplicate texture d_wallcracks_1_57 ignore ID=1060921, use ID=255033
WARN : Sprite       f:0 st:187,555,419 at IsoSpriteManager.AddSprite          > duplicate texture d_wallcracks_1_58 ignore ID=1060922, use ID=255034
WARN : Sprite       f:0 st:187,555,420 at IsoSpriteManager.AddSprite          > duplicate texture d_wallcracks_1_59 ignore ID=1060923, use ID=255035
WARN : Sprite       f:0 st:187,555,420 at IsoSpriteManager.AddSprite          > duplicate texture d_wallcracks_1_60 ignore ID=1060924, use ID=255036
WARN : Sprite       f:0 st:187,555,420 at IsoSpriteManager.AddSprite          > duplicate texture d_wallcracks_1_61 ignore ID=1060925, use ID=255037
WARN : Sprite       f:0 st:187,555,420 at IsoSpriteManager.AddSprite          > duplicate texture d_wallcracks_1_62 ignore ID=1060926, use ID=255038
WARN : Sprite       f:0 st:187,555,421 at IsoSpriteManager.AddSprite          > duplicate texture d_wallcracks_1_63 ignore ID=1060927, use ID=255039
WARN : Sprite       f:0 st:187,555,421 at IsoSpriteManager.AddSprite          > duplicate texture d_wallcracks_1_64 ignore ID=1060928, use ID=255040
WARN : Sprite       f:0 st:187,555,421 at IsoSpriteManager.AddSprite          > duplicate texture d_wallcracks_1_65 ignore ID=1060929, use ID=255041
WARN : Sprite       f:0 st:187,555,421 at IsoSpriteManager.AddSprite          > duplicate texture d_wallcracks_1_66 ignore ID=1060930, use ID=255042
WARN : Sprite       f:0 st:187,555,422 at IsoSpriteManager.AddSprite          > duplicate texture d_wallcracks_1_67 ignore ID=1060931, use ID=255043
WARN : Sprite       f:0 st:187,555,422 at IsoSpriteManager.AddSprite          > duplicate texture d_wallcracks_1_68 ignore ID=1060932, use ID=255044
WARN : Sprite       f:0 st:187,555,422 at IsoSpriteManager.AddSprite          > duplicate texture d_wallcracks_1_69 ignore ID=1060933, use ID=255045
WARN : Sprite       f:0 st:187,555,422 at IsoSpriteManager.AddSprite          > duplicate texture d_wallcracks_1_70 ignore ID=1060934, use ID=255046
WARN : Sprite       f:0 st:187,555,423 at IsoSpriteManager.AddSprite          > duplicate texture d_wallcracks_1_71 ignore ID=1060935, use ID=255047
WARN : Sprite       f:0 st:187,555,424 at IsoSpriteManager.AddSprite          > duplicate texture e_exterior_snow_1_0 ignore ID=1055232, use ID=454656
WARN : Sprite       f:0 st:187,555,424 at IsoSpriteManager.AddSprite          > duplicate texture e_exterior_snow_1_1 ignore ID=1055233, use ID=454657
WARN : Sprite       f:0 st:187,555,426 at IsoSpriteManager.AddSprite          > duplicate texture e_newgrassbase_snow_1_0 ignore ID=1056768, use ID=455680
WARN : Sprite       f:0 st:187,555,427 at IsoSpriteManager.AddSprite          > duplicate texture e_newgrassbase_snow_1_1 ignore ID=1056769, use ID=455681
WARN : Sprite       f:0 st:187,555,427 at IsoSpriteManager.AddSprite          > duplicate texture e_newgrassbase_snow_1_2 ignore ID=1056770, use ID=455682
WARN : Sprite       f:0 st:187,555,428 at IsoSpriteManager.AddSprite          > duplicate texture e_newgrassbase_snow_1_3 ignore ID=1056771, use ID=455683
WARN : Sprite       f:0 st:187,555,428 at IsoSpriteManager.AddSprite          > duplicate texture e_newgrassbase_snow_1_4 ignore ID=1056772, use ID=455684
WARN : Sprite       f:0 st:187,555,428 at IsoSpriteManager.AddSprite          > duplicate texture e_newgrassbase_snow_1_5 ignore ID=1056773, use ID=455685
WARN : Sprite       f:0 st:187,555,428 at IsoSpriteManager.AddSprite          > duplicate texture e_newgrassbase_snow_1_6 ignore ID=1056774, use ID=455686
WARN : Sprite       f:0 st:187,555,429 at IsoSpriteManager.AddSprite          > duplicate texture e_newgrassbase_snow_1_7 ignore ID=1056775, use ID=455687
WARN : Sprite       f:0 st:187,555,429 at IsoSpriteManager.AddSprite          > duplicate texture e_newgrassbase_snow_1_8 ignore ID=1056776, use ID=455688
WARN : Sprite       f:0 st:187,555,429 at IsoSpriteManager.AddSprite          > duplicate texture e_newgrassbase_snow_1_9 ignore ID=1056777, use ID=455689
WARN : Sprite       f:0 st:187,555,429 at IsoSpriteManager.AddSprite          > duplicate texture e_newgrassbase_snow_1_10 ignore ID=1056778, use ID=455690
WARN : Sprite       f:0 st:187,555,430 at IsoSpriteManager.AddSprite          > duplicate texture e_newgrassbase_snow_1_11 ignore ID=1056779, use ID=455691
WARN : Sprite       f:0 st:187,555,430 at IsoSpriteManager.AddSprite          > duplicate texture e_newgrassbase_snow_1_12 ignore ID=1056780, use ID=455692
WARN : Sprite       f:0 st:187,555,430 at IsoSpriteManager.AddSprite          > duplicate texture e_newgrassbase_snow_1_13 ignore ID=1056781, use ID=455693
WARN : Sprite       f:0 st:187,555,430 at IsoSpriteManager.AddSprite          > duplicate texture e_newgrassbase_snow_1_14 ignore ID=1056782, use ID=455694
WARN : Sprite       f:0 st:187,555,430 at IsoSpriteManager.AddSprite          > duplicate texture e_newgrassbase_snow_1_15 ignore ID=1056783, use ID=455695
WARN : Sprite       f:0 st:187,555,431 at IsoSpriteManager.AddSprite          > duplicate texture e_newgrassbase_snow_1_16 ignore ID=1056784, use ID=455696
WARN : Sprite       f:0 st:187,555,431 at IsoSpriteManager.AddSprite          > duplicate texture e_newgrassbase_snow_1_17 ignore ID=1056785, use ID=455697
WARN : Sprite       f:0 st:187,555,431 at IsoSpriteManager.AddSprite          > duplicate texture e_newgrassbase_snow_1_18 ignore ID=1056786, use ID=455698
WARN : Sprite       f:0 st:187,555,431 at IsoSpriteManager.AddSprite          > duplicate texture e_newgrassbase_snow_1_19 ignore ID=1056787, use ID=455699
WARN : Sprite       f:0 st:187,555,432 at IsoSpriteManager.AddSprite          > duplicate texture e_newgrassbase_snow_1_20 ignore ID=1056788, use ID=455700
WARN : Sprite       f:0 st:187,555,432 at IsoSpriteManager.AddSprite          > duplicate texture e_newgrassbase_snow_1_21 ignore ID=1056789, use ID=455701
WARN : Sprite       f:0 st:187,555,432 at IsoSpriteManager.AddSprite          > duplicate texture e_newgrassbase_snow_1_22 ignore ID=1056790, use ID=455702
WARN : Sprite       f:0 st:187,555,432 at IsoSpriteManager.AddSprite          > duplicate texture e_newgrassbase_snow_1_23 ignore ID=1056791, use ID=455703
WARN : Sprite       f:0 st:187,555,433 at IsoSpriteManager.AddSprite          > duplicate texture e_newgrassbase_snow_1_24 ignore ID=1056792, use ID=455704
WARN : Sprite       f:0 st:187,555,433 at IsoSpriteManager.AddSprite          > duplicate texture e_newgrassbase_snow_1_25 ignore ID=1056793, use ID=455705
WARN : Sprite       f:0 st:187,555,433 at IsoSpriteManager.AddSprite          > duplicate texture e_newgrassbase_snow_1_26 ignore ID=1056794, use ID=455706
WARN : Sprite       f:0 st:187,555,434 at IsoSpriteManager.AddSprite          > duplicate texture e_newgrassbase_snow_1_27 ignore ID=1056795, use ID=455707
WARN : Sprite       f:0 st:187,555,434 at IsoSpriteManager.AddSprite          > duplicate texture e_newgrassbase_snow_1_28 ignore ID=1056796, use ID=455708
WARN : Sprite       f:0 st:187,555,435 at IsoSpriteManager.AddSprite          > duplicate texture e_newgrassbase_snow_1_29 ignore ID=1056797, use ID=455709
WARN : Sprite       f:0 st:187,555,435 at IsoSpriteManager.AddSprite          > duplicate texture e_newgrassbase_snow_1_30 ignore ID=1056798, use ID=455710
WARN : Sprite       f:0 st:187,555,435 at IsoSpriteManager.AddSprite          > duplicate texture e_newgrassbase_snow_1_31 ignore ID=1056799, use ID=455711
WARN : Sprite       f:0 st:187,555,436 at IsoSpriteManager.AddSprite          > duplicate texture e_roof_snow_1_0 ignore ID=1058304, use ID=456704
WARN : Sprite       f:0 st:187,555,436 at IsoSpriteManager.AddSprite          > duplicate texture e_roof_snow_1_1 ignore ID=1058305, use ID=456705
WARN : Sprite       f:0 st:187,555,437 at IsoSpriteManager.AddSprite          > duplicate texture e_roof_snow_1_2 ignore ID=1058306, use ID=456706
WARN : Sprite       f:0 st:187,555,437 at IsoSpriteManager.AddSprite          > duplicate texture e_roof_snow_1_3 ignore ID=1058307, use ID=456707
WARN : Sprite       f:0 st:187,555,437 at IsoSpriteManager.AddSprite          > duplicate texture e_roof_snow_1_4 ignore ID=1058308, use ID=456708
WARN : Sprite       f:0 st:187,555,437 at IsoSpriteManager.AddSprite          > duplicate texture e_roof_snow_1_5 ignore ID=1058309, use ID=456709
WARN : Sprite       f:0 st:187,555,437 at IsoSpriteManager.AddSprite          > duplicate texture e_roof_snow_1_6 ignore ID=1058310, use ID=456710
WARN : Sprite       f:0 st:187,555,438 at IsoSpriteManager.AddSprite          > duplicate texture e_roof_snow_1_7 ignore ID=1058311, use ID=456711
WARN : Sprite       f:0 st:187,555,438 at IsoSpriteManager.AddSprite          > duplicate texture e_roof_snow_1_8 ignore ID=1058312, use ID=456712
WARN : Sprite       f:0 st:187,555,438 at IsoSpriteManager.AddSprite          > duplicate texture e_roof_snow_1_9 ignore ID=1058313, use ID=456713
WARN : Sprite       f:0 st:187,555,438 at IsoSpriteManager.AddSprite          > duplicate texture e_roof_snow_1_10 ignore ID=1058314, use ID=456714
WARN : Sprite       f:0 st:187,555,439 at IsoSpriteManager.AddSprite          > duplicate texture e_roof_snow_1_11 ignore ID=1058315, use ID=456715
WARN : Sprite       f:0 st:187,555,439 at IsoSpriteManager.AddSprite          > duplicate texture e_roof_snow_1_12 ignore ID=1058316, use ID=456716
WARN : Sprite       f:0 st:187,555,439 at IsoSpriteManager.AddSprite          > duplicate texture e_roof_snow_1_13 ignore ID=1058317, use ID=456717
WARN : Sprite       f:0 st:187,555,439 at IsoSpriteManager.AddSprite          > duplicate texture e_roof_snow_1_14 ignore ID=1058318, use ID=456718
WARN : Sprite       f:0 st:187,555,440 at IsoSpriteManager.AddSprite          > duplicate texture e_roof_snow_1_15 ignore ID=1058319, use ID=456719
WARN : Sprite       f:0 st:187,555,440 at IsoSpriteManager.AddSprite          > duplicate texture e_roof_snow_1_16 ignore ID=1058320, use ID=456720
WARN : Sprite       f:0 st:187,555,440 at IsoSpriteManager.AddSprite          > duplicate texture e_roof_snow_1_17 ignore ID=1058321, use ID=456721
WARN : Sprite       f:0 st:187,555,440 at IsoSpriteManager.AddSprite          > duplicate texture e_roof_snow_1_18 ignore ID=1058322, use ID=456722
WARN : Sprite       f:0 st:187,555,441 at IsoSpriteManager.AddSprite          > duplicate texture e_roof_snow_1_19 ignore ID=1058323, use ID=456723
WARN : Sprite       f:0 st:187,555,441 at IsoSpriteManager.AddSprite          > duplicate texture e_roof_snow_1_20 ignore ID=1058324, use ID=456724
WARN : Sprite       f:0 st:187,555,441 at IsoSpriteManager.AddSprite          > duplicate texture e_roof_snow_1_21 ignore ID=1058325, use ID=456725
WARN : Sprite       f:0 st:187,555,442 at IsoSpriteManager.AddSprite          > duplicate texture e_roof_snow_1_22 ignore ID=1058326, use ID=456726
WARN : Sprite       f:0 st:187,555,442 at IsoSpriteManager.AddSprite          > duplicate texture e_roof_snow_1_23 ignore ID=1058327, use ID=456727
WARN : Sprite       f:0 st:187,555,442 at IsoSpriteManager.AddSprite          > duplicate texture e_roof_snow_1_24 ignore ID=1058328, use ID=456728
WARN : Sprite       f:0 st:187,555,442 at IsoSpriteManager.AddSprite          > duplicate texture e_roof_snow_1_25 ignore ID=1058329, use ID=456729
WARN : Sprite       f:0 st:187,555,443 at IsoSpriteManager.AddSprite          > duplicate texture e_roof_snow_1_26 ignore ID=1058330, use ID=456730
WARN : Sprite       f:0 st:187,555,443 at IsoSpriteManager.AddSprite          > duplicate texture e_roof_snow_1_27 ignore ID=1058331, use ID=456731
WARN : Sprite       f:0 st:187,555,443 at IsoSpriteManager.AddSprite          > duplicate texture e_roof_snow_1_28 ignore ID=1058332, use ID=456732
WARN : Sprite       f:0 st:187,555,443 at IsoSpriteManager.AddSprite          > duplicate texture e_roof_snow_1_29 ignore ID=1058333, use ID=456733
WARN : Sprite       f:0 st:187,555,443 at IsoSpriteManager.AddSprite          > duplicate texture e_roof_snow_1_30 ignore ID=1058334, use ID=456734
WARN : Sprite       f:0 st:187,555,444 at IsoSpriteManager.AddSprite          > duplicate texture e_roof_snow_1_31 ignore ID=1058335, use ID=456735
WARN : Sprite       f:0 st:187,555,444 at IsoSpriteManager.AddSprite          > duplicate texture e_roof_snow_1_32 ignore ID=1058336, use ID=456736
WARN : Sprite       f:0 st:187,555,444 at IsoSpriteManager.AddSprite          > duplicate texture e_roof_snow_1_33 ignore ID=1058337, use ID=456737
WARN : Sprite       f:0 st:187,555,444 at IsoSpriteManager.AddSprite          > duplicate texture e_roof_snow_1_34 ignore ID=1058338, use ID=456738
WARN : Sprite       f:0 st:187,555,445 at IsoSpriteManager.AddSprite          > duplicate texture e_roof_snow_1_35 ignore ID=1058339, use ID=456739
WARN : Sprite       f:0 st:187,555,445 at IsoSpriteManager.AddSprite          > duplicate texture e_roof_snow_1_36 ignore ID=1058340, use ID=456740
WARN : Sprite       f:0 st:187,555,445 at IsoSpriteManager.AddSprite          > duplicate texture e_roof_snow_1_37 ignore ID=1058341, use ID=456741
WARN : Sprite       f:0 st:187,555,445 at IsoSpriteManager.AddSprite          > duplicate texture e_roof_snow_1_38 ignore ID=1058342, use ID=456742
WARN : Sprite       f:0 st:187,555,445 at IsoSpriteManager.AddSprite          > duplicate texture e_roof_snow_1_39 ignore ID=1058343, use ID=456743
WARN : Sprite       f:0 st:187,555,446 at IsoSpriteManager.AddSprite          > duplicate texture e_roof_snow_1_40 ignore ID=1058344, use ID=456744
WARN : Sprite       f:0 st:187,555,446 at IsoSpriteManager.AddSprite          > duplicate texture e_roof_snow_1_41 ignore ID=1058345, use ID=456745
WARN : Sprite       f:0 st:187,555,446 at IsoSpriteManager.AddSprite          > duplicate texture e_roof_snow_1_42 ignore ID=1058346, use ID=456746
WARN : Sprite       f:0 st:187,555,446 at IsoSpriteManager.AddSprite          > duplicate texture e_roof_snow_1_43 ignore ID=1058347, use ID=456747
WARN : Sprite       f:0 st:187,555,447 at IsoSpriteManager.AddSprite          > duplicate texture e_roof_snow_1_44 ignore ID=1058348, use ID=456748
WARN : Sprite       f:0 st:187,555,447 at IsoSpriteManager.AddSprite          > duplicate texture e_roof_snow_1_45 ignore ID=1058349, use ID=456749
WARN : Sprite       f:0 st:187,555,447 at IsoSpriteManager.AddSprite          > duplicate texture e_roof_snow_1_46 ignore ID=1058350, use ID=456750
WARN : Sprite       f:0 st:187,555,447 at IsoSpriteManager.AddSprite          > duplicate texture e_roof_snow_1_47 ignore ID=1058351, use ID=456751
WARN : Sprite       f:0 st:187,555,448 at IsoSpriteManager.AddSprite          > duplicate texture e_roof_snow_1_48 ignore ID=1058352, use ID=456752
WARN : Sprite       f:0 st:187,555,448 at IsoSpriteManager.AddSprite          > duplicate texture e_roof_snow_1_49 ignore ID=1058353, use ID=456753
WARN : Sprite       f:0 st:187,555,448 at IsoSpriteManager.AddSprite          > duplicate texture e_roof_snow_1_50 ignore ID=1058354, use ID=456754
WARN : Sprite       f:0 st:187,555,448 at IsoSpriteManager.AddSprite          > duplicate texture e_roof_snow_1_51 ignore ID=1058355, use ID=456755
WARN : Sprite       f:0 st:187,555,448 at IsoSpriteManager.AddSprite          > duplicate texture e_roof_snow_1_52 ignore ID=1058356, use ID=456756
WARN : Sprite       f:0 st:187,555,449 at IsoSpriteManager.AddSprite          > duplicate texture e_roof_snow_1_53 ignore ID=1058357, use ID=456757
WARN : Sprite       f:0 st:187,555,449 at IsoSpriteManager.AddSprite          > duplicate texture e_roof_snow_1_54 ignore ID=1058358, use ID=456758
WARN : Sprite       f:0 st:187,555,449 at IsoSpriteManager.AddSprite          > duplicate texture e_roof_snow_1_55 ignore ID=1058359, use ID=456759
WARN : Sprite       f:0 st:187,555,449 at IsoSpriteManager.AddSprite          > duplicate texture e_roof_snow_1_56 ignore ID=1058360, use ID=456760
WARN : Sprite       f:0 st:187,555,449 at IsoSpriteManager.AddSprite          > duplicate texture e_roof_snow_1_57 ignore ID=1058361, use ID=456761
WARN : Sprite       f:0 st:187,555,450 at IsoSpriteManager.AddSprite          > duplicate texture e_roof_snow_1_58 ignore ID=1058362, use ID=456762
WARN : Sprite       f:0 st:187,555,450 at IsoSpriteManager.AddSprite          > duplicate texture e_roof_snow_1_59 ignore ID=1058363, use ID=456763
WARN : Sprite       f:0 st:187,555,450 at IsoSpriteManager.AddSprite          > duplicate texture e_roof_snow_1_60 ignore ID=1058364, use ID=456764
WARN : Sprite       f:0 st:187,555,450 at IsoSpriteManager.AddSprite          > duplicate texture e_roof_snow_1_61 ignore ID=1058365, use ID=456765
WARN : Sprite       f:0 st:187,555,451 at IsoSpriteManager.AddSprite          > duplicate texture e_roof_snow_1_62 ignore ID=1058366, use ID=456766
WARN : Sprite       f:0 st:187,555,451 at IsoSpriteManager.AddSprite          > duplicate texture e_roof_snow_1_63 ignore ID=1058367, use ID=456767
WARN : Sprite       f:0 st:187,555,451 at IsoSpriteManager.AddSprite          > duplicate texture e_roof_snow_1_64 ignore ID=1058368, use ID=456768
WARN : Sprite       f:0 st:187,555,451 at IsoSpriteManager.AddSprite          > duplicate texture e_roof_snow_1_65 ignore ID=1058369, use ID=456769
WARN : Sprite       f:0 st:187,555,451 at IsoSpriteManager.AddSprite          > duplicate texture e_roof_snow_1_66 ignore ID=1058370, use ID=456770
WARN : Sprite       f:0 st:187,555,452 at IsoSpriteManager.AddSprite          > duplicate texture e_roof_snow_1_67 ignore ID=1058371, use ID=456771
WARN : Sprite       f:0 st:187,555,452 at IsoSpriteManager.AddSprite          > duplicate texture e_roof_snow_1_68 ignore ID=1058372, use ID=456772
WARN : Sprite       f:0 st:187,555,452 at IsoSpriteManager.AddSprite          > duplicate texture e_roof_snow_1_69 ignore ID=1058373, use ID=456773
WARN : Sprite       f:0 st:187,555,452 at IsoSpriteManager.AddSprite          > duplicate texture e_roof_snow_1_70 ignore ID=1058374, use ID=456774
WARN : Sprite       f:0 st:187,555,453 at IsoSpriteManager.AddSprite          > duplicate texture e_roof_snow_1_71 ignore ID=1058375, use ID=456775
WARN : Sprite       f:0 st:187,555,453 at IsoSpriteManager.AddSprite          > duplicate texture e_roof_snow_1_72 ignore ID=1058376, use ID=456776
WARN : Sprite       f:0 st:187,555,453 at IsoSpriteManager.AddSprite          > duplicate texture e_roof_snow_1_73 ignore ID=1058377, use ID=456777
WARN : Sprite       f:0 st:187,555,453 at IsoSpriteManager.AddSprite          > duplicate texture e_roof_snow_1_74 ignore ID=1058378, use ID=456778
WARN : Sprite       f:0 st:187,555,454 at IsoSpriteManager.AddSprite          > duplicate texture e_roof_snow_1_75 ignore ID=1058379, use ID=456779
WARN : Sprite       f:0 st:187,555,454 at IsoSpriteManager.AddSprite          > duplicate texture e_roof_snow_1_76 ignore ID=1058380, use ID=456780
WARN : Sprite       f:0 st:187,555,454 at IsoSpriteManager.AddSprite          > duplicate texture e_roof_snow_1_77 ignore ID=1058381, use ID=456781
WARN : Sprite       f:0 st:187,555,455 at IsoSpriteManager.AddSprite          > duplicate texture e_roof_snow_1_78 ignore ID=1058382, use ID=456782
WARN : Sprite       f:0 st:187,555,455 at IsoSpriteManager.AddSprite          > duplicate texture e_roof_snow_1_79 ignore ID=1058383, use ID=456783
WARN : Sprite       f:0 st:187,555,455 at IsoSpriteManager.AddSprite          > duplicate texture e_roof_snow_1_80 ignore ID=1058384, use ID=456784
WARN : Sprite       f:0 st:187,555,456 at IsoSpriteManager.AddSprite          > duplicate texture e_roof_snow_1_81 ignore ID=1058385, use ID=456785
WARN : Sprite       f:0 st:187,555,456 at IsoSpriteManager.AddSprite          > duplicate texture e_roof_snow_1_82 ignore ID=1058386, use ID=456786
WARN : Sprite       f:0 st:187,555,456 at IsoSpriteManager.AddSprite          > duplicate texture e_roof_snow_1_83 ignore ID=1058387, use ID=456787
WARN : Sprite       f:0 st:187,555,456 at IsoSpriteManager.AddSprite          > duplicate texture e_roof_snow_1_84 ignore ID=1058388, use ID=456788
WARN : Sprite       f:0 st:187,555,456 at IsoSpriteManager.AddSprite          > duplicate texture e_roof_snow_1_85 ignore ID=1058389, use ID=456789
WARN : Sprite       f:0 st:187,555,457 at IsoSpriteManager.AddSprite          > duplicate texture e_roof_snow_1_86 ignore ID=1058390, use ID=456790
WARN : Sprite       f:0 st:187,555,457 at IsoSpriteManager.AddSprite          > duplicate texture e_roof_snow_1_87 ignore ID=1058391, use ID=456791
WARN : Sprite       f:0 st:187,555,457 at IsoSpriteManager.AddSprite          > duplicate texture e_roof_snow_1_88 ignore ID=1058392, use ID=456792
WARN : Sprite       f:0 st:187,555,457 at IsoSpriteManager.AddSprite          > duplicate texture e_roof_snow_1_89 ignore ID=1058393, use ID=456793
WARN : Sprite       f:0 st:187,555,458 at IsoSpriteManager.AddSprite          > duplicate texture e_roof_snow_1_90 ignore ID=1058394, use ID=456794
WARN : Sprite       f:0 st:187,555,458 at IsoSpriteManager.AddSprite          > duplicate texture e_roof_snow_1_91 ignore ID=1058395, use ID=456795
WARN : Sprite       f:0 st:187,555,458 at IsoSpriteManager.AddSprite          > duplicate texture e_roof_snow_1_92 ignore ID=1058396, use ID=456796
WARN : Sprite       f:0 st:187,555,459 at IsoSpriteManager.AddSprite          > duplicate texture e_roof_snow_1_93 ignore ID=1058397, use ID=456797
WARN : Sprite       f:0 st:187,555,459 at IsoSpriteManager.AddSprite          > duplicate texture e_roof_snow_1_94 ignore ID=1058398, use ID=456798
WARN : Sprite       f:0 st:187,555,459 at IsoSpriteManager.AddSprite          > duplicate texture e_roof_snow_1_95 ignore ID=1058399, use ID=456799
WARN : Sprite       f:0 st:187,555,459 at IsoSpriteManager.AddSprite          > duplicate texture e_roof_snow_1_96 ignore ID=1058400, use ID=456800
WARN : Sprite       f:0 st:187,555,460 at IsoSpriteManager.AddSprite          > duplicate texture e_roof_snow_1_97 ignore ID=1058401, use ID=456801
WARN : Sprite       f:0 st:187,555,460 at IsoSpriteManager.AddSprite          > duplicate texture e_roof_snow_1_98 ignore ID=1058402, use ID=456802
WARN : Sprite       f:0 st:187,555,460 at IsoSpriteManager.AddSprite          > duplicate texture e_roof_snow_1_99 ignore ID=1058403, use ID=456803
WARN : Sprite       f:0 st:187,555,460 at IsoSpriteManager.AddSprite          > duplicate texture e_roof_snow_1_100 ignore ID=1058404, use ID=456804
WARN : Sprite       f:0 st:187,555,461 at IsoSpriteManager.AddSprite          > duplicate texture e_roof_snow_1_101 ignore ID=1058405, use ID=456805
WARN : Sprite       f:0 st:187,555,461 at IsoSpriteManager.AddSprite          > duplicate texture e_roof_snow_1_102 ignore ID=1058406, use ID=456806
WARN : Sprite       f:0 st:187,555,461 at IsoSpriteManager.AddSprite          > duplicate texture e_roof_snow_1_103 ignore ID=1058407, use ID=456807
WARN : Sprite       f:0 st:187,555,461 at IsoSpriteManager.AddSprite          > duplicate texture e_roof_snow_1_104 ignore ID=1058408, use ID=456808
WARN : Sprite       f:0 st:187,555,462 at IsoSpriteManager.AddSprite          > duplicate texture e_roof_snow_1_105 ignore ID=1058409, use ID=456809
WARN : Sprite       f:0 st:187,555,462 at IsoSpriteManager.AddSprite          > duplicate texture e_roof_snow_1_106 ignore ID=1058410, use ID=456810
WARN : Sprite       f:0 st:187,555,469 at IsoSpriteManager.AddSprite          > duplicate texture e_roof_snow_1_107 ignore ID=1058411, use ID=456811
WARN : Sprite       f:0 st:187,555,470 at IsoSpriteManager.AddSprite          > duplicate texture e_roof_snow_1_108 ignore ID=1058412, use ID=456812
WARN : Sprite       f:0 st:187,555,470 at IsoSpriteManager.AddSprite          > duplicate texture e_roof_snow_1_109 ignore ID=1058413, use ID=456813
WARN : Sprite       f:0 st:187,555,470 at IsoSpriteManager.AddSprite          > duplicate texture e_roof_snow_1_110 ignore ID=1058414, use ID=456814
WARN : Sprite       f:0 st:187,555,471 at IsoSpriteManager.AddSprite          > duplicate texture e_roof_snow_1_111 ignore ID=1058415, use ID=456815
WARN : Sprite       f:0 st:187,555,473 at IsoSpriteManager.AddSprite          > duplicate texture f_bushes_2_0 ignore ID=1061888, use ID=457728
WARN : Sprite       f:0 st:187,555,473 at IsoSpriteManager.AddSprite          > duplicate texture f_bushes_2_1 ignore ID=1061889, use ID=457729
WARN : Sprite       f:0 st:187,555,473 at IsoSpriteManager.AddSprite          > duplicate texture f_bushes_2_2 ignore ID=1061890, use ID=457730
WARN : Sprite       f:0 st:187,555,474 at IsoSpriteManager.AddSprite          > duplicate texture f_bushes_2_3 ignore ID=1061891, use ID=457731
WARN : Sprite       f:0 st:187,555,474 at IsoSpriteManager.AddSprite          > duplicate texture f_bushes_2_4 ignore ID=1061892, use ID=457732
WARN : Sprite       f:0 st:187,555,475 at IsoSpriteManager.AddSprite          > duplicate texture f_bushes_2_5 ignore ID=1061893, use ID=457733
WARN : Sprite       f:0 st:187,555,475 at IsoSpriteManager.AddSprite          > duplicate texture f_bushes_2_6 ignore ID=1061894, use ID=457734
WARN : Sprite       f:0 st:187,555,475 at IsoSpriteManager.AddSprite          > duplicate texture f_bushes_2_7 ignore ID=1061895, use ID=457735
WARN : Sprite       f:0 st:187,555,475 at IsoSpriteManager.AddSprite          > duplicate texture f_bushes_2_8 ignore ID=1061896, use ID=457736
WARN : Sprite       f:0 st:187,555,476 at IsoSpriteManager.AddSprite          > duplicate texture f_bushes_2_9 ignore ID=1061897, use ID=457737
WARN : Sprite       f:0 st:187,555,476 at IsoSpriteManager.AddSprite          > duplicate texture f_bushes_2_10 ignore ID=1061898, use ID=457738
WARN : Sprite       f:0 st:187,555,476 at IsoSpriteManager.AddSprite          > duplicate texture f_bushes_2_11 ignore ID=1061899, use ID=457739
WARN : Sprite       f:0 st:187,555,477 at IsoSpriteManager.AddSprite          > duplicate texture f_bushes_2_12 ignore ID=1061900, use ID=457740
WARN : Sprite       f:0 st:187,555,477 at IsoSpriteManager.AddSprite          > duplicate texture f_bushes_2_13 ignore ID=1061901, use ID=457741
WARN : Sprite       f:0 st:187,555,477 at IsoSpriteManager.AddSprite          > duplicate texture f_bushes_2_14 ignore ID=1061902, use ID=457742
WARN : Sprite       f:0 st:187,555,477 at IsoSpriteManager.AddSprite          > duplicate texture f_bushes_2_15 ignore ID=1061903, use ID=457743
WARN : Sprite       f:0 st:187,555,478 at IsoSpriteManager.AddSprite          > duplicate texture f_bushes_2_16 ignore ID=1061904, use ID=457744
WARN : Sprite       f:0 st:187,555,478 at IsoSpriteManager.AddSprite          > duplicate texture f_bushes_2_17 ignore ID=1061905, use ID=457745
WARN : Sprite       f:0 st:187,555,478 at IsoSpriteManager.AddSprite          > duplicate texture f_bushes_2_18 ignore ID=1061906, use ID=457746
WARN : Sprite       f:0 st:187,555,478 at IsoSpriteManager.AddSprite          > duplicate texture f_bushes_2_19 ignore ID=1061907, use ID=457747
WARN : Sprite       f:0 st:187,555,479 at IsoSpriteManager.AddSprite          > duplicate texture f_bushes_2_20 ignore ID=1061908, use ID=457748
WARN : Sprite       f:0 st:187,555,479 at IsoSpriteManager.AddSprite          > duplicate texture f_bushes_2_21 ignore ID=1061909, use ID=457749
WARN : Sprite       f:0 st:187,555,479 at IsoSpriteManager.AddSprite          > duplicate texture f_bushes_2_22 ignore ID=1061910, use ID=457750
WARN : Sprite       f:0 st:187,555,479 at IsoSpriteManager.AddSprite          > duplicate texture f_bushes_2_23 ignore ID=1061911, use ID=457751
WARN : Sprite       f:0 st:187,555,480 at IsoSpriteManager.AddSprite          > duplicate texture f_bushes_2_24 ignore ID=1061912, use ID=457752
WARN : Sprite       f:0 st:187,555,480 at IsoSpriteManager.AddSprite          > duplicate texture f_bushes_2_25 ignore ID=1061913, use ID=457753
WARN : Sprite       f:0 st:187,555,480 at IsoSpriteManager.AddSprite          > duplicate texture f_bushes_2_26 ignore ID=1061914, use ID=457754
WARN : Sprite       f:0 st:187,555,481 at IsoSpriteManager.AddSprite          > duplicate texture f_bushes_2_27 ignore ID=1061915, use ID=457755
WARN : Sprite       f:0 st:187,555,481 at IsoSpriteManager.AddSprite          > duplicate texture f_bushes_2_28 ignore ID=1061916, use ID=457756
WARN : Sprite       f:0 st:187,555,481 at IsoSpriteManager.AddSprite          > duplicate texture f_bushes_2_29 ignore ID=1061917, use ID=457757
WARN : Sprite       f:0 st:187,555,481 at IsoSpriteManager.AddSprite          > duplicate texture f_bushes_2_30 ignore ID=1061918, use ID=457758
WARN : Sprite       f:0 st:187,555,482 at IsoSpriteManager.AddSprite          > duplicate texture f_bushes_2_31 ignore ID=1061919, use ID=457759
WARN : Sprite       f:0 st:187,555,482 at IsoSpriteManager.AddSprite          > duplicate texture f_bushes_2_32 ignore ID=1061920, use ID=457760
WARN : Sprite       f:0 st:187,555,482 at IsoSpriteManager.AddSprite          > duplicate texture f_bushes_2_33 ignore ID=1061921, use ID=457761
WARN : Sprite       f:0 st:187,555,483 at IsoSpriteManager.AddSprite          > duplicate texture f_bushes_2_34 ignore ID=1061922, use ID=457762
WARN : Sprite       f:0 st:187,555,483 at IsoSpriteManager.AddSprite          > duplicate texture f_bushes_2_35 ignore ID=1061923, use ID=457763
WARN : Sprite       f:0 st:187,555,483 at IsoSpriteManager.AddSprite          > duplicate texture f_bushes_2_36 ignore ID=1061924, use ID=457764
WARN : Sprite       f:0 st:187,555,483 at IsoSpriteManager.AddSprite          > duplicate texture f_bushes_2_37 ignore ID=1061925, use ID=457765
WARN : Sprite       f:0 st:187,555,484 at IsoSpriteManager.AddSprite          > duplicate texture f_bushes_2_38 ignore ID=1061926, use ID=457766
WARN : Sprite       f:0 st:187,555,484 at IsoSpriteManager.AddSprite          > duplicate texture f_bushes_2_39 ignore ID=1061927, use ID=457767
WARN : Sprite       f:0 st:187,555,484 at IsoSpriteManager.AddSprite          > duplicate texture f_bushes_2_40 ignore ID=1061928, use ID=457768
WARN : Sprite       f:0 st:187,555,484 at IsoSpriteManager.AddSprite          > duplicate texture f_bushes_2_41 ignore ID=1061929, use ID=457769
WARN : Sprite       f:0 st:187,555,484 at IsoSpriteManager.AddSprite          > duplicate texture f_bushes_2_42 ignore ID=1061930, use ID=457770
WARN : Sprite       f:0 st:187,555,485 at IsoSpriteManager.AddSprite          > duplicate texture f_bushes_2_43 ignore ID=1061931, use ID=457771
WARN : Sprite       f:0 st:187,555,485 at IsoSpriteManager.AddSprite          > duplicate texture f_bushes_2_44 ignore ID=1061932, use ID=457772
WARN : Sprite       f:0 st:187,555,485 at IsoSpriteManager.AddSprite          > duplicate texture f_bushes_2_45 ignore ID=1061933, use ID=457773
WARN : Sprite       f:0 st:187,555,485 at IsoSpriteManager.AddSprite          > duplicate texture f_bushes_2_46 ignore ID=1061934, use ID=457774
WARN : Sprite       f:0 st:187,555,486 at IsoSpriteManager.AddSprite          > duplicate texture f_bushes_2_47 ignore ID=1061935, use ID=457775
WARN : Sprite       f:0 st:187,555,486 at IsoSpriteManager.AddSprite          > duplicate texture f_bushes_2_48 ignore ID=1061936, use ID=457776
WARN : Sprite       f:0 st:187,555,486 at IsoSpriteManager.AddSprite          > duplicate texture f_bushes_2_49 ignore ID=1061937, use ID=457777
WARN : Sprite       f:0 st:187,555,486 at IsoSpriteManager.AddSprite          > duplicate texture f_bushes_2_50 ignore ID=1061938, use ID=457778
WARN : Sprite       f:0 st:187,555,487 at IsoSpriteManager.AddSprite          > duplicate texture f_bushes_2_51 ignore ID=1061939, use ID=457779
WARN : Sprite       f:0 st:187,555,487 at IsoSpriteManager.AddSprite          > duplicate texture f_bushes_2_52 ignore ID=1061940, use ID=457780
WARN : Sprite       f:0 st:187,555,487 at IsoSpriteManager.AddSprite          > duplicate texture f_bushes_2_53 ignore ID=1061941, use ID=457781
WARN : Sprite       f:0 st:187,555,488 at IsoSpriteManager.AddSprite          > duplicate texture f_bushes_2_54 ignore ID=1061942, use ID=457782
WARN : Sprite       f:0 st:187,555,488 at IsoSpriteManager.AddSprite          > duplicate texture f_bushes_2_55 ignore ID=1061943, use ID=457783
WARN : Sprite       f:0 st:187,555,488 at IsoSpriteManager.AddSprite          > duplicate texture f_bushes_2_56 ignore ID=1061944, use ID=457784
WARN : Sprite       f:0 st:187,555,488 at IsoSpriteManager.AddSprite          > duplicate texture f_bushes_2_57 ignore ID=1061945, use ID=457785
WARN : Sprite       f:0 st:187,555,489 at IsoSpriteManager.AddSprite          > duplicate texture f_bushes_2_58 ignore ID=1061946, use ID=457786
WARN : Sprite       f:0 st:187,555,489 at IsoSpriteManager.AddSprite          > duplicate texture f_bushes_2_59 ignore ID=1061947, use ID=457787
WARN : Sprite       f:0 st:187,555,489 at IsoSpriteManager.AddSprite          > duplicate texture f_bushes_2_60 ignore ID=1061948, use ID=457788
WARN : Sprite       f:0 st:187,555,489 at IsoSpriteManager.AddSprite          > duplicate texture f_bushes_2_61 ignore ID=1061949, use ID=457789
WARN : Sprite       f:0 st:187,555,489 at IsoSpriteManager.AddSprite          > duplicate texture f_bushes_2_62 ignore ID=1061950, use ID=457790
WARN : Sprite       f:0 st:187,555,490 at IsoSpriteManager.AddSprite          > duplicate texture f_bushes_2_63 ignore ID=1061951, use ID=457791
WARN : Sprite       f:0 st:187,555,490 at IsoSpriteManager.AddSprite          > duplicate texture f_bushes_2_64 ignore ID=1061952, use ID=457792
WARN : Sprite       f:0 st:187,555,490 at IsoSpriteManager.AddSprite          > duplicate texture f_bushes_2_65 ignore ID=1061953, use ID=457793
WARN : Sprite       f:0 st:187,555,490 at IsoSpriteManager.AddSprite          > duplicate texture f_bushes_2_66 ignore ID=1061954, use ID=457794
WARN : Sprite       f:0 st:187,555,491 at IsoSpriteManager.AddSprite          > duplicate texture f_bushes_2_67 ignore ID=1061955, use ID=457795
WARN : Sprite       f:0 st:187,555,491 at IsoSpriteManager.AddSprite          > duplicate texture f_bushes_2_68 ignore ID=1061956, use ID=457796
WARN : Sprite       f:0 st:187,555,491 at IsoSpriteManager.AddSprite          > duplicate texture f_bushes_2_69 ignore ID=1061957, use ID=457797
WARN : Sprite       f:0 st:187,555,491 at IsoSpriteManager.AddSprite          > duplicate texture f_bushes_2_70 ignore ID=1061958, use ID=457798
WARN : Sprite       f:0 st:187,555,492 at IsoSpriteManager.AddSprite          > duplicate texture f_bushes_2_71 ignore ID=1061959, use ID=457799
WARN : Sprite       f:0 st:187,555,492 at IsoSpriteManager.AddSprite          > duplicate texture f_bushes_2_72 ignore ID=1061960, use ID=457800
WARN : Sprite       f:0 st:187,555,492 at IsoSpriteManager.AddSprite          > duplicate texture f_bushes_2_73 ignore ID=1061961, use ID=457801
WARN : Sprite       f:0 st:187,555,493 at IsoSpriteManager.AddSprite          > duplicate texture f_bushes_2_74 ignore ID=1061962, use ID=457802
WARN : Sprite       f:0 st:187,555,493 at IsoSpriteManager.AddSprite          > duplicate texture f_bushes_2_75 ignore ID=1061963, use ID=457803
WARN : Sprite       f:0 st:187,555,493 at IsoSpriteManager.AddSprite          > duplicate texture f_bushes_2_76 ignore ID=1061964, use ID=457804
WARN : Sprite       f:0 st:187,555,493 at IsoSpriteManager.AddSprite          > duplicate texture f_bushes_2_77 ignore ID=1061965, use ID=457805
WARN : Sprite       f:0 st:187,555,494 at IsoSpriteManager.AddSprite          > duplicate texture f_bushes_2_78 ignore ID=1061966, use ID=457806
WARN : Sprite       f:0 st:187,555,494 at IsoSpriteManager.AddSprite          > duplicate texture f_bushes_2_79 ignore ID=1061967, use ID=457807
WARN : Sprite       f:0 st:187,555,496 at IsoSpriteManager.AddSprite          > duplicate texture floors_overlay_wood_01_0 ignore ID=1574400, use ID=468992
WARN : Sprite       f:0 st:187,555,496 at IsoSpriteManager.AddSprite          > duplicate texture floors_overlay_wood_01_1 ignore ID=1574401, use ID=468993
WARN : Sprite       f:0 st:187,555,496 at IsoSpriteManager.AddSprite          > duplicate texture floors_overlay_wood_01_2 ignore ID=1574402, use ID=468994
WARN : Sprite       f:0 st:187,555,497 at IsoSpriteManager.AddSprite          > duplicate texture floors_overlay_wood_01_3 ignore ID=1574403, use ID=468995
WARN : Sprite       f:0 st:187,555,497 at IsoSpriteManager.AddSprite          > duplicate texture floors_overlay_wood_01_4 ignore ID=1574404, use ID=468996
WARN : Sprite       f:0 st:187,555,497 at IsoSpriteManager.AddSprite          > duplicate texture floors_overlay_wood_01_5 ignore ID=1574405, use ID=468997
WARN : Sprite       f:0 st:187,555,497 at IsoSpriteManager.AddSprite          > duplicate texture floors_overlay_wood_01_6 ignore ID=1574406, use ID=468998
WARN : Sprite       f:0 st:187,555,498 at IsoSpriteManager.AddSprite          > duplicate texture floors_overlay_wood_01_7 ignore ID=1574407, use ID=468999
WARN : Sprite       f:0 st:187,555,498 at IsoSpriteManager.AddSprite          > duplicate texture floors_overlay_wood_01_8 ignore ID=1574408, use ID=469000
WARN : Sprite       f:0 st:187,555,498 at IsoSpriteManager.AddSprite          > duplicate texture floors_overlay_wood_01_9 ignore ID=1574409, use ID=469001
WARN : Sprite       f:0 st:187,555,498 at IsoSpriteManager.AddSprite          > duplicate texture floors_overlay_wood_01_10 ignore ID=1574410, use ID=469002
WARN : Sprite       f:0 st:187,555,499 at IsoSpriteManager.AddSprite          > duplicate texture floors_overlay_wood_01_11 ignore ID=1574411, use ID=469003
WARN : Sprite       f:0 st:187,555,499 at IsoSpriteManager.AddSprite          > duplicate texture floors_overlay_wood_01_12 ignore ID=1574412, use ID=469004
WARN : Sprite       f:0 st:187,555,499 at IsoSpriteManager.AddSprite          > duplicate texture floors_overlay_wood_01_13 ignore ID=1574413, use ID=469005
WARN : Sprite       f:0 st:187,555,499 at IsoSpriteManager.AddSprite          > duplicate texture floors_overlay_wood_01_14 ignore ID=1574414, use ID=469006
WARN : Sprite       f:0 st:187,555,500 at IsoSpriteManager.AddSprite          > duplicate texture floors_overlay_wood_01_15 ignore ID=1574415, use ID=469007
WARN : Sprite       f:0 st:187,555,500 at IsoSpriteManager.AddSprite          > duplicate texture floors_overlay_wood_01_16 ignore ID=1574416, use ID=469008
WARN : Sprite       f:0 st:187,555,500 at IsoSpriteManager.AddSprite          > duplicate texture floors_overlay_wood_01_17 ignore ID=1574417, use ID=469009
WARN : Sprite       f:0 st:187,555,500 at IsoSpriteManager.AddSprite          > duplicate texture floors_overlay_wood_01_18 ignore ID=1574418, use ID=469010
WARN : Sprite       f:0 st:187,555,501 at IsoSpriteManager.AddSprite          > duplicate texture floors_overlay_wood_01_19 ignore ID=1574419, use ID=469011
WARN : Sprite       f:0 st:187,555,501 at IsoSpriteManager.AddSprite          > duplicate texture floors_overlay_wood_01_20 ignore ID=1574420, use ID=469012
WARN : Sprite       f:0 st:187,555,501 at IsoSpriteManager.AddSprite          > duplicate texture floors_overlay_wood_01_21 ignore ID=1574421, use ID=469013
WARN : Sprite       f:0 st:187,555,501 at IsoSpriteManager.AddSprite          > duplicate texture floors_overlay_wood_01_22 ignore ID=1574422, use ID=469014
WARN : Sprite       f:0 st:187,555,502 at IsoSpriteManager.AddSprite          > duplicate texture floors_overlay_wood_01_23 ignore ID=1574423, use ID=469015
WARN : Sprite       f:0 st:187,555,502 at IsoSpriteManager.AddSprite          > duplicate texture floors_overlay_wood_01_24 ignore ID=1574424, use ID=469016
WARN : Sprite       f:0 st:187,555,502 at IsoSpriteManager.AddSprite          > duplicate texture floors_overlay_wood_01_25 ignore ID=1574425, use ID=469017
WARN : Sprite       f:0 st:187,555,502 at IsoSpriteManager.AddSprite          > duplicate texture floors_overlay_wood_01_26 ignore ID=1574426, use ID=469018
WARN : Sprite       f:0 st:187,555,503 at IsoSpriteManager.AddSprite          > duplicate texture floors_overlay_wood_01_27 ignore ID=1574427, use ID=469019
WARN : Sprite       f:0 st:187,555,503 at IsoSpriteManager.AddSprite          > duplicate texture floors_overlay_wood_01_28 ignore ID=1574428, use ID=469020
WARN : Sprite       f:0 st:187,555,503 at IsoSpriteManager.AddSprite          > duplicate texture floors_overlay_wood_01_29 ignore ID=1574429, use ID=469021
WARN : Sprite       f:0 st:187,555,504 at IsoSpriteManager.AddSprite          > duplicate texture floors_overlay_wood_01_30 ignore ID=1574430, use ID=469022
WARN : Sprite       f:0 st:187,555,504 at IsoSpriteManager.AddSprite          > duplicate texture floors_overlay_wood_01_31 ignore ID=1574431, use ID=469023
WARN : Sprite       f:0 st:187,555,504 at IsoSpriteManager.AddSprite          > duplicate texture floors_overlay_wood_01_32 ignore ID=1574432, use ID=469024
WARN : Sprite       f:0 st:187,555,504 at IsoSpriteManager.AddSprite          > duplicate texture floors_overlay_wood_01_33 ignore ID=1574433, use ID=469025
WARN : Sprite       f:0 st:187,555,505 at IsoSpriteManager.AddSprite          > duplicate texture floors_overlay_wood_01_34 ignore ID=1574434, use ID=469026
WARN : Sprite       f:0 st:187,555,505 at IsoSpriteManager.AddSprite          > duplicate texture floors_overlay_wood_01_35 ignore ID=1574435, use ID=469027
WARN : Sprite       f:0 st:187,555,505 at IsoSpriteManager.AddSprite          > duplicate texture floors_overlay_wood_01_36 ignore ID=1574436, use ID=469028
WARN : Sprite       f:0 st:187,555,505 at IsoSpriteManager.AddSprite          > duplicate texture floors_overlay_wood_01_37 ignore ID=1574437, use ID=469029
WARN : Sprite       f:0 st:187,555,506 at IsoSpriteManager.AddSprite          > duplicate texture floors_overlay_wood_01_38 ignore ID=1574438, use ID=469030
WARN : Sprite       f:0 st:187,555,506 at IsoSpriteManager.AddSprite          > duplicate texture floors_overlay_wood_01_39 ignore ID=1574439, use ID=469031
WARN : Sprite       f:0 st:187,555,506 at IsoSpriteManager.AddSprite          > duplicate texture floors_overlay_wood_01_40 ignore ID=1574440, use ID=469032
WARN : Sprite       f:0 st:187,555,507 at IsoSpriteManager.AddSprite          > duplicate texture floors_overlay_wood_01_41 ignore ID=1574441, use ID=469033
WARN : Sprite       f:0 st:187,555,507 at IsoSpriteManager.AddSprite          > duplicate texture floors_overlay_wood_01_42 ignore ID=1574442, use ID=469034
WARN : Sprite       f:0 st:187,555,507 at IsoSpriteManager.AddSprite          > duplicate texture floors_overlay_wood_01_43 ignore ID=1574443, use ID=469035
WARN : Sprite       f:0 st:187,555,507 at IsoSpriteManager.AddSprite          > duplicate texture floors_overlay_wood_01_44 ignore ID=1574444, use ID=469036
WARN : Sprite       f:0 st:187,555,507 at IsoSpriteManager.AddSprite          > duplicate texture floors_overlay_wood_01_45 ignore ID=1574445, use ID=469037
WARN : Sprite       f:0 st:187,555,508 at IsoSpriteManager.AddSprite          > duplicate texture floors_overlay_wood_01_46 ignore ID=1574446, use ID=469038
WARN : Sprite       f:0 st:187,555,508 at IsoSpriteManager.AddSprite          > duplicate texture floors_overlay_wood_01_47 ignore ID=1574447, use ID=469039
WARN : Sprite       f:0 st:187,555,508 at IsoSpriteManager.AddSprite          > duplicate texture floors_overlay_wood_01_48 ignore ID=1574448, use ID=469040
WARN : Sprite       f:0 st:187,555,508 at IsoSpriteManager.AddSprite          > duplicate texture floors_overlay_wood_01_49 ignore ID=1574449, use ID=469041
WARN : Sprite       f:0 st:187,555,509 at IsoSpriteManager.AddSprite          > duplicate texture floors_overlay_wood_01_50 ignore ID=1574450, use ID=469042
WARN : Sprite       f:0 st:187,555,509 at IsoSpriteManager.AddSprite          > duplicate texture floors_overlay_wood_01_51 ignore ID=1574451, use ID=469043
WARN : Sprite       f:0 st:187,555,509 at IsoSpriteManager.AddSprite          > duplicate texture floors_overlay_wood_01_52 ignore ID=1574452, use ID=469044
WARN : Sprite       f:0 st:187,555,509 at IsoSpriteManager.AddSprite          > duplicate texture floors_overlay_wood_01_53 ignore ID=1574453, use ID=469045
WARN : Sprite       f:0 st:187,555,510 at IsoSpriteManager.AddSprite          > duplicate texture floors_overlay_wood_01_54 ignore ID=1574454, use ID=469046
WARN : Sprite       f:0 st:187,555,510 at IsoSpriteManager.AddSprite          > duplicate texture floors_overlay_wood_01_55 ignore ID=1574455, use ID=469047
WARN : Sprite       f:0 st:187,555,510 at IsoSpriteManager.AddSprite          > duplicate texture floors_overlay_wood_01_56 ignore ID=1574456, use ID=469048
WARN : Sprite       f:0 st:187,555,511 at IsoSpriteManager.AddSprite          > duplicate texture floors_overlay_wood_01_57 ignore ID=1574457, use ID=469049
WARN : Sprite       f:0 st:187,555,511 at IsoSpriteManager.AddSprite          > duplicate texture floors_overlay_wood_01_58 ignore ID=1574458, use ID=469050
WARN : Sprite       f:0 st:187,555,511 at IsoSpriteManager.AddSprite          > duplicate texture floors_overlay_wood_01_59 ignore ID=1574459, use ID=469051
WARN : Sprite       f:0 st:187,555,511 at IsoSpriteManager.AddSprite          > duplicate texture floors_overlay_wood_01_60 ignore ID=1574460, use ID=469052
WARN : Sprite       f:0 st:187,555,512 at IsoSpriteManager.AddSprite          > duplicate texture floors_overlay_wood_01_61 ignore ID=1574461, use ID=469053
WARN : Sprite       f:0 st:187,555,512 at IsoSpriteManager.AddSprite          > duplicate texture floors_overlay_wood_01_62 ignore ID=1574462, use ID=469054
WARN : Sprite       f:0 st:187,555,512 at IsoSpriteManager.AddSprite          > duplicate texture floors_overlay_wood_01_63 ignore ID=1574463, use ID=469055
WARN : Sprite       f:0 st:187,555,512 at IsoSpriteManager.AddSprite          > duplicate texture floors_overlay_wood_01_64 ignore ID=1574464, use ID=469056
WARN : Sprite       f:0 st:187,555,512 at IsoSpriteManager.AddSprite          > duplicate texture floors_overlay_wood_01_65 ignore ID=1574465, use ID=469057
WARN : Sprite       f:0 st:187,555,513 at IsoSpriteManager.AddSprite          > duplicate texture floors_overlay_wood_01_66 ignore ID=1574466, use ID=469058
WARN : Sprite       f:0 st:187,555,513 at IsoSpriteManager.AddSprite          > duplicate texture floors_overlay_wood_01_67 ignore ID=1574467, use ID=469059
WARN : Sprite       f:0 st:187,555,513 at IsoSpriteManager.AddSprite          > duplicate texture floors_overlay_wood_01_68 ignore ID=1574468, use ID=469060
WARN : Sprite       f:0 st:187,555,513 at IsoSpriteManager.AddSprite          > duplicate texture floors_overlay_wood_01_69 ignore ID=1574469, use ID=469061
WARN : Sprite       f:0 st:187,555,514 at IsoSpriteManager.AddSprite          > duplicate texture floors_overlay_wood_01_70 ignore ID=1574470, use ID=469062
WARN : Sprite       f:0 st:187,555,514 at IsoSpriteManager.AddSprite          > duplicate texture floors_overlay_wood_01_71 ignore ID=1574471, use ID=469063
LOG  : General      f:0 st:187,555,589> LoadTileDefinitions end
LOG  : General      f:0 st:187,555,603> triggerEvent OnLoadedTileDefinitions
LOG  : General      f:0 st:187,555,731> loadAnimalDefinitions start
LOG  : General      f:0 st:187,555,747> loadAnimalDefinitions end
LOG  : General      f:0 st:187,555,811> GameTime.init() and load() start
LOG  : General      f:0 st:187,555,814> GameTime.init() and load() end
LOG  : General      f:0 st:187,555,814> ZomboidRadio.Init() start
LOG  : General      f:0 st:187,555,862> :: Searching for radio data files:
LOG  : General      f:0 st:187,555,987>  Found file: E:\SteamLibrary\steamapps\common\ProjectZomboid\media\radio\RadioData.xml
LOG  : General      f:0 st:187,555,987> :: Searching for translation files:
LOG  : Lua          f:0 st:187,556,069> scriptmanager = zombie.radio.scripting.RadioScriptManager@738b34af, isNewGame = false
LOG  : Lua          f:0 st:187,556,069> name = Automated Emergency Broadcast System, freq = 107800, cat = Emergency, uuid = EMRG-711984
LOG  : General      f:0 st:187,556,073> Radio Loading channels...
LOG  : General      f:0 st:187,556,073> ZomboidRadio.Init() end
LOG  : General      f:0 st:187,556,073> GlobalModData.init() start
LOG  : General      f:0 st:187,556,075> GlobalModData.init() end
LOG  : General      f:0 st:187,556,077> InstanceTracker.load() start
LOG  : General      f:0 st:187,556,080> InstanceTracker.load() end
LOG  : General      f:0 st:187,556,080> ErosionGlobals.Boot() start
LOG  : General      f:0 st:187,556,115> ErosionGlobals.Boot() end
LOG  : General      f:0 st:187,556,115> WorldDictionary.init() start
LOG  : General      f:0 st:187,556,116> WorldDictionary: Checking dictionary...
LOG  : General      f:0 st:187,556,151> Loading WorldDictionary:E:\pzmod\test-profile\mp-server\Saves\Multiplayer\servertest\WorldDictionary.bin
LOG  : General      f:0 st:187,556,286> WorldDictionary.init() end
LOG  : General      f:0 st:187,556,289> GameEntityManager.Init() start
LOG  : General      f:0 st:187,556,298> GameEntityManager.Init() end
LOG  : General      f:0 st:187,556,298> PersistentOutfits.init() start
LOG  : General      f:0 st:187,556,306> PersistentOutfits.init() end
LOG  : General      f:0 st:187,556,360> IsoMetaGrid.Create: finished loading in 2.066 seconds
LOG  : General      f:0 st:187,558,144> loading 8439 zones from map_zone.bin
LOG  : General      f:0 st:187,558,352> loading 121 zones from map_animals.bin
LOG  : General      f:0 st:187,558,393> Max #ZONES on one chunk is 27
LOG  : General      f:0 st:187,558,393> triggerEvent OnLoadedMapZones
LOG  : General      f:0 st:187,558,710> ItemConfigurator.Preprocess() start
LOG  : General      f:0 st:187,558,742> ItemConfigurator.Preprocess() end
LOG  : General      f:0 st:187,558,747> MapCollisionData.init() start
LOG  : General      f:0 st:187,559,471> MapCollisionData.init() end
LOG  : General      f:0 st:187,559,471> AnimalPopulationManager.init() start
LOG  : General      f:0 st:187,559,488> AnimalPopulationManager.init() end
LOG  : General      f:0 st:187,559,489> ZombiePopulationManager.init() start
LOG  : General      f:0 st:187,559,518> ZombiePopulationManager.init() end
LOG  : General      f:0 st:187,559,518> Pathfind init() start
LOG  : General      f:0 st:187,559,532> Pathfind init() end
LOG  : General      f:0 st:187,559,533> WorldStreamer.create() start
LOG  : General      f:0 st:187,559,534> WorldStreamer.create() end
LOG  : General      f:0 st:187,559,534> CellLoader.LoadCellBinaryChunk start
LOG  : General      f:0 st:187,559,536> CellLoader.LoadCellBinaryChunk start
LOG  : General      f:0 st:187,559,538> WorldStreamer.isBusy() loop start
LOG  : General      f:0 st:187,559,538> WorldStreamer.isBusy() loop end
LOG  : General      f:0 st:187,559,543> MetaTracker.load() start
LOG  : General      f:0 st:187,559,543> MetaTracker.load() end
LOG  : Network      f:0 st:187,559,578> Initialising RakNet...
LOG  : Network      f:0 st:187,559,606> *** SERVER STARTED ****
LOG  : Network      f:0 st:187,559,606> *** Steam is not enabled
LOG  : Lua          f:0 st:187,559,607> LuaNet: Initializing...
LOG  : Lua          f:0 st:187,559,607> LuaNet: Registering server listener...
LOG  : Lua          f:0 st:187,559,608> LuaNet: Initialization [DONE], triggering events for 'LuaNet.onInitAdd'.
LOG  : General      f:1 st:187,561,641> Missing texture: media/textures/weather/fogwhite.png
