[14-09-26 00:08:17.212] LOG  : General      f:0> 14-09-2026 00:08:17.
[14-09-26 00:08:17.230] LOG  : General      f:0> SLF4J(I): Attempting to load provider "zombie.core.logger.Slf4jBridge" specified via "slf4j.provider" system property.
[14-09-26 00:08:17.521] LOG  : General      f:0> ===== System specs =====.
[14-09-26 00:08:17.521] LOG  : General      f:0> CPU: AMD Ryzen 7 7800X3D 8-Core Processor           , vendor: AuthenticAMD, cores: 8, threads: 16.
[14-09-26 00:08:17.526] LOG  : General      f:0> RAM: 31905 Mb.
[14-09-26 00:08:17.534] LOG  : General      f:0> Base board: MAG B650 TOMAHAWK WIFI (MS-7D75), vendor: Micro-Star International Co., Ltd..
[14-09-26 00:08:17.536] LOG  : General      f:0> GPU: AMD Radeon(TM) Graphics, vendor: Advanced Micro Devices, Inc., video memory: 512 Mb, driver: 31.0.24002.92.
[14-09-26 00:08:17.538] LOG  : General      f:0> GPU: NVIDIA GeForce RTX 4070, vendor: NVIDIA, video memory: 12282 Mb, driver: 32.0.15.9186.
[14-09-26 00:08:17.541] LOG  : General      f:0> Disk info: 1863.00 Gb, free space: 239.42 Gb, usable space: 239.42 Gb.
[14-09-26 00:08:17.632] LOG  : General      f:0> OS: Windows 11, version: 10.0, arch: amd64, build: 26200.
[14-09-26 00:08:17.633] LOG  : General      f:0> JVM (free: 473 Mb, max: 2048 Mb, total available: 502 Mb).
[14-09-26 00:08:17.633] LOG  : General      f:0> ========================.
[14-09-26 00:08:17.633] LOG  : General      f:0> java.specification.version=25.
[14-09-26 00:08:17.633] LOG  : General      f:0> sun.cpu.isalist=amd64.
[14-09-26 00:08:17.634] LOG  : General      f:0> sun.jnu.encoding=Cp1252.
[14-09-26 00:08:17.634] LOG  : General      f:0> java.vm.vendor=Azul Systems, Inc..
[14-09-26 00:08:17.634] LOG  : General      f:0> sun.arch.data.model=64.
[14-09-26 00:08:17.634] LOG  : General      f:0> java.vendor.url=http://www.azul.com/.
[14-09-26 00:08:17.634] LOG  : General      f:0> zomboid.steam=0.
[14-09-26 00:08:17.635] LOG  : General      f:0> java.vm.specification.version=25.
[14-09-26 00:08:17.635] LOG  : General      f:0> os.name=Windows 11.
[14-09-26 00:08:17.635] LOG  : General      f:0> sun.java.launcher=SUN_STANDARD.
[14-09-26 00:08:17.635] LOG  : General      f:0> sun.java.command=zombie.gameStates.MainScreenState -ca....
[14-09-26 00:08:17.635] LOG  : General      f:0> slf4j.provider=zombie.core.logger.Slf4jBridge.
[14-09-26 00:08:17.635] LOG  : General      f:0> jdk.debug=release.
[14-09-26 00:08:17.635] LOG  : General      f:0> sun.cpu.endian=little.
[14-09-26 00:08:17.635] LOG  : General      f:0> java.specification.vendor=Oracle Corporation.
[14-09-26 00:08:17.637] LOG  : General      f:0> java.version.date=2025-10-21.
[14-09-26 00:08:17.637] LOG  : General      f:0> java.home=E:\SteamLibrary\steamapps\common\Proj....
[14-09-26 00:08:17.637] LOG  : General      f:0> file.separator=\.
[14-09-26 00:08:17.637] LOG  : General      f:0> java.vm.compressedOopsMode=32-bit.
[14-09-26 00:08:17.637] LOG  : General      f:0> line.separator=.
[14-09-26 00:08:17.637] LOG  : General      f:0> java.vm.specification.vendor=Oracle Corporation.
[14-09-26 00:08:17.637] LOG  : General      f:0> java.specification.name=Java Platform API Specification.
[14-09-26 00:08:17.637] LOG  : General      f:0> java.awt.headless=true.
[14-09-26 00:08:17.637] LOG  : General      f:0> sun.management.compiler=HotSpot 64-Bit Tiered Compilers.
[14-09-26 00:08:17.637] LOG  : General      f:0> java.runtime.version=25.0.1+8-LTS.
[14-09-26 00:08:17.638] LOG  : General      f:0> stdout.encoding=Cp1252.
[14-09-26 00:08:17.638] LOG  : General      f:0> os.version=10.0.
[14-09-26 00:08:17.638] LOG  : General      f:0> jna.nosys=false.
[14-09-26 00:08:17.638] LOG  : General      f:0> java.runtime.name=OpenJDK Runtime Environment.
[14-09-26 00:08:17.638] LOG  : General      f:0> file.encoding=UTF-8.
[14-09-26 00:08:17.638] LOG  : General      f:0> java.vm.name=OpenJDK 64-Bit Server VM.
[14-09-26 00:08:17.638] LOG  : General      f:0> java.vendor.version=Zulu25.30+17-CA.
[14-09-26 00:08:17.639] LOG  : General      f:0> jna.loaded=true.
[14-09-26 00:08:17.639] LOG  : General      f:0> java.vendor.url.bug=http://www.azul.com/support/.
[14-09-26 00:08:17.639] LOG  : General      f:0> java.version=25.0.1.
[14-09-26 00:08:17.639] LOG  : General      f:0> os.arch=amd64.
[14-09-26 00:08:17.639] LOG  : General      f:0> java.vm.specification.name=Java Virtual Machine Specification.
[14-09-26 00:08:17.639] LOG  : General      f:0> sun.os.patch.level=.
[14-09-26 00:08:17.639] LOG  : General      f:0> native.encoding=Cp1252.
[14-09-26 00:08:17.639] LOG  : General      f:0> java.vm.info=mixed mode, sharing.
[14-09-26 00:08:17.640] LOG  : General      f:0> stderr.encoding=Cp1252.
[14-09-26 00:08:17.640] LOG  : General      f:0> java.vendor=Azul Systems, Inc..
[14-09-26 00:08:17.640] LOG  : General      f:0> java.vm.version=25.0.1+8-LTS.
[14-09-26 00:08:17.640] LOG  : General      f:0> stdin.encoding=Cp1252.
[14-09-26 00:08:17.640] LOG  : General      f:0> sun.io.unicode.encoding=UnicodeLittle.
[14-09-26 00:08:17.640] LOG  : General      f:0> java.class.version=69.0.
[14-09-26 00:08:17.640] LOG  : General      f:0> -----.
[14-09-26 00:08:17.645] LOG  : General      f:0> version=42.20.4 b0bbce05d5 demo=false.
[14-09-26 00:08:17.645] LOG  : General      f:0> revision=b0bbce05d5 pzbullet=1.0.0.28.
[14-09-26 00:08:17.687] LOG  : General      f:0> Logs configuration:.
[14-09-26 00:08:17.688] LOG  : General      f:0>      General: General.
[14-09-26 00:08:17.689] LOG  : General      f:0>      Network: General.
[14-09-26 00:08:17.689] LOG  : General      f:0>          Lua: General.
[14-09-26 00:08:17.689] LOG  : General      f:0>          Mod: General.
[14-09-26 00:08:17.689] LOG  : General      f:0>  Multiplayer: General.
[14-09-26 00:08:17.689] LOG  : General      f:0>      Default: Off.
[14-09-26 00:08:17.697] LOG  : General      f:0> LightingFPS set to 15.
[14-09-26 00:08:18.133] LOG  : General      f:0> Display mode changed to 1280x720 freq=0 fullScreen=false.
[14-09-26 00:08:18.133] LOG  : General      f:0> GraphicsCard: NVIDIA Corporation NVIDIA GeForce RTX 4070/PCIe/SSE2.
[14-09-26 00:08:18.134] LOG  : General      f:0> OpenGL version: 4.6.0 NVIDIA 591.86.
[14-09-26 00:08:18.134] LOG  : General      f:0> Desktop resolution 2560x1440.
[14-09-26 00:08:18.135] LOG  : General      f:0> Initial resolution 1280x720 fullScreen=false.
[14-09-26 00:08:18.135] LOG  : General      f:0> OpenGL 1.5 buffer objects supported.
[14-09-26 00:08:18.136] LOG  : General      f:0> VSync: OFF.
[14-09-26 00:08:20.551] LOG  : Mod          f:0> refusing to list examplemod.
[14-09-26 00:08:20.922] LOG  : General      f:0> Loading networking libraries....
[14-09-26 00:08:20.923] LOG  : General      f:0> Loading RakNet64....
[14-09-26 00:08:20.924] LOG  : General      f:0> Loading ZNetNoSteam64....
[14-09-26 00:08:20.937] LOG  : General      f:0> SteamUtils started without Steam.
[14-09-26 00:08:20.957] LOG  : General      f:0> Loading Mods.
[14-09-26 00:08:20.958] LOG  : Mod          f:0> refusing to list examplemod.
[14-09-26 00:08:20.974] LOG  : Mod          f:0> loading NeighborhoodLifeHUD.
[14-09-26 00:08:20.976] LOG  : Mod          f:0> loading NeighborhoodQA.
[14-09-26 00:08:20.977] LOG  : General      f:0> Loading Translations.
[14-09-26 00:08:22.427] LOG  : General      f:0> texturepack: loading UI.
[14-09-26 00:08:22.428] LOG  : General      f:0> Loading UI texture pack.
[14-09-26 00:08:22.460] LOG  : General      f:0> texturepack: loading UI2.
[14-09-26 00:08:22.460] LOG  : General      f:0> Loading UI2 texture pack.
[14-09-26 00:08:22.468] LOG  : General      f:0> texturepack: loading IconsMoveables.
[14-09-26 00:08:22.468] LOG  : General      f:0> Loading IconsMoveables texture pack.
[14-09-26 00:08:22.469] LOG  : General      f:0> texturepack: loading RadioIcons.
[14-09-26 00:08:22.469] LOG  : General      f:0> Loading RadioIcons texture pack.
[14-09-26 00:08:22.470] LOG  : General      f:0> texturepack: loading ApComUI.
[14-09-26 00:08:22.470] LOG  : General      f:0> Loading ApComUI texture pack.
[14-09-26 00:08:22.471] LOG  : General      f:0> texturepack: loading Mechanics.
[14-09-26 00:08:22.471] LOG  : General      f:0> Loading Mechanics texture pack.
[14-09-26 00:08:22.478] LOG  : General      f:0> texturepack: loading WeatherFx.
[14-09-26 00:08:22.478] LOG  : General      f:0> Loading WeatherFx texture pack.
[14-09-26 00:08:22.503] LOG  : General      f:0> Loading Scripts.
[14-09-26 00:08:23.909] ERROR: General      f:0 at FluidContainerScript.load           > Sanitizing container name 'Large Bucket', name may not contain whitespaces..
[14-09-26 00:08:24.325] ERROR: General      f:0 at FluidContainerScript.load           > Sanitizing container name 'Fuel Pump', name may not contain whitespaces..
[14-09-26 00:08:24.410] WARN : General      f:0 at XuiSkin$EntityUiStyle.Load          > Could not find icon: Build_AnvilStone, script = Stone Anvil.
[14-09-26 00:08:24.411] WARN : General      f:0 at XuiSkin$EntityUiStyle.LoadComponentInfo> Could not find icon: Build_AnvilStone.
[14-09-26 00:08:24.413] WARN : General      f:0 at XuiSkin$EntityUiStyle.Load          > Could not find icon: Build_AnvilStone, script = Stone Anvil.
[14-09-26 00:08:24.414] WARN : General      f:0 at XuiSkin$EntityUiStyle.LoadComponentInfo> Could not find icon: Build_AnvilStone.
[14-09-26 00:08:24.415] WARN : General      f:0 at XuiSkin$EntityUiStyle.Load          > Could not find icon: Build_AnvilStone, script = Stone Anvil.
[14-09-26 00:08:24.416] WARN : General      f:0 at XuiSkin$EntityUiStyle.LoadComponentInfo> Could not find icon: Build_AnvilStone.
[14-09-26 00:08:24.417] WARN : General      f:0 at XuiSkin$EntityUiStyle.Load          > Could not find icon: Build_AnvilStone, script = Stone Anvil.
[14-09-26 00:08:24.417] WARN : General      f:0 at XuiSkin$EntityUiStyle.LoadComponentInfo> Could not find icon: Build_AnvilStone.
[14-09-26 00:08:24.457] WARN : General      f:0 at TaggedObjectManager.createTagBits   > manager-> new tag discovered that was not preprocessed, tag: keyduplicator.
[14-09-26 00:08:24.458] WARN : General      f:0 at TaggedObjectManager.createTagBits   > manager-> new tag discovered that was not preprocessed, tag: choppingblock.
[14-09-26 00:08:24.520] LOG  : General      f:0> Loading Clothing.
[14-09-26 00:08:24.807] LOG  : General      f:0> .
[14-09-26 00:08:27.463] LOG  : General      f:0> Loading Lua.
[14-09-26 00:08:28.688] WARN : Lua          f:0 at Lua(Vanilla).corpseStorageCheck     > require("ISUI/ISInventoryPaneContextMenu") failed.
[14-09-26 00:08:28.688] WARN : Lua          f:0 at Lua(Vanilla).corpseStorageCheck     > require("ISUI/ISVehicleMenu") failed.
[14-09-26 00:08:28.688] WARN : Lua          f:0 at Lua(Vanilla).corpseStorageCheck     > require("ISUI/ISContextMenu") failed.
[14-09-26 00:08:28.705] WARN : Lua          f:0 at Lua(Vanilla).ISCampingMenu          > require("Camping/CCampfireSystem") failed.
[14-09-26 00:08:29.132] WARN : Lua          f:0 at Lua(Vanilla).ISInventoryTransferUtil> require("TimedActions/ISInventoryTransferAction") failed.
[14-09-26 00:08:29.134] WARN : Lua          f:0 at Lua(Vanilla).ISInventoryTransferUtil> require("ISUI/PlayerData/ISPlayerData") failed.
[14-09-26 00:08:30.413] WARN : Lua          f:0 at Lua(Vanilla).ISAnimalContextMenu    > require("BuildingObjects/ISAnimalPickMateCursor") failed.
[14-09-26 00:08:30.483] WARN : Lua          f:0 at Lua(Vanilla).TakeSameType           > require("ISUI/InventoryWindow/ISLootWindowControlHandler") failed.
[14-09-26 00:08:30.486] WARN : Lua          f:0 at Lua(Vanilla).FloorTakeSameType      > require("ISUI/InventoryWindow/ISLootWindowControlHandler") failed.
[14-09-26 00:08:30.819] WARN : Lua          f:0 at Lua(Vanilla).testUI                 > require("pzapi/ui/ui") failed.
[14-09-26 00:08:30.965] LOG  : Lua          f:0> OnLoadSoundbanks.
[14-09-26 00:08:30.969] LOG  : General      f:0> texturepack: loading Tiles2x.
[14-09-26 00:08:30.969] LOG  : General      f:0> Loading Tiles2x texture pack.
[14-09-26 00:08:31.016] LOG  : General      f:0> texturepack: loading Overlays2x.
[14-09-26 00:08:31.016] LOG  : General      f:0> Loading Overlays2x texture pack.
[14-09-26 00:08:31.018] LOG  : General      f:0> texturepack: loading JumboTrees2x.
[14-09-26 00:08:31.019] LOG  : General      f:0> Loading JumboTrees2x texture pack.
[14-09-26 00:08:31.134] LOG  : General      f:0> texturepack: loading JumboTreesBigs2x.
[14-09-26 00:08:31.135] LOG  : General      f:0> Loading JumboTreesBigs2x texture pack.
[14-09-26 00:08:31.137] LOG  : General      f:0> texturepack: loading Tiles2x.floor.
[14-09-26 00:08:31.137] LOG  : General      f:0> Loading Tiles2x.floor texture pack.
[14-09-26 00:08:31.140] LOG  : General      f:0> texturepack: loading B42ChunkCaching2x.
[14-09-26 00:08:31.140] LOG  : General      f:0> Loading B42ChunkCaching2x texture pack.
[14-09-26 00:08:31.140] LOG  : General      f:0> texturepack: loading B42ChunkCaching2x.floor.
[14-09-26 00:08:31.140] LOG  : General      f:0> Loading B42ChunkCaching2x.floor texture pack.
[14-09-26 00:08:31.141] LOG  : General      f:0> texturepack: loading Clock2x.
[14-09-26 00:08:31.141] LOG  : General      f:0> Loading Clock2x texture pack.
[14-09-26 00:08:31.147] LOG  : General      f:0> Loading models and animations.
[14-09-26 00:08:31.998] LOG  : General      f:0> Game booting.
[14-09-26 00:08:37.610] LOG  : General      f:0> STATE: exit zombie.gameStates.TISLogoState.
[14-09-26 00:08:37.627] LOG  : General      f:0> STATE: exit zombie.gameStates.TermsOfServiceState.
[14-09-26 00:08:38.044] LOG  : General      f:0> binkId: 1.
[14-09-26 00:08:38.179] WARN : Lua          f:0 at Lua(Vanilla).namedColorToTable      > env.lua-> namedColorToTable color not found: ProgressYellow.
[14-09-26 00:08:38.494] LOG  : Lua          f:0> NLQA MP CONNECT ARMED: 127.0.0.1:16261.
[14-09-26 00:08:38.494] LOG  : Lua          f:0> NLQA STAT HUNGER 0..1.
[14-09-26 00:08:38.494] LOG  : Lua          f:0> NLQA STAT THIRST 0..1.
[14-09-26 00:08:38.495] LOG  : Lua          f:0> NLQA STAT FATIGUE 0..1.
[14-09-26 00:08:38.495] LOG  : Lua          f:0> NLQA STAT BOREDOM 0..100.
[14-09-26 00:08:38.495] LOG  : Lua          f:0> NLQA STAT STRESS 0..1.
[14-09-26 00:08:38.495] LOG  : Lua          f:0> NLQA STAT UNHAPPINESS 0..100.
[14-09-26 00:08:38.496] LOG  : Lua          f:0> NLQA PASS: actual item/perk/stat APIs and real ISPanel journal construction.
[14-09-26 00:08:38.518] LOG  : General      f:0> binkId: 2.
[14-09-26 00:08:40.530] LOG  : Lua          f:0> NLQA MP CONNECT REQUEST: nl-host -> 127.0.0.1:16261 accountPassword=true.
[14-09-26 00:08:40.817] LOG  : Network      f:0 st:0> Initialising RakNet....
[14-09-26 00:08:40.980] LOG  : General      f:0 st:0> LOGGED INTO : 117 millisecond.
[14-09-26 00:08:40.981] LOG  : General      f:0 st:0> ConnectToServerState: Start.
[14-09-26 00:08:40.994] LOG  : General      f:0 st:0> ConnectToServerState: TestTCP.
[14-09-26 00:08:41.027] LOG  : Lua          f:0 st:0> NLQA MP CONNECTION STATE: Connected message=nil arg=nil.
[14-09-26 00:08:43.048] LOG  : Mod          f:0 st:0> refusing to list examplemod.
[14-09-26 00:08:43.064] LOG  : Mod          f:0 st:0> loading NeighborhoodLifeHUD.
[14-09-26 00:08:43.066] LOG  : Mod          f:0 st:0> loading NeighborhoodQA.
[14-09-26 00:08:44.713] ERROR: General      f:0 st:0 at FluidContainerScript.load           > Sanitizing container name 'Large Bucket', name may not contain whitespaces..
[14-09-26 00:08:45.072] ERROR: General      f:0 st:0 at FluidContainerScript.load           > Sanitizing container name 'Fuel Pump', name may not contain whitespaces..
[14-09-26 00:08:45.126] WARN : General      f:0 st:0 at XuiSkin$EntityUiStyle.Load          > Could not find icon: Build_AnvilStone, script = Stone Anvil.
[14-09-26 00:08:45.126] WARN : General      f:0 st:0 at XuiSkin$EntityUiStyle.LoadComponentInfo> Could not find icon: Build_AnvilStone.
[14-09-26 00:08:45.128] WARN : General      f:0 st:0 at XuiSkin$EntityUiStyle.Load          > Could not find icon: Build_AnvilStone, script = Stone Anvil.
[14-09-26 00:08:45.128] WARN : General      f:0 st:0 at XuiSkin$EntityUiStyle.LoadComponentInfo> Could not find icon: Build_AnvilStone.
[14-09-26 00:08:45.129] WARN : General      f:0 st:0 at XuiSkin$EntityUiStyle.Load          > Could not find icon: Build_AnvilStone, script = Stone Anvil.
[14-09-26 00:08:45.129] WARN : General      f:0 st:0 at XuiSkin$EntityUiStyle.LoadComponentInfo> Could not find icon: Build_AnvilStone.
[14-09-26 00:08:45.132] WARN : General      f:0 st:0 at XuiSkin$EntityUiStyle.Load          > Could not find icon: Build_AnvilStone, script = Stone Anvil.
[14-09-26 00:08:45.132] WARN : General      f:0 st:0 at XuiSkin$EntityUiStyle.LoadComponentInfo> Could not find icon: Build_AnvilStone.
[14-09-26 00:08:45.149] WARN : General      f:0 st:0 at TaggedObjectManager.createTagBits   > manager-> new tag discovered that was not preprocessed, tag: keyduplicator.
[14-09-26 00:08:45.150] WARN : General      f:0 st:0 at TaggedObjectManager.createTagBits   > manager-> new tag discovered that was not preprocessed, tag: choppingblock.
[14-09-26 00:08:47.980] ERROR: General      f:0 st:0> AdvancedAnimator$1.visitFileFailed> Exception thrown
	java.nio.file.NoSuchFileException: E:\pzmod\test-profile\mp-host\mods\NeighborhoodLife\common\media\AnimSets at WindowsException.translateToIOException(null:-1).
	Stack trace:
		java.base/sun.nio.fs.WindowsException.translateToIOException(Unknown Source)
		java.base/sun.nio.fs.WindowsException.rethrowAsIOException(Unknown Source)
		java.base/sun.nio.fs.WindowsException.rethrowAsIOException(Unknown Source)
		java.base/sun.nio.fs.WindowsFileAttributeViews$Basic.readAttributes(Unknown Source)
		java.base/sun.nio.fs.WindowsFileAttributeViews$Basic.readAttributes(Unknown Source)
		java.base/sun.nio.fs.WindowsFileSystemProvider.readAttributes(Unknown Source)
		java.base/java.nio.file.Files.readAttributes(Unknown Source)
		java.base/java.nio.file.FileTreeWalker.getAttributes(Unknown Source)
		java.base/java.nio.file.FileTreeWalker.visit(Unknown Source)
		java.base/java.nio.file.FileTreeWalker.walk(Unknown Source)
		java.base/java.nio.file.Files.walkFileTree(Unknown Source)
		java.base/java.nio.file.Files.walkFileTree(Unknown Source)
		zombie.core.skinnedmodel.advancedanimation.AdvancedAnimator.searchFolders(AdvancedAnimator.java:805)
		zombie.core.skinnedmodel.advancedanimation.AdvancedAnimator.loadModMedia(AdvancedAnimator.java:868)
		zombie.core.skinnedmodel.advancedanimation.AdvancedAnimator.collectModFiles(AdvancedAnimator.java:888)
		zombie.core.skinnedmodel.advancedanimation.AdvancedAnimator.load(AdvancedAnimator.java:928)
		zombie.core.Core.ResetLua(Core.java:4193)
		zombie.gameStates.ConnectToServerState.receiveServerOptions(ConnectToServerState.java:135)
		zombie.gameStates.ConnectToServerState.Finish(ConnectToServerState.java:696)
		zombie.gameStates.ConnectToServerState.update(ConnectToServerState.java:104)
		zombie.gameStates.MainScreenState.update(MainScreenState.java:778)
		zombie.gameStates.GameStateMachine.update(GameStateMachine.java:65)
		zombie.GameWindow.logic(GameWindow.java:390)
		zombie.GameWindow.frameStep(GameWindow.java:790)
		zombie.GameWindow.mainThreadStep(GameWindow.java:567)
		zombie.MainThread.mainLoop(MainThread.java:69)
		java.base/java.lang.Thread.run(Unknown Source).
[14-09-26 00:08:47.980] ERROR: General      f:0 st:0> AdvancedAnimator$1.visitFileFailed> Exception thrown
	java.nio.file.NoSuchFileException: E:\pzmod\test-profile\mp-host\mods\NeighborhoodLife\common\media\actiongroups at WindowsException.translateToIOException(null:-1).
	Stack trace:
		java.base/sun.nio.fs.WindowsException.translateToIOException(Unknown Source)
		java.base/sun.nio.fs.WindowsException.rethrowAsIOException(Unknown Source)
		java.base/sun.nio.fs.WindowsException.rethrowAsIOException(Unknown Source)
		java.base/sun.nio.fs.WindowsFileAttributeViews$Basic.readAttributes(Unknown Source)
		java.base/sun.nio.fs.WindowsFileAttributeViews$Basic.readAttributes(Unknown Source)
		java.base/sun.nio.fs.WindowsFileSystemProvider.readAttributes(Unknown Source)
		java.base/java.nio.file.Files.readAttributes(Unknown Source)
		java.base/java.nio.file.FileTreeWalker.getAttributes(Unknown Source)
		java.base/java.nio.file.FileTreeWalker.visit(Unknown Source)
		java.base/java.nio.file.FileTreeWalker.walk(Unknown Source)
		java.base/java.nio.file.Files.walkFileTree(Unknown Source)
		java.base/java.nio.file.Files.walkFileTree(Unknown Source)
		zombie.core.skinnedmodel.advancedanimation.AdvancedAnimator.searchFolders(AdvancedAnimator.java:805)
		zombie.core.skinnedmodel.advancedanimation.AdvancedAnimator.loadModMedia(AdvancedAnimator.java:869)
		zombie.core.skinnedmodel.advancedanimation.AdvancedAnimator.collectModFiles(AdvancedAnimator.java:888)
		zombie.core.skinnedmodel.advancedanimation.AdvancedAnimator.load(AdvancedAnimator.java:928)
		zombie.core.Core.ResetLua(Core.java:4193)
		zombie.gameStates.ConnectToServerState.receiveServerOptions(ConnectToServerState.java:135)
		zombie.gameStates.ConnectToServerState.Finish(ConnectToServerState.java:696)
		zombie.gameStates.ConnectToServerState.update(ConnectToServerState.java:104)
		zombie.gameStates.MainScreenState.update(MainScreenState.java:778)
		zombie.gameStates.GameStateMachine.update(GameStateMachine.java:65)
		zombie.GameWindow.logic(GameWindow.java:390)
		zombie.GameWindow.frameStep(GameWindow.java:790)
		zombie.GameWindow.mainThreadStep(GameWindow.java:567)
		zombie.MainThread.mainLoop(MainThread.java:69)
		java.base/java.lang.Thread.run(Unknown Source).
[14-09-26 00:08:47.982] ERROR: General      f:0 st:0> AdvancedAnimator$1.visitFileFailed> Exception thrown
	java.nio.file.NoSuchFileException: E:\pzmod\test-profile\mp-host\mods\NeighborhoodLife\42\media\AnimSets at WindowsException.translateToIOException(null:-1).
	Stack trace:
		java.base/sun.nio.fs.WindowsException.translateToIOException(Unknown Source)
		java.base/sun.nio.fs.WindowsException.rethrowAsIOException(Unknown Source)
		java.base/sun.nio.fs.WindowsException.rethrowAsIOException(Unknown Source)
		java.base/sun.nio.fs.WindowsFileAttributeViews$Basic.readAttributes(Unknown Source)
		java.base/sun.nio.fs.WindowsFileAttributeViews$Basic.readAttributes(Unknown Source)
		java.base/sun.nio.fs.WindowsFileSystemProvider.readAttributes(Unknown Source)
		java.base/java.nio.file.Files.readAttributes(Unknown Source)
		java.base/java.nio.file.FileTreeWalker.getAttributes(Unknown Source)
		java.base/java.nio.file.FileTreeWalker.visit(Unknown Source)
		java.base/java.nio.file.FileTreeWalker.walk(Unknown Source)
		java.base/java.nio.file.Files.walkFileTree(Unknown Source)
		java.base/java.nio.file.Files.walkFileTree(Unknown Source)
		zombie.core.skinnedmodel.advancedanimation.AdvancedAnimator.searchFolders(AdvancedAnimator.java:805)
		zombie.core.skinnedmodel.advancedanimation.AdvancedAnimator.loadModMedia(AdvancedAnimator.java:868)
		zombie.core.skinnedmodel.advancedanimation.AdvancedAnimator.collectModFiles(AdvancedAnimator.java:889)
		zombie.core.skinnedmodel.advancedanimation.AdvancedAnimator.load(AdvancedAnimator.java:928)
		zombie.core.Core.ResetLua(Core.java:4193)
		zombie.gameStates.ConnectToServerState.receiveServerOptions(ConnectToServerState.java:135)
		zombie.gameStates.ConnectToServerState.Finish(ConnectToServerState.java:696)
		zombie.gameStates.ConnectToServerState.update(ConnectToServerState.java:104)
		zombie.gameStates.MainScreenState.update(MainScreenState.java:778)
		zombie.gameStates.GameStateMachine.update(GameStateMachine.java:65)
		zombie.GameWindow.logic(GameWindow.java:390)
		zombie.GameWindow.frameStep(GameWindow.java:790)
		zombie.GameWindow.mainThreadStep(GameWindow.java:567)
		zombie.MainThread.mainLoop(MainThread.java:69)
		java.base/java.lang.Thread.run(Unknown Source).
[14-09-26 00:08:47.982] ERROR: General      f:0 st:0> AdvancedAnimator$1.visitFileFailed> Exception thrown
	java.nio.file.NoSuchFileException: E:\pzmod\test-profile\mp-host\mods\NeighborhoodLife\42\media\actiongroups at WindowsException.translateToIOException(null:-1).
	Stack trace:
		java.base/sun.nio.fs.WindowsException.translateToIOException(Unknown Source)
		java.base/sun.nio.fs.WindowsException.rethrowAsIOException(Unknown Source)
		java.base/sun.nio.fs.WindowsException.rethrowAsIOException(Unknown Source)
		java.base/sun.nio.fs.WindowsFileAttributeViews$Basic.readAttributes(Unknown Source)
		java.base/sun.nio.fs.WindowsFileAttributeViews$Basic.readAttributes(Unknown Source)
		java.base/sun.nio.fs.WindowsFileSystemProvider.readAttributes(Unknown Source)
		java.base/java.nio.file.Files.readAttributes(Unknown Source)
		java.base/java.nio.file.FileTreeWalker.getAttributes(Unknown Source)
		java.base/java.nio.file.FileTreeWalker.visit(Unknown Source)
		java.base/java.nio.file.FileTreeWalker.walk(Unknown Source)
		java.base/java.nio.file.Files.walkFileTree(Unknown Source)
		java.base/java.nio.file.Files.walkFileTree(Unknown Source)
		zombie.core.skinnedmodel.advancedanimation.AdvancedAnimator.searchFolders(AdvancedAnimator.java:805)
		zombie.core.skinnedmodel.advancedanimation.AdvancedAnimator.loadModMedia(AdvancedAnimator.java:869)
		zombie.core.skinnedmodel.advancedanimation.AdvancedAnimator.collectModFiles(AdvancedAnimator.java:889)
		zombie.core.skinnedmodel.advancedanimation.AdvancedAnimator.load(AdvancedAnimator.java:928)
		zombie.core.Core.ResetLua(Core.java:4193)
		zombie.gameStates.ConnectToServerState.receiveServerOptions(ConnectToServerState.java:135)
		zombie.gameStates.ConnectToServerState.Finish(ConnectToServerState.java:696)
		zombie.gameStates.ConnectToServerState.update(ConnectToServerState.java:104)
		zombie.gameStates.MainScreenState.update(MainScreenState.java:778)
		zombie.gameStates.GameStateMachine.update(GameStateMachine.java:65)
		zombie.GameWindow.logic(GameWindow.java:390)
		zombie.GameWindow.frameStep(GameWindow.java:790)
		zombie.GameWindow.mainThreadStep(GameWindow.java:567)
		zombie.MainThread.mainLoop(MainThread.java:69)
		java.base/java.lang.Thread.run(Unknown Source).
[14-09-26 00:08:47.983] ERROR: General      f:0 st:0> AdvancedAnimator$1.visitFileFailed> Exception thrown
	java.nio.file.NoSuchFileException: E:\pzmod\test-profile\mp-host\mods\NeighborhoodQA\common\media\AnimSets at WindowsException.translateToIOException(null:-1).
	Stack trace:
		java.base/sun.nio.fs.WindowsException.translateToIOException(Unknown Source)
		java.base/sun.nio.fs.WindowsException.rethrowAsIOException(Unknown Source)
		java.base/sun.nio.fs.WindowsException.rethrowAsIOException(Unknown Source)
		java.base/sun.nio.fs.WindowsFileAttributeViews$Basic.readAttributes(Unknown Source)
		java.base/sun.nio.fs.WindowsFileAttributeViews$Basic.readAttributes(Unknown Source)
		java.base/sun.nio.fs.WindowsFileSystemProvider.readAttributes(Unknown Source)
		java.base/java.nio.file.Files.readAttributes(Unknown Source)
		java.base/java.nio.file.FileTreeWalker.getAttributes(Unknown Source)
		java.base/java.nio.file.FileTreeWalker.visit(Unknown Source)
		java.base/java.nio.file.FileTreeWalker.walk(Unknown Source)
		java.base/java.nio.file.Files.walkFileTree(Unknown Source)
		java.base/java.nio.file.Files.walkFileTree(Unknown Source)
		zombie.core.skinnedmodel.advancedanimation.AdvancedAnimator.searchFolders(AdvancedAnimator.java:805)
		zombie.core.skinnedmodel.advancedanimation.AdvancedAnimator.loadModMedia(AdvancedAnimator.java:868)
		zombie.core.skinnedmodel.advancedanimation.AdvancedAnimator.collectModFiles(AdvancedAnimator.java:888)
		zombie.core.skinnedmodel.advancedanimation.AdvancedAnimator.load(AdvancedAnimator.java:928)
		zombie.core.Core.ResetLua(Core.java:4193)
		zombie.gameStates.ConnectToServerState.receiveServerOptions(ConnectToServerState.java:135)
		zombie.gameStates.ConnectToServerState.Finish(ConnectToServerState.java:696)
		zombie.gameStates.ConnectToServerState.update(ConnectToServerState.java:104)
		zombie.gameStates.MainScreenState.update(MainScreenState.java:778)
		zombie.gameStates.GameStateMachine.update(GameStateMachine.java:65)
		zombie.GameWindow.logic(GameWindow.java:390)
		zombie.GameWindow.frameStep(GameWindow.java:790)
		zombie.GameWindow.mainThreadStep(GameWindow.java:567)
		zombie.MainThread.mainLoop(MainThread.java:69)
		java.base/java.lang.Thread.run(Unknown Source).
[14-09-26 00:08:47.983] ERROR: General      f:0 st:0> AdvancedAnimator$1.visitFileFailed> Exception thrown
	java.nio.file.NoSuchFileException: E:\pzmod\test-profile\mp-host\mods\NeighborhoodQA\common\media\actiongroups at WindowsException.translateToIOException(null:-1).
	Stack trace:
		java.base/sun.nio.fs.WindowsException.translateToIOException(Unknown Source)
		java.base/sun.nio.fs.WindowsException.rethrowAsIOException(Unknown Source)
		java.base/sun.nio.fs.WindowsException.rethrowAsIOException(Unknown Source)
		java.base/sun.nio.fs.WindowsFileAttributeViews$Basic.readAttributes(Unknown Source)
		java.base/sun.nio.fs.WindowsFileAttributeViews$Basic.readAttributes(Unknown Source)
		java.base/sun.nio.fs.WindowsFileSystemProvider.readAttributes(Unknown Source)
		java.base/java.nio.file.Files.readAttributes(Unknown Source)
		java.base/java.nio.file.FileTreeWalker.getAttributes(Unknown Source)
		java.base/java.nio.file.FileTreeWalker.visit(Unknown Source)
		java.base/java.nio.file.FileTreeWalker.walk(Unknown Source)
		java.base/java.nio.file.Files.walkFileTree(Unknown Source)
		java.base/java.nio.file.Files.walkFileTree(Unknown Source)
		zombie.core.skinnedmodel.advancedanimation.AdvancedAnimator.searchFolders(AdvancedAnimator.java:805)
		zombie.core.skinnedmodel.advancedanimation.AdvancedAnimator.loadModMedia(AdvancedAnimator.java:869)
		zombie.core.skinnedmodel.advancedanimation.AdvancedAnimator.collectModFiles(AdvancedAnimator.java:888)
		zombie.core.skinnedmodel.advancedanimation.AdvancedAnimator.load(AdvancedAnimator.java:928)
		zombie.core.Core.ResetLua(Core.java:4193)
		zombie.gameStates.ConnectToServerState.receiveServerOptions(ConnectToServerState.java:135)
		zombie.gameStates.ConnectToServerState.Finish(ConnectToServerState.java:696)
		zombie.gameStates.ConnectToServerState.update(ConnectToServerState.java:104)
		zombie.gameStates.MainScreenState.update(MainScreenState.java:778)
		zombie.gameStates.GameStateMachine.update(GameStateMachine.java:65)
		zombie.GameWindow.logic(GameWindow.java:390)
		zombie.GameWindow.frameStep(GameWindow.java:790)
		zombie.GameWindow.mainThreadStep(GameWindow.java:567)
		zombie.MainThread.mainLoop(MainThread.java:69)
		java.base/java.lang.Thread.run(Unknown Source).
[14-09-26 00:08:47.985] ERROR: General      f:0 st:0> AdvancedAnimator$1.visitFileFailed> Exception thrown
	java.nio.file.NoSuchFileException: E:\pzmod\test-profile\mp-host\mods\NeighborhoodQA\42\media\AnimSets at WindowsException.translateToIOException(null:-1).
	Stack trace:
		java.base/sun.nio.fs.WindowsException.translateToIOException(Unknown Source)
		java.base/sun.nio.fs.WindowsException.rethrowAsIOException(Unknown Source)
		java.base/sun.nio.fs.WindowsException.rethrowAsIOException(Unknown Source)
		java.base/sun.nio.fs.WindowsFileAttributeViews$Basic.readAttributes(Unknown Source)
		java.base/sun.nio.fs.WindowsFileAttributeViews$Basic.readAttributes(Unknown Source)
		java.base/sun.nio.fs.WindowsFileSystemProvider.readAttributes(Unknown Source)
		java.base/java.nio.file.Files.readAttributes(Unknown Source)
		java.base/java.nio.file.FileTreeWalker.getAttributes(Unknown Source)
		java.base/java.nio.file.FileTreeWalker.visit(Unknown Source)
		java.base/java.nio.file.FileTreeWalker.walk(Unknown Source)
		java.base/java.nio.file.Files.walkFileTree(Unknown Source)
		java.base/java.nio.file.Files.walkFileTree(Unknown Source)
		zombie.core.skinnedmodel.advancedanimation.AdvancedAnimator.searchFolders(AdvancedAnimator.java:805)
		zombie.core.skinnedmodel.advancedanimation.AdvancedAnimator.loadModMedia(AdvancedAnimator.java:868)
		zombie.core.skinnedmodel.advancedanimation.AdvancedAnimator.collectModFiles(AdvancedAnimator.java:889)
		zombie.core.skinnedmodel.advancedanimation.AdvancedAnimator.load(AdvancedAnimator.java:928)
		zombie.core.Core.ResetLua(Core.java:4193)
		zombie.gameStates.ConnectToServerState.receiveServerOptions(ConnectToServerState.java:135)
		zombie.gameStates.ConnectToServerState.Finish(ConnectToServerState.java:696)
		zombie.gameStates.ConnectToServerState.update(ConnectToServerState.java:104)
		zombie.gameStates.MainScreenState.update(MainScreenState.java:778)
		zombie.gameStates.GameStateMachine.update(GameStateMachine.java:65)
		zombie.GameWindow.logic(GameWindow.java:390)
		zombie.GameWindow.frameStep(GameWindow.java:790)
		zombie.GameWindow.mainThreadStep(GameWindow.java:567)
		zombie.MainThread.mainLoop(MainThread.java:69)
		java.base/java.lang.Thread.run(Unknown Source).
[14-09-26 00:08:47.985] ERROR: General      f:0 st:0> AdvancedAnimator$1.visitFileFailed> Exception thrown
	java.nio.file.NoSuchFileException: E:\pzmod\test-profile\mp-host\mods\NeighborhoodQA\42\media\actiongroups at WindowsException.translateToIOException(null:-1).
	Stack trace:
		java.base/sun.nio.fs.WindowsException.translateToIOException(Unknown Source)
		java.base/sun.nio.fs.WindowsException.rethrowAsIOException(Unknown Source)
		java.base/sun.nio.fs.WindowsException.rethrowAsIOException(Unknown Source)
		java.base/sun.nio.fs.WindowsFileAttributeViews$Basic.readAttributes(Unknown Source)
		java.base/sun.nio.fs.WindowsFileAttributeViews$Basic.readAttributes(Unknown Source)
		java.base/sun.nio.fs.WindowsFileSystemProvider.readAttributes(Unknown Source)
		java.base/java.nio.file.Files.readAttributes(Unknown Source)
		java.base/java.nio.file.FileTreeWalker.getAttributes(Unknown Source)
		java.base/java.nio.file.FileTreeWalker.visit(Unknown Source)
		java.base/java.nio.file.FileTreeWalker.walk(Unknown Source)
		java.base/java.nio.file.Files.walkFileTree(Unknown Source)
		java.base/java.nio.file.Files.walkFileTree(Unknown Source)
		zombie.core.skinnedmodel.advancedanimation.AdvancedAnimator.searchFolders(AdvancedAnimator.java:805)
		zombie.core.skinnedmodel.advancedanimation.AdvancedAnimator.loadModMedia(AdvancedAnimator.java:869)
		zombie.core.skinnedmodel.advancedanimation.AdvancedAnimator.collectModFiles(AdvancedAnimator.java:889)
		zombie.core.skinnedmodel.advancedanimation.AdvancedAnimator.load(AdvancedAnimator.java:928)
		zombie.core.Core.ResetLua(Core.java:4193)
		zombie.gameStates.ConnectToServerState.receiveServerOptions(ConnectToServerState.java:135)
		zombie.gameStates.ConnectToServerState.Finish(ConnectToServerState.java:696)
		zombie.gameStates.ConnectToServerState.update(ConnectToServerState.java:104)
		zombie.gameStates.MainScreenState.update(MainScreenState.java:778)
		zombie.gameStates.GameStateMachine.update(GameStateMachine.java:65)
		zombie.GameWindow.logic(GameWindow.java:390)
		zombie.GameWindow.frameStep(GameWindow.java:790)
		zombie.GameWindow.mainThreadStep(GameWindow.java:567)
		zombie.MainThread.mainLoop(MainThread.java:69)
		java.base/java.lang.Thread.run(Unknown Source).
[14-09-26 00:08:49.855] WARN : Lua          f:0 st:0 at Lua(Vanilla).corpseStorageCheck     > require("ISUI/ISInventoryPaneContextMenu") failed.
[14-09-26 00:08:49.856] WARN : Lua          f:0 st:0 at Lua(Vanilla).corpseStorageCheck     > require("ISUI/ISVehicleMenu") failed.
[14-09-26 00:08:49.856] WARN : Lua          f:0 st:0 at Lua(Vanilla).corpseStorageCheck     > require("ISUI/ISContextMenu") failed.
[14-09-26 00:08:49.864] WARN : Lua          f:0 st:0 at Lua(Vanilla).ISCampingMenu          > require("Camping/CCampfireSystem") failed.
[14-09-26 00:08:50.079] WARN : Lua          f:0 st:0 at Lua(Vanilla).ISInventoryTransferUtil> require("TimedActions/ISInventoryTransferAction") failed.
[14-09-26 00:08:50.079] WARN : Lua          f:0 st:0 at Lua(Vanilla).ISInventoryTransferUtil> require("ISUI/PlayerData/ISPlayerData") failed.
[14-09-26 00:08:51.154] WARN : Lua          f:0 st:0 at Lua(Vanilla).ISAnimalContextMenu    > require("BuildingObjects/ISAnimalPickMateCursor") failed.
[14-09-26 00:08:51.234] WARN : Lua          f:0 st:0 at Lua(Vanilla).TakeSameType           > require("ISUI/InventoryWindow/ISLootWindowControlHandler") failed.
[14-09-26 00:08:51.236] WARN : Lua          f:0 st:0 at Lua(Vanilla).FloorTakeSameType      > require("ISUI/InventoryWindow/ISLootWindowControlHandler") failed.
[14-09-26 00:08:51.449] LOG  : Lua          f:0 st:0> WARN:MISSING in SettingsTable: PVPLogToolChat.
[14-09-26 00:08:51.449] LOG  : Lua          f:0 st:0> WARN:MISSING in SettingsTable: PVPLogToolFile.
[14-09-26 00:08:51.449] LOG  : Lua          f:0 st:0> WARN:MISSING in SettingsTable: ChatStreams.
[14-09-26 00:08:51.449] LOG  : Lua          f:0 st:0> WARN:MISSING in SettingsTable: SwitchZombiesOwnershipEachUpdate.
[14-09-26 00:08:51.449] LOG  : Lua          f:0 st:0> WARN:MISSING in SettingsTable: SpawnPoint.
[14-09-26 00:08:51.449] LOG  : Lua          f:0 st:0> WARN:MISSING in SettingsTable: SafetyDisconnectDelay.
[14-09-26 00:08:51.451] LOG  : Lua          f:0 st:0> WARN:MISSING in SettingsTable: Mods.
[14-09-26 00:08:51.451] LOG  : Lua          f:0 st:0> WARN:MISSING in SettingsTable: Map.
[14-09-26 00:08:51.451] LOG  : Lua          f:0 st:0> WARN:MISSING in SettingsTable: DenyLoginOnOverloadedServer.
[14-09-26 00:08:51.451] LOG  : Lua          f:0 st:0> WARN:MISSING in SettingsTable: MaxSafezoneSize.
[14-09-26 00:08:51.451] LOG  : Lua          f:0 st:0> WARN:MISSING in SettingsTable: WebhookAddress.
[14-09-26 00:08:51.451] LOG  : Lua          f:0 st:0> WARN:MISSING in SettingsTable: KnockedDownAllowed.
[14-09-26 00:08:51.452] LOG  : Lua          f:0 st:0> WARN:MISSING in SettingsTable: SneakModeHideFromOtherPlayers.
[14-09-26 00:08:51.452] LOG  : Lua          f:0 st:0> WARN:MISSING in SettingsTable: UltraSpeedDoesnotAffectToAnimals.
[14-09-26 00:08:51.452] LOG  : Lua          f:0 st:0> WARN:MISSING in SettingsTable: WorkshopItems.
[14-09-26 00:08:51.452] LOG  : Lua          f:0 st:0> WARN:MISSING in SettingsTable: SteamVAC.
[14-09-26 00:08:51.452] LOG  : Lua          f:0 st:0> WARN:MISSING in SettingsTable: LoginQueueEnabled.
[14-09-26 00:08:51.452] LOG  : Lua          f:0 st:0> WARN:MISSING in SettingsTable: LoginQueueConnectTimeout.
[14-09-26 00:08:51.453] LOG  : Lua          f:0 st:0> WARN:MISSING in SettingsTable: server_browser_announced_ip.
[14-09-26 00:08:51.453] LOG  : Lua          f:0 st:0> WARN:MISSING in SettingsTable: BanKickGlobalSound.
[14-09-26 00:08:51.453] LOG  : Lua          f:0 st:0> WARN:MISSING in SettingsTable: CarEngineAttractionModifier.
[14-09-26 00:08:51.453] LOG  : Lua          f:0 st:0> WARN:MISSING in SettingsTable: DisableVehicleTowing.
[14-09-26 00:08:51.453] LOG  : Lua          f:0 st:0> WARN:MISSING in SettingsTable: DisableTrailerTowing.
[14-09-26 00:08:51.453] LOG  : Lua          f:0 st:0> WARN:MISSING in SettingsTable: DisableBurntTowing.
[14-09-26 00:08:51.453] LOG  : Lua          f:0 st:0> WARN:MISSING in SettingsTable: BadWordListFile.
[14-09-26 00:08:51.454] LOG  : Lua          f:0 st:0> WARN:MISSING in SettingsTable: GoodWordListFile.
[14-09-26 00:08:51.454] LOG  : Lua          f:0 st:0> WARN:MISSING in SettingsTable: BadWordPolicy.
[14-09-26 00:08:51.454] LOG  : Lua          f:0 st:0> WARN:MISSING in SettingsTable: BadWordReplacement.
[14-09-26 00:08:51.454] LOG  : Lua          f:0 st:0> WARN:MISSING in SettingsTable: AntiCheatSafety.
[14-09-26 00:08:51.454] LOG  : Lua          f:0 st:0> WARN:MISSING in SettingsTable: AntiCheatSpeed.
[14-09-26 00:08:51.454] LOG  : Lua          f:0 st:0> WARN:MISSING in SettingsTable: AntiCheatNoClip.
[14-09-26 00:08:51.454] LOG  : Lua          f:0 st:0> WARN:MISSING in SettingsTable: AntiCheatHit.
[14-09-26 00:08:51.454] LOG  : Lua          f:0 st:0> WARN:MISSING in SettingsTable: AntiCheatPacketException.
[14-09-26 00:08:51.455] LOG  : Lua          f:0 st:0> WARN:MISSING in SettingsTable: AntiCheatPermission.
[14-09-26 00:08:51.455] LOG  : Lua          f:0 st:0> WARN:MISSING in SettingsTable: AntiCheatXP.
[14-09-26 00:08:51.455] LOG  : Lua          f:0 st:0> WARN:MISSING in SettingsTable: AntiCheatSafeHouse.
[14-09-26 00:08:51.455] LOG  : Lua          f:0 st:0> WARN:MISSING in SettingsTable: AntiCheatPlayer.
[14-09-26 00:08:51.455] LOG  : Lua          f:0 st:0> WARN:MISSING in SettingsTable: AntiCheatChecksum.
[14-09-26 00:08:51.455] LOG  : Lua          f:0 st:0> WARN:MISSING in SettingsTable: MultiplayerStatisticsPeriod.
[14-09-26 00:08:51.455] LOG  : Lua          f:0 st:0> WARN:MISSING in SettingsTable: DisableScoreboard.
[14-09-26 00:08:51.455] LOG  : Lua          f:0 st:0> WARN:MISSING in SettingsTable: HideAdminsInPlayerList.
[14-09-26 00:08:51.455] LOG  : Lua          f:0 st:0> WARN:MISSING in SettingsTable: MaxPacketsPerSecond.
[14-09-26 00:08:51.455] LOG  : Lua          f:0 st:0> WARN:MISSING in SettingsTable: ShowCoordinates.
[14-09-26 00:08:51.456] LOG  : Lua          f:0 st:0> WARN:MISSING in SettingsTable: Seed.
[14-09-26 00:08:51.456] LOG  : Lua          f:0 st:0> WARN:MISSING in SettingsTable: UsePhysicsHitReaction.
[14-09-26 00:08:51.456] LOG  : Lua          f:0 st:0> WARN:MISSING in SettingsTable: StartYear.
[14-09-26 00:08:51.456] LOG  : Lua          f:0 st:0> WARN:MISSING in SettingsTable: AlarmDecayModifier.
[14-09-26 00:08:51.456] LOG  : Lua          f:0 st:0> WARN:MISSING in SettingsTable: InsaneLootFactor.
[14-09-26 00:08:51.456] LOG  : Lua          f:0 st:0> WARN:MISSING in SettingsTable: ExtremeLootFactor.
[14-09-26 00:08:51.456] LOG  : Lua          f:0 st:0> WARN:MISSING in SettingsTable: RareLootFactor.
[14-09-26 00:08:51.457] LOG  : Lua          f:0 st:0> WARN:MISSING in SettingsTable: NormalLootFactor.
[14-09-26 00:08:51.457] LOG  : Lua          f:0 st:0> WARN:MISSING in SettingsTable: CommonLootFactor.
[14-09-26 00:08:51.457] LOG  : Lua          f:0 st:0> WARN:MISSING in SettingsTable: AbundantLootFactor.
[14-09-26 00:08:51.457] LOG  : Lua          f:0 st:0> WARN:MISSING in SettingsTable: Farming.
[14-09-26 00:08:51.457] LOG  : Lua          f:0 st:0> WARN:MISSING in SettingsTable: PlantAbundance.
[14-09-26 00:08:51.457] LOG  : Lua          f:0 st:0> WARN:MISSING in SettingsTable: NightLength.
[14-09-26 00:08:51.457] LOG  : Lua          f:0 st:0> WARN:MISSING in SettingsTable: AnimalMetaStatsModifier.
[14-09-26 00:08:51.546] WARN : Lua          f:0 st:0 at Lua(Vanilla).testUI                 > require("pzapi/ui/ui") failed.
[14-09-26 00:08:51.838] WARN : Lua          f:0 st:0 at Lua(Vanilla).namedColorToTable      > env.lua-> namedColorToTable color not found: ProgressYellow.
[14-09-26 00:08:51.891] LOG  : Lua          f:0 st:0> NLQA STAT HUNGER 0..1.
[14-09-26 00:08:51.892] LOG  : Lua          f:0 st:0> NLQA STAT THIRST 0..1.
[14-09-26 00:08:51.892] LOG  : Lua          f:0 st:0> NLQA STAT FATIGUE 0..1.
[14-09-26 00:08:51.892] LOG  : Lua          f:0 st:0> NLQA STAT BOREDOM 0..100.
[14-09-26 00:08:51.892] LOG  : Lua          f:0 st:0> NLQA STAT STRESS 0..1.
[14-09-26 00:08:51.892] LOG  : Lua          f:0 st:0> NLQA STAT UNHAPPINESS 0..100.
[14-09-26 00:08:51.893] LOG  : Lua          f:0 st:0> NLQA PASS: actual item/perk/stat APIs and real ISPanel journal construction.
[14-09-26 00:08:51.956] LOG  : Lua          f:0 st:0> NLQA MP CONNECTED: nl-host.
[14-09-26 00:08:51.976] LOG  : General      f:0 st:0> STATE: exit zombie.gameStates.MainScreenState.
[14-09-26 00:08:51.976] LOG  : General      f:0 st:0> LOADED UP A TOTAL OF 613 TEXTURES.
[14-09-26 00:08:52.254] LOG  : General      f:0 st:0> STATE: exit zombie.gameStates.LoadingQueueState.
[14-09-26 00:08:52.741] LOG  : Lua          f:0 st:0> Initializing Randomized World Tabletop Clutter Tables.
[14-09-26 00:08:52.776] WARN : Lua          f:0 st:0 at Lua(Vanilla).Features               > recursive require(): E:/SteamLibrary/steamapps/common/ProjectZomboid/media/lua/server/WorldGen/WorldGen.lua.
[14-09-26 00:08:52.800] WARN : Lua          f:0 st:0 at Lua(Vanilla).Biomes                 > recursive require(): E:/SteamLibrary/steamapps/common/ProjectZomboid/media/lua/server/WorldGen/WorldGen.lua.
[14-09-26 00:08:52.811] WARN : Lua          f:0 st:0 at Lua(Vanilla).Selection              > recursive require(): E:/SteamLibrary/steamapps/common/ProjectZomboid/media/lua/server/WorldGen/WorldGen.lua.
[14-09-26 00:08:52.812] WARN : Lua          f:0 st:0 at Lua(Vanilla).Veins                  > recursive require(): E:/SteamLibrary/steamapps/common/ProjectZomboid/media/lua/server/WorldGen/WorldGen.lua.
[14-09-26 00:08:52.813] WARN : Lua          f:0 st:0 at Lua(Vanilla).Roads                  > recursive require(): E:/SteamLibrary/steamapps/common/ProjectZomboid/media/lua/server/WorldGen/WorldGen.lua.
[14-09-26 00:08:52.813] WARN : Lua          f:0 st:0 at Lua(Vanilla).WorldGen               > recursive require(): E:/SteamLibrary/steamapps/common/ProjectZomboid/media/lua/server/WorldGen/attachments/Priorities.lua.
[14-09-26 00:08:52.861] ERROR: General      f:0 st:0 at CraftRecipeComponentScript.getIconTexture> CraftRecipeComponentScript: Recipe Piano missing UiConfigScript - falling back to SpriteConfigScript first world object face for recipe icon..
[14-09-26 00:08:52.867] LOG  : General      f:0 st:0> SafeMode is off.
[14-09-26 00:08:53.055] LOG  : General      f:0 st:0> IsoMetaGrid.Create: begin scanning directories.
[14-09-26 00:08:53.057] LOG  : General      f:0 st:0> Looking in these map folders:.
[14-09-26 00:08:53.057] LOG  : General      f:0 st:0> <End of map-folders list>.
[14-09-26 00:08:53.087] LOG  : General      f:0 st:0> IsoMetaGrid.Create: X: [ -250 250 ], Y: [ -250 250 ].
[14-09-26 00:08:53.087] LOG  : General      f:0 st:0> World seed: pgLQkcgZqDlwTvQT 943674602.
[14-09-26 00:08:53.088] LOG  : General      f:0 st:0> IsoMetaGrid.Create: finished scanning directories in 0.032 seconds.
[14-09-26 00:08:53.146] LOG  : General      f:0 st:0> IsoMetaGrid.Create: begin loading.
[14-09-26 00:08:53.147] LOG  : General      f:0 st:0> VehiclesDB2.init() start.
[14-09-26 00:08:53.155] LOG  : General      f:0 st:0> VehiclesDB2.init() end.
[14-09-26 00:08:53.159] LOG  : General      f:0 st:0> triggerEvent OnInitWorld.
[14-09-26 00:08:53.161] LOG  : General      f:0 st:0> ItemPickerJava.Parse() start.
[14-09-26 00:08:53.613] LOG  : General      f:0 st:0> ItemPickerJava.Parse() end.
[14-09-26 00:08:53.615] LOG  : General      f:0 st:0> LoadTileDefinitions start.
[14-09-26 00:08:54.940] LOG  : General      f:0 st:0> LoadTileDefinitions end.
[14-09-26 00:08:54.954] LOG  : General      f:0 st:0> triggerEvent OnLoadedTileDefinitions.
[14-09-26 00:08:55.141] LOG  : General      f:0 st:0> loadAnimalDefinitions start.
[14-09-26 00:08:55.198] LOG  : General      f:0 st:0> loadAnimalDefinitions end.
[14-09-26 00:08:55.213] LOG  : General      f:0 st:0> GameTime.init() and load() start.
[14-09-26 00:08:55.235] LOG  : General      f:0 st:0> GameTime.init() and load() end.
[14-09-26 00:08:55.236] LOG  : General      f:0 st:0> ZomboidRadio.Init() start.
[14-09-26 00:08:55.268] LOG  : General      f:0 st:0> ZomboidRadio.Init() end.
[14-09-26 00:08:55.268] LOG  : General      f:0 st:0> GlobalModData.init() start.
[14-09-26 00:08:55.269] LOG  : General      f:0 st:0> GlobalModData.init() end.
[14-09-26 00:08:55.269] LOG  : General      f:0 st:0> InstanceTracker.load() start.
[14-09-26 00:08:55.269] LOG  : General      f:0 st:0> InstanceTracker.load() end.
[14-09-26 00:08:55.269] LOG  : General      f:0 st:0> ErosionGlobals.Boot() start.
[14-09-26 00:08:55.308] LOG  : General      f:0 st:0> ErosionGlobals.Boot() end.
[14-09-26 00:08:55.308] LOG  : General      f:0 st:0> WorldDictionary.init() start.
[14-09-26 00:08:55.309] LOG  : General      f:0 st:0> WorldDictionary: Checking dictionary....
[14-09-26 00:08:55.422] LOG  : General      f:0 st:0> WorldDictionary.init() end.
[14-09-26 00:08:55.426] LOG  : General      f:0 st:0> GameEntityManager.Init() start.
[14-09-26 00:08:55.435] LOG  : General      f:0 st:0> GameEntityManager.Init() end.
[14-09-26 00:08:55.435] LOG  : General      f:0 st:0> PersistentOutfits.init() start.
[14-09-26 00:08:55.441] LOG  : General      f:0 st:0> PersistentOutfits.init() end.
[14-09-26 00:08:55.600] LOG  : General      f:0 st:0> IsoMetaGrid.Create: finished loading in 2.454 seconds.
[14-09-26 00:08:55.952] ERROR: Lua          f:0 st:0 at Lua(Vanilla).handleMannequinZone    > ERROR: Mannequin zone missing properties in media/maps/Muldraugh, KY/objects.lua coords: 13583, 1299, 0.
[14-09-26 00:08:56.716] ERROR: General      f:0 st:0 at Basements.mergeRoomsOntoMetaCell    > duplicate RoomDef.metaID for room at 10707,9484,0.
[14-09-26 00:08:56.795] LOG  : General      f:0 st:0> triggerEvent OnLoadedMapZones.
[14-09-26 00:08:56.989] LOG  : General      f:0 st:0> ItemConfigurator.Preprocess() start.
[14-09-26 00:08:57.038] LOG  : General      f:0 st:0> ItemConfigurator.Preprocess() end.
[14-09-26 00:08:57.038] LOG  : General      f:0 st:0> MapCollisionData.init() start.
[14-09-26 00:08:57.038] LOG  : General      f:0 st:0> MapCollisionData.init() end.
[14-09-26 00:08:57.038] LOG  : General      f:0 st:0> AnimalPopulationManager.init() start.
[14-09-26 00:08:57.039] LOG  : General      f:0 st:0> AnimalPopulationManager.init() end.
[14-09-26 00:08:57.039] LOG  : General      f:0 st:0> ZombiePopulationManager.init() start.
[14-09-26 00:08:57.039] LOG  : General      f:0 st:0> ZombiePopulationManager.init() end.
[14-09-26 00:08:57.040] LOG  : General      f:0 st:0> Pathfind init() start.
[14-09-26 00:08:57.054] LOG  : General      f:0 st:0> Pathfind init() end.
[14-09-26 00:08:57.058] LOG  : General      f:0 st:0> WorldStreamer.create() start.
[14-09-26 00:08:57.058] LOG  : General      f:0 st:0> WorldStreamer.create() end.
[14-09-26 00:08:57.058] LOG  : General      f:0 st:0> CellLoader.LoadCellBinaryChunk start.
[14-09-26 00:08:57.061] LOG  : General      f:0 st:0> CellLoader.LoadCellBinaryChunk start.
[14-09-26 00:08:57.062] LOG  : General      f:0 st:0> MapItem.LoadWorldMap() start.
[14-09-26 00:08:57.071] LOG  : General      f:0 st:0> MapItem.LoadWorldMap() start.
[14-09-26 00:08:57.071] LOG  : General      f:0 st:0> WorldStreamer.isBusy() loop start.
[14-09-26 00:08:58.685] LOG  : General      f:0 st:0> WorldStreamer.isBusy() loop end.
[14-09-26 00:09:02.247] LOG  : General      f:0 st:0> MetaTracker.load() start.
[14-09-26 00:09:02.250] LOG  : General      f:0 st:0> MetaTracker.load() end.
[14-09-26 00:09:02.259] LOG  : General      f:0 st:0> triggerEvent OnGameTimeLoaded.
[14-09-26 00:09:02.261] LOG  : Lua          f:0 st:0> LuaNet: Loading....
[14-09-26 00:09:02.261] LOG  : Lua          f:0 st:0> LuaNet: Registering client listener....
[14-09-26 00:09:02.261] LOG  : Lua          f:0 st:0> LuaNet: Initialization [DONE], triggering events for 'LuaNet.onInitAdd'..
[14-09-26 00:09:02.261] LOG  : General      f:0 st:0> GlobalObjects.initSystems() start.
[14-09-26 00:09:02.264] LOG  : General      f:0 st:0> GlobalObjects.initSystems() end.
[14-09-26 00:09:02.265] LOG  : General      f:0 st:0> GameWindow.save() start.
[14-09-26 00:09:02.265] LOG  : General      f:0 st:0> GameWindow.save() end.
[14-09-26 00:09:02.395] LOG  : General      f:0 st:0> bWaitForAssetLoadingToFinish2 start.
[14-09-26 00:09:16.743] LOG  : General      f:0 st:0> bWaitForAssetLoadingToFinish2 end.
[14-09-26 00:09:16.743] LOG  : General      f:0 st:0> FBORenderChunkManager.gameLoaded() start.
[14-09-26 00:09:16.746] LOG  : General      f:0 st:0> FBORenderChunkManager.gameLoaded() end.
[14-09-26 00:09:16.746] LOG  : General      f:0 st:0> Bullet.initPhysicsMeshes() start.
[14-09-26 00:09:16.751] LOG  : General      f:0 st:0> Bullet.initPhysicsMeshes() end.
[14-09-26 00:09:16.755] LOG  : General      f:0 st:0> game loading took 24 seconds.
[14-09-26 00:09:17.011] LOG  : General      f:0 st:0> STATE: exit zombie.gameStates.GameLoadingState.
[14-09-26 00:09:17.394] LOG  : Lua          f:0 st:0> 1 players found.
[14-09-26 00:09:17.394] LOG  : Lua          f:0 st:0> player 0 is mouse.
[14-09-26 00:09:17.420] LOG  : General      f:0 st:0> Game Mode: Multiplayer.
[14-09-26 00:09:17.420] LOG  : General      f:0 st:0> Sandbox Options:.
[14-09-26 00:09:17.420] LOG  : General      f:0 st:0> Zombies 4.
[14-09-26 00:09:17.420] LOG  : General      f:0 st:0> Distribution 1.
[14-09-26 00:09:17.420] LOG  : General      f:0 st:0> ZombieVoronoiNoise true.
[14-09-26 00:09:17.420] LOG  : General      f:0 st:0> ZombieRespawn 4.
[14-09-26 00:09:17.420] LOG  : General      f:0 st:0> ZombieMigrate true.
[14-09-26 00:09:17.420] LOG  : General      f:0 st:0> DayLength 4.
[14-09-26 00:09:17.420] LOG  : General      f:0 st:0> StartYear 1.
[14-09-26 00:09:17.420] LOG  : General      f:0 st:0> StartMonth 7.
[14-09-26 00:09:17.421] LOG  : General      f:0 st:0> StartDay 9.
[14-09-26 00:09:17.421] LOG  : General      f:0 st:0> StartTime 2.
[14-09-26 00:09:17.421] LOG  : General      f:0 st:0> DayNightCycle 1.
[14-09-26 00:09:17.421] LOG  : General      f:0 st:0> ClimateCycle 1.
[14-09-26 00:09:17.421] LOG  : General      f:0 st:0> FogCycle 1.
[14-09-26 00:09:17.421] LOG  : General      f:0 st:0> WaterShut 2.
[14-09-26 00:09:17.421] LOG  : General      f:0 st:0> ElecShut 2.
[14-09-26 00:09:17.421] LOG  : General      f:0 st:0> AlarmDecay 2.
[14-09-26 00:09:17.421] LOG  : General      f:0 st:0> WaterShutModifier 14.
[14-09-26 00:09:17.421] LOG  : General      f:0 st:0> ElecShutModifier 14.
[14-09-26 00:09:17.421] LOG  : General      f:0 st:0> AlarmDecayModifier 14.
[14-09-26 00:09:17.422] LOG  : General      f:0 st:0> FoodLootNew 0.8.
[14-09-26 00:09:17.422] LOG  : General      f:0 st:0> LiteratureLootNew 0.6.
[14-09-26 00:09:17.422] LOG  : General      f:0 st:0> SkillBookLoot 0.6.
[14-09-26 00:09:17.422] LOG  : General      f:0 st:0> RecipeResourceLoot 0.6.
[14-09-26 00:09:17.422] LOG  : General      f:0 st:0> MedicalLootNew 0.6.
[14-09-26 00:09:17.422] LOG  : General      f:0 st:0> SurvivalGearsLootNew 0.6.
[14-09-26 00:09:17.422] LOG  : General      f:0 st:0> CannedFoodLootNew 0.6.
[14-09-26 00:09:17.422] LOG  : General      f:0 st:0> WeaponLootNew 0.6.
[14-09-26 00:09:17.422] LOG  : General      f:0 st:0> RangedWeaponLootNew 1.2.
[14-09-26 00:09:17.422] LOG  : General      f:0 st:0> AmmoLootNew 0.6.
[14-09-26 00:09:17.422] LOG  : General      f:0 st:0> MechanicsLootNew 0.6.
[14-09-26 00:09:17.422] LOG  : General      f:0 st:0> OtherLootNew 0.8.
[14-09-26 00:09:17.423] LOG  : General      f:0 st:0> ClothingLootNew 0.6.
[14-09-26 00:09:17.423] LOG  : General      f:0 st:0> ContainerLootNew 0.6.
[14-09-26 00:09:17.423] LOG  : General      f:0 st:0> KeyLootNew 0.4.
[14-09-26 00:09:17.423] LOG  : General      f:0 st:0> MediaLootNew 0.6.
[14-09-26 00:09:17.423] LOG  : General      f:0 st:0> MementoLootNew 0.6.
[14-09-26 00:09:17.423] LOG  : General      f:0 st:0> CookwareLootNew 0.6.
[14-09-26 00:09:17.423] LOG  : General      f:0 st:0> MaterialLootNew 0.6.
[14-09-26 00:09:17.423] LOG  : General      f:0 st:0> FarmingLootNew 0.6.
[14-09-26 00:09:17.423] LOG  : General      f:0 st:0> ToolLootNew 0.6.
[14-09-26 00:09:17.423] LOG  : General      f:0 st:0> RollsMultiplier 1.0.
[14-09-26 00:09:17.423] LOG  : General      f:0 st:0> LootItemRemovalList .
[14-09-26 00:09:17.423] LOG  : General      f:0 st:0> RemoveStoryLoot false.
[14-09-26 00:09:17.424] LOG  : General      f:0 st:0> RemoveZombieLoot false.
[14-09-26 00:09:17.424] LOG  : General      f:0 st:0> ZombiePopLootEffect 0.
[14-09-26 00:09:17.424] LOG  : General      f:0 st:0> InsaneLootFactor 0.05.
[14-09-26 00:09:17.424] LOG  : General      f:0 st:0> ExtremeLootFactor 0.2.
[14-09-26 00:09:17.424] LOG  : General      f:0 st:0> RareLootFactor 0.6.
[14-09-26 00:09:17.424] LOG  : General      f:0 st:0> NormalLootFactor 1.0.
[14-09-26 00:09:17.424] LOG  : General      f:0 st:0> CommonLootFactor 2.0.
[14-09-26 00:09:17.424] LOG  : General      f:0 st:0> AbundantLootFactor 3.0.
[14-09-26 00:09:17.424] LOG  : General      f:0 st:0> Temperature 3.
[14-09-26 00:09:17.424] LOG  : General      f:0 st:0> Rain 3.
[14-09-26 00:09:17.424] LOG  : General      f:0 st:0> ErosionSpeed 4.
[14-09-26 00:09:17.424] LOG  : General      f:0 st:0> ErosionDays 0.
[14-09-26 00:09:17.424] LOG  : General      f:0 st:0> Farming 3.
[14-09-26 00:09:17.424] LOG  : General      f:0 st:0> CompostTime 2.
[14-09-26 00:09:17.425] LOG  : General      f:0 st:0> StatsDecrease 3.
[14-09-26 00:09:17.425] LOG  : General      f:0 st:0> NatureAbundance 3.
[14-09-26 00:09:17.425] LOG  : General      f:0 st:0> Alarm 4.
[14-09-26 00:09:17.425] LOG  : General      f:0 st:0> LockedHouses 6.
[14-09-26 00:09:17.425] LOG  : General      f:0 st:0> StarterKit false.
[14-09-26 00:09:17.425] LOG  : General      f:0 st:0> Nutrition true.
[14-09-26 00:09:17.425] LOG  : General      f:0 st:0> FoodRotSpeed 3.
[14-09-26 00:09:17.425] LOG  : General      f:0 st:0> FridgeFactor 3.
[14-09-26 00:09:17.425] LOG  : General      f:0 st:0> SeenHoursPreventLootRespawn 0.
[14-09-26 00:09:17.425] LOG  : General      f:0 st:0> HoursForLootRespawn 0.
[14-09-26 00:09:17.425] LOG  : General      f:0 st:0> MaxItemsForLootRespawn 5.
[14-09-26 00:09:17.425] LOG  : General      f:0 st:0> ConstructionPreventsLootRespawn true.
[14-09-26 00:09:17.425] LOG  : General      f:0 st:0> WorldItemRemovalList Base.Hat, Base.Glasses, Base.Maggots, Base.Slug, Base.Slug2, Base.Snail, Base.Worm, Base.Dung_Mouse, Base.Dung_Rat.
[14-09-26 00:09:17.426] LOG  : General      f:0 st:0> HoursForWorldItemRemoval 24.0.
[14-09-26 00:09:17.426] LOG  : General      f:0 st:0> ItemRemovalListBlacklistToggle false.
[14-09-26 00:09:17.426] LOG  : General      f:0 st:0> TimeSinceApo 1.
[14-09-26 00:09:17.426] LOG  : General      f:0 st:0> PlantResilience 3.
[14-09-26 00:09:17.426] LOG  : General      f:0 st:0> PlantAbundance 3.
[14-09-26 00:09:17.426] LOG  : General      f:0 st:0> EndRegen 3.
[14-09-26 00:09:17.426] LOG  : General      f:0 st:0> Helicopter 2.
[14-09-26 00:09:17.426] LOG  : General      f:0 st:0> MetaEvent 2.
[14-09-26 00:09:17.426] LOG  : General      f:0 st:0> SleepingEvent 1.
[14-09-26 00:09:17.426] LOG  : General      f:0 st:0> GeneratorFuelConsumption 0.1.
[14-09-26 00:09:17.426] LOG  : General      f:0 st:0> GeneratorSpawning 4.
[14-09-26 00:09:17.426] LOG  : General      f:0 st:0> AnnotatedMapChance 4.
[14-09-26 00:09:17.426] LOG  : General      f:0 st:0> CharacterFreePoints 0.
[14-09-26 00:09:17.426] LOG  : General      f:0 st:0> ConstructionBonusPoints 3.
[14-09-26 00:09:17.427] LOG  : General      f:0 st:0> NightDarkness 3.
[14-09-26 00:09:17.427] LOG  : General      f:0 st:0> NightLength 3.
[14-09-26 00:09:17.427] LOG  : General      f:0 st:0> BoneFracture true.
[14-09-26 00:09:17.427] LOG  : General      f:0 st:0> InjurySeverity 2.
[14-09-26 00:09:17.427] LOG  : General      f:0 st:0> HoursForCorpseRemoval 216.0.
[14-09-26 00:09:17.427] LOG  : General      f:0 st:0> DecayingCorpseHealthImpact 3.
[14-09-26 00:09:17.427] LOG  : General      f:0 st:0> ZombieHealthImpact false.
[14-09-26 00:09:17.427] LOG  : General      f:0 st:0> BloodLevel 3.
[14-09-26 00:09:17.427] LOG  : General      f:0 st:0> ClothingDegradation 3.
[14-09-26 00:09:17.427] LOG  : General      f:0 st:0> FireSpread true.
[14-09-26 00:09:17.427] LOG  : General      f:0 st:0> DaysForRottenFoodRemoval -1.
[14-09-26 00:09:17.427] LOG  : General      f:0 st:0> AllowExteriorGenerator true.
[14-09-26 00:09:17.427] LOG  : General      f:0 st:0> MaxFogIntensity 1.
[14-09-26 00:09:17.427] LOG  : General      f:0 st:0> MaxRainFxIntensity 1.
[14-09-26 00:09:17.427] LOG  : General      f:0 st:0> EnableSnowOnGround true.
[14-09-26 00:09:17.428] LOG  : General      f:0 st:0> AttackBlockMovements true.
[14-09-26 00:09:17.428] LOG  : General      f:0 st:0> SurvivorHouseChance 3.
[14-09-26 00:09:17.428] LOG  : General      f:0 st:0> VehicleStoryChance 3.
[14-09-26 00:09:17.428] LOG  : General      f:0 st:0> ZoneStoryChance 3.
[14-09-26 00:09:17.428] LOG  : General      f:0 st:0> AllClothesUnlocked false.
[14-09-26 00:09:17.428] LOG  : General      f:0 st:0> EnableTaintedWaterText true.
[14-09-26 00:09:17.428] LOG  : General      f:0 st:0> EnableVehicles true.
[14-09-26 00:09:17.428] LOG  : General      f:0 st:0> CarSpawnRate 3.
[14-09-26 00:09:17.429] LOG  : General      f:0 st:0> ZombieAttractionMultiplier 1.0.
[14-09-26 00:09:17.429] LOG  : General      f:0 st:0> VehicleEasyUse false.
[14-09-26 00:09:17.429] LOG  : General      f:0 st:0> InitialGas 2.
[14-09-26 00:09:17.429] LOG  : General      f:0 st:0> FuelStationGasInfinite false.
[14-09-26 00:09:17.429] LOG  : General      f:0 st:0> FuelStationGasMin 0.0.
[14-09-26 00:09:17.429] LOG  : General      f:0 st:0> FuelStationGasMax 0.8.
[14-09-26 00:09:17.429] LOG  : General      f:0 st:0> FuelStationGasEmptyChance 20.
[14-09-26 00:09:17.429] LOG  : General      f:0 st:0> LockedCar 4.
[14-09-26 00:09:17.429] LOG  : General      f:0 st:0> CarGasConsumption 1.0.
[14-09-26 00:09:17.429] LOG  : General      f:0 st:0> CarGeneralCondition 3.
[14-09-26 00:09:17.429] LOG  : General      f:0 st:0> CarDamageOnImpact 3.
[14-09-26 00:09:17.429] LOG  : General      f:0 st:0> DamageToPlayerFromHitByACar 1.
[14-09-26 00:09:17.429] LOG  : General      f:0 st:0> TrafficJam true.
[14-09-26 00:09:17.429] LOG  : General      f:0 st:0> CarAlarm 3.
[14-09-26 00:09:17.429] LOG  : General      f:0 st:0> PlayerDamageFromCrash true.
[14-09-26 00:09:17.430] LOG  : General      f:0 st:0> SirenShutoffHours 0.0.
[14-09-26 00:09:17.430] LOG  : General      f:0 st:0> ChanceHasGas 2.
[14-09-26 00:09:17.430] LOG  : General      f:0 st:0> RecentlySurvivorVehicles 2.
[14-09-26 00:09:17.430] LOG  : General      f:0 st:0> MultiHitZombies false.
[14-09-26 00:09:17.430] LOG  : General      f:0 st:0> RearVulnerability 3.
[14-09-26 00:09:17.430] LOG  : General      f:0 st:0> SirenEffectsZombies true.
[14-09-26 00:09:17.430] LOG  : General      f:0 st:0> AnimalStatsModifier 4.
[14-09-26 00:09:17.430] LOG  : General      f:0 st:0> AnimalMetaStatsModifier 4.
[14-09-26 00:09:17.430] LOG  : General      f:0 st:0> AnimalPregnancyTime 4.
[14-09-26 00:09:17.430] LOG  : General      f:0 st:0> AnimalAgeModifier 4.
[14-09-26 00:09:17.430] LOG  : General      f:0 st:0> AnimalMilkIncModifier 4.
[14-09-26 00:09:17.430] LOG  : General      f:0 st:0> AnimalWoolIncModifier 4.
[14-09-26 00:09:17.430] LOG  : General      f:0 st:0> AnimalRanchChance 5.
[14-09-26 00:09:17.430] LOG  : General      f:0 st:0> AnimalGrassRegrowTime 240.
[14-09-26 00:09:17.430] LOG  : General      f:0 st:0> AnimalMetaPredator false.
[14-09-26 00:09:17.430] LOG  : General      f:0 st:0> AnimalMatingSeason true.
[14-09-26 00:09:17.430] LOG  : General      f:0 st:0> AnimalEggHatch 4.
[14-09-26 00:09:17.430] LOG  : General      f:0 st:0> AnimalSoundAttractZombies true.
[14-09-26 00:09:17.430] LOG  : General      f:0 st:0> AnimalTrackChance 4.
[14-09-26 00:09:17.430] LOG  : General      f:0 st:0> AnimalPathChance 4.
[14-09-26 00:09:17.430] LOG  : General      f:0 st:0> MaximumRatIndex 25.
[14-09-26 00:09:17.431] LOG  : General      f:0 st:0> DaysUntilMaximumRatIndex 90.
[14-09-26 00:09:17.431] LOG  : General      f:0 st:0> MetaKnowledge 3.
[14-09-26 00:09:17.431] LOG  : General      f:0 st:0> SeeNotLearntRecipe true.
[14-09-26 00:09:17.431] LOG  : General      f:0 st:0> MaximumLootedBuildingRooms 50.
[14-09-26 00:09:17.431] LOG  : General      f:0 st:0> EnablePoisoning 1.
[14-09-26 00:09:17.431] LOG  : General      f:0 st:0> MaggotSpawn 1.
[14-09-26 00:09:17.431] LOG  : General      f:0 st:0> LightBulbLifespan 2.0.
[14-09-26 00:09:17.431] LOG  : General      f:0 st:0> FishAbundance 2.
[14-09-26 00:09:17.431] LOG  : General      f:0 st:0> LevelForMediaXPCutoff 3.
[14-09-26 00:09:17.431] LOG  : General      f:0 st:0> LevelForDismantleXPCutoff 0.
[14-09-26 00:09:17.432] LOG  : General      f:0 st:0> BloodSplatLifespanDays 0.
[14-09-26 00:09:17.432] LOG  : General      f:0 st:0> LiteratureCooldown 45.
[14-09-26 00:09:17.432] LOG  : General      f:0 st:0> NegativeTraitsPenalty 1.
[14-09-26 00:09:17.432] LOG  : General      f:0 st:0> MinutesPerPage 2.0.
[14-09-26 00:09:17.434] LOG  : General      f:0 st:0> KillInsideCrops true.
[14-09-26 00:09:17.434] LOG  : General      f:0 st:0> PlantGrowingSeasons true.
[14-09-26 00:09:17.434] LOG  : General      f:0 st:0> PlaceDirtAboveground false.
[14-09-26 00:09:17.434] LOG  : General      f:0 st:0> FarmingSpeedNew 1.0.
[14-09-26 00:09:17.434] LOG  : General      f:0 st:0> FarmingAmountNew 1.0.
[14-09-26 00:09:17.434] LOG  : General      f:0 st:0> MaximumLooted 25.
[14-09-26 00:09:17.434] LOG  : General      f:0 st:0> DaysUntilMaximumLooted 90.
[14-09-26 00:09:17.434] LOG  : General      f:0 st:0> RuralLooted 0.5.
[14-09-26 00:09:17.434] LOG  : General      f:0 st:0> MaximumDiminishedLoot 20.
[14-09-26 00:09:17.434] LOG  : General      f:0 st:0> DaysUntilMaximumDiminishedLoot 3650.
[14-09-26 00:09:17.434] LOG  : General      f:0 st:0> MuscleStrainFactor 0.7.
[14-09-26 00:09:17.434] LOG  : General      f:0 st:0> DiscomfortFactor 0.8.
[14-09-26 00:09:17.435] LOG  : General      f:0 st:0> WoundInfectionFactor 1.0.
[14-09-26 00:09:17.435] LOG  : General      f:0 st:0> NoBlackClothes true.
[14-09-26 00:09:17.435] LOG  : General      f:0 st:0> EasyClimbing false.
[14-09-26 00:09:17.435] LOG  : General      f:0 st:0> MaximumFireFuelHours 8.
[14-09-26 00:09:17.435] LOG  : General      f:0 st:0> FirearmUseDamageChance 2.
[14-09-26 00:09:17.435] LOG  : General      f:0 st:0> FirearmNoiseMultiplier 1.0.
[14-09-26 00:09:17.435] LOG  : General      f:0 st:0> FirearmJamMultiplier 1.0.
[14-09-26 00:09:17.435] LOG  : General      f:0 st:0> FirearmMoodleMultiplier 1.0.
[14-09-26 00:09:17.435] LOG  : General      f:0 st:0> FirearmWeatherMultiplier 1.0.
[14-09-26 00:09:17.435] LOG  : General      f:0 st:0> FirearmHeadGearEffect true.
[14-09-26 00:09:17.435] LOG  : General      f:0 st:0> ClayLakeChance 0.05.
[14-09-26 00:09:17.435] LOG  : General      f:0 st:0> ClayRiverChance 0.05.
[14-09-26 00:09:17.435] LOG  : General      f:0 st:0> GeneratorTileRange 20.
[14-09-26 00:09:17.435] LOG  : General      f:0 st:0> GeneratorVerticalPowerRange 3.
[14-09-26 00:09:17.435] LOG  : General      f:0 st:0> SpawnFrequency 4.
[14-09-26 00:09:17.435] LOG  : General      f:0 st:0> AllowMiniMap false.
[14-09-26 00:09:17.435] LOG  : General      f:0 st:0> AllowWorldMap true.
[14-09-26 00:09:17.437] LOG  : General      f:0 st:0> MapAllKnown false.
[14-09-26 00:09:17.437] LOG  : General      f:0 st:0> MapNeedsLight true.
[14-09-26 00:09:17.437] LOG  : General      f:0 st:0> Speed 4.
[14-09-26 00:09:17.437] LOG  : General      f:0 st:0> SprinterPercentage 0.
[14-09-26 00:09:17.437] LOG  : General      f:0 st:0> Strength 2.
[14-09-26 00:09:17.437] LOG  : General      f:0 st:0> Toughness 4.
[14-09-26 00:09:17.437] LOG  : General      f:0 st:0> Transmission 1.
[14-09-26 00:09:17.437] LOG  : General      f:0 st:0> Mortality 5.
[14-09-26 00:09:17.437] LOG  : General      f:0 st:0> Reanimate 3.
[14-09-26 00:09:17.437] LOG  : General      f:0 st:0> Cognition 3.
[14-09-26 00:09:17.437] LOG  : General      f:0 st:0> DoorOpeningPercentage 0.
[14-09-26 00:09:17.437] LOG  : General      f:0 st:0> CrawlUnderVehicle 5.
[14-09-26 00:09:17.437] LOG  : General      f:0 st:0> Memory 2.
[14-09-26 00:09:17.437] LOG  : General      f:0 st:0> Sight 5.
[14-09-26 00:09:17.437] LOG  : General      f:0 st:0> Hearing 5.
[14-09-26 00:09:17.437] LOG  : General      f:0 st:0> SpottedLogic true.
[14-09-26 00:09:17.438] LOG  : General      f:0 st:0> ThumpNoChasing false.
[14-09-26 00:09:17.438] LOG  : General      f:0 st:0> ThumpOnConstruction true.
[14-09-26 00:09:17.438] LOG  : General      f:0 st:0> ActiveOnly 1.
[14-09-26 00:09:17.438] LOG  : General      f:0 st:0> TriggerHouseAlarm true.
[14-09-26 00:09:17.438] LOG  : General      f:0 st:0> ZombiesDragDown true.
[14-09-26 00:09:17.438] LOG  : General      f:0 st:0> ZombiesCrawlersDragDown false.
[14-09-26 00:09:17.438] LOG  : General      f:0 st:0> ZombiesFenceLunge true.
[14-09-26 00:09:17.438] LOG  : General      f:0 st:0> ZombiesArmorFactor 2.0.
[14-09-26 00:09:17.438] LOG  : General      f:0 st:0> ZombiesMaxDefense 85.
[14-09-26 00:09:17.438] LOG  : General      f:0 st:0> ChanceOfAttachedWeapon 6.
[14-09-26 00:09:17.438] LOG  : General      f:0 st:0> ZombiesFallDamage 1.0.
[14-09-26 00:09:17.438] LOG  : General      f:0 st:0> DisableFakeDead 1.
[14-09-26 00:09:17.438] LOG  : General      f:0 st:0> PlayerSpawnZombieRemoval 1.
[14-09-26 00:09:17.438] LOG  : General      f:0 st:0> FenceThumpersRequired 25.
[14-09-26 00:09:17.439] LOG  : General      f:0 st:0> FenceDamageMultiplier 1.0.
[14-09-26 00:09:17.439] LOG  : General      f:0 st:0> PopulationMultiplier 0.65.
[14-09-26 00:09:17.439] LOG  : General      f:0 st:0> PopulationStartMultiplier 1.0.
[14-09-26 00:09:17.439] LOG  : General      f:0 st:0> PopulationPeakMultiplier 1.5.
[14-09-26 00:09:17.439] LOG  : General      f:0 st:0> PopulationPeakDay 28.
[14-09-26 00:09:17.439] LOG  : General      f:0 st:0> RespawnHours 0.0.
[14-09-26 00:09:17.439] LOG  : General      f:0 st:0> RespawnUnseenHours 0.0.
[14-09-26 00:09:17.439] LOG  : General      f:0 st:0> RespawnMultiplier 0.0.
[14-09-26 00:09:17.439] LOG  : General      f:0 st:0> RedistributeHours 12.0.
[14-09-26 00:09:17.439] LOG  : General      f:0 st:0> FollowSoundDistance 100.
[14-09-26 00:09:17.439] LOG  : General      f:0 st:0> RallyGroupSize 20.
[14-09-26 00:09:17.439] LOG  : General      f:0 st:0> RallyGroupSizeVariance 50.
[14-09-26 00:09:17.439] LOG  : General      f:0 st:0> RallyTravelDistance 20.
[14-09-26 00:09:17.439] LOG  : General      f:0 st:0> RallyGroupSeparation 15.
[14-09-26 00:09:17.439] LOG  : General      f:0 st:0> RallyGroupRadius 3.
[14-09-26 00:09:17.439] LOG  : General      f:0 st:0> ZombiesCountBeforeDelete 300.
[14-09-26 00:09:17.439] LOG  : General      f:0 st:0> Global 1.0.
[14-09-26 00:09:17.439] LOG  : General      f:0 st:0> GlobalToggle true.
[14-09-26 00:09:17.440] LOG  : General      f:0 st:0> Fitness 1.0.
[14-09-26 00:09:17.440] LOG  : General      f:0 st:0> Strength 1.0.
[14-09-26 00:09:17.440] LOG  : General      f:0 st:0> Sprinting 1.0.
[14-09-26 00:09:17.440] LOG  : General      f:0 st:0> Lightfoot 1.0.
[14-09-26 00:09:17.440] LOG  : General      f:0 st:0> Nimble 1.0.
[14-09-26 00:09:17.440] LOG  : General      f:0 st:0> Sneak 1.0.
[14-09-26 00:09:17.440] LOG  : General      f:0 st:0> Axe 1.0.
[14-09-26 00:09:17.440] LOG  : General      f:0 st:0> Blunt 1.0.
[14-09-26 00:09:17.440] LOG  : General      f:0 st:0> SmallBlunt 1.0.
[14-09-26 00:09:17.440] LOG  : General      f:0 st:0> LongBlade 1.0.
[14-09-26 00:09:17.441] LOG  : General      f:0 st:0> SmallBlade 1.0.
[14-09-26 00:09:17.441] LOG  : General      f:0 st:0> Spear 1.0.
[14-09-26 00:09:17.441] LOG  : General      f:0 st:0> Maintenance 1.0.
[14-09-26 00:09:17.441] LOG  : General      f:0 st:0> Woodwork 1.0.
[14-09-26 00:09:17.441] LOG  : General      f:0 st:0> Cooking 1.0.
[14-09-26 00:09:17.441] LOG  : General      f:0 st:0> Farming 1.0.
[14-09-26 00:09:17.441] LOG  : General      f:0 st:0> Doctor 1.0.
[14-09-26 00:09:17.441] LOG  : General      f:0 st:0> Electricity 1.0.
[14-09-26 00:09:17.441] LOG  : General      f:0 st:0> MetalWelding 1.0.
[14-09-26 00:09:17.441] LOG  : General      f:0 st:0> Mechanics 1.0.
[14-09-26 00:09:17.441] LOG  : General      f:0 st:0> Tailoring 1.0.
[14-09-26 00:09:17.441] LOG  : General      f:0 st:0> Aiming 1.0.
[14-09-26 00:09:17.441] LOG  : General      f:0 st:0> Reloading 1.0.
[14-09-26 00:09:17.441] LOG  : General      f:0 st:0> Fishing 1.0.
[14-09-26 00:09:17.441] LOG  : General      f:0 st:0> Trapping 1.0.
[14-09-26 00:09:17.441] LOG  : General      f:0 st:0> PlantScavenging 1.0.
[14-09-26 00:09:17.442] LOG  : General      f:0 st:0> FlintKnapping 1.0.
[14-09-26 00:09:17.442] LOG  : General      f:0 st:0> Masonry 1.0.
[14-09-26 00:09:17.442] LOG  : General      f:0 st:0> Pottery 1.0.
[14-09-26 00:09:17.442] LOG  : General      f:0 st:0> Carving 1.0.
[14-09-26 00:09:17.442] LOG  : General      f:0 st:0> Husbandry 1.0.
[14-09-26 00:09:17.442] LOG  : General      f:0 st:0> Tracking 1.0.
[14-09-26 00:09:17.442] LOG  : General      f:0 st:0> Blacksmith 1.0.
[14-09-26 00:09:17.442] LOG  : General      f:0 st:0> Butchering 1.0.
[14-09-26 00:09:17.442] LOG  : General      f:0 st:0> Glassmaking 1.0.
[14-09-26 00:09:18.018] LOG  : General      f:0 st:0> binkId: 3.
[14-09-26 00:09:18.018] LOG  : Lua          f:0 st:0> NLQA MP CLIENT START: username=nl-host isClient=true isServer=false.
[14-09-26 00:09:18.022] LOG  : General      f:0 st:0> Waiting for player-connect response from server.
[14-09-26 00:09:18.033] LOG  : Network      f:0 st:0> Processing delayed packets....
[14-09-26 00:09:18.249] LOG  : Lua          f:0 st:210,874,299> LuaNet: Loading....
[14-09-26 00:09:18.249] WARN : General      f:0 st:210,874,300 at ConnectedPacket.parse               > ReceivePlayerConnect: guid=463870972408262194 mtu=1492.
[14-09-26 00:09:18.429] LOG  : Lua          f:0 st:210,874,478> NLQA MP HOUSEHOLD RESET: isolated QA setup.
[14-09-26 00:09:21.151] LOG  : Lua          f:119 st:210,877,200> NLQA MP REFRESH SENT: attempt=1 player=nl-host.
[14-09-26 00:09:21.177] LOG  : Lua          f:120 st:210,877,226> NLQA MP SNAPSHOT: username=nl-host revision=9 snapshotCount=1 message=Updated.
[14-09-26 00:09:21.177] LOG  : Lua          f:120 st:210,877,227> NLQA MP PRESENCE: revision=1789358961169 players=1 names=nl-host@8283.50,11720.50,1.
[14-09-26 00:09:21.177] LOG  : Lua          f:120 st:210,877,227> NLQA MP NPC PRESENCE: revision=1789358961169 count=0 entries=.
[14-09-26 00:09:24.149] LOG  : Lua          f:299 st:210,880,198> NLQA MP REMOTE SCAN: IsoPlayerCount=4 [local=nl-host] GameClient=unavailable RemoteSurvivorsCount=0 [] ObjectListForLuaCount=40 [local=nl-host] productionNpcReplicas=0 OnlinePlayersCount=1 [local=nl-host] productionRemoteMarkers=0 productionPresenceMarkers=0 productionNpcNativePaths=0 productionNpcFallbackReplicas=0.
[14-09-26 00:09:24.177] LOG  : Lua          f:300 st:210,880,226> NLQA MP PRESENCE: revision=1789358964165 players=1 names=nl-host@8283.50,11720.50,1.
[14-09-26 00:09:24.187] LOG  : Lua          f:300 st:210,880,236> NLQA MP NPC PRESENCE: revision=1789358964165 count=3 entries=marisol@8280.15,11707.81,0/w1,kenji@8282.63,11719.37,0/w2,amara@8283.63,11718.37,0/w2.
[14-09-26 00:09:26.217] LOG  : Lua          f:419 st:210,882,267> NLQA MP MOVE QUEUED: from=8283.50,11720.50 to=8282,11720.
[14-09-26 00:09:27.594] LOG  : Lua          f:501 st:210,883,643> NLQA MP PRESENCE: revision=1789358967573 players=2 names=nl-host@8282.50,11720.50,1,nl-guest@8469.50,11558.50,1.
[14-09-26 00:09:27.594] LOG  : Lua          f:501 st:210,883,643> NLQA MP NPC PRESENCE: revision=1789358967573 count=3 entries=marisol@8280.14,11707.73,0/w1,kenji@8282.58,11719.42,0/w2,amara@8283.58,11718.42,0/w2.
[14-09-26 00:09:29.216] LOG  : Lua          f:599 st:210,885,265> NLQA MP REMOTE SCAN: IsoPlayerCount=4 [local=nl-host] GameClient=unavailable RemoteSurvivorsCount=0 [] ObjectListForLuaCount=44 [username=Marisol Vega [Neighborhood Life] x=8280.14 y=11707.73 z=0 | username=nl-guest x=8469.00 y=11558.00 z=1 | local=nl-host | username=Kenji Arakawa [Neighborhood Life] x=8282.58 y=11719.42 z=0 | username=Amara Okonkwo [Neighborhood Life] x=8283.58 y=11718.42 z=0] productionNpcReplicas=3 OnlinePlayersCount=2 [local=nl-host | username=nl-guest x=8469.00 y=11558.00 z=1] productionRemoteMarkers=1 productionPresenceMarkers=0 productionNpcNativePaths=3 productionNpcFallbackReplicas=0.
[14-09-26 00:09:29.243] LOG  : Lua          f:600 st:210,885,293> NLQA MP PRESENCE: revision=1789358969227 players=2 names=nl-host@8282.50,11720.50,1,nl-guest@8469.50,11558.50,1.
[14-09-26 00:09:29.244] LOG  : Lua          f:600 st:210,885,293> NLQA MP NPC PRESENCE: revision=1789358969227 count=3 entries=marisol@8280.12,11707.66,0/w1,kenji@8282.52,11719.48,0/w2,amara@8283.52,11718.48,0/w2.
[14-09-26 00:09:30.577] LOG  : Lua          f:680 st:210,886,626> NLQA MP PRESENCE: revision=1789358970566 players=2 names=nl-host@8282.50,11720.50,1,nl-guest@8469.50,11558.50,1.
[14-09-26 00:09:30.578] LOG  : Lua          f:680 st:210,886,626> NLQA MP NPC PRESENCE: revision=1789358970566 count=3 entries=marisol@8280.12,11707.66,0/w1,kenji@8282.52,11719.48,0/w2,amara@8283.52,11718.48,0/w2.
[14-09-26 00:09:34.216] LOG  : Lua          f:899 st:210,890,265> NLQA MP SOCIAL REFRESH: nl-host.
[14-09-26 00:09:34.216] LOG  : Lua          f:899 st:210,890,266> NLQA MP REMOTE SCAN: IsoPlayerCount=4 [local=nl-host] GameClient=unavailable RemoteSurvivorsCount=0 [] ObjectListForLuaCount=43 [username=Marisol Vega [Neighborhood Life] x=8280.12 y=11707.66 z=0 | local=nl-host | username=Kenji Arakawa [Neighborhood Life] x=8282.52 y=11719.48 z=0 | username=Amara Okonkwo [Neighborhood Life] x=8283.52 y=11718.48 z=0] productionNpcReplicas=3 OnlinePlayersCount=1 [local=nl-host] productionRemoteMarkers=0 productionPresenceMarkers=1 productionNpcNativePaths=3 productionNpcFallbackReplicas=0.
[14-09-26 00:09:34.244] LOG  : Lua          f:900 st:210,890,293> NLQA MP PRESENCE: revision=1789358974232 players=2 names=nl-host@8282.50,11720.50,1,nl-guest@8469.50,11558.50,1.
[14-09-26 00:09:34.244] LOG  : Lua          f:900 st:210,890,293> NLQA MP NPC PRESENCE: revision=1789358974232 count=3 entries=marisol@8280.10,11707.58,0/w1,kenji@8282.46,11719.54,0/w2,amara@8283.46,11718.54,0/w2.
[14-09-26 00:09:34.244] LOG  : Lua          f:900 st:210,890,293> NLQA MP SOCIAL SNAPSHOT: message=Updated username=nl-host entries=marisol/canInteract=false/met=true/friendship=6,kenji/canInteract=false/met=false/friendship=0,amara/canInteract=false/met=false/friendship=0.
[14-09-26 00:09:34.244] LOG  : Lua          f:900 st:210,890,293> NLQA MP SOCIAL RESULT: host introduction already persisted.
[14-09-26 00:09:34.249] LOG  : Lua          f:901 st:210,890,298> NLQA MP CAREER SEED REQUEST: medic.
[14-09-26 00:09:34.285] LOG  : Lua          f:902 st:210,890,334> NLQA MP CAREER PICKUP QUEUED: item=Base.RippedSheets expected=9 queued=0.
[14-09-26 00:09:34.285] LOG  : Lua          f:902 st:210,890,334> NLQA MP CAREER SEED ACK: item=Base.RippedSheets amount=9.
[14-09-26 00:09:34.328] LOG  : Lua          f:905 st:210,890,376> NLQA MP NPC PRESENCE: revision=1789358974313 count=3 entries=marisol@8280.10,11707.58,0/w1,kenji@8282.46,11719.54,0/w2,amara@8283.46,11718.54,0/w2.
[14-09-26 00:09:35.268] LOG  : Lua          f:962 st:210,891,317> NLQA MP CAREER PICKUP QUEUED: item=Base.RippedSheets expected=9 queued=9.
[14-09-26 00:09:35.594] LOG  : Lua          f:981 st:210,891,643> NLQA MP PRESENCE: revision=1789358975570 players=2 names=nl-host@8282.50,11720.50,1,nl-guest@8469.50,11558.50,1.
[14-09-26 00:09:35.594] LOG  : Lua          f:981 st:210,891,643> NLQA MP NPC PRESENCE: revision=1789358975570 count=3 entries=marisol@8280.08,11707.50,0/w1,kenji@8282.41,11719.59,0/w2,amara@8283.41,11718.59,0/w2.
[14-09-26 00:09:36.264] LOG  : Lua          f:1022 st:210,892,314> NLQA MP CAREER PICKUP QUEUED: item=Base.RippedSheets expected=9 queued=9.
[14-09-26 00:09:36.352] LOG  : Lua          f:1027 st:210,892,401> NLQA MP CAREER PICKUP COMPLETE: item=Base.RippedSheets localInventory=9 source=world-transfer-action.
[14-09-26 00:09:36.848] LOG  : Lua          f:1057 st:210,892,898> NLQA MP CAREER SELECT: medic.
[14-09-26 00:09:36.877] LOG  : Lua          f:1058 st:210,892,926> NLQA MP SNAPSHOT: username=nl-host revision=9 snapshotCount=2 message=Career selected.
[14-09-26 00:09:36.877] LOG  : Lua          f:1058 st:210,892,926> NLQA MP PRESENCE: revision=1789358976855 players=2 names=nl-host@8282.50,11720.50,1,nl-guest@8469.50,11558.50,1.
[14-09-26 00:09:36.877] LOG  : Lua          f:1058 st:210,892,927> NLQA MP NPC PRESENCE: revision=1789358976855 count=3 entries=marisol@8280.08,11707.50,0/w1,kenji@8282.41,11719.59,0/w2,amara@8283.41,11718.59,0/w2.
[14-09-26 00:09:37.367] LOG  : Lua          f:1088 st:210,893,415> NLQA MP CAREER DELIVERY: id=medic:1:1.
[14-09-26 00:09:37.394] LOG  : Lua          f:1089 st:210,893,443> NLQA MP SNAPSHOT: username=nl-host revision=10 snapshotCount=3 message=Delivery complete: +20 career XP, +10 community credits.
[14-09-26 00:09:37.394] LOG  : Lua          f:1089 st:210,893,443> NLQA MP CAREER RESULT: delivery complete message=Delivery complete: +20 career XP, +10 community credits.
[14-09-26 00:09:37.394] LOG  : Lua          f:1089 st:210,893,443> NLQA MP PRESENCE: revision=1789358977371 players=2 names=nl-host@8282.50,11720.50,1,nl-guest@8469.50,11558.50,1.
[14-09-26 00:09:37.395] LOG  : Lua          f:1089 st:210,893,443> NLQA MP NPC PRESENCE: revision=1789358977371 count=3 entries=marisol@8280.08,11707.50,0/w1,kenji@8282.41,11719.59,0/w2,amara@8283.41,11718.59,0/w2.
[14-09-26 00:09:37.401] LOG  : Lua          f:1090 st:210,893,450> NLQA MP HOUSEHOLD CREATE: Neighborhood Home.
[14-09-26 00:09:37.444] LOG  : Lua          f:1092 st:210,893,493> NLQA MP HOUSEHOLD SNAPSHOT: username=nl-host members=1 message=Neighborhood Home created.
[14-09-26 00:09:37.932] LOG  : Lua          f:1122 st:210,893,981> NLQA MP HOUSEHOLD INVITE SENT: target=nl-guest.
[14-09-26 00:09:37.961] LOG  : Lua          f:1123 st:210,894,009> NLQA MP HOUSEHOLD SNAPSHOT: username=nl-host members=1 message=Invitation sent to nl-guest.
[14-09-26 00:09:38.010] LOG  : Lua          f:1126 st:210,894,059> NLQA MP HOUSEHOLD SNAPSHOT: username=nl-host members=2 message=nl-guest joined the household.
[14-09-26 00:09:38.998] LOG  : Lua          f:1186 st:210,895,047> NLQA MP HOUSEHOLD STORE: Base.RippedSheets x1.
[14-09-26 00:09:39.027] LOG  : Lua          f:1187 st:210,895,076> NLQA MP HOUSEHOLD SNAPSHOT: username=nl-host members=2 message=nl-host updated shared storage.
[14-09-26 00:09:39.027] LOG  : Lua          f:1187 st:210,895,076> NLQA MP HOUSEHOLD STORE RESULT: nl-host updated shared storage.
[14-09-26 00:09:39.060] LOG  : Lua          f:1189 st:210,895,109> NLQA MP HOUSEHOLD SNAPSHOT: username=nl-host members=2 message=nl-guest updated shared storage.
[14-09-26 00:09:39.215] LOG  : Lua          f:1199 st:210,895,265> NLQA MP REMOTE SCAN: IsoPlayerCount=4 [local=nl-host] GameClient=unavailable RemoteSurvivorsCount=0 [] ObjectListForLuaCount=43 [username=Marisol Vega [Neighborhood Life] x=8280.50 y=11707.50 z=0 | local=nl-host | username=Kenji Arakawa [Neighborhood Life] x=8282.41 y=11719.59 z=0 | username=Amara Okonkwo [Neighborhood Life] x=8283.41 y=11718.59 z=0] productionNpcReplicas=3 OnlinePlayersCount=1 [local=nl-host] productionRemoteMarkers=0 productionPresenceMarkers=1 productionNpcNativePaths=3 productionNpcFallbackReplicas=0.
[14-09-26 00:09:39.244] LOG  : Lua          f:1200 st:210,895,293> NLQA MP PRESENCE: revision=1789358979232 players=2 names=nl-host@8282.50,11720.50,1,nl-guest@8469.50,11558.50,1.
[14-09-26 00:09:39.244] LOG  : Lua          f:1200 st:210,895,293> NLQA MP NPC PRESENCE: revision=1789358979232 count=3 entries=marisol@8280.07,11707.42,0/w1,kenji@8282.35,11719.65,0/w2,amara@8283.35,11718.65,0/w2.
[14-09-26 00:09:40.048] LOG  : Lua          f:1249 st:210,896,097> NLQA MP HOUSEHOLD TASK: tidy.
[14-09-26 00:09:40.077] LOG  : Lua          f:1250 st:210,896,126> NLQA MP HOUSEHOLD SNAPSHOT: username=nl-host members=2 message=Tidy shared home complete: +5 credits.
[14-09-26 00:09:40.077] LOG  : Lua          f:1250 st:210,896,126> NLQA MP HOUSEHOLD TASK RESULT: Tidy shared home complete: +5 credits.
[14-09-26 00:09:40.593] LOG  : Lua          f:1281 st:210,896,643> NLQA MP PRESENCE: revision=1789358980566 players=2 names=nl-host@8282.50,11720.50,1,nl-guest@8469.50,11558.50,1.
[14-09-26 00:09:40.593] LOG  : Lua          f:1281 st:210,896,643> NLQA MP NPC PRESENCE: revision=1789358980566 count=3 entries=marisol@8280.07,11707.42,0/w1,kenji@8282.35,11719.65,0/w2,amara@8283.35,11718.65,0/w2.
[14-09-26 00:09:44.217] LOG  : Lua          f:1499 st:210,900,267> NLQA MP REMOTE SCAN: IsoPlayerCount=4 [local=nl-host] GameClient=unavailable RemoteSurvivorsCount=0 [] ObjectListForLuaCount=43 [username=Marisol Vega [Neighborhood Life] x=8280.50 y=11707.50 z=0 | local=nl-host | username=Kenji Arakawa [Neighborhood Life] x=8282.35 y=11719.65 z=0 | username=Amara Okonkwo [Neighborhood Life] x=8283.35 y=11718.65 z=0] productionNpcReplicas=3 OnlinePlayersCount=1 [local=nl-host] productionRemoteMarkers=0 productionPresenceMarkers=1 productionNpcNativePaths=3 productionNpcFallbackReplicas=0.
[14-09-26 00:09:44.244] LOG  : Lua          f:1500 st:210,900,293> NLQA MP PRESENCE: revision=1789358984231 players=2 names=nl-host@8282.50,11720.50,1,nl-guest@8469.50,11558.50,1.
[14-09-26 00:09:44.244] LOG  : Lua          f:1500 st:210,900,293> NLQA MP NPC PRESENCE: revision=1789358984231 count=3 entries=marisol@8280.03,11707.27,0/w1,kenji@8282.24,11719.76,0/w2,amara@8283.24,11718.76,0/w2.
[14-09-26 00:09:45.577] LOG  : Lua          f:1580 st:210,901,626> NLQA MP PRESENCE: revision=1789358985566 players=2 names=nl-host@8282.50,11720.50,1,nl-guest@8469.50,11558.50,1.
[14-09-26 00:09:45.577] LOG  : Lua          f:1580 st:210,901,626> NLQA MP NPC PRESENCE: revision=1789358985566 count=3 entries=marisol@8280.03,11707.27,0/w1,kenji@8282.24,11719.76,0/w2,amara@8283.24,11718.76,0/w2.
[14-09-26 00:09:46.327] LOG  : Lua          f:1625 st:210,902,376> NLQA MP NPC PRESENCE: revision=1789358986314 count=3 entries=marisol@8280.03,11707.27,0/w1,kenji@8282.24,11719.76,0/w2,amara@8283.24,11718.76,0/w2.
[14-09-26 00:09:49.216] LOG  : Lua          f:1799 st:210,905,265> NLQA MP REMOTE SCAN: IsoPlayerCount=4 [local=nl-host] GameClient=unavailable RemoteSurvivorsCount=0 [] ObjectListForLuaCount=43 [username=Marisol Vega [Neighborhood Life] x=8280.50 y=11707.50 z=0 | local=nl-host | username=Kenji Arakawa [Neighborhood Life] x=8282.50 y=11719.50 z=0 | username=Amara Okonkwo [Neighborhood Life] x=8283.50 y=11718.50 z=0] productionNpcReplicas=3 OnlinePlayersCount=1 [local=nl-host] productionRemoteMarkers=0 productionPresenceMarkers=1 productionNpcNativePaths=3 productionNpcFallbackReplicas=0.
[14-09-26 00:09:49.244] LOG  : Lua          f:1800 st:210,905,293> NLQA MP PRESENCE: revision=1789358989231 players=2 names=nl-host@8282.50,11720.50,1,nl-guest@8469.50,11558.50,1.
[14-09-26 00:09:49.244] LOG  : Lua          f:1800 st:210,905,293> NLQA MP NPC PRESENCE: revision=1789358989231 count=3 entries=marisol@8280.01,11707.19,0/w1,kenji@8282.18,11719.82,0/w2,amara@8283.18,11718.82,0/w2.
[14-09-26 00:09:50.577] LOG  : Lua          f:1880 st:210,906,626> NLQA MP PRESENCE: revision=1789358990566 players=2 names=nl-host@8282.50,11720.50,1,nl-guest@8469.50,11558.50,1.
[14-09-26 00:09:50.577] LOG  : Lua          f:1880 st:210,906,626> NLQA MP NPC PRESENCE: revision=1789358990566 count=3 entries=marisol@8280.00,11707.11,0/w1,kenji@8282.12,11719.88,0/w2,amara@8283.12,11718.88,0/w2.
[14-09-26 00:09:54.215] LOG  : Lua          f:2099 st:210,910,264> NLQA MP REMOTE SCAN: IsoPlayerCount=4 [local=nl-host] GameClient=unavailable RemoteSurvivorsCount=0 [] ObjectListForLuaCount=43 [username=Marisol Vega [Neighborhood Life] x=8279.66 y=11707.38 z=0 | local=nl-host | username=Kenji Arakawa [Neighborhood Life] x=8282.37 y=11719.63 z=0 | username=Amara Okonkwo [Neighborhood Life] x=8283.37 y=11718.63 z=0] productionNpcReplicas=3 OnlinePlayersCount=1 [local=nl-host] productionRemoteMarkers=0 productionPresenceMarkers=1 productionNpcNativePaths=3 productionNpcFallbackReplicas=0.
[14-09-26 00:09:54.244] LOG  : Lua          f:2100 st:210,910,293> NLQA MP PRESENCE: revision=1789358994222 players=2 names=nl-host@8282.50,11720.50,1,nl-guest@8469.50,11558.50,1.
[14-09-26 00:09:54.244] LOG  : Lua          f:2100 st:210,910,293> NLQA MP NPC PRESENCE: revision=1789358994222 count=3 entries=marisol@8279.98,11707.03,0/w1,kenji@8282.07,11719.93,0/w2,amara@8283.07,11718.93,0/w2.
[14-09-26 00:09:55.577] LOG  : Lua          f:2180 st:210,911,626> NLQA MP PRESENCE: revision=1789358995568 players=2 names=nl-host@8282.50,11720.50,1,nl-guest@8469.50,11558.50,1.
[14-09-26 00:09:55.578] LOG  : Lua          f:2180 st:210,911,627> NLQA MP NPC PRESENCE: revision=1789358995568 count=3 entries=marisol@8279.98,11707.03,0/w1,kenji@8282.07,11719.93,0/w2,amara@8283.07,11718.93,0/w2.
[14-09-26 00:09:58.327] LOG  : Lua          f:2345 st:210,914,376> NLQA MP NPC PRESENCE: revision=1789358998313 count=3 entries=marisol@8279.96,11706.95,0/w1,kenji@8282.01,11719.99,0/w2,amara@8283.01,11718.99,0/w2.
[14-09-26 00:09:59.215] LOG  : Lua          f:2399 st:210,915,265> NLQA MP REMOTE SCAN: IsoPlayerCount=4 [local=nl-host] GameClient=unavailable RemoteSurvivorsCount=0 [] ObjectListForLuaCount=43 [username=Marisol Vega [Neighborhood Life] x=8279.63 y=11706.51 z=0 | local=nl-host | username=Kenji Arakawa [Neighborhood Life] x=8282.50 y=11719.50 z=0 | username=Amara Okonkwo [Neighborhood Life] x=8283.50 y=11718.50 z=0] productionNpcReplicas=3 OnlinePlayersCount=1 [local=nl-host] productionRemoteMarkers=0 productionPresenceMarkers=1 productionNpcNativePaths=3 productionNpcFallbackReplicas=0.
[14-09-26 00:09:59.244] LOG  : Lua          f:2400 st:210,915,293> NLQA MP PRESENCE: revision=1789358999230 players=2 names=nl-host@8282.50,11720.50,1,nl-guest@8469.50,11558.50,1.
[14-09-26 00:09:59.244] LOG  : Lua          f:2400 st:210,915,293> NLQA MP NPC PRESENCE: revision=1789358999230 count=3 entries=marisol@8279.96,11706.95,0/w1,kenji@8282.01,11719.99,0/w2,amara@8283.01,11718.99,0/w2.
[14-09-26 00:10:00.593] LOG  : Lua          f:2481 st:210,916,643> NLQA MP PRESENCE: revision=1789359000569 players=2 names=nl-host@8282.50,11720.50,1,nl-guest@8469.50,11558.50,1.
[14-09-26 00:10:00.594] LOG  : Lua          f:2481 st:210,916,643> NLQA MP NPC PRESENCE: revision=1789359000569 count=3 entries=marisol@8279.94,11706.88,0/w1,kenji@8281.95,11720.05,0/w2,amara@8282.95,11719.05,0/w2.
[14-09-26 00:10:04.244] LOG  : Lua          f:2700 st:210,920,293> NLQA MP PRESENCE: revision=1789359004228 players=2 names=nl-host@8282.50,11720.50,1,nl-guest@8469.50,11558.50,1.
[14-09-26 00:10:04.244] LOG  : Lua          f:2700 st:210,920,293> NLQA MP NPC PRESENCE: revision=1789359004228 count=3 entries=marisol@8279.92,11706.80,0/w1,kenji@8281.90,11720.10,0/w2,amara@8282.90,11719.10,0/w2.
[14-09-26 00:10:05.577] LOG  : Lua          f:2780 st:210,921,626> NLQA MP PRESENCE: revision=1789359005565 players=2 names=nl-host@8282.50,11720.50,1,nl-guest@8469.50,11558.50,1.
[14-09-26 00:10:05.577] LOG  : Lua          f:2780 st:210,921,626> NLQA MP NPC PRESENCE: revision=1789359005565 count=3 entries=marisol@8279.92,11706.80,0/w1,kenji@8281.90,11720.10,0/w2,amara@8282.90,11719.10,0/w2.
[14-09-26 00:10:09.244] LOG  : Lua          f:3000 st:210,925,293> NLQA MP PRESENCE: revision=1789359009228 players=2 names=nl-host@8282.50,11720.50,1,nl-guest@8469.50,11558.50,1.
[14-09-26 00:10:09.244] LOG  : Lua          f:3000 st:210,925,293> NLQA MP NPC PRESENCE: revision=1789359009228 count=3 entries=marisol@8279.89,11706.64,0/w1,kenji@8281.78,11720.22,0/w2,amara@8282.78,11719.22,0/w2.
[14-09-26 00:10:10.327] LOG  : Lua          f:3065 st:210,926,376> NLQA MP NPC PRESENCE: revision=1789359010313 count=3 entries=marisol@8279.89,11706.64,0/w1,kenji@8281.78,11720.22,0/w2,amara@8282.78,11719.22,0/w2.
[14-09-26 00:10:10.594] LOG  : Lua          f:3081 st:210,926,643> NLQA MP PRESENCE: revision=1789359010570 players=2 names=nl-host@8282.50,11720.50,1,nl-guest@8469.50,11558.50,1.
[14-09-26 00:10:10.594] LOG  : Lua          f:3081 st:210,926,643> NLQA MP NPC PRESENCE: revision=1789359010570 count=3 entries=marisol@8279.89,11706.64,0/w1,kenji@8281.78,11720.22,0/w2,amara@8282.78,11719.22,0/w2.
[14-09-26 00:10:14.244] LOG  : Lua          f:3300 st:210,930,293> NLQA MP PRESENCE: revision=1789359014229 players=2 names=nl-host@8282.50,11720.50,1,nl-guest@8469.50,11558.50,1.
[14-09-26 00:10:14.244] LOG  : Lua          f:3300 st:210,930,293> NLQA MP NPC PRESENCE: revision=1789359014229 count=3 entries=marisol@8279.87,11706.56,0/w1,kenji@8281.73,11720.27,0/w2,amara@8282.73,11719.27,0/w2.
[14-09-26 00:10:15.594] LOG  : Lua          f:3380 st:210,931,643> NLQA MP PRESENCE: revision=1789359015585 players=2 names=nl-host@8282.50,11720.50,1,nl-guest@8469.50,11558.50,1.
[14-09-26 00:10:15.594] LOG  : Lua          f:3380 st:210,931,643> NLQA MP NPC PRESENCE: revision=1789359015585 count=3 entries=marisol@8279.85,11706.48,0/w1,kenji@8281.67,11720.33,0/w2,amara@8282.67,11719.33,0/w2.
[14-09-26 00:10:19.260] LOG  : Lua          f:3600 st:210,935,310> NLQA MP PRESENCE: revision=1789359019247 players=2 names=nl-host@8282.50,11720.50,1,nl-guest@8469.50,11558.50,1.
[14-09-26 00:10:19.260] LOG  : Lua          f:3600 st:210,935,310> NLQA MP NPC PRESENCE: revision=1789359019247 count=3 entries=marisol@8279.84,11706.41,0/w1,kenji@8281.61,11720.39,0/w2,amara@8282.61,11719.39,0/w2.
[14-09-26 00:10:20.611] LOG  : Lua          f:3681 st:210,936,659> NLQA MP PRESENCE: revision=1789359020588 players=2 names=nl-host@8282.50,11720.50,1,nl-guest@8469.50,11558.50,1.
[14-09-26 00:10:20.611] LOG  : Lua          f:3681 st:210,936,660> NLQA MP NPC PRESENCE: revision=1789359020588 count=3 entries=marisol@8279.84,11706.41,0/w1,kenji@8281.61,11720.39,0/w2,amara@8282.61,11719.39,0/w2.
[14-09-26 00:10:22.344] LOG  : Lua          f:3785 st:210,938,393> NLQA MP NPC PRESENCE: revision=1789359022317 count=3 entries=marisol@8279.82,11706.33,0/w1,kenji@8281.56,11720.44,0/w1,amara@8282.56,11719.44,0/w1.
[14-09-26 00:10:24.260] LOG  : Lua          f:3900 st:210,940,310> NLQA MP PRESENCE: revision=1789359024248 players=2 names=nl-host@8282.50,11720.50,1,nl-guest@8469.50,11558.50,1.
[14-09-26 00:10:24.260] LOG  : Lua          f:3900 st:210,940,310> NLQA MP NPC PRESENCE: revision=1789359024248 count=3 entries=marisol@8279.80,11706.25,0/w1,kenji@8281.61,11720.39,0/w1,amara@8282.61,11719.39,0/w1.
[14-09-26 00:10:25.611] LOG  : Lua          f:3981 st:210,941,659> NLQA MP PRESENCE: revision=1789359025587 players=2 names=nl-host@8282.50,11720.50,1,nl-guest@8469.50,11558.50,1.
[14-09-26 00:10:25.611] LOG  : Lua          f:3981 st:210,941,660> NLQA MP NPC PRESENCE: revision=1789359025587 count=3 entries=marisol@8279.80,11706.25,0/w1,kenji@8281.61,11720.39,0/w1,amara@8282.61,11719.39,0/w1.
[14-09-26 00:10:29.261] LOG  : Lua          f:4200 st:210,945,310> NLQA MP PRESENCE: revision=1789359029246 players=2 names=nl-host@8282.50,11720.50,1,nl-guest@8469.50,11558.50,1.
[14-09-26 00:10:29.261] LOG  : Lua          f:4200 st:210,945,310> NLQA MP NPC PRESENCE: revision=1789359029246 count=3 entries=marisol@8279.78,11706.17,0/w1,kenji@8281.67,11720.33,0/w1,amara@8282.67,11719.33,0/w1.
[14-09-26 00:10:30.593] LOG  : Lua          f:4280 st:210,946,643> NLQA MP PRESENCE: revision=1789359030578 players=2 names=nl-host@8282.50,11720.50,1,nl-guest@8469.50,11558.50,1.
[14-09-26 00:10:30.593] LOG  : Lua          f:4280 st:210,946,643> NLQA MP NPC PRESENCE: revision=1789359030578 count=3 entries=marisol@8279.77,11706.09,0/w1,kenji@8281.73,11720.27,0/w1,amara@8282.73,11719.27,0/w1.
[14-09-26 00:10:34.261] LOG  : Lua          f:4500 st:210,950,309> NLQA MP PRESENCE: revision=1789359034239 players=2 names=nl-host@8282.50,11720.50,1,nl-guest@8469.50,11558.50,1.
[14-09-26 00:10:34.261] LOG  : Lua          f:4500 st:210,950,310> NLQA MP NPC PRESENCE: revision=1789359034239 count=3 entries=marisol@8279.75,11706.02,0/w1,kenji@8281.78,11720.22,0/w1,amara@8282.78,11719.22,0/w1.
[14-09-26 00:10:34.327] LOG  : Lua          f:4504 st:210,950,376> NLQA MP NPC PRESENCE: revision=1789359034313 count=3 entries=marisol@8279.75,11706.02,0/w1,kenji@8281.78,11720.22,0/w1,amara@8282.78,11719.22,0/w1.
[14-09-26 00:10:35.610] LOG  : Lua          f:4581 st:210,951,659> NLQA MP PRESENCE: revision=1789359035586 players=2 names=nl-host@8282.50,11720.50,1,nl-guest@8469.50,11558.50,1.
[14-09-26 00:10:35.611] LOG  : Lua          f:4581 st:210,951,660> NLQA MP NPC PRESENCE: revision=1789359035586 count=3 entries=marisol@8279.75,11706.02,0/w1,kenji@8281.78,11720.22,0/w1,amara@8282.78,11719.22,0/w1.
[14-09-26 00:10:39.261] LOG  : Lua          f:4800 st:210,955,309> NLQA MP PRESENCE: revision=1789359039246 players=2 names=nl-host@8282.50,11720.50,1,nl-guest@8469.50,11558.50,1.
[14-09-26 00:10:39.261] LOG  : Lua          f:4800 st:210,955,310> NLQA MP NPC PRESENCE: revision=1789359039246 count=3 entries=marisol@8279.73,11705.94,0/w1,kenji@8281.84,11720.16,0/w1,amara@8282.84,11719.16,0/w1.
[14-09-26 00:10:40.594] LOG  : Lua          f:4880 st:210,956,643> NLQA MP PRESENCE: revision=1789359040581 players=2 names=nl-host@8282.50,11720.50,1,nl-guest@8469.50,11558.50,1.
[14-09-26 00:10:40.594] LOG  : Lua          f:4880 st:210,956,643> NLQA MP NPC PRESENCE: revision=1789359040581 count=3 entries=marisol@8279.71,11705.86,0/w1,kenji@8281.90,11720.10,0/w1,amara@8282.90,11719.10,0/w1.
[14-09-26 00:10:44.260] LOG  : Lua          f:5100 st:210,960,309> NLQA MP PRESENCE: revision=1789359044243 players=2 names=nl-host@8282.50,11720.50,1,nl-guest@8469.50,11558.50,1.
[14-09-26 00:10:44.260] LOG  : Lua          f:5100 st:210,960,310> NLQA MP NPC PRESENCE: revision=1789359044243 count=3 entries=marisol@8279.70,11705.78,0/w1,kenji@8281.95,11720.05,0/w1,amara@8282.95,11719.05,0/w1.
[14-09-26 00:10:45.594] LOG  : Lua          f:5180 st:210,961,643> NLQA MP PRESENCE: revision=1789359045577 players=2 names=nl-host@8282.50,11720.50,1,nl-guest@8469.50,11558.50,1.
[14-09-26 00:10:45.594] LOG  : Lua          f:5180 st:210,961,643> NLQA MP NPC PRESENCE: revision=1789359045577 count=3 entries=marisol@8279.70,11705.78,0/w1,kenji@8281.95,11720.05,0/w1,amara@8282.95,11719.05,0/w1.
[14-09-26 00:10:46.327] LOG  : Lua          f:5224 st:210,962,376> NLQA MP NPC PRESENCE: revision=1789359046314 count=3 entries=marisol@8279.68,11705.70,0/w1,kenji@8282.01,11719.99,0/w1,amara@8283.01,11718.99,0/w1.
[14-09-26 00:10:49.260] LOG  : Lua          f:5400 st:210,965,310> NLQA MP PRESENCE: revision=1789359049241 players=2 names=nl-host@8282.50,11720.50,1,nl-guest@8469.50,11558.50,1.
[14-09-26 00:10:49.260] LOG  : Lua          f:5400 st:210,965,310> NLQA MP NPC PRESENCE: revision=1789359049241 count=3 entries=marisol@8279.66,11705.62,0/w1,kenji@8282.07,11719.93,0/w1,amara@8283.07,11718.93,0/w1.
[14-09-26 00:10:50.593] LOG  : Lua          f:5480 st:210,966,643> NLQA MP PRESENCE: revision=1789359050580 players=2 names=nl-host@8282.50,11720.50,1,nl-guest@8469.50,11558.50,1.
[14-09-26 00:10:50.594] LOG  : Lua          f:5480 st:210,966,643> NLQA MP NPC PRESENCE: revision=1789359050580 count=3 entries=marisol@8279.66,11705.62,0/w1,kenji@8282.07,11719.93,0/w1,amara@8283.07,11718.93,0/w1.
[14-09-26 00:10:54.260] LOG  : Lua          f:5700 st:210,970,309> NLQA MP PRESENCE: revision=1789359054242 players=2 names=nl-host@8282.50,11720.50,1,nl-guest@8469.50,11558.50,1.
[14-09-26 00:10:54.260] LOG  : Lua          f:5700 st:210,970,310> NLQA MP NPC PRESENCE: revision=1789359054242 count=3 entries=marisol@8279.64,11705.55,0/w1,kenji@8282.12,11719.88,0/w1,amara@8283.12,11718.88,0/w1.
[14-09-26 00:10:55.594] LOG  : Lua          f:5780 st:210,971,643> NLQA MP PRESENCE: revision=1789359055579 players=2 names=nl-host@8282.50,11720.50,1,nl-guest@8469.50,11558.50,1.
[14-09-26 00:10:55.594] LOG  : Lua          f:5780 st:210,971,643> NLQA MP NPC PRESENCE: revision=1789359055579 count=3 entries=marisol@8279.63,11705.47,0/w1,kenji@8282.18,11719.82,0/w1,amara@8283.18,11718.82,0/w1.
