LOG  : General      f:0 st:210,789,054> Logs configuration:
LOG  : General      f:0 st:210,789,056>      General: General
LOG  : General      f:0 st:210,789,057>      Network: General
LOG  : General      f:0 st:210,789,057>          Lua: General
LOG  : General      f:0 st:210,789,057>          Mod: General
LOG  : General      f:0 st:210,789,058>  Multiplayer: General
LOG  : General      f:0 st:210,789,058>       Packet: Warning
LOG  : General      f:0 st:210,789,059> NetworkFileDebug: Warning
LOG  : General      f:0 st:210,789,059>         ZNet: Warning
LOG  : General      f:0 st:210,789,059> DetailedInfo: Warning
LOG  : General      f:0 st:210,789,060>    LuaObject: Warning
LOG  : General      f:0 st:210,789,060>   GameOption: Warning
LOG  : General      f:0 st:210,789,060>        Sound: Warning
LOG  : General      f:0 st:210,789,061>       Zombie: Warning
LOG  : General      f:0 st:210,789,061>       Combat: Warning
LOG  : General      f:0 st:210,789,062>      Objects: Warning
LOG  : General      f:0 st:210,789,062>    Fireplace: Warning
LOG  : General      f:0 st:210,789,062>        Radio: Warning
LOG  : General      f:0 st:210,789,063>   MapLoading: Warning
LOG  : General      f:0 st:210,789,063>     Clothing: Warning
LOG  : General      f:0 st:210,789,063>    Animation: Warning
LOG  : General      f:0 st:210,789,064> AnimationDetailed: Warning
LOG  : General      f:0 st:210,789,064> AnimationLayers: Warning
LOG  : General      f:0 st:210,789,064>        Asset: Warning
LOG  : General      f:0 st:210,789,065>       Script: Warning
LOG  : General      f:0 st:210,789,065>       Shader: Warning
LOG  : General      f:0 st:210,789,066>       Sprite: Warning
LOG  : General      f:0 st:210,789,066>        Input: Warning
LOG  : General      f:0 st:210,789,067>       Recipe: Warning
LOG  : General      f:0 st:210,789,067> ActionSystem: Warning
LOG  : General      f:0 st:210,789,068> ActionSystemEvents: Warning
LOG  : General      f:0 st:210,789,068>    IsoRegion: Warning
LOG  : General      f:0 st:210,789,068>       FileIO: Warning
LOG  : General      f:0 st:210,789,069>       Damage: Warning
LOG  : General      f:0 st:210,789,069>        Death: Warning
LOG  : General      f:0 st:210,789,069>      Discord: Warning
LOG  : General      f:0 st:210,789,070>    Statistic: Warning
LOG  : General      f:0 st:210,789,070>      Vehicle: Warning
LOG  : General      f:0 st:210,789,070>   VehicleHit: Warning
LOG  : General      f:0 st:210,789,071>        Voice: Warning
LOG  : General      f:0 st:210,789,071>     Checksum: Warning
LOG  : General      f:0 st:210,789,072>       Animal: Warning
LOG  : General      f:0 st:210,789,072>   ItemPicker: Warning
LOG  : General      f:0 st:210,789,072>   CraftLogic: Warning
LOG  : General      f:0 st:210,789,073>       Action: Warning
LOG  : General      f:0 st:210,789,073>       Entity: Warning
LOG  : General      f:0 st:210,789,073>    Lightning: Warning
LOG  : General      f:0 st:210,789,073>      Grapple: Warning
LOG  : General      f:0 st:210,789,074>    ExitDebug: Warning
LOG  : General      f:0 st:210,789,074>   BodyDamage: Warning
LOG  : General      f:0 st:210,789,075>          Xml: Warning
LOG  : General      f:0 st:210,789,075>      Physics: Warning
LOG  : General      f:0 st:210,789,075>   Ballistics: Warning
LOG  : General      f:0 st:210,789,075>      Ragdoll: Warning
LOG  : General      f:0 st:210,789,076>     PZBullet: Warning
LOG  : General      f:0 st:210,789,076> ModelManager: Warning
LOG  : General      f:0 st:210,789,076> LoadAnimation: Warning
LOG  : General      f:0 st:210,789,077>         Zone: Warning
LOG  : General      f:0 st:210,789,077>     WorldGen: Warning
LOG  : General      f:0 st:210,789,077>     Foraging: Warning
LOG  : General      f:0 st:210,789,078>       Saving: Warning
LOG  : General      f:0 st:210,789,078>        Fluid: Warning
LOG  : General      f:0 st:210,789,079>       Energy: Warning
LOG  : General      f:0 st:210,789,079>  Translation: Warning
LOG  : General      f:0 st:210,789,079>     Moveable: Warning
LOG  : General      f:0 st:210,789,080>     Basement: Warning
LOG  : General      f:0 st:210,789,080>   FallDamage: Warning
LOG  : General      f:0 st:210,789,081>        ImGui: Warning
LOG  : General      f:0 st:210,789,081> CharacterTrait: Warning
LOG  : General      f:0 st:210,789,081>         ISUI: Warning
LOG  : General      f:0 st:210,789,082> ISUIStackTrace: Warning
LOG  : General      f:0 st:210,789,082> FaceLocationFix: Warning
LOG  : General      f:0 st:210,789,082>      Context: Warning
LOG  : General      f:0 st:210,789,083> AnimationRecorder: Warning
LOG  : General      f:0 st:210,789,083>      Default: Warning
LOG  : General      f:0 st:210,789,084> version=42.20.4 b0bbce05d5 demo=false
LOG  : General      f:0 st:210,789,084> revision=b0bbce05d5
LOG  : General      f:0 st:210,789,088> unknown option "-debug"
LOG  : General      f:0 st:210,789,090> checking server WorldVersion in map_t.bin
LOG  : General      f:0 st:210,789,096> Loading networking libraries...
LOG  : General      f:0 st:210,789,097> Loading RakNet64...
LOG  : General      f:0 st:210,789,099> Loading ZNetNoSteam64...
LOG  : General      f:0 st:210,789,117> SteamUtils started without Steam
LOG  : General      f:0 st:210,790,889> LightingFPS set to 15
LOG  : General      f:0 st:210,791,570> compressionElapsed=416ms, mergingElapsed=247ms
LOG  : General      f:0 st:210,791,593> Backup made in 688 ms
LOG  : General      f:0 st:210,791,965> admin password changed via -adminpassword option
LOG  : Network      f:0 st:210,791,968> Initialising Server Systems...
LOG  : Mod          f:0 st:210,792,275> refusing to list examplemod
LOG  : Mod          f:0 st:210,792,298> loading NeighborhoodLifeHUD
LOG  : Mod          f:0 st:210,792,300> loading NeighborhoodQA
LOG  : General      f:0 st:210,794,059> scriptChecksum: 96412105bed4585e5d2a315edcd208c3
WARN : Script       f:0 st:210,794,798 at VehicleScript.Loaded                > vehicle "RaceCar58" extents != physicsChassisShape
WARN : Script       f:0 st:210,794,819 at VehicleScript.Loaded                > vehicle "AmbulanceBurnt" extents != physicsChassisShape
WARN : Script       f:0 st:210,794,827 at VehicleScript.Loaded                > vehicle "PickUpVanLightsBurnt" extents != physicsChassisShape
WARN : Script       f:0 st:210,794,832 at VehicleScript.Loaded                > vehicle "Trailer_Horsebox" extents != physicsChassisShape
WARN : Script       f:0 st:210,794,845 at VehicleScript.Loaded                > vehicle "ModernCar02Burnt" extents != physicsChassisShape
WARN : Script       f:0 st:210,794,848 at VehicleScript.Loaded                > vehicle "RaceCarBurnt" extents != physicsChassisShape
WARN : Script       f:0 st:210,794,852 at VehicleScript.Loaded                > vehicle "Trailer_Livestock" extents != physicsChassisShape
WARN : Script       f:0 st:210,794,855 at VehicleScript.Loaded                > vehicle "RaceCar34" extents != physicsChassisShape
WARN : Script       f:0 st:210,794,865 at VehicleScript.Loaded                > vehicle "RaceCar12" extents != physicsChassisShape
WARN : General      f:0 st:210,794,937 at XuiSkin$EntityUiStyle.Load          > Could not find icon: Item_Dice, script = Entity_DisplayName_Default
WARN : General      f:0 st:210,794,938 at XuiSkin$EntityUiStyle.LoadComponentInfo> Could not find icon: Item_Dice
WARN : General      f:0 st:210,794,938 at XuiSkin$EntityUiStyle.LoadComponentInfo> Could not find icon: Item_Dice
WARN : General      f:0 st:210,794,938 at XuiSkin$EntityUiStyle.LoadComponentInfo> Could not find icon: Item_Dice
WARN : General      f:0 st:210,794,939 at XuiSkin$EntityUiStyle.LoadComponentInfo> Could not find icon: Item_Dice
WARN : General      f:0 st:210,794,940 at XuiSkin$EntityUiStyle.Load          > Could not find icon: Build_FloorDirt, script = Dirt Floor
WARN : General      f:0 st:210,794,940 at XuiSkin$EntityUiStyle.Load          > Could not find icon: Build_DoorframeStone, script = Stone Doorframe
WARN : General      f:0 st:210,794,941 at XuiSkin$EntityUiStyle.Load          > Could not find icon: Build_PotteryBench, script = Pottery Bench
WARN : General      f:0 st:210,794,941 at XuiSkin$EntityUiStyle.LoadComponentInfo> Could not find icon: Build_PotteryBench
WARN : General      f:0 st:210,794,941 at XuiSkin$EntityUiStyle.Load          > Could not find icon: Build_Cairn, script = Stone Cairn
WARN : General      f:0 st:210,794,942 at XuiSkin$EntityUiStyle.Load          > Could not find icon: Build_WallWood, script = Wooden Wall (Advanced)
WARN : General      f:0 st:210,794,942 at XuiSkin$EntityUiStyle.Load          > Could not find icon: Build_WallWood, script = Wooden Wall (Basic)
WARN : General      f:0 st:210,794,943 at XuiSkin$EntityUiStyle.Load          > Could not find icon: Build_LeanToShelterSticks, script = Lean-to Shelter
WARN : General      f:0 st:210,794,943 at XuiSkin$EntityUiStyle.Load          > Could not find icon: Build_PotteryWheel, script = Pottery Wheel
WARN : General      f:0 st:210,794,944 at XuiSkin$EntityUiStyle.LoadComponentInfo> Could not find icon: Build_PotteryWheel
WARN : General      f:0 st:210,794,944 at XuiSkin$EntityUiStyle.Load          > Could not find icon: Build_CabinetStone, script = Stone Cabinet
WARN : General      f:0 st:210,794,944 at XuiSkin$EntityUiStyle.Load          > Could not find icon: Build_WallWood, script = Wooden Wall (Craftsman)
WARN : General      f:0 st:210,794,945 at XuiSkin$EntityUiStyle.Load          > Could not find icon: Build_WoodSign_Left, script = Paint Sign - Left Arrow
WARN : General      f:0 st:210,794,945 at XuiSkin$EntityUiStyle.Load          > Could not find icon: Build_PrimitiveFurnace, script = Primitive Furnace
WARN : General      f:0 st:210,794,945 at XuiSkin$EntityUiStyle.Load          > Could not find icon: Build_DoorframeWood, script = Wooden Doorframe (Craftsman)
WARN : General      f:0 st:210,794,946 at XuiSkin$EntityUiStyle.Load          > Could not find icon: Build_DoorframeWood, script = Wooden Doorframe (Advanced)
WARN : General      f:0 st:210,794,946 at XuiSkin$EntityUiStyle.Load          > Could not find icon: Build_DoorframeWood, script = Wooden Doorframe (Basic)
WARN : General      f:0 st:210,794,947 at XuiSkin$EntityUiStyle.Load          > Could not find icon: Build_WindowframeLogs, script = Log Window Frame
WARN : General      f:0 st:210,794,947 at XuiSkin$EntityUiStyle.Load          > Could not find icon: Build_FloorGravel, script = Gravel Floor
WARN : General      f:0 st:210,794,948 at XuiSkin$EntityUiStyle.Load          > Could not find icon: Item_WaterBottle, script = Bottling Machine
WARN : General      f:0 st:210,794,948 at XuiSkin$EntityUiStyle.Load          > Could not find icon: Build_WallBrick, script = Brick Wall (Basic)
WARN : General      f:0 st:210,794,948 at XuiSkin$EntityUiStyle.Load          > Could not find icon: Build_WallBrick, script = Brick Wall (Craftsman)
WARN : General      f:0 st:210,794,949 at XuiSkin$EntityUiStyle.Load          > Could not find icon: Build_DryingFrameLarge, script = Large Leather Drying Rack
WARN : General      f:0 st:210,794,949 at XuiSkin$EntityUiStyle.Load          > Could not find icon: Build_RippleComb, script = Ripple Comb
WARN : General      f:0 st:210,794,949 at XuiSkin$EntityUiStyle.Load          > Could not find icon: Build_Wall_Paint, script = Paint Wall / Item
WARN : General      f:0 st:210,794,949 at XuiSkin$EntityUiStyle.Load          > Could not find icon: Build_FenceWood, script = Wooden Fence (Craftsman)
WARN : General      f:0 st:210,794,950 at XuiSkin$EntityUiStyle.Load          > Could not find icon: Build_FenceWood, script = Wooden Fence (Advanced)
WARN : General      f:0 st:210,794,950 at XuiSkin$EntityUiStyle.Load          > Could not find icon: Build_LogTable, script = Log Table
WARN : General      f:0 st:210,794,950 at XuiSkin$EntityUiStyle.Load          > Could not find icon: Build_FenceWood, script = Wooden Fence (Basic)
WARN : General      f:0 st:210,794,950 at XuiSkin$EntityUiStyle.Load          > Could not find icon: Build_ForgeAdvanced, script = Advanced Forge
WARN : General      f:0 st:210,794,951 at XuiSkin$EntityUiStyle.Load          > Could not find icon: Build_GunLocker, script = Small Metal Locker (Craftsman)
WARN : General      f:0 st:210,794,951 at XuiSkin$EntityUiStyle.Load          > Could not find icon: Build_GunLocker, script = Small Metal Locker (Basic)
WARN : General      f:0 st:210,794,951 at XuiSkin$EntityUiStyle.Load          > Could not find icon: Build_RainCollectorCrate, script = Rain Collector Crate (Tarp)
WARN : General      f:0 st:210,794,951 at XuiSkin$EntityUiStyle.Load          > Could not find icon: Build_ButterChurn, script = Butter Churn
WARN : General      f:0 st:210,794,952 at XuiSkin$EntityUiStyle.Load          > Could not find icon: Build_Stake_SkullCow, script = Cow Skull Pole
WARN : General      f:0 st:210,794,952 at XuiSkin$EntityUiStyle.Load          > Could not find icon: Build_FloorTileMetal, script = Metal Floor
WARN : General      f:0 st:210,794,952 at XuiSkin$EntityUiStyle.Load          > Could not find icon: Build_Handpress, script = Hand-Operated Press
WARN : General      f:0 st:210,794,953 at XuiSkin$EntityUiStyle.LoadComponentInfo> Could not find icon: Build_Handpress
WARN : General      f:0 st:210,794,953 at XuiSkin$EntityUiStyle.Load          > Could not find icon: Build_MetalCounterCorner, script = Metal Counter Corner (Craftsman)
WARN : General      f:0 st:210,794,953 at XuiSkin$EntityUiStyle.Load          > Could not find icon: Build_MetalCounterCorner, script = Metal Counter Corner (Basic)
WARN : General      f:0 st:210,794,953 at XuiSkin$EntityUiStyle.Load          > Could not find icon: Build_WoodCounterCorner, script = Wooden Counter Corner (Basic)
WARN : General      f:0 st:210,794,954 at XuiSkin$EntityUiStyle.Load          > Could not find icon: Build_HeckleComb, script = Heckle Comb
WARN : General      f:0 st:210,794,954 at XuiSkin$EntityUiStyle.Load          > Could not find icon: Build_Stake_SkullPig, script = Pig Skull Pole
WARN : General      f:0 st:210,794,954 at XuiSkin$EntityUiStyle.Load          > Could not find icon: Build_ScutchingBoard, script = Scutching Board
WARN : General      f:0 st:210,794,955 at XuiSkin$EntityUiStyle.Load          > Could not find icon: Build_FenceMetalPosts, script = Metal Pole Fence Gate
WARN : General      f:0 st:210,794,955 at XuiSkin$EntityUiStyle.Load          > Could not find icon: Build_DoublePoleGate, script = Double Tall Metal Pole Gate
WARN : General      f:0 st:210,794,955 at XuiSkin$EntityUiStyle.Load          > Could not find icon: Build_WoodCounter, script = Wooden Counter (Advanced)
WARN : General      f:0 st:210,794,955 at XuiSkin$EntityUiStyle.Load          > Could not find icon: Build_WoodCounterCorner, script = Wooden Counter Corner (Craftsman)
WARN : General      f:0 st:210,794,956 at XuiSkin$EntityUiStyle.Load          > Could not find icon: Build_WoodCounter, script = Wooden Counter (Basic)
WARN : General      f:0 st:210,794,956 at XuiSkin$EntityUiStyle.Load          > Could not find icon: Build_WoodCounterCorner, script = Wooden Counter Corner (Advanced)
WARN : General      f:0 st:210,794,956 at XuiSkin$EntityUiStyle.Load          > Could not find icon: Build_WoodCounter, script = Wooden Counter (Craftsman)
WARN : General      f:0 st:210,794,956 at XuiSkin$EntityUiStyle.Load          > Could not find icon: Build_RainCollectorBarrel2, script = Rain Collector Barrel (Garbage Bags)
WARN : General      f:0 st:210,794,957 at XuiSkin$EntityUiStyle.Load          > Could not find icon: Build_WoodSign_Up, script = Paint Sign - Up Arrow
WARN : General      f:0 st:210,794,957 at XuiSkin$EntityUiStyle.Load          > Could not find icon: Build_WoodSign_Right, script = Paint Sign - Right Arrow
WARN : General      f:0 st:210,794,957 at XuiSkin$EntityUiStyle.Load          > Could not find icon: Item_SheetMetal, script = Hydraulic Press
WARN : General      f:0 st:210,794,958 at XuiSkin$EntityUiStyle.Load          > Could not find icon: Build_FenceMetal, script = Metal Fence (Craftsman)
WARN : General      f:0 st:210,794,958 at XuiSkin$EntityUiStyle.Load          > Could not find icon: Build_FenceLogs, script = Log Fence
WARN : General      f:0 st:210,794,958 at XuiSkin$EntityUiStyle.Load          > Could not find icon: Build_FenceMetal, script = Metal Fence (Basic)
WARN : General      f:0 st:210,794,958 at XuiSkin$EntityUiStyle.Load          > Could not find icon: Item_Orange, script = Juice Maker
WARN : General      f:0 st:210,794,959 at XuiSkin$EntityUiStyle.Load          > Could not find icon: Build_Campfire, script = Campfire
WARN : General      f:0 st:210,794,959 at XuiSkin$EntityUiStyle.LoadComponentInfo> Could not find icon: Build_Campfire
WARN : General      f:0 st:210,794,959 at XuiSkin$EntityUiStyle.Load          > Could not find icon: Build_StairsMetal, script = Metal Stairs
WARN : General      f:0 st:210,794,959 at XuiSkin$EntityUiStyle.Load          > Could not find icon: Build_TroughWoodShort, script = Short Wooden Feeding Trough
WARN : General      f:0 st:210,794,960 at XuiSkin$EntityUiStyle.Load          > Could not find icon: Item_Anvil_Forged, script = Advanced Makeshift Electric Blower Forge
WARN : General      f:0 st:210,794,960 at XuiSkin$EntityUiStyle.LoadComponentInfo> Could not find icon: Item_Anvil_Forged
WARN : General      f:0 st:210,794,960 at XuiSkin$EntityUiStyle.Load          > Could not find icon: Build_WallStone, script = Stone Wall
WARN : General      f:0 st:210,794,961 at XuiSkin$EntityUiStyle.Load          > Could not find icon: Build_Stake_SkullDoe, script = Doe Skull Pole
WARN : General      f:0 st:210,794,961 at XuiSkin$EntityUiStyle.Load          > Could not find icon: Build_WindowBlack, script = Wooden Windows
WARN : General      f:0 st:210,794,961 at XuiSkin$EntityUiStyle.Load          > Could not find icon: Item_Clamp_Forged, script = Standing Drill Press
WARN : General      f:0 st:210,794,961 at XuiSkin$EntityUiStyle.LoadComponentInfo> Could not find icon: Item_Clamp_Forged
WARN : General      f:0 st:210,794,962 at XuiSkin$EntityUiStyle.Load          > Could not find icon: Build_KilnSmall, script = Primitive Kiln
WARN : General      f:0 st:210,794,962 at XuiSkin$EntityUiStyle.Load          > Could not find icon: Build_ShelvesMetal, script = Metal Shelves (Basic)
WARN : General      f:0 st:210,794,962 at XuiSkin$EntityUiStyle.Load          > Could not find icon: Build_ShelvesMetal, script = Metal Shelves (Craftsman)
WARN : General      f:0 st:210,794,962 at XuiSkin$EntityUiStyle.Load          > Could not find icon: Build_DomeKiln, script = Dome Kiln
WARN : General      f:0 st:210,794,963 at XuiSkin$EntityUiStyle.Load          > Could not find icon: Build_Loom, script = Loom
WARN : General      f:0 st:210,794,963 at XuiSkin$EntityUiStyle.Load          > Could not find icon: Build_BarricadeWindow_Sheet, script = Metal Sheet Barricade
WARN : General      f:0 st:210,794,963 at XuiSkin$EntityUiStyle.Load          > Could not find icon: Build_DoubleWoodGate, script = Double Tall Wooden Gate
WARN : General      f:0 st:210,794,963 at XuiSkin$EntityUiStyle.Load          > Could not find icon: Build_StoneMill, script = Stone Mill
WARN : General      f:0 st:210,794,964 at XuiSkin$EntityUiStyle.LoadComponentInfo> Could not find icon: Build_StoneMill
WARN : General      f:0 st:210,794,964 at XuiSkin$EntityUiStyle.Load          > Could not find icon: Build_WallMetal, script = Metal Wall (Craftsman)
WARN : General      f:0 st:210,794,964 at XuiSkin$EntityUiStyle.Load          > Could not find icon: Item_ClayMold_Shingle, script = Well
WARN : General      f:0 st:210,794,964 at XuiSkin$EntityUiStyle.Load          > Could not find icon: Item_Boulder, script = Boulder
WARN : General      f:0 st:210,794,965 at XuiSkin$EntityUiStyle.LoadComponentInfo> Could not find icon: Item_Boulder
WARN : General      f:0 st:210,794,965 at XuiSkin$EntityUiStyle.Load          > Could not find icon: Build_WindowframeWood, script = Wooden Window Frame (Advanced)
WARN : General      f:0 st:210,794,965 at XuiSkin$EntityUiStyle.Load          > Could not find icon: Build_WindowframeWood, script = Wooden Window Frame (Craftsman)
WARN : General      f:0 st:210,794,965 at XuiSkin$EntityUiStyle.Load          > Could not find icon: Build_StickBookcase, script = Crude Wooden Bookcase
WARN : General      f:0 st:210,794,966 at XuiSkin$EntityUiStyle.Load          > Could not find icon: Build_CabinetMetal, script = Big Metal Locker (Basic)
WARN : General      f:0 st:210,794,966 at XuiSkin$EntityUiStyle.Load          > Could not find icon: Build_ChoppingBlock, script = Chopping Block
WARN : General      f:0 st:210,794,966 at XuiSkin$EntityUiStyle.LoadComponentInfo> Could not find icon: Build_ChoppingBlock
WARN : General      f:0 st:210,794,966 at XuiSkin$EntityUiStyle.Load          > Could not find icon: Build_WallMetal, script = Metal Wall (Basic)
WARN : General      f:0 st:210,794,967 at XuiSkin$EntityUiStyle.Load          > Could not find icon: Item_Logs, script = Sawmill
WARN : General      f:0 st:210,794,967 at XuiSkin$EntityUiStyle.Load          > Could not find icon: Build_WindowframeWood, script = Wooden Window Frame (Basic)
WARN : General      f:0 st:210,794,967 at XuiSkin$EntityUiStyle.Load          > Could not find icon: Build_CabinetMetal, script = Big Metal Locker (Craftsman)
WARN : General      f:0 st:210,794,967 at XuiSkin$EntityUiStyle.Load          > Could not find icon: Build_WindowframeBrick, script = Brick Window Frame (Craftsman)
WARN : General      f:0 st:210,794,968 at XuiSkin$EntityUiStyle.Load          > Could not find icon: Build_WindowframeBrick, script = Brick Window Frame (Basic)
WARN : General      f:0 st:210,794,968 at XuiSkin$EntityUiStyle.Load          > Could not find icon: Build_CookingPitSimple, script = Fire Pit (Stones)
WARN : General      f:0 st:210,794,968 at XuiSkin$EntityUiStyle.Load          > Could not find icon: Build_FenceWire, script = Barbed Wire Fence
WARN : General      f:0 st:210,794,968 at XuiSkin$EntityUiStyle.Load          > Could not find icon: Build_CrateMetal, script = Metal Crate (Craftsman)
WARN : General      f:0 st:210,794,969 at XuiSkin$EntityUiStyle.Load          > Could not find icon: Build_CrateMetal, script = Metal Crate (Basic)
WARN : General      f:0 st:210,794,969 at XuiSkin$EntityUiStyle.Load          > Could not find icon: Build_AnvilStone, script = Stone Anvil
WARN : General      f:0 st:210,794,969 at XuiSkin$EntityUiStyle.LoadComponentInfo> Could not find icon: Build_AnvilStone
WARN : General      f:0 st:210,794,969 at XuiSkin$EntityUiStyle.Load          > Could not find icon: Item_WaterTank, script = Water Dispenser
WARN : General      f:0 st:210,794,970 at XuiSkin$EntityUiStyle.Load          > Could not find icon: Build_DoorframeMetal, script = Metal Doorframe (Basic)
WARN : General      f:0 st:210,794,970 at XuiSkin$EntityUiStyle.Load          > Could not find icon: Build_LeanToShelterLeather, script = Leather Shelter
WARN : General      f:0 st:210,794,970 at XuiSkin$EntityUiStyle.Load          > Could not find icon: Build_DoorframeMetal, script = Metal Doorframe (Craftsman)
WARN : General      f:0 st:210,794,970 at XuiSkin$EntityUiStyle.Load          > Could not find icon: Build_TableLargeWood, script = Wooden Table (Advanced)
WARN : General      f:0 st:210,794,971 at XuiSkin$EntityUiStyle.LoadComponentInfo> Could not find icon: Build_TableLargeWood
WARN : General      f:0 st:210,794,971 at XuiSkin$EntityUiStyle.Load          > Could not find icon: Build_LogSeat2, script = Crude Wooden Stool
WARN : General      f:0 st:210,794,971 at XuiSkin$EntityUiStyle.Load          > Could not find icon: Build_TableLargeWood, script = Wooden Table (Basic)
WARN : General      f:0 st:210,794,971 at XuiSkin$EntityUiStyle.LoadComponentInfo> Could not find icon: Build_TableLargeWood
WARN : General      f:0 st:210,794,972 at XuiSkin$EntityUiStyle.Load          > Could not find icon: Build_TableLargeWood, script = Wooden Table (Craftsman)
WARN : General      f:0 st:210,794,972 at XuiSkin$EntityUiStyle.LoadComponentInfo> Could not find icon: Build_TableLargeWood
WARN : General      f:0 st:210,794,972 at XuiSkin$EntityUiStyle.Load          > Could not find icon: Build_HerbDryerSmall, script = Simple Small Plant Drying Rack
WARN : General      f:0 st:210,794,973 at XuiSkin$EntityUiStyle.Load          > Could not find icon: Build_DoorframeBrick, script = Brick Doorframe (Basic)
WARN : General      f:0 st:210,794,973 at XuiSkin$EntityUiStyle.Load          > Could not find icon: Build_DoorframeBrick, script = Brick Doorframe (Craftsman)
WARN : General      f:0 st:210,794,973 at XuiSkin$EntityUiStyle.Load          > Could not find icon: Item_Key_Blank, script = Key Duplicator
WARN : General      f:0 st:210,794,973 at XuiSkin$EntityUiStyle.Load          > Could not find icon: Build_MetalCounter, script = Metal Counter (Basic)
WARN : General      f:0 st:210,794,974 at XuiSkin$EntityUiStyle.Load          > Could not find icon: Build_MetalCounter, script = Metal Counter (Craftsman)
WARN : General      f:0 st:210,794,974 at XuiSkin$EntityUiStyle.Load          > Could not find icon: Build_WallLogs, script = Log Wall
WARN : General      f:0 st:210,794,974 at XuiSkin$EntityUiStyle.Load          > Could not find icon: Item_Anvil_Forged, script = Electric Blower Forge
WARN : General      f:0 st:210,794,974 at XuiSkin$EntityUiStyle.LoadComponentInfo> Could not find icon: Item_Anvil_Forged
WARN : General      f:0 st:210,794,975 at XuiSkin$EntityUiStyle.Load          > Could not find icon: Build_DryingFrameSmall, script = Small Leather Drying Rack
WARN : General      f:0 st:210,794,975 at XuiSkin$EntityUiStyle.Load          > Could not find icon: Build_WindowframeStone, script = Stone Window Frame
WARN : General      f:0 st:210,794,975 at XuiSkin$EntityUiStyle.Load          > Could not find icon: Build_FurnaceAdvanced, script = Advanced Furnace
WARN : General      f:0 st:210,794,976 at XuiSkin$EntityUiStyle.Load          > Could not find icon: Build_DryingFrameSmall, script = Medium Leather Drying Rack
WARN : General      f:0 st:210,794,976 at XuiSkin$EntityUiStyle.Load          > Could not find icon: Item_Rock, script = Grinding Slab
WARN : General      f:0 st:210,794,976 at XuiSkin$EntityUiStyle.LoadComponentInfo> Could not find icon: Item_Rock
WARN : General      f:0 st:210,794,976 at XuiSkin$EntityUiStyle.Load          > Could not find icon: Build_BarrelOven, script = Metal Barrel Oven
WARN : General      f:0 st:210,794,977 at XuiSkin$EntityUiStyle.Load          > Could not find icon: Build_CharcoalDrum, script = Charcoal Burning Barrel
WARN : General      f:0 st:210,794,977 at XuiSkin$EntityUiStyle.Load          > Could not find icon: Build_StairsWood, script = Wooden Stairs
WARN : General      f:0 st:210,794,977 at XuiSkin$EntityUiStyle.Load          > Could not find icon: Item_Ingot_Steel, script = Arc Furnace
WARN : General      f:0 st:210,794,978 at XuiSkin$EntityUiStyle.LoadComponentInfo> Could not find icon: Item_Ingot_Steel
WARN : General      f:0 st:210,794,978 at XuiSkin$EntityUiStyle.Load          > Could not find icon: Build_TroughMetal, script = Long Metal Feeding Trough
WARN : General      f:0 st:210,794,978 at XuiSkin$EntityUiStyle.Load          > Could not find icon: Build_KilnLarge, script = Advanced Kiln
WARN : General      f:0 st:210,794,979 at XuiSkin$EntityUiStyle.Load          > Could not find icon: Build_ShelfWood, script = Wooden Shelf (Basic)
WARN : General      f:0 st:210,794,979 at XuiSkin$EntityUiStyle.Load          > Could not find icon: Build_RainCollectorCrate2, script = Rain Collector Crate (Garbage Bags)
WARN : General      f:0 st:210,794,979 at XuiSkin$EntityUiStyle.Load          > Could not find icon: Build_HerbDryerLarge, script = Simple Large Plant Drying Rack
WARN : General      f:0 st:210,794,979 at XuiSkin$EntityUiStyle.Load          > Could not find icon: Build_WoodPicket, script = Wooden Marker
WARN : General      f:0 st:210,794,980 at XuiSkin$EntityUiStyle.Load          > Could not find icon: Build_ShelfWood, script = Wooden Shelf (Craftsman)
WARN : General      f:0 st:210,794,980 at XuiSkin$EntityUiStyle.Load          > Could not find icon: Build_FloorSand, script = Sand Floor
WARN : General      f:0 st:210,794,980 at XuiSkin$EntityUiStyle.Load          > Could not find icon: Build_Sidetable, script = Wood Table with Drawer
WARN : General      f:0 st:210,794,981 at XuiSkin$EntityUiStyle.Load          > Could not find icon: Build_TanningBarrel, script = Tannin Barrel
WARN : General      f:0 st:210,794,981 at XuiSkin$EntityUiStyle.Load          > Could not find icon: Build_Sidetable, script = Wooden Table with Drawer (Craftsman)
WARN : General      f:0 st:210,794,981 at XuiSkin$EntityUiStyle.Load          > Could not find icon: Build_Sidetable, script = Wooden Table with Drawer (Basic)
WARN : General      f:0 st:210,794,981 at XuiSkin$EntityUiStyle.Load          > Could not find icon: Build_Bed, script = Wooden Bed
WARN : General      f:0 st:210,794,982 at XuiSkin$EntityUiStyle.Load          > Could not find icon: Build_SmeltingFurnace, script = Simple Forge
WARN : General      f:0 st:210,794,982 at XuiSkin$EntityUiStyle.Load          > Could not find icon: Build_LogBench, script = Log Bench
WARN : General      f:0 st:210,794,982 at XuiSkin$EntityUiStyle.Load          > Could not find icon: Build_StickBookcaseSmall, script = Crude Small Wooden Bookcase
WARN : General      f:0 st:210,794,983 at XuiSkin$EntityUiStyle.Load          > Could not find icon: Item_WaterDrop, script = Water Pump
WARN : General      f:0 st:210,794,983 at XuiSkin$EntityUiStyle.Load          > Could not find icon: Build_Grindstone, script = Grindstone
WARN : General      f:0 st:210,794,983 at XuiSkin$EntityUiStyle.Load          > Could not find icon: Item_Hacksaw, script = Metal Bandsaw
WARN : General      f:0 st:210,794,983 at XuiSkin$EntityUiStyle.Load          > Could not find icon: Build_BookcaseShort, script = Small Wooden Bookcase (Craftsman)
WARN : General      f:0 st:210,794,984 at XuiSkin$EntityUiStyle.Load          > Could not find icon: Build_MetalworkBench, script = Metalworkbench
WARN : General      f:0 st:210,794,984 at XuiSkin$EntityUiStyle.LoadComponentInfo> Could not find icon: Build_MetalworkBench
WARN : General      f:0 st:210,794,984 at XuiSkin$EntityUiStyle.Load          > Could not find icon: Item_Handle, script = Wooden Fence Post
WARN : General      f:0 st:210,794,985 at XuiSkin$EntityUiStyle.LoadComponentInfo> Could not find icon: Item_Handle
WARN : General      f:0 st:210,794,985 at XuiSkin$EntityUiStyle.Load          > Could not find icon: Build_BookcaseShort, script = Small Wooden Bookcase (Basic)
WARN : General      f:0 st:210,794,985 at XuiSkin$EntityUiStyle.Load          > Could not find icon: Build_Composter, script = Composter (Basic)
WARN : General      f:0 st:210,794,985 at XuiSkin$EntityUiStyle.Load          > Could not find icon: Build_FenceStakes, script = Crude Wooden Fence
WARN : General      f:0 st:210,794,986 at XuiSkin$EntityUiStyle.Load          > Could not find icon: Build_DoorframeLogs, script = Log Doorframe
WARN : General      f:0 st:210,794,986 at XuiSkin$EntityUiStyle.Load          > Could not find icon: Build_DoorFenceWood, script = Wooden Fence Gate
WARN : General      f:0 st:210,794,986 at XuiSkin$EntityUiStyle.Load          > Could not find icon: Build_SofteningBeam, script = Softening Beam
WARN : General      f:0 st:210,794,986 at XuiSkin$EntityUiStyle.Load          > Could not find icon: Build_ShortWireFence, script = Small Metal Wire Fence
WARN : General      f:0 st:210,794,986 at XuiSkin$EntityUiStyle.Load          > Could not find icon: Build_Stake_SkullStag, script = Deer Skull Pole
WARN : General      f:0 st:210,794,987 at XuiSkin$EntityUiStyle.Load          > Could not find icon: Item_Charcoal, script = Pit of Coals
WARN : General      f:0 st:210,794,987 at XuiSkin$EntityUiStyle.Load          > Could not find icon: Build_HerbDryerSmall, script = Small Plant Drying Rack
WARN : General      f:0 st:210,794,987 at XuiSkin$EntityUiStyle.Load          > Could not find icon: Item_BlowTorch, script = Metalwork Lathe
WARN : General      f:0 st:210,794,987 at XuiSkin$EntityUiStyle.LoadComponentInfo> Could not find icon: Item_BlowTorch
WARN : General      f:0 st:210,794,987 at XuiSkin$EntityUiStyle.Load          > Could not find icon: Build_LogTable2, script = Crude Wooden Table
WARN : General      f:0 st:210,794,988 at XuiSkin$EntityUiStyle.Load          > Could not find icon: Build_Coffin, script = Wooden Coffin
WARN : General      f:0 st:210,794,988 at XuiSkin$EntityUiStyle.Load          > Could not find icon: Build_Stake_Antlers, script = Antlers Pole
WARN : General      f:0 st:210,794,988 at XuiSkin$EntityUiStyle.Load          > Could not find icon: Build_Stake_SkullSheep, script = Sheep Skull Pole
WARN : General      f:0 st:210,794,988 at XuiSkin$EntityUiStyle.Load          > Could not find icon: Item_WaterDrop, script = Steam Turbine
WARN : General      f:0 st:210,794,989 at XuiSkin$EntityUiStyle.Load          > Could not find icon: Build_Coop2, script = Chicken Hutch (Dark Wood)
WARN : General      f:0 st:210,794,989 at XuiSkin$EntityUiStyle.Load          > Could not find icon: Build_FenceOpenLogs, script = Wide Log Gate
WARN : General      f:0 st:210,794,989 at XuiSkin$EntityUiStyle.Load          > Could not find icon: Build_PoleGate, script = Big Pole Fence Gate
WARN : General      f:0 st:210,794,990 at XuiSkin$EntityUiStyle.Load          > Could not find icon: Build_StairsLogs, script = Log Stairs
WARN : General      f:0 st:210,794,990 at XuiSkin$EntityUiStyle.Load          > Could not find icon: Item_Toast, script = Toaster
WARN : General      f:0 st:210,794,990 at XuiSkin$EntityUiStyle.Load          > Could not find icon: Build_FloorTilePorcelain, script = Tile Floor
WARN : General      f:0 st:210,794,990 at XuiSkin$EntityUiStyle.Load          > Could not find icon: Build_CrossSimple, script = Crude Wooden Cross
WARN : General      f:0 st:210,794,991 at XuiSkin$EntityUiStyle.Load          > Could not find icon: Item_Charcoal, script = Large Pit of Coals
WARN : General      f:0 st:210,794,991 at XuiSkin$EntityUiStyle.Load          > Could not find icon: Build_ButcherHook, script = Butcher Hook
WARN : General      f:0 st:210,794,991 at XuiSkin$EntityUiStyle.Load          > Could not find icon: Build_SpinningWheel, script = Spinning Wheel
WARN : General      f:0 st:210,794,991 at XuiSkin$EntityUiStyle.Load          > Could not find icon: Build_Coop, script = Chicken Hutch (Light Wood)
WARN : General      f:0 st:210,794,991 at XuiSkin$EntityUiStyle.Load          > Could not find icon: Build_Bookcase, script = Wooden Bookcase (Basic)
WARN : General      f:0 st:210,794,991 at XuiSkin$EntityUiStyle.LoadComponentInfo> Could not find icon: Build_Bookcase
WARN : General      f:0 st:210,794,992 at XuiSkin$EntityUiStyle.Load          > Could not find icon: Item_Petrol, script = Generator Maintenance
WARN : General      f:0 st:210,794,992 at XuiSkin$EntityUiStyle.Load          > Could not find icon: Build_Bookcase, script = Wooden Bookcase (Craftsman)
WARN : General      f:0 st:210,794,992 at XuiSkin$EntityUiStyle.Load          > Could not find icon: Build_BarricadeWindow_Bars, script = Metal Bar Barricade
WARN : General      f:0 st:210,794,992 at XuiSkin$EntityUiStyle.Load          > Could not find icon: Build_Stake_SkullBull, script = Bull Skull Pole
WARN : General      f:0 st:210,794,993 at XuiSkin$EntityUiStyle.Load          > Could not find icon: Build_Wall_Plaster, script = Plaster Wall
WARN : General      f:0 st:210,794,993 at XuiSkin$EntityUiStyle.Load          > Could not find icon: Build_CookingPit, script = Fire Pit (Stone Blocks)
WARN : General      f:0 st:210,794,993 at XuiSkin$EntityUiStyle.Load          > Could not find icon: Build_LoomSimple, script = Simple Loom
WARN : General      f:0 st:210,794,993 at XuiSkin$EntityUiStyle.Load          > Could not find icon: Build_WoodSign_Skull, script = Paint Sign - Skull
WARN : General      f:0 st:210,794,993 at XuiSkin$EntityUiStyle.Load          > Could not find icon: Build_WindowframeMetal, script = Metal Window Frame (Basic)
WARN : General      f:0 st:210,794,994 at XuiSkin$EntityUiStyle.Load          > Could not find icon: Build_WindowframeMetal, script = Metal Window Frame (Craftsman)
WARN : General      f:0 st:210,794,994 at XuiSkin$EntityUiStyle.Load          > Could not find icon: Build_DoubleWireGate, script = Double Tall Wire Fence Gate
WARN : General      f:0 st:210,794,994 at XuiSkin$EntityUiStyle.Load          > Could not find icon: Build_RainCollectorBarrel, script = Rain Collector Barrel (Tarp)
WARN : General      f:0 st:210,794,994 at XuiSkin$EntityUiStyle.Load          > Could not find icon: Build_FenceBrick, script = Short Brick Wall
WARN : General      f:0 st:210,794,995 at XuiSkin$EntityUiStyle.Load          > Could not find icon: Build_LogSeat, script = Short Log Bench
WARN : General      f:0 st:210,794,995 at XuiSkin$EntityUiStyle.LoadComponentInfo> Could not find icon: Build_LogSeat
WARN : General      f:0 st:210,794,995 at XuiSkin$EntityUiStyle.Load          > Could not find icon: Build_FenceMetalPosts, script = Metal Pole Fence
WARN : General      f:0 st:210,794,995 at XuiSkin$EntityUiStyle.Load          > Could not find icon: Build_DoorWood, script = Wooden Door (Advanced)
WARN : General      f:0 st:210,794,996 at XuiSkin$EntityUiStyle.Load          > Could not find icon: Build_WallframeMetal, script = Metal Wall Frame
WARN : General      f:0 st:210,794,996 at XuiSkin$EntityUiStyle.Load          > Could not find icon: Build_DoorWood, script = Wooden Door (Basic)
WARN : General      f:0 st:210,794,996 at XuiSkin$EntityUiStyle.Load          > Could not find icon: Build_WallframeWood, script = Wooden Wall Frame
WARN : General      f:0 st:210,794,996 at XuiSkin$EntityUiStyle.Load          > Could not find icon: Item_Anvil_Stone, script = Primitive Forge
WARN : General      f:0 st:210,794,997 at XuiSkin$EntityUiStyle.Load          > Could not find icon: Build_DoorMetal, script = Metal Door (Poor)
WARN : General      f:0 st:210,794,997 at XuiSkin$EntityUiStyle.Load          > Could not find icon: Build_DoorWeldedMetal, script = Metal Door (Shoddy)
WARN : General      f:0 st:210,794,997 at XuiSkin$EntityUiStyle.Load          > Could not find icon: Build_DoorWood, script = Wooden Door (Craftsman)
WARN : General      f:0 st:210,794,997 at XuiSkin$EntityUiStyle.Load          > Could not find icon: Build_Cross, script = Wooden Cross
WARN : General      f:0 st:210,794,997 at XuiSkin$EntityUiStyle.Load          > Could not find icon: Build_ShelvesWood, script = Double Wooden Shelves
WARN : General      f:0 st:210,794,998 at XuiSkin$EntityUiStyle.Load          > Could not find icon: Item_MugFulll, script = Coffee Machine
WARN : General      f:0 st:210,794,998 at XuiSkin$EntityUiStyle.Load          > Could not find icon: Item_RailroadRail_Short, script = Makeshift Electric Blower Forge
WARN : General      f:0 st:210,794,998 at XuiSkin$EntityUiStyle.LoadComponentInfo> Could not find icon: Item_RailroadRail_Short
WARN : General      f:0 st:210,794,998 at XuiSkin$EntityUiStyle.Load          > Could not find icon: Build_LeanToShelterTarp, script = Tarp Shelter
WARN : General      f:0 st:210,794,998 at XuiSkin$EntityUiStyle.Load          > Could not find icon: Build_HerbDryerLarge, script = Large Plant Drying Rack
WARN : General      f:0 st:210,794,999 at XuiSkin$EntityUiStyle.Load          > Could not find icon: Build_StoneQuern, script = Stone Quern
WARN : General      f:0 st:210,794,999 at XuiSkin$EntityUiStyle.LoadComponentInfo> Could not find icon: Build_StoneQuern
WARN : General      f:0 st:210,794,999 at XuiSkin$EntityUiStyle.Load          > Could not find icon: Build_WoodSign, script = Wooden Sign
WARN : General      f:0 st:210,795,000 at XuiSkin$EntityUiStyle.Load          > Could not find icon: Build_WoodPole_Tall, script = Wooden Pole
WARN : General      f:0 st:210,795,000 at XuiSkin$EntityUiStyle.Load          > Could not find icon: Build_WoodSign_Down, script = Paint Sign - Down Arrow
WARN : General      f:0 st:210,795,001 at XuiSkin$EntityUiStyle.Load          > Could not find icon: Item_Dice, script = Test Entity
WARN : General      f:0 st:210,795,001 at XuiSkin$EntityUiStyle.LoadComponentInfo> Could not find icon: Item_Note2
WARN : General      f:0 st:210,795,001 at XuiSkin$EntityUiStyle.Load          > Could not find icon: Build_SandbagWall, script = Sandbag Wall
WARN : General      f:0 st:210,795,001 at XuiSkin$EntityUiStyle.Load          > Could not find icon: Build_SmeltingFurnace, script = Simple Furnace
WARN : General      f:0 st:210,795,001 at XuiSkin$EntityUiStyle.Load          > Could not find icon: Build_BarricadeWindow_Plank, script = Planks Barricade
WARN : General      f:0 st:210,795,002 at XuiSkin$EntityUiStyle.Load          > Could not find icon: Item_Logs, script = Tree Stump
WARN : General      f:0 st:210,795,002 at XuiSkin$EntityUiStyle.LoadComponentInfo> Could not find icon: Item_Logs
WARN : General      f:0 st:210,795,002 at XuiSkin$EntityUiStyle.Load          > Could not find icon: Build_CrateWood, script = Wooden Crate (Craftsman)
WARN : General      f:0 st:210,795,002 at XuiSkin$EntityUiStyle.Load          > Could not find icon: Build_TallWireGate, script = Big Wire Fence Gate
WARN : General      f:0 st:210,795,003 at XuiSkin$EntityUiStyle.Load          > Could not find icon: Build_CrateWood, script = Wooden Crate (Basic)
WARN : General      f:0 st:210,795,003 at XuiSkin$EntityUiStyle.Load          > Could not find icon: Build_DoubleWireFence, script = Big Wire Fence
WARN : General      f:0 st:210,795,003 at XuiSkin$EntityUiStyle.Load          > Could not find icon: Build_Composter, script = Composter (Craftsman)
WARN : General      f:0 st:210,795,003 at XuiSkin$EntityUiStyle.Load          > Could not find icon: Build_Amphora, script = Amphora
WARN : General      f:0 st:210,795,003 at XuiSkin$EntityUiStyle.Load          > Could not find icon: Build_Coalpit, script = Charcoal Burning Pile
WARN : General      f:0 st:210,795,004 at XuiSkin$EntityUiStyle.Load          > Could not find icon: Build_FloorTileWood, script = Wooden Floor (Craftsman)
WARN : General      f:0 st:210,795,004 at XuiSkin$EntityUiStyle.Load          > Could not find icon: Build_FloorTileWood, script = Wooden Floor (Advanced)
WARN : General      f:0 st:210,795,004 at XuiSkin$EntityUiStyle.Load          > Could not find icon: Build_FloorTileWood, script = Wooden Floor (Basic)
WARN : General      f:0 st:210,795,004 at XuiSkin$EntityUiStyle.Load          > Could not find icon: Item_CarBatteryCharger, script = CeroSec - FS-800
WARN : General      f:0 st:210,795,005 at XuiSkin$EntityUiStyle.Load          > Could not find icon: Build_Wall_Wallpaper, script = Apply Wallpaper
WARN : General      f:0 st:210,795,005 at XuiSkin$EntityUiStyle.Load          > Could not find icon: Build_Chair, script = Wooden Chair (Basic)
WARN : General      f:0 st:210,795,005 at XuiSkin$EntityUiStyle.Load          > Could not find icon: Build_FlashlightLamp, script = Wooden Flashlight Pillar
WARN : General      f:0 st:210,795,005 at XuiSkin$EntityUiStyle.Load          > Could not find icon: Build_Chair, script = Wooden Chair (Advanced)
WARN : General      f:0 st:210,795,006 at XuiSkin$EntityUiStyle.Load          > Could not find icon: Build_FenceHighMetalPosts, script = Big Metal Pole Fence
WARN : General      f:0 st:210,795,006 at XuiSkin$EntityUiStyle.Load          > Could not find icon: Build_Chair, script = Wooden Chair (Craftsman)
WARN : General      f:0 st:210,795,006 at XuiSkin$EntityUiStyle.Load          > Could not find icon: Build_LogStool, script = Log Stool
WARN : General      f:0 st:210,795,006 at XuiSkin$EntityUiStyle.Load          > Could not find icon: Build_TableSmallWood, script = Small Wooden Table (Craftsman)
WARN : General      f:0 st:210,795,006 at XuiSkin$EntityUiStyle.LoadComponentInfo> Could not find icon: Build_TableSmallWood
WARN : General      f:0 st:210,795,007 at XuiSkin$EntityUiStyle.Load          > Could not find icon: Build_TableSmallWood, script = Small Wooden Table (Advanced)
WARN : General      f:0 st:210,795,007 at XuiSkin$EntityUiStyle.LoadComponentInfo> Could not find icon: Build_TableSmallWood
WARN : General      f:0 st:210,795,008 at XuiSkin$EntityUiStyle.Load          > Could not find icon: Build_TableSmallWood, script = Small Wooden Table (Basic)
WARN : General      f:0 st:210,795,008 at XuiSkin$EntityUiStyle.LoadComponentInfo> Could not find icon: Build_TableSmallWood
WARN : General      f:0 st:210,795,008 at XuiSkin$EntityUiStyle.Load          > Could not find icon: Item_CarBatteryCharger, script = Test Kiln
WARN : General      f:0 st:210,795,008 at XuiSkin$EntityUiStyle.LoadComponentInfo> Could not find icon: Item_Note2
WARN : General      f:0 st:210,795,009 at XuiSkin$EntityUiStyle.Load          > Could not find icon: Build_ShortWireGate, script = Metal Wire Fence Gate
WARN : General      f:0 st:210,795,009 at XuiSkin$EntityUiStyle.Load          > Could not find icon: Build_LogSeat, script = Log Seat
WARN : General      f:0 st:210,795,009 at XuiSkin$EntityUiStyle.Load          > Could not find icon: Item_PropaneTank, script = Steam Boiler
WARN : General      f:0 st:210,795,009 at XuiSkin$EntityUiStyle.Load          > Could not find icon: Build_TroughWoodLong, script = Long Wooden Feeding Trough
WARN : General      f:0 st:210,795,009 at XuiSkin$EntityUiStyle.Load          > Could not find icon: Build_MetalworkTable, script = Metalwork Table
WARN : General      f:0 st:210,795,010 at XuiSkin$EntityUiStyle.LoadComponentInfo> Could not find icon: Build_MetalworkTable
WARN : General      f:0 st:210,795,011 at XuiSkin$EntityUiStyle.Load          > Could not find icon: Item_Dice, script = Entity_DisplayName_Default
WARN : General      f:0 st:210,795,011 at XuiSkin$EntityUiStyle.LoadComponentInfo> Could not find icon: Item_Dice
WARN : General      f:0 st:210,795,011 at XuiSkin$EntityUiStyle.LoadComponentInfo> Could not find icon: Item_Dice
WARN : General      f:0 st:210,795,012 at XuiSkin$EntityUiStyle.LoadComponentInfo> Could not find icon: Item_Dice
WARN : General      f:0 st:210,795,012 at XuiSkin$EntityUiStyle.LoadComponentInfo> Could not find icon: Item_Dice
WARN : General      f:0 st:210,795,013 at XuiSkin$EntityUiStyle.Load          > Could not find icon: Build_FloorDirt, script = Dirt Floor
WARN : General      f:0 st:210,795,013 at XuiSkin$EntityUiStyle.Load          > Could not find icon: Build_DoorframeStone, script = Stone Doorframe
WARN : General      f:0 st:210,795,013 at XuiSkin$EntityUiStyle.Load          > Could not find icon: Build_PotteryBench, script = Pottery Bench
WARN : General      f:0 st:210,795,014 at XuiSkin$EntityUiStyle.LoadComponentInfo> Could not find icon: Build_PotteryBench
WARN : General      f:0 st:210,795,014 at XuiSkin$EntityUiStyle.Load          > Could not find icon: Build_Cairn, script = Stone Cairn
WARN : General      f:0 st:210,795,014 at XuiSkin$EntityUiStyle.Load          > Could not find icon: Build_WallWood, script = Wooden Wall (Advanced)
WARN : General      f:0 st:210,795,014 at XuiSkin$EntityUiStyle.Load          > Could not find icon: Build_WallWood, script = Wooden Wall (Basic)
WARN : General      f:0 st:210,795,014 at XuiSkin$EntityUiStyle.Load          > Could not find icon: Build_LeanToShelterSticks, script = Lean-to Shelter
WARN : General      f:0 st:210,795,015 at XuiSkin$EntityUiStyle.Load          > Could not find icon: Build_PotteryWheel, script = Pottery Wheel
WARN : General      f:0 st:210,795,015 at XuiSkin$EntityUiStyle.LoadComponentInfo> Could not find icon: Build_PotteryWheel
WARN : General      f:0 st:210,795,015 at XuiSkin$EntityUiStyle.Load          > Could not find icon: Build_CabinetStone, script = Stone Cabinet
WARN : General      f:0 st:210,795,015 at XuiSkin$EntityUiStyle.Load          > Could not find icon: Build_WallWood, script = Wooden Wall (Craftsman)
WARN : General      f:0 st:210,795,015 at XuiSkin$EntityUiStyle.Load          > Could not find icon: Build_WoodSign_Left, script = Paint Sign - Left Arrow
WARN : General      f:0 st:210,795,015 at XuiSkin$EntityUiStyle.Load          > Could not find icon: Build_PrimitiveFurnace, script = Primitive Furnace
WARN : General      f:0 st:210,795,016 at XuiSkin$EntityUiStyle.Load          > Could not find icon: Build_DoorframeWood, script = Wooden Doorframe (Craftsman)
WARN : General      f:0 st:210,795,016 at XuiSkin$EntityUiStyle.Load          > Could not find icon: Build_DoorframeWood, script = Wooden Doorframe (Advanced)
WARN : General      f:0 st:210,795,016 at XuiSkin$EntityUiStyle.Load          > Could not find icon: Build_DoorframeWood, script = Wooden Doorframe (Basic)
WARN : General      f:0 st:210,795,016 at XuiSkin$EntityUiStyle.Load          > Could not find icon: Build_WindowframeLogs, script = Log Window Frame
WARN : General      f:0 st:210,795,016 at XuiSkin$EntityUiStyle.Load          > Could not find icon: Build_FloorGravel, script = Gravel Floor
WARN : General      f:0 st:210,795,017 at XuiSkin$EntityUiStyle.Load          > Could not find icon: Item_WaterBottle, script = Bottling Machine
WARN : General      f:0 st:210,795,017 at XuiSkin$EntityUiStyle.Load          > Could not find icon: Build_WallBrick, script = Brick Wall (Basic)
WARN : General      f:0 st:210,795,017 at XuiSkin$EntityUiStyle.Load          > Could not find icon: Build_WallBrick, script = Brick Wall (Craftsman)
WARN : General      f:0 st:210,795,017 at XuiSkin$EntityUiStyle.Load          > Could not find icon: Build_DryingFrameLarge, script = Large Leather Drying Rack
WARN : General      f:0 st:210,795,018 at XuiSkin$EntityUiStyle.Load          > Could not find icon: Build_RippleComb, script = Ripple Comb
WARN : General      f:0 st:210,795,018 at XuiSkin$EntityUiStyle.Load          > Could not find icon: Build_Wall_Paint, script = Paint Wall / Item
WARN : General      f:0 st:210,795,018 at XuiSkin$EntityUiStyle.Load          > Could not find icon: Build_FenceWood, script = Wooden Fence (Craftsman)
WARN : General      f:0 st:210,795,018 at XuiSkin$EntityUiStyle.Load          > Could not find icon: Build_FenceWood, script = Wooden Fence (Advanced)
WARN : General      f:0 st:210,795,019 at XuiSkin$EntityUiStyle.Load          > Could not find icon: Build_LogTable, script = Log Table
WARN : General      f:0 st:210,795,019 at XuiSkin$EntityUiStyle.Load          > Could not find icon: Build_FenceWood, script = Wooden Fence (Basic)
WARN : General      f:0 st:210,795,019 at XuiSkin$EntityUiStyle.Load          > Could not find icon: Build_ForgeAdvanced, script = Advanced Forge
WARN : General      f:0 st:210,795,019 at XuiSkin$EntityUiStyle.Load          > Could not find icon: Build_GunLocker, script = Small Metal Locker (Craftsman)
WARN : General      f:0 st:210,795,020 at XuiSkin$EntityUiStyle.Load          > Could not find icon: Build_GunLocker, script = Small Metal Locker (Basic)
WARN : General      f:0 st:210,795,020 at XuiSkin$EntityUiStyle.Load          > Could not find icon: Build_RainCollectorCrate, script = Rain Collector Crate (Tarp)
WARN : General      f:0 st:210,795,020 at XuiSkin$EntityUiStyle.Load          > Could not find icon: Build_ButterChurn, script = Butter Churn
WARN : General      f:0 st:210,795,020 at XuiSkin$EntityUiStyle.Load          > Could not find icon: Build_Stake_SkullCow, script = Cow Skull Pole
WARN : General      f:0 st:210,795,020 at XuiSkin$EntityUiStyle.Load          > Could not find icon: Build_FloorTileMetal, script = Metal Floor
WARN : General      f:0 st:210,795,021 at XuiSkin$EntityUiStyle.Load          > Could not find icon: Build_Handpress, script = Hand-Operated Press
WARN : General      f:0 st:210,795,021 at XuiSkin$EntityUiStyle.LoadComponentInfo> Could not find icon: Build_Handpress
WARN : General      f:0 st:210,795,021 at XuiSkin$EntityUiStyle.Load          > Could not find icon: Build_MetalCounterCorner, script = Metal Counter Corner (Craftsman)
WARN : General      f:0 st:210,795,021 at XuiSkin$EntityUiStyle.Load          > Could not find icon: Build_MetalCounterCorner, script = Metal Counter Corner (Basic)
WARN : General      f:0 st:210,795,022 at XuiSkin$EntityUiStyle.Load          > Could not find icon: Build_WoodCounterCorner, script = Wooden Counter Corner (Basic)
WARN : General      f:0 st:210,795,022 at XuiSkin$EntityUiStyle.Load          > Could not find icon: Build_HeckleComb, script = Heckle Comb
WARN : General      f:0 st:210,795,022 at XuiSkin$EntityUiStyle.Load          > Could not find icon: Build_Stake_SkullPig, script = Pig Skull Pole
WARN : General      f:0 st:210,795,022 at XuiSkin$EntityUiStyle.Load          > Could not find icon: Build_ScutchingBoard, script = Scutching Board
WARN : General      f:0 st:210,795,023 at XuiSkin$EntityUiStyle.Load          > Could not find icon: Build_FenceMetalPosts, script = Metal Pole Fence Gate
WARN : General      f:0 st:210,795,023 at XuiSkin$EntityUiStyle.Load          > Could not find icon: Build_DoublePoleGate, script = Double Tall Metal Pole Gate
WARN : General      f:0 st:210,795,023 at XuiSkin$EntityUiStyle.Load          > Could not find icon: Build_WoodCounter, script = Wooden Counter (Advanced)
WARN : General      f:0 st:210,795,023 at XuiSkin$EntityUiStyle.Load          > Could not find icon: Build_WoodCounterCorner, script = Wooden Counter Corner (Craftsman)
WARN : General      f:0 st:210,795,024 at XuiSkin$EntityUiStyle.Load          > Could not find icon: Build_WoodCounter, script = Wooden Counter (Basic)
WARN : General      f:0 st:210,795,024 at XuiSkin$EntityUiStyle.Load          > Could not find icon: Build_WoodCounterCorner, script = Wooden Counter Corner (Advanced)
WARN : General      f:0 st:210,795,024 at XuiSkin$EntityUiStyle.Load          > Could not find icon: Build_WoodCounter, script = Wooden Counter (Craftsman)
WARN : General      f:0 st:210,795,024 at XuiSkin$EntityUiStyle.Load          > Could not find icon: Build_RainCollectorBarrel2, script = Rain Collector Barrel (Garbage Bags)
WARN : General      f:0 st:210,795,025 at XuiSkin$EntityUiStyle.Load          > Could not find icon: Build_WoodSign_Up, script = Paint Sign - Up Arrow
WARN : General      f:0 st:210,795,025 at XuiSkin$EntityUiStyle.Load          > Could not find icon: Build_WoodSign_Right, script = Paint Sign - Right Arrow
WARN : General      f:0 st:210,795,025 at XuiSkin$EntityUiStyle.Load          > Could not find icon: Item_SheetMetal, script = Hydraulic Press
WARN : General      f:0 st:210,795,025 at XuiSkin$EntityUiStyle.Load          > Could not find icon: Build_FenceMetal, script = Metal Fence (Craftsman)
WARN : General      f:0 st:210,795,025 at XuiSkin$EntityUiStyle.Load          > Could not find icon: Build_FenceLogs, script = Log Fence
WARN : General      f:0 st:210,795,026 at XuiSkin$EntityUiStyle.Load          > Could not find icon: Build_FenceMetal, script = Metal Fence (Basic)
WARN : General      f:0 st:210,795,026 at XuiSkin$EntityUiStyle.Load          > Could not find icon: Item_Orange, script = Juice Maker
WARN : General      f:0 st:210,795,026 at XuiSkin$EntityUiStyle.Load          > Could not find icon: Build_Campfire, script = Campfire
WARN : General      f:0 st:210,795,026 at XuiSkin$EntityUiStyle.LoadComponentInfo> Could not find icon: Build_Campfire
WARN : General      f:0 st:210,795,027 at XuiSkin$EntityUiStyle.Load          > Could not find icon: Build_StairsMetal, script = Metal Stairs
WARN : General      f:0 st:210,795,027 at XuiSkin$EntityUiStyle.Load          > Could not find icon: Build_TroughWoodShort, script = Short Wooden Feeding Trough
WARN : General      f:0 st:210,795,027 at XuiSkin$EntityUiStyle.Load          > Could not find icon: Item_Anvil_Forged, script = Advanced Makeshift Electric Blower Forge
WARN : General      f:0 st:210,795,027 at XuiSkin$EntityUiStyle.LoadComponentInfo> Could not find icon: Item_Anvil_Forged
WARN : General      f:0 st:210,795,027 at XuiSkin$EntityUiStyle.Load          > Could not find icon: Build_WallStone, script = Stone Wall
WARN : General      f:0 st:210,795,028 at XuiSkin$EntityUiStyle.Load          > Could not find icon: Build_Stake_SkullDoe, script = Doe Skull Pole
WARN : General      f:0 st:210,795,028 at XuiSkin$EntityUiStyle.Load          > Could not find icon: Build_WindowBlack, script = Wooden Windows
WARN : General      f:0 st:210,795,028 at XuiSkin$EntityUiStyle.Load          > Could not find icon: Item_Clamp_Forged, script = Standing Drill Press
WARN : General      f:0 st:210,795,028 at XuiSkin$EntityUiStyle.LoadComponentInfo> Could not find icon: Item_Clamp_Forged
WARN : General      f:0 st:210,795,028 at XuiSkin$EntityUiStyle.Load          > Could not find icon: Build_KilnSmall, script = Primitive Kiln
WARN : General      f:0 st:210,795,029 at XuiSkin$EntityUiStyle.Load          > Could not find icon: Build_ShelvesMetal, script = Metal Shelves (Basic)
WARN : General      f:0 st:210,795,029 at XuiSkin$EntityUiStyle.Load          > Could not find icon: Build_ShelvesMetal, script = Metal Shelves (Craftsman)
WARN : General      f:0 st:210,795,029 at XuiSkin$EntityUiStyle.Load          > Could not find icon: Build_DomeKiln, script = Dome Kiln
WARN : General      f:0 st:210,795,029 at XuiSkin$EntityUiStyle.Load          > Could not find icon: Build_Loom, script = Loom
WARN : General      f:0 st:210,795,029 at XuiSkin$EntityUiStyle.Load          > Could not find icon: Build_BarricadeWindow_Sheet, script = Metal Sheet Barricade
WARN : General      f:0 st:210,795,030 at XuiSkin$EntityUiStyle.Load          > Could not find icon: Build_DoubleWoodGate, script = Double Tall Wooden Gate
WARN : General      f:0 st:210,795,030 at XuiSkin$EntityUiStyle.Load          > Could not find icon: Build_StoneMill, script = Stone Mill
WARN : General      f:0 st:210,795,030 at XuiSkin$EntityUiStyle.LoadComponentInfo> Could not find icon: Build_StoneMill
WARN : General      f:0 st:210,795,030 at XuiSkin$EntityUiStyle.Load          > Could not find icon: Build_WallMetal, script = Metal Wall (Craftsman)
WARN : General      f:0 st:210,795,031 at XuiSkin$EntityUiStyle.Load          > Could not find icon: Item_ClayMold_Shingle, script = Well
WARN : General      f:0 st:210,795,031 at XuiSkin$EntityUiStyle.Load          > Could not find icon: Item_Boulder, script = Boulder
WARN : General      f:0 st:210,795,031 at XuiSkin$EntityUiStyle.LoadComponentInfo> Could not find icon: Item_Boulder
WARN : General      f:0 st:210,795,031 at XuiSkin$EntityUiStyle.Load          > Could not find icon: Build_WindowframeWood, script = Wooden Window Frame (Advanced)
WARN : General      f:0 st:210,795,031 at XuiSkin$EntityUiStyle.Load          > Could not find icon: Build_WindowframeWood, script = Wooden Window Frame (Craftsman)
WARN : General      f:0 st:210,795,032 at XuiSkin$EntityUiStyle.Load          > Could not find icon: Build_StickBookcase, script = Crude Wooden Bookcase
WARN : General      f:0 st:210,795,032 at XuiSkin$EntityUiStyle.Load          > Could not find icon: Build_CabinetMetal, script = Big Metal Locker (Basic)
WARN : General      f:0 st:210,795,032 at XuiSkin$EntityUiStyle.Load          > Could not find icon: Build_ChoppingBlock, script = Chopping Block
WARN : General      f:0 st:210,795,032 at XuiSkin$EntityUiStyle.LoadComponentInfo> Could not find icon: Build_ChoppingBlock
WARN : General      f:0 st:210,795,032 at XuiSkin$EntityUiStyle.Load          > Could not find icon: Build_WallMetal, script = Metal Wall (Basic)
WARN : General      f:0 st:210,795,032 at XuiSkin$EntityUiStyle.Load          > Could not find icon: Item_Logs, script = Sawmill
WARN : General      f:0 st:210,795,033 at XuiSkin$EntityUiStyle.Load          > Could not find icon: Build_WindowframeWood, script = Wooden Window Frame (Basic)
WARN : General      f:0 st:210,795,033 at XuiSkin$EntityUiStyle.Load          > Could not find icon: Build_CabinetMetal, script = Big Metal Locker (Craftsman)
WARN : General      f:0 st:210,795,033 at XuiSkin$EntityUiStyle.Load          > Could not find icon: Build_WindowframeBrick, script = Brick Window Frame (Craftsman)
WARN : General      f:0 st:210,795,033 at XuiSkin$EntityUiStyle.Load          > Could not find icon: Build_WindowframeBrick, script = Brick Window Frame (Basic)
WARN : General      f:0 st:210,795,033 at XuiSkin$EntityUiStyle.Load          > Could not find icon: Build_CookingPitSimple, script = Fire Pit (Stones)
WARN : General      f:0 st:210,795,034 at XuiSkin$EntityUiStyle.Load          > Could not find icon: Build_FenceWire, script = Barbed Wire Fence
WARN : General      f:0 st:210,795,034 at XuiSkin$EntityUiStyle.Load          > Could not find icon: Build_CrateMetal, script = Metal Crate (Craftsman)
WARN : General      f:0 st:210,795,034 at XuiSkin$EntityUiStyle.Load          > Could not find icon: Build_CrateMetal, script = Metal Crate (Basic)
WARN : General      f:0 st:210,795,034 at XuiSkin$EntityUiStyle.Load          > Could not find icon: Build_AnvilStone, script = Stone Anvil
WARN : General      f:0 st:210,795,034 at XuiSkin$EntityUiStyle.LoadComponentInfo> Could not find icon: Build_AnvilStone
WARN : General      f:0 st:210,795,035 at XuiSkin$EntityUiStyle.Load          > Could not find icon: Item_WaterTank, script = Water Dispenser
WARN : General      f:0 st:210,795,035 at XuiSkin$EntityUiStyle.Load          > Could not find icon: Build_DoorframeMetal, script = Metal Doorframe (Basic)
WARN : General      f:0 st:210,795,035 at XuiSkin$EntityUiStyle.Load          > Could not find icon: Build_LeanToShelterLeather, script = Leather Shelter
WARN : General      f:0 st:210,795,035 at XuiSkin$EntityUiStyle.Load          > Could not find icon: Build_DoorframeMetal, script = Metal Doorframe (Craftsman)
WARN : General      f:0 st:210,795,035 at XuiSkin$EntityUiStyle.Load          > Could not find icon: Build_TableLargeWood, script = Wooden Table (Advanced)
WARN : General      f:0 st:210,795,035 at XuiSkin$EntityUiStyle.LoadComponentInfo> Could not find icon: Build_TableLargeWood
WARN : General      f:0 st:210,795,036 at XuiSkin$EntityUiStyle.Load          > Could not find icon: Build_LogSeat2, script = Crude Wooden Stool
WARN : General      f:0 st:210,795,036 at XuiSkin$EntityUiStyle.Load          > Could not find icon: Build_TableLargeWood, script = Wooden Table (Basic)
WARN : General      f:0 st:210,795,036 at XuiSkin$EntityUiStyle.LoadComponentInfo> Could not find icon: Build_TableLargeWood
WARN : General      f:0 st:210,795,036 at XuiSkin$EntityUiStyle.Load          > Could not find icon: Build_TableLargeWood, script = Wooden Table (Craftsman)
WARN : General      f:0 st:210,795,037 at XuiSkin$EntityUiStyle.LoadComponentInfo> Could not find icon: Build_TableLargeWood
WARN : General      f:0 st:210,795,037 at XuiSkin$EntityUiStyle.Load          > Could not find icon: Build_HerbDryerSmall, script = Simple Small Plant Drying Rack
WARN : General      f:0 st:210,795,037 at XuiSkin$EntityUiStyle.Load          > Could not find icon: Build_DoorframeBrick, script = Brick Doorframe (Basic)
WARN : General      f:0 st:210,795,037 at XuiSkin$EntityUiStyle.Load          > Could not find icon: Build_DoorframeBrick, script = Brick Doorframe (Craftsman)
WARN : General      f:0 st:210,795,037 at XuiSkin$EntityUiStyle.Load          > Could not find icon: Item_Key_Blank, script = Key Duplicator
WARN : General      f:0 st:210,795,038 at XuiSkin$EntityUiStyle.Load          > Could not find icon: Build_MetalCounter, script = Metal Counter (Basic)
WARN : General      f:0 st:210,795,038 at XuiSkin$EntityUiStyle.Load          > Could not find icon: Build_MetalCounter, script = Metal Counter (Craftsman)
WARN : General      f:0 st:210,795,038 at XuiSkin$EntityUiStyle.Load          > Could not find icon: Build_WallLogs, script = Log Wall
WARN : General      f:0 st:210,795,038 at XuiSkin$EntityUiStyle.Load          > Could not find icon: Item_Anvil_Forged, script = Electric Blower Forge
WARN : General      f:0 st:210,795,039 at XuiSkin$EntityUiStyle.LoadComponentInfo> Could not find icon: Item_Anvil_Forged
WARN : General      f:0 st:210,795,039 at XuiSkin$EntityUiStyle.Load          > Could not find icon: Build_DryingFrameSmall, script = Small Leather Drying Rack
WARN : General      f:0 st:210,795,039 at XuiSkin$EntityUiStyle.Load          > Could not find icon: Build_WindowframeStone, script = Stone Window Frame
WARN : General      f:0 st:210,795,039 at XuiSkin$EntityUiStyle.Load          > Could not find icon: Build_FurnaceAdvanced, script = Advanced Furnace
WARN : General      f:0 st:210,795,040 at XuiSkin$EntityUiStyle.Load          > Could not find icon: Build_DryingFrameSmall, script = Medium Leather Drying Rack
WARN : General      f:0 st:210,795,040 at XuiSkin$EntityUiStyle.Load          > Could not find icon: Item_Rock, script = Grinding Slab
WARN : General      f:0 st:210,795,040 at XuiSkin$EntityUiStyle.LoadComponentInfo> Could not find icon: Item_Rock
WARN : General      f:0 st:210,795,040 at XuiSkin$EntityUiStyle.Load          > Could not find icon: Build_BarrelOven, script = Metal Barrel Oven
WARN : General      f:0 st:210,795,040 at XuiSkin$EntityUiStyle.Load          > Could not find icon: Build_CharcoalDrum, script = Charcoal Burning Barrel
WARN : General      f:0 st:210,795,041 at XuiSkin$EntityUiStyle.Load          > Could not find icon: Build_StairsWood, script = Wooden Stairs
WARN : General      f:0 st:210,795,041 at XuiSkin$EntityUiStyle.Load          > Could not find icon: Item_Ingot_Steel, script = Arc Furnace
WARN : General      f:0 st:210,795,041 at XuiSkin$EntityUiStyle.LoadComponentInfo> Could not find icon: Item_Ingot_Steel
WARN : General      f:0 st:210,795,041 at XuiSkin$EntityUiStyle.Load          > Could not find icon: Build_TroughMetal, script = Long Metal Feeding Trough
WARN : General      f:0 st:210,795,042 at XuiSkin$EntityUiStyle.Load          > Could not find icon: Build_KilnLarge, script = Advanced Kiln
WARN : General      f:0 st:210,795,042 at XuiSkin$EntityUiStyle.Load          > Could not find icon: Build_ShelfWood, script = Wooden Shelf (Basic)
WARN : General      f:0 st:210,795,042 at XuiSkin$EntityUiStyle.Load          > Could not find icon: Build_RainCollectorCrate2, script = Rain Collector Crate (Garbage Bags)
WARN : General      f:0 st:210,795,042 at XuiSkin$EntityUiStyle.Load          > Could not find icon: Build_HerbDryerLarge, script = Simple Large Plant Drying Rack
WARN : General      f:0 st:210,795,042 at XuiSkin$EntityUiStyle.Load          > Could not find icon: Build_WoodPicket, script = Wooden Marker
WARN : General      f:0 st:210,795,043 at XuiSkin$EntityUiStyle.Load          > Could not find icon: Build_ShelfWood, script = Wooden Shelf (Craftsman)
WARN : General      f:0 st:210,795,043 at XuiSkin$EntityUiStyle.Load          > Could not find icon: Build_FloorSand, script = Sand Floor
WARN : General      f:0 st:210,795,043 at XuiSkin$EntityUiStyle.Load          > Could not find icon: Build_Sidetable, script = Wood Table with Drawer
WARN : General      f:0 st:210,795,043 at XuiSkin$EntityUiStyle.Load          > Could not find icon: Build_TanningBarrel, script = Tannin Barrel
WARN : General      f:0 st:210,795,044 at XuiSkin$EntityUiStyle.Load          > Could not find icon: Build_Sidetable, script = Wooden Table with Drawer (Craftsman)
WARN : General      f:0 st:210,795,044 at XuiSkin$EntityUiStyle.Load          > Could not find icon: Build_Sidetable, script = Wooden Table with Drawer (Basic)
WARN : General      f:0 st:210,795,044 at XuiSkin$EntityUiStyle.Load          > Could not find icon: Build_Bed, script = Wooden Bed
WARN : General      f:0 st:210,795,045 at XuiSkin$EntityUiStyle.Load          > Could not find icon: Build_SmeltingFurnace, script = Simple Forge
WARN : General      f:0 st:210,795,045 at XuiSkin$EntityUiStyle.Load          > Could not find icon: Build_LogBench, script = Log Bench
WARN : General      f:0 st:210,795,045 at XuiSkin$EntityUiStyle.Load          > Could not find icon: Build_StickBookcaseSmall, script = Crude Small Wooden Bookcase
WARN : General      f:0 st:210,795,045 at XuiSkin$EntityUiStyle.Load          > Could not find icon: Item_WaterDrop, script = Water Pump
WARN : General      f:0 st:210,795,045 at XuiSkin$EntityUiStyle.Load          > Could not find icon: Build_Grindstone, script = Grindstone
WARN : General      f:0 st:210,795,045 at XuiSkin$EntityUiStyle.Load          > Could not find icon: Item_Hacksaw, script = Metal Bandsaw
WARN : General      f:0 st:210,795,046 at XuiSkin$EntityUiStyle.Load          > Could not find icon: Build_BookcaseShort, script = Small Wooden Bookcase (Craftsman)
WARN : General      f:0 st:210,795,046 at XuiSkin$EntityUiStyle.Load          > Could not find icon: Build_MetalworkBench, script = Metalworkbench
WARN : General      f:0 st:210,795,046 at XuiSkin$EntityUiStyle.LoadComponentInfo> Could not find icon: Build_MetalworkBench
WARN : General      f:0 st:210,795,046 at XuiSkin$EntityUiStyle.Load          > Could not find icon: Item_Handle, script = Wooden Fence Post
WARN : General      f:0 st:210,795,047 at XuiSkin$EntityUiStyle.LoadComponentInfo> Could not find icon: Item_Handle
WARN : General      f:0 st:210,795,047 at XuiSkin$EntityUiStyle.Load          > Could not find icon: Build_BookcaseShort, script = Small Wooden Bookcase (Basic)
WARN : General      f:0 st:210,795,047 at XuiSkin$EntityUiStyle.Load          > Could not find icon: Build_Composter, script = Composter (Basic)
WARN : General      f:0 st:210,795,047 at XuiSkin$EntityUiStyle.Load          > Could not find icon: Build_FenceStakes, script = Crude Wooden Fence
WARN : General      f:0 st:210,795,047 at XuiSkin$EntityUiStyle.Load          > Could not find icon: Build_DoorframeLogs, script = Log Doorframe
WARN : General      f:0 st:210,795,048 at XuiSkin$EntityUiStyle.Load          > Could not find icon: Build_DoorFenceWood, script = Wooden Fence Gate
WARN : General      f:0 st:210,795,048 at XuiSkin$EntityUiStyle.Load          > Could not find icon: Build_SofteningBeam, script = Softening Beam
WARN : General      f:0 st:210,795,048 at XuiSkin$EntityUiStyle.Load          > Could not find icon: Build_ShortWireFence, script = Small Metal Wire Fence
WARN : General      f:0 st:210,795,048 at XuiSkin$EntityUiStyle.Load          > Could not find icon: Build_Stake_SkullStag, script = Deer Skull Pole
WARN : General      f:0 st:210,795,048 at XuiSkin$EntityUiStyle.Load          > Could not find icon: Item_Charcoal, script = Pit of Coals
WARN : General      f:0 st:210,795,049 at XuiSkin$EntityUiStyle.Load          > Could not find icon: Build_HerbDryerSmall, script = Small Plant Drying Rack
WARN : General      f:0 st:210,795,049 at XuiSkin$EntityUiStyle.Load          > Could not find icon: Item_BlowTorch, script = Metalwork Lathe
WARN : General      f:0 st:210,795,049 at XuiSkin$EntityUiStyle.LoadComponentInfo> Could not find icon: Item_BlowTorch
WARN : General      f:0 st:210,795,049 at XuiSkin$EntityUiStyle.Load          > Could not find icon: Build_LogTable2, script = Crude Wooden Table
WARN : General      f:0 st:210,795,050 at XuiSkin$EntityUiStyle.Load          > Could not find icon: Build_Coffin, script = Wooden Coffin
WARN : General      f:0 st:210,795,050 at XuiSkin$EntityUiStyle.Load          > Could not find icon: Build_Stake_Antlers, script = Antlers Pole
WARN : General      f:0 st:210,795,050 at XuiSkin$EntityUiStyle.Load          > Could not find icon: Build_Stake_SkullSheep, script = Sheep Skull Pole
WARN : General      f:0 st:210,795,050 at XuiSkin$EntityUiStyle.Load          > Could not find icon: Item_WaterDrop, script = Steam Turbine
WARN : General      f:0 st:210,795,050 at XuiSkin$EntityUiStyle.Load          > Could not find icon: Build_Coop2, script = Chicken Hutch (Dark Wood)
WARN : General      f:0 st:210,795,050 at XuiSkin$EntityUiStyle.Load          > Could not find icon: Build_FenceOpenLogs, script = Wide Log Gate
WARN : General      f:0 st:210,795,051 at XuiSkin$EntityUiStyle.Load          > Could not find icon: Build_PoleGate, script = Big Pole Fence Gate
WARN : General      f:0 st:210,795,051 at XuiSkin$EntityUiStyle.Load          > Could not find icon: Build_StairsLogs, script = Log Stairs
WARN : General      f:0 st:210,795,051 at XuiSkin$EntityUiStyle.Load          > Could not find icon: Item_Toast, script = Toaster
WARN : General      f:0 st:210,795,051 at XuiSkin$EntityUiStyle.Load          > Could not find icon: Build_FloorTilePorcelain, script = Tile Floor
WARN : General      f:0 st:210,795,051 at XuiSkin$EntityUiStyle.Load          > Could not find icon: Build_CrossSimple, script = Crude Wooden Cross
WARN : General      f:0 st:210,795,051 at XuiSkin$EntityUiStyle.Load          > Could not find icon: Item_Charcoal, script = Large Pit of Coals
WARN : General      f:0 st:210,795,052 at XuiSkin$EntityUiStyle.Load          > Could not find icon: Build_ButcherHook, script = Butcher Hook
WARN : General      f:0 st:210,795,052 at XuiSkin$EntityUiStyle.Load          > Could not find icon: Build_SpinningWheel, script = Spinning Wheel
WARN : General      f:0 st:210,795,052 at XuiSkin$EntityUiStyle.Load          > Could not find icon: Build_Coop, script = Chicken Hutch (Light Wood)
WARN : General      f:0 st:210,795,052 at XuiSkin$EntityUiStyle.Load          > Could not find icon: Build_Bookcase, script = Wooden Bookcase (Basic)
WARN : General      f:0 st:210,795,052 at XuiSkin$EntityUiStyle.LoadComponentInfo> Could not find icon: Build_Bookcase
WARN : General      f:0 st:210,795,053 at XuiSkin$EntityUiStyle.Load          > Could not find icon: Item_Petrol, script = Generator Maintenance
WARN : General      f:0 st:210,795,053 at XuiSkin$EntityUiStyle.Load          > Could not find icon: Build_Bookcase, script = Wooden Bookcase (Craftsman)
WARN : General      f:0 st:210,795,053 at XuiSkin$EntityUiStyle.Load          > Could not find icon: Build_BarricadeWindow_Bars, script = Metal Bar Barricade
WARN : General      f:0 st:210,795,053 at XuiSkin$EntityUiStyle.Load          > Could not find icon: Build_Stake_SkullBull, script = Bull Skull Pole
WARN : General      f:0 st:210,795,053 at XuiSkin$EntityUiStyle.Load          > Could not find icon: Build_Wall_Plaster, script = Plaster Wall
WARN : General      f:0 st:210,795,054 at XuiSkin$EntityUiStyle.Load          > Could not find icon: Build_CookingPit, script = Fire Pit (Stone Blocks)
WARN : General      f:0 st:210,795,054 at XuiSkin$EntityUiStyle.Load          > Could not find icon: Build_LoomSimple, script = Simple Loom
WARN : General      f:0 st:210,795,054 at XuiSkin$EntityUiStyle.Load          > Could not find icon: Build_WoodSign_Skull, script = Paint Sign - Skull
WARN : General      f:0 st:210,795,054 at XuiSkin$EntityUiStyle.Load          > Could not find icon: Build_WindowframeMetal, script = Metal Window Frame (Basic)
WARN : General      f:0 st:210,795,055 at XuiSkin$EntityUiStyle.Load          > Could not find icon: Build_WindowframeMetal, script = Metal Window Frame (Craftsman)
WARN : General      f:0 st:210,795,055 at XuiSkin$EntityUiStyle.Load          > Could not find icon: Build_DoubleWireGate, script = Double Tall Wire Fence Gate
WARN : General      f:0 st:210,795,055 at XuiSkin$EntityUiStyle.Load          > Could not find icon: Build_RainCollectorBarrel, script = Rain Collector Barrel (Tarp)
WARN : General      f:0 st:210,795,055 at XuiSkin$EntityUiStyle.Load          > Could not find icon: Build_FenceBrick, script = Short Brick Wall
WARN : General      f:0 st:210,795,055 at XuiSkin$EntityUiStyle.Load          > Could not find icon: Build_LogSeat, script = Short Log Bench
WARN : General      f:0 st:210,795,056 at XuiSkin$EntityUiStyle.LoadComponentInfo> Could not find icon: Build_LogSeat
WARN : General      f:0 st:210,795,056 at XuiSkin$EntityUiStyle.Load          > Could not find icon: Build_FenceMetalPosts, script = Metal Pole Fence
WARN : General      f:0 st:210,795,056 at XuiSkin$EntityUiStyle.Load          > Could not find icon: Build_DoorWood, script = Wooden Door (Advanced)
WARN : General      f:0 st:210,795,056 at XuiSkin$EntityUiStyle.Load          > Could not find icon: Build_WallframeMetal, script = Metal Wall Frame
WARN : General      f:0 st:210,795,056 at XuiSkin$EntityUiStyle.Load          > Could not find icon: Build_DoorWood, script = Wooden Door (Basic)
WARN : General      f:0 st:210,795,057 at XuiSkin$EntityUiStyle.Load          > Could not find icon: Build_WallframeWood, script = Wooden Wall Frame
WARN : General      f:0 st:210,795,057 at XuiSkin$EntityUiStyle.Load          > Could not find icon: Item_Anvil_Stone, script = Primitive Forge
WARN : General      f:0 st:210,795,057 at XuiSkin$EntityUiStyle.Load          > Could not find icon: Build_DoorMetal, script = Metal Door (Poor)
WARN : General      f:0 st:210,795,057 at XuiSkin$EntityUiStyle.Load          > Could not find icon: Build_DoorWeldedMetal, script = Metal Door (Shoddy)
WARN : General      f:0 st:210,795,057 at XuiSkin$EntityUiStyle.Load          > Could not find icon: Build_DoorWood, script = Wooden Door (Craftsman)
WARN : General      f:0 st:210,795,057 at XuiSkin$EntityUiStyle.Load          > Could not find icon: Build_Cross, script = Wooden Cross
WARN : General      f:0 st:210,795,058 at XuiSkin$EntityUiStyle.Load          > Could not find icon: Build_ShelvesWood, script = Double Wooden Shelves
WARN : General      f:0 st:210,795,058 at XuiSkin$EntityUiStyle.Load          > Could not find icon: Item_MugFulll, script = Coffee Machine
WARN : General      f:0 st:210,795,058 at XuiSkin$EntityUiStyle.Load          > Could not find icon: Item_RailroadRail_Short, script = Makeshift Electric Blower Forge
WARN : General      f:0 st:210,795,058 at XuiSkin$EntityUiStyle.LoadComponentInfo> Could not find icon: Item_RailroadRail_Short
WARN : General      f:0 st:210,795,058 at XuiSkin$EntityUiStyle.Load          > Could not find icon: Build_LeanToShelterTarp, script = Tarp Shelter
WARN : General      f:0 st:210,795,059 at XuiSkin$EntityUiStyle.Load          > Could not find icon: Build_HerbDryerLarge, script = Large Plant Drying Rack
WARN : General      f:0 st:210,795,059 at XuiSkin$EntityUiStyle.Load          > Could not find icon: Build_StoneQuern, script = Stone Quern
WARN : General      f:0 st:210,795,059 at XuiSkin$EntityUiStyle.LoadComponentInfo> Could not find icon: Build_StoneQuern
WARN : General      f:0 st:210,795,059 at XuiSkin$EntityUiStyle.Load          > Could not find icon: Build_WoodSign, script = Wooden Sign
WARN : General      f:0 st:210,795,060 at XuiSkin$EntityUiStyle.Load          > Could not find icon: Build_WoodPole_Tall, script = Wooden Pole
WARN : General      f:0 st:210,795,060 at XuiSkin$EntityUiStyle.Load          > Could not find icon: Build_WoodSign_Down, script = Paint Sign - Down Arrow
WARN : General      f:0 st:210,795,060 at XuiSkin$EntityUiStyle.Load          > Could not find icon: Item_Dice, script = Test Entity
WARN : General      f:0 st:210,795,060 at XuiSkin$EntityUiStyle.LoadComponentInfo> Could not find icon: Item_Note2
WARN : General      f:0 st:210,795,060 at XuiSkin$EntityUiStyle.Load          > Could not find icon: Build_SandbagWall, script = Sandbag Wall
WARN : General      f:0 st:210,795,061 at XuiSkin$EntityUiStyle.Load          > Could not find icon: Build_SmeltingFurnace, script = Simple Furnace
WARN : General      f:0 st:210,795,061 at XuiSkin$EntityUiStyle.Load          > Could not find icon: Build_BarricadeWindow_Plank, script = Planks Barricade
WARN : General      f:0 st:210,795,061 at XuiSkin$EntityUiStyle.Load          > Could not find icon: Item_Logs, script = Tree Stump
WARN : General      f:0 st:210,795,061 at XuiSkin$EntityUiStyle.LoadComponentInfo> Could not find icon: Item_Logs
WARN : General      f:0 st:210,795,061 at XuiSkin$EntityUiStyle.Load          > Could not find icon: Build_CrateWood, script = Wooden Crate (Craftsman)
WARN : General      f:0 st:210,795,062 at XuiSkin$EntityUiStyle.Load          > Could not find icon: Build_TallWireGate, script = Big Wire Fence Gate
WARN : General      f:0 st:210,795,062 at XuiSkin$EntityUiStyle.Load          > Could not find icon: Build_CrateWood, script = Wooden Crate (Basic)
WARN : General      f:0 st:210,795,062 at XuiSkin$EntityUiStyle.Load          > Could not find icon: Build_DoubleWireFence, script = Big Wire Fence
WARN : General      f:0 st:210,795,062 at XuiSkin$EntityUiStyle.Load          > Could not find icon: Build_Composter, script = Composter (Craftsman)
WARN : General      f:0 st:210,795,063 at XuiSkin$EntityUiStyle.Load          > Could not find icon: Build_Amphora, script = Amphora
WARN : General      f:0 st:210,795,063 at XuiSkin$EntityUiStyle.Load          > Could not find icon: Build_Coalpit, script = Charcoal Burning Pile
WARN : General      f:0 st:210,795,063 at XuiSkin$EntityUiStyle.Load          > Could not find icon: Build_FloorTileWood, script = Wooden Floor (Craftsman)
WARN : General      f:0 st:210,795,063 at XuiSkin$EntityUiStyle.Load          > Could not find icon: Build_FloorTileWood, script = Wooden Floor (Advanced)
WARN : General      f:0 st:210,795,063 at XuiSkin$EntityUiStyle.Load          > Could not find icon: Build_FloorTileWood, script = Wooden Floor (Basic)
WARN : General      f:0 st:210,795,064 at XuiSkin$EntityUiStyle.Load          > Could not find icon: Item_CarBatteryCharger, script = CeroSec - FS-800
WARN : General      f:0 st:210,795,064 at XuiSkin$EntityUiStyle.Load          > Could not find icon: Build_Wall_Wallpaper, script = Apply Wallpaper
WARN : General      f:0 st:210,795,064 at XuiSkin$EntityUiStyle.Load          > Could not find icon: Build_Chair, script = Wooden Chair (Basic)
WARN : General      f:0 st:210,795,064 at XuiSkin$EntityUiStyle.Load          > Could not find icon: Build_FlashlightLamp, script = Wooden Flashlight Pillar
WARN : General      f:0 st:210,795,064 at XuiSkin$EntityUiStyle.Load          > Could not find icon: Build_Chair, script = Wooden Chair (Advanced)
WARN : General      f:0 st:210,795,065 at XuiSkin$EntityUiStyle.Load          > Could not find icon: Build_FenceHighMetalPosts, script = Big Metal Pole Fence
WARN : General      f:0 st:210,795,065 at XuiSkin$EntityUiStyle.Load          > Could not find icon: Build_Chair, script = Wooden Chair (Craftsman)
WARN : General      f:0 st:210,795,065 at XuiSkin$EntityUiStyle.Load          > Could not find icon: Build_LogStool, script = Log Stool
WARN : General      f:0 st:210,795,065 at XuiSkin$EntityUiStyle.Load          > Could not find icon: Build_TableSmallWood, script = Small Wooden Table (Craftsman)
WARN : General      f:0 st:210,795,065 at XuiSkin$EntityUiStyle.LoadComponentInfo> Could not find icon: Build_TableSmallWood
WARN : General      f:0 st:210,795,066 at XuiSkin$EntityUiStyle.Load          > Could not find icon: Build_TableSmallWood, script = Small Wooden Table (Advanced)
WARN : General      f:0 st:210,795,066 at XuiSkin$EntityUiStyle.LoadComponentInfo> Could not find icon: Build_TableSmallWood
WARN : General      f:0 st:210,795,066 at XuiSkin$EntityUiStyle.Load          > Could not find icon: Build_TableSmallWood, script = Small Wooden Table (Basic)
WARN : General      f:0 st:210,795,066 at XuiSkin$EntityUiStyle.LoadComponentInfo> Could not find icon: Build_TableSmallWood
WARN : General      f:0 st:210,795,066 at XuiSkin$EntityUiStyle.Load          > Could not find icon: Item_CarBatteryCharger, script = Test Kiln
WARN : General      f:0 st:210,795,067 at XuiSkin$EntityUiStyle.LoadComponentInfo> Could not find icon: Item_Note2
WARN : General      f:0 st:210,795,067 at XuiSkin$EntityUiStyle.Load          > Could not find icon: Build_ShortWireGate, script = Metal Wire Fence Gate
WARN : General      f:0 st:210,795,067 at XuiSkin$EntityUiStyle.Load          > Could not find icon: Build_LogSeat, script = Log Seat
WARN : General      f:0 st:210,795,067 at XuiSkin$EntityUiStyle.Load          > Could not find icon: Item_PropaneTank, script = Steam Boiler
WARN : General      f:0 st:210,795,068 at XuiSkin$EntityUiStyle.Load          > Could not find icon: Build_TroughWoodLong, script = Long Wooden Feeding Trough
WARN : General      f:0 st:210,795,068 at XuiSkin$EntityUiStyle.Load          > Could not find icon: Build_MetalworkTable, script = Metalwork Table
WARN : General      f:0 st:210,795,068 at XuiSkin$EntityUiStyle.LoadComponentInfo> Could not find icon: Build_MetalworkTable
WARN : General      f:0 st:210,795,069 at XuiSkin$EntityUiStyle.Load          > Could not find icon: Item_Dice, script = Entity_DisplayName_Default
WARN : General      f:0 st:210,795,069 at XuiSkin$EntityUiStyle.LoadComponentInfo> Could not find icon: Item_Dice
WARN : General      f:0 st:210,795,069 at XuiSkin$EntityUiStyle.LoadComponentInfo> Could not find icon: Item_Dice
WARN : General      f:0 st:210,795,070 at XuiSkin$EntityUiStyle.LoadComponentInfo> Could not find icon: Item_Dice
WARN : General      f:0 st:210,795,070 at XuiSkin$EntityUiStyle.LoadComponentInfo> Could not find icon: Item_Dice
WARN : General      f:0 st:210,795,070 at XuiSkin$EntityUiStyle.Load          > Could not find icon: Build_FloorDirt, script = Dirt Floor
WARN : General      f:0 st:210,795,071 at XuiSkin$EntityUiStyle.Load          > Could not find icon: Build_DoorframeStone, script = Stone Doorframe
WARN : General      f:0 st:210,795,071 at XuiSkin$EntityUiStyle.Load          > Could not find icon: Build_PotteryBench, script = Pottery Bench
WARN : General      f:0 st:210,795,071 at XuiSkin$EntityUiStyle.LoadComponentInfo> Could not find icon: Build_PotteryBench
WARN : General      f:0 st:210,795,072 at XuiSkin$EntityUiStyle.Load          > Could not find icon: Build_Cairn, script = Stone Cairn
WARN : General      f:0 st:210,795,072 at XuiSkin$EntityUiStyle.Load          > Could not find icon: Build_WallWood, script = Wooden Wall (Advanced)
WARN : General      f:0 st:210,795,072 at XuiSkin$EntityUiStyle.Load          > Could not find icon: Build_WallWood, script = Wooden Wall (Basic)
WARN : General      f:0 st:210,795,072 at XuiSkin$EntityUiStyle.Load          > Could not find icon: Build_LeanToShelterSticks, script = Lean-to Shelter
WARN : General      f:0 st:210,795,072 at XuiSkin$EntityUiStyle.Load          > Could not find icon: Build_PotteryWheel, script = Pottery Wheel
WARN : General      f:0 st:210,795,072 at XuiSkin$EntityUiStyle.LoadComponentInfo> Could not find icon: Build_PotteryWheel
WARN : General      f:0 st:210,795,073 at XuiSkin$EntityUiStyle.Load          > Could not find icon: Build_CabinetStone, script = Stone Cabinet
WARN : General      f:0 st:210,795,073 at XuiSkin$EntityUiStyle.Load          > Could not find icon: Build_WallWood, script = Wooden Wall (Craftsman)
WARN : General      f:0 st:210,795,073 at XuiSkin$EntityUiStyle.Load          > Could not find icon: Build_WoodSign_Left, script = Paint Sign - Left Arrow
WARN : General      f:0 st:210,795,073 at XuiSkin$EntityUiStyle.Load          > Could not find icon: Build_PrimitiveFurnace, script = Primitive Furnace
WARN : General      f:0 st:210,795,073 at XuiSkin$EntityUiStyle.Load          > Could not find icon: Build_DoorframeWood, script = Wooden Doorframe (Craftsman)
WARN : General      f:0 st:210,795,073 at XuiSkin$EntityUiStyle.Load          > Could not find icon: Build_DoorframeWood, script = Wooden Doorframe (Advanced)
WARN : General      f:0 st:210,795,074 at XuiSkin$EntityUiStyle.Load          > Could not find icon: Build_DoorframeWood, script = Wooden Doorframe (Basic)
WARN : General      f:0 st:210,795,074 at XuiSkin$EntityUiStyle.Load          > Could not find icon: Build_WindowframeLogs, script = Log Window Frame
WARN : General      f:0 st:210,795,074 at XuiSkin$EntityUiStyle.Load          > Could not find icon: Build_FloorGravel, script = Gravel Floor
WARN : General      f:0 st:210,795,074 at XuiSkin$EntityUiStyle.Load          > Could not find icon: Item_WaterBottle, script = Bottling Machine
WARN : General      f:0 st:210,795,074 at XuiSkin$EntityUiStyle.Load          > Could not find icon: Build_WallBrick, script = Brick Wall (Basic)
WARN : General      f:0 st:210,795,074 at XuiSkin$EntityUiStyle.Load          > Could not find icon: Build_WallBrick, script = Brick Wall (Craftsman)
WARN : General      f:0 st:210,795,075 at XuiSkin$EntityUiStyle.Load          > Could not find icon: Build_DryingFrameLarge, script = Large Leather Drying Rack
WARN : General      f:0 st:210,795,075 at XuiSkin$EntityUiStyle.Load          > Could not find icon: Build_RippleComb, script = Ripple Comb
WARN : General      f:0 st:210,795,075 at XuiSkin$EntityUiStyle.Load          > Could not find icon: Build_Wall_Paint, script = Paint Wall / Item
WARN : General      f:0 st:210,795,075 at XuiSkin$EntityUiStyle.Load          > Could not find icon: Build_FenceWood, script = Wooden Fence (Craftsman)
WARN : General      f:0 st:210,795,075 at XuiSkin$EntityUiStyle.Load          > Could not find icon: Build_FenceWood, script = Wooden Fence (Advanced)
WARN : General      f:0 st:210,795,076 at XuiSkin$EntityUiStyle.Load          > Could not find icon: Build_LogTable, script = Log Table
WARN : General      f:0 st:210,795,076 at XuiSkin$EntityUiStyle.Load          > Could not find icon: Build_FenceWood, script = Wooden Fence (Basic)
WARN : General      f:0 st:210,795,076 at XuiSkin$EntityUiStyle.Load          > Could not find icon: Build_ForgeAdvanced, script = Advanced Forge
WARN : General      f:0 st:210,795,076 at XuiSkin$EntityUiStyle.Load          > Could not find icon: Build_GunLocker, script = Small Metal Locker (Craftsman)
WARN : General      f:0 st:210,795,076 at XuiSkin$EntityUiStyle.Load          > Could not find icon: Build_GunLocker, script = Small Metal Locker (Basic)
WARN : General      f:0 st:210,795,076 at XuiSkin$EntityUiStyle.Load          > Could not find icon: Build_RainCollectorCrate, script = Rain Collector Crate (Tarp)
WARN : General      f:0 st:210,795,077 at XuiSkin$EntityUiStyle.Load          > Could not find icon: Build_ButterChurn, script = Butter Churn
WARN : General      f:0 st:210,795,077 at XuiSkin$EntityUiStyle.Load          > Could not find icon: Build_Stake_SkullCow, script = Cow Skull Pole
WARN : General      f:0 st:210,795,077 at XuiSkin$EntityUiStyle.Load          > Could not find icon: Build_FloorTileMetal, script = Metal Floor
WARN : General      f:0 st:210,795,077 at XuiSkin$EntityUiStyle.Load          > Could not find icon: Build_Handpress, script = Hand-Operated Press
WARN : General      f:0 st:210,795,078 at XuiSkin$EntityUiStyle.LoadComponentInfo> Could not find icon: Build_Handpress
WARN : General      f:0 st:210,795,078 at XuiSkin$EntityUiStyle.Load          > Could not find icon: Build_MetalCounterCorner, script = Metal Counter Corner (Craftsman)
WARN : General      f:0 st:210,795,078 at XuiSkin$EntityUiStyle.Load          > Could not find icon: Build_MetalCounterCorner, script = Metal Counter Corner (Basic)
WARN : General      f:0 st:210,795,079 at XuiSkin$EntityUiStyle.Load          > Could not find icon: Build_WoodCounterCorner, script = Wooden Counter Corner (Basic)
WARN : General      f:0 st:210,795,079 at XuiSkin$EntityUiStyle.Load          > Could not find icon: Build_HeckleComb, script = Heckle Comb
WARN : General      f:0 st:210,795,079 at XuiSkin$EntityUiStyle.Load          > Could not find icon: Build_Stake_SkullPig, script = Pig Skull Pole
WARN : General      f:0 st:210,795,080 at XuiSkin$EntityUiStyle.Load          > Could not find icon: Build_ScutchingBoard, script = Scutching Board
WARN : General      f:0 st:210,795,080 at XuiSkin$EntityUiStyle.Load          > Could not find icon: Build_FenceMetalPosts, script = Metal Pole Fence Gate
WARN : General      f:0 st:210,795,080 at XuiSkin$EntityUiStyle.Load          > Could not find icon: Build_DoublePoleGate, script = Double Tall Metal Pole Gate
WARN : General      f:0 st:210,795,080 at XuiSkin$EntityUiStyle.Load          > Could not find icon: Build_WoodCounter, script = Wooden Counter (Advanced)
WARN : General      f:0 st:210,795,081 at XuiSkin$EntityUiStyle.Load          > Could not find icon: Build_WoodCounterCorner, script = Wooden Counter Corner (Craftsman)
WARN : General      f:0 st:210,795,081 at XuiSkin$EntityUiStyle.Load          > Could not find icon: Build_WoodCounter, script = Wooden Counter (Basic)
WARN : General      f:0 st:210,795,081 at XuiSkin$EntityUiStyle.Load          > Could not find icon: Build_WoodCounterCorner, script = Wooden Counter Corner (Advanced)
WARN : General      f:0 st:210,795,081 at XuiSkin$EntityUiStyle.Load          > Could not find icon: Build_WoodCounter, script = Wooden Counter (Craftsman)
WARN : General      f:0 st:210,795,081 at XuiSkin$EntityUiStyle.Load          > Could not find icon: Build_RainCollectorBarrel2, script = Rain Collector Barrel (Garbage Bags)
WARN : General      f:0 st:210,795,082 at XuiSkin$EntityUiStyle.Load          > Could not find icon: Build_WoodSign_Up, script = Paint Sign - Up Arrow
WARN : General      f:0 st:210,795,082 at XuiSkin$EntityUiStyle.Load          > Could not find icon: Build_WoodSign_Right, script = Paint Sign - Right Arrow
WARN : General      f:0 st:210,795,082 at XuiSkin$EntityUiStyle.Load          > Could not find icon: Item_SheetMetal, script = Hydraulic Press
WARN : General      f:0 st:210,795,082 at XuiSkin$EntityUiStyle.Load          > Could not find icon: Build_FenceMetal, script = Metal Fence (Craftsman)
WARN : General      f:0 st:210,795,082 at XuiSkin$EntityUiStyle.Load          > Could not find icon: Build_FenceLogs, script = Log Fence
WARN : General      f:0 st:210,795,083 at XuiSkin$EntityUiStyle.Load          > Could not find icon: Build_FenceMetal, script = Metal Fence (Basic)
WARN : General      f:0 st:210,795,083 at XuiSkin$EntityUiStyle.Load          > Could not find icon: Item_Orange, script = Juice Maker
WARN : General      f:0 st:210,795,083 at XuiSkin$EntityUiStyle.Load          > Could not find icon: Build_Campfire, script = Campfire
WARN : General      f:0 st:210,795,083 at XuiSkin$EntityUiStyle.LoadComponentInfo> Could not find icon: Build_Campfire
WARN : General      f:0 st:210,795,084 at XuiSkin$EntityUiStyle.Load          > Could not find icon: Build_StairsMetal, script = Metal Stairs
WARN : General      f:0 st:210,795,084 at XuiSkin$EntityUiStyle.Load          > Could not find icon: Build_TroughWoodShort, script = Short Wooden Feeding Trough
WARN : General      f:0 st:210,795,084 at XuiSkin$EntityUiStyle.Load          > Could not find icon: Item_Anvil_Forged, script = Advanced Makeshift Electric Blower Forge
WARN : General      f:0 st:210,795,084 at XuiSkin$EntityUiStyle.LoadComponentInfo> Could not find icon: Item_Anvil_Forged
WARN : General      f:0 st:210,795,084 at XuiSkin$EntityUiStyle.Load          > Could not find icon: Build_WallStone, script = Stone Wall
WARN : General      f:0 st:210,795,085 at XuiSkin$EntityUiStyle.Load          > Could not find icon: Build_Stake_SkullDoe, script = Doe Skull Pole
WARN : General      f:0 st:210,795,085 at XuiSkin$EntityUiStyle.Load          > Could not find icon: Build_WindowBlack, script = Wooden Windows
WARN : General      f:0 st:210,795,085 at XuiSkin$EntityUiStyle.Load          > Could not find icon: Item_Clamp_Forged, script = Standing Drill Press
WARN : General      f:0 st:210,795,085 at XuiSkin$EntityUiStyle.LoadComponentInfo> Could not find icon: Item_Clamp_Forged
WARN : General      f:0 st:210,795,086 at XuiSkin$EntityUiStyle.Load          > Could not find icon: Build_KilnSmall, script = Primitive Kiln
WARN : General      f:0 st:210,795,086 at XuiSkin$EntityUiStyle.Load          > Could not find icon: Build_ShelvesMetal, script = Metal Shelves (Basic)
WARN : General      f:0 st:210,795,086 at XuiSkin$EntityUiStyle.Load          > Could not find icon: Build_ShelvesMetal, script = Metal Shelves (Craftsman)
WARN : General      f:0 st:210,795,086 at XuiSkin$EntityUiStyle.Load          > Could not find icon: Build_DomeKiln, script = Dome Kiln
WARN : General      f:0 st:210,795,086 at XuiSkin$EntityUiStyle.Load          > Could not find icon: Build_Loom, script = Loom
WARN : General      f:0 st:210,795,086 at XuiSkin$EntityUiStyle.Load          > Could not find icon: Build_BarricadeWindow_Sheet, script = Metal Sheet Barricade
WARN : General      f:0 st:210,795,087 at XuiSkin$EntityUiStyle.Load          > Could not find icon: Build_DoubleWoodGate, script = Double Tall Wooden Gate
WARN : General      f:0 st:210,795,087 at XuiSkin$EntityUiStyle.Load          > Could not find icon: Build_StoneMill, script = Stone Mill
WARN : General      f:0 st:210,795,087 at XuiSkin$EntityUiStyle.LoadComponentInfo> Could not find icon: Build_StoneMill
WARN : General      f:0 st:210,795,087 at XuiSkin$EntityUiStyle.Load          > Could not find icon: Build_WallMetal, script = Metal Wall (Craftsman)
WARN : General      f:0 st:210,795,087 at XuiSkin$EntityUiStyle.Load          > Could not find icon: Item_ClayMold_Shingle, script = Well
WARN : General      f:0 st:210,795,088 at XuiSkin$EntityUiStyle.Load          > Could not find icon: Item_Boulder, script = Boulder
WARN : General      f:0 st:210,795,088 at XuiSkin$EntityUiStyle.LoadComponentInfo> Could not find icon: Item_Boulder
WARN : General      f:0 st:210,795,088 at XuiSkin$EntityUiStyle.Load          > Could not find icon: Build_WindowframeWood, script = Wooden Window Frame (Advanced)
WARN : General      f:0 st:210,795,088 at XuiSkin$EntityUiStyle.Load          > Could not find icon: Build_WindowframeWood, script = Wooden Window Frame (Craftsman)
WARN : General      f:0 st:210,795,088 at XuiSkin$EntityUiStyle.Load          > Could not find icon: Build_StickBookcase, script = Crude Wooden Bookcase
WARN : General      f:0 st:210,795,088 at XuiSkin$EntityUiStyle.Load          > Could not find icon: Build_CabinetMetal, script = Big Metal Locker (Basic)
WARN : General      f:0 st:210,795,089 at XuiSkin$EntityUiStyle.Load          > Could not find icon: Build_ChoppingBlock, script = Chopping Block
WARN : General      f:0 st:210,795,089 at XuiSkin$EntityUiStyle.LoadComponentInfo> Could not find icon: Build_ChoppingBlock
WARN : General      f:0 st:210,795,089 at XuiSkin$EntityUiStyle.Load          > Could not find icon: Build_WallMetal, script = Metal Wall (Basic)
WARN : General      f:0 st:210,795,089 at XuiSkin$EntityUiStyle.Load          > Could not find icon: Item_Logs, script = Sawmill
WARN : General      f:0 st:210,795,090 at XuiSkin$EntityUiStyle.Load          > Could not find icon: Build_WindowframeWood, script = Wooden Window Frame (Basic)
WARN : General      f:0 st:210,795,090 at XuiSkin$EntityUiStyle.Load          > Could not find icon: Build_CabinetMetal, script = Big Metal Locker (Craftsman)
WARN : General      f:0 st:210,795,090 at XuiSkin$EntityUiStyle.Load          > Could not find icon: Build_WindowframeBrick, script = Brick Window Frame (Craftsman)
WARN : General      f:0 st:210,795,090 at XuiSkin$EntityUiStyle.Load          > Could not find icon: Build_WindowframeBrick, script = Brick Window Frame (Basic)
WARN : General      f:0 st:210,795,090 at XuiSkin$EntityUiStyle.Load          > Could not find icon: Build_CookingPitSimple, script = Fire Pit (Stones)
WARN : General      f:0 st:210,795,090 at XuiSkin$EntityUiStyle.Load          > Could not find icon: Build_FenceWire, script = Barbed Wire Fence
WARN : General      f:0 st:210,795,091 at XuiSkin$EntityUiStyle.Load          > Could not find icon: Build_CrateMetal, script = Metal Crate (Craftsman)
WARN : General      f:0 st:210,795,091 at XuiSkin$EntityUiStyle.Load          > Could not find icon: Build_CrateMetal, script = Metal Crate (Basic)
WARN : General      f:0 st:210,795,091 at XuiSkin$EntityUiStyle.Load          > Could not find icon: Build_AnvilStone, script = Stone Anvil
WARN : General      f:0 st:210,795,091 at XuiSkin$EntityUiStyle.LoadComponentInfo> Could not find icon: Build_AnvilStone
WARN : General      f:0 st:210,795,091 at XuiSkin$EntityUiStyle.Load          > Could not find icon: Item_WaterTank, script = Water Dispenser
WARN : General      f:0 st:210,795,092 at XuiSkin$EntityUiStyle.Load          > Could not find icon: Build_DoorframeMetal, script = Metal Doorframe (Basic)
WARN : General      f:0 st:210,795,092 at XuiSkin$EntityUiStyle.Load          > Could not find icon: Build_LeanToShelterLeather, script = Leather Shelter
WARN : General      f:0 st:210,795,092 at XuiSkin$EntityUiStyle.Load          > Could not find icon: Build_DoorframeMetal, script = Metal Doorframe (Craftsman)
WARN : General      f:0 st:210,795,092 at XuiSkin$EntityUiStyle.Load          > Could not find icon: Build_TableLargeWood, script = Wooden Table (Advanced)
WARN : General      f:0 st:210,795,092 at XuiSkin$EntityUiStyle.LoadComponentInfo> Could not find icon: Build_TableLargeWood
WARN : General      f:0 st:210,795,093 at XuiSkin$EntityUiStyle.Load          > Could not find icon: Build_LogSeat2, script = Crude Wooden Stool
WARN : General      f:0 st:210,795,093 at XuiSkin$EntityUiStyle.Load          > Could not find icon: Build_TableLargeWood, script = Wooden Table (Basic)
WARN : General      f:0 st:210,795,093 at XuiSkin$EntityUiStyle.LoadComponentInfo> Could not find icon: Build_TableLargeWood
WARN : General      f:0 st:210,795,093 at XuiSkin$EntityUiStyle.Load          > Could not find icon: Build_TableLargeWood, script = Wooden Table (Craftsman)
WARN : General      f:0 st:210,795,093 at XuiSkin$EntityUiStyle.LoadComponentInfo> Could not find icon: Build_TableLargeWood
WARN : General      f:0 st:210,795,094 at XuiSkin$EntityUiStyle.Load          > Could not find icon: Build_HerbDryerSmall, script = Simple Small Plant Drying Rack
WARN : General      f:0 st:210,795,094 at XuiSkin$EntityUiStyle.Load          > Could not find icon: Build_DoorframeBrick, script = Brick Doorframe (Basic)
WARN : General      f:0 st:210,795,094 at XuiSkin$EntityUiStyle.Load          > Could not find icon: Build_DoorframeBrick, script = Brick Doorframe (Craftsman)
WARN : General      f:0 st:210,795,094 at XuiSkin$EntityUiStyle.Load          > Could not find icon: Item_Key_Blank, script = Key Duplicator
WARN : General      f:0 st:210,795,094 at XuiSkin$EntityUiStyle.Load          > Could not find icon: Build_MetalCounter, script = Metal Counter (Basic)
WARN : General      f:0 st:210,795,095 at XuiSkin$EntityUiStyle.Load          > Could not find icon: Build_MetalCounter, script = Metal Counter (Craftsman)
WARN : General      f:0 st:210,795,095 at XuiSkin$EntityUiStyle.Load          > Could not find icon: Build_WallLogs, script = Log Wall
WARN : General      f:0 st:210,795,095 at XuiSkin$EntityUiStyle.Load          > Could not find icon: Item_Anvil_Forged, script = Electric Blower Forge
WARN : General      f:0 st:210,795,095 at XuiSkin$EntityUiStyle.LoadComponentInfo> Could not find icon: Item_Anvil_Forged
WARN : General      f:0 st:210,795,095 at XuiSkin$EntityUiStyle.Load          > Could not find icon: Build_DryingFrameSmall, script = Small Leather Drying Rack
WARN : General      f:0 st:210,795,096 at XuiSkin$EntityUiStyle.Load          > Could not find icon: Build_WindowframeStone, script = Stone Window Frame
WARN : General      f:0 st:210,795,096 at XuiSkin$EntityUiStyle.Load          > Could not find icon: Build_FurnaceAdvanced, script = Advanced Furnace
WARN : General      f:0 st:210,795,096 at XuiSkin$EntityUiStyle.Load          > Could not find icon: Build_DryingFrameSmall, script = Medium Leather Drying Rack
WARN : General      f:0 st:210,795,096 at XuiSkin$EntityUiStyle.Load          > Could not find icon: Item_Rock, script = Grinding Slab
WARN : General      f:0 st:210,795,097 at XuiSkin$EntityUiStyle.LoadComponentInfo> Could not find icon: Item_Rock
WARN : General      f:0 st:210,795,097 at XuiSkin$EntityUiStyle.Load          > Could not find icon: Build_BarrelOven, script = Metal Barrel Oven
WARN : General      f:0 st:210,795,097 at XuiSkin$EntityUiStyle.Load          > Could not find icon: Build_CharcoalDrum, script = Charcoal Burning Barrel
WARN : General      f:0 st:210,795,097 at XuiSkin$EntityUiStyle.Load          > Could not find icon: Build_StairsWood, script = Wooden Stairs
WARN : General      f:0 st:210,795,097 at XuiSkin$EntityUiStyle.Load          > Could not find icon: Item_Ingot_Steel, script = Arc Furnace
WARN : General      f:0 st:210,795,098 at XuiSkin$EntityUiStyle.LoadComponentInfo> Could not find icon: Item_Ingot_Steel
WARN : General      f:0 st:210,795,098 at XuiSkin$EntityUiStyle.Load          > Could not find icon: Build_TroughMetal, script = Long Metal Feeding Trough
WARN : General      f:0 st:210,795,098 at XuiSkin$EntityUiStyle.Load          > Could not find icon: Build_KilnLarge, script = Advanced Kiln
WARN : General      f:0 st:210,795,098 at XuiSkin$EntityUiStyle.Load          > Could not find icon: Build_ShelfWood, script = Wooden Shelf (Basic)
WARN : General      f:0 st:210,795,098 at XuiSkin$EntityUiStyle.Load          > Could not find icon: Build_RainCollectorCrate2, script = Rain Collector Crate (Garbage Bags)
WARN : General      f:0 st:210,795,098 at XuiSkin$EntityUiStyle.Load          > Could not find icon: Build_HerbDryerLarge, script = Simple Large Plant Drying Rack
WARN : General      f:0 st:210,795,099 at XuiSkin$EntityUiStyle.Load          > Could not find icon: Build_WoodPicket, script = Wooden Marker
WARN : General      f:0 st:210,795,099 at XuiSkin$EntityUiStyle.Load          > Could not find icon: Build_ShelfWood, script = Wooden Shelf (Craftsman)
WARN : General      f:0 st:210,795,099 at XuiSkin$EntityUiStyle.Load          > Could not find icon: Build_FloorSand, script = Sand Floor
WARN : General      f:0 st:210,795,099 at XuiSkin$EntityUiStyle.Load          > Could not find icon: Build_Sidetable, script = Wood Table with Drawer
WARN : General      f:0 st:210,795,099 at XuiSkin$EntityUiStyle.Load          > Could not find icon: Build_TanningBarrel, script = Tannin Barrel
WARN : General      f:0 st:210,795,100 at XuiSkin$EntityUiStyle.Load          > Could not find icon: Build_Sidetable, script = Wooden Table with Drawer (Craftsman)
WARN : General      f:0 st:210,795,100 at XuiSkin$EntityUiStyle.Load          > Could not find icon: Build_Sidetable, script = Wooden Table with Drawer (Basic)
WARN : General      f:0 st:210,795,100 at XuiSkin$EntityUiStyle.Load          > Could not find icon: Build_Bed, script = Wooden Bed
WARN : General      f:0 st:210,795,100 at XuiSkin$EntityUiStyle.Load          > Could not find icon: Build_SmeltingFurnace, script = Simple Forge
WARN : General      f:0 st:210,795,100 at XuiSkin$EntityUiStyle.Load          > Could not find icon: Build_LogBench, script = Log Bench
WARN : General      f:0 st:210,795,101 at XuiSkin$EntityUiStyle.Load          > Could not find icon: Build_StickBookcaseSmall, script = Crude Small Wooden Bookcase
WARN : General      f:0 st:210,795,101 at XuiSkin$EntityUiStyle.Load          > Could not find icon: Item_WaterDrop, script = Water Pump
WARN : General      f:0 st:210,795,101 at XuiSkin$EntityUiStyle.Load          > Could not find icon: Build_Grindstone, script = Grindstone
WARN : General      f:0 st:210,795,102 at XuiSkin$EntityUiStyle.Load          > Could not find icon: Item_Hacksaw, script = Metal Bandsaw
WARN : General      f:0 st:210,795,102 at XuiSkin$EntityUiStyle.Load          > Could not find icon: Build_BookcaseShort, script = Small Wooden Bookcase (Craftsman)
WARN : General      f:0 st:210,795,102 at XuiSkin$EntityUiStyle.Load          > Could not find icon: Build_MetalworkBench, script = Metalworkbench
WARN : General      f:0 st:210,795,102 at XuiSkin$EntityUiStyle.LoadComponentInfo> Could not find icon: Build_MetalworkBench
WARN : General      f:0 st:210,795,102 at XuiSkin$EntityUiStyle.Load          > Could not find icon: Item_Handle, script = Wooden Fence Post
WARN : General      f:0 st:210,795,102 at XuiSkin$EntityUiStyle.LoadComponentInfo> Could not find icon: Item_Handle
WARN : General      f:0 st:210,795,103 at XuiSkin$EntityUiStyle.Load          > Could not find icon: Build_BookcaseShort, script = Small Wooden Bookcase (Basic)
WARN : General      f:0 st:210,795,103 at XuiSkin$EntityUiStyle.Load          > Could not find icon: Build_Composter, script = Composter (Basic)
WARN : General      f:0 st:210,795,103 at XuiSkin$EntityUiStyle.Load          > Could not find icon: Build_FenceStakes, script = Crude Wooden Fence
WARN : General      f:0 st:210,795,103 at XuiSkin$EntityUiStyle.Load          > Could not find icon: Build_DoorframeLogs, script = Log Doorframe
WARN : General      f:0 st:210,795,104 at XuiSkin$EntityUiStyle.Load          > Could not find icon: Build_DoorFenceWood, script = Wooden Fence Gate
WARN : General      f:0 st:210,795,104 at XuiSkin$EntityUiStyle.Load          > Could not find icon: Build_SofteningBeam, script = Softening Beam
WARN : General      f:0 st:210,795,104 at XuiSkin$EntityUiStyle.Load          > Could not find icon: Build_ShortWireFence, script = Small Metal Wire Fence
WARN : General      f:0 st:210,795,104 at XuiSkin$EntityUiStyle.Load          > Could not find icon: Build_Stake_SkullStag, script = Deer Skull Pole
WARN : General      f:0 st:210,795,104 at XuiSkin$EntityUiStyle.Load          > Could not find icon: Item_Charcoal, script = Pit of Coals
WARN : General      f:0 st:210,795,105 at XuiSkin$EntityUiStyle.Load          > Could not find icon: Build_HerbDryerSmall, script = Small Plant Drying Rack
WARN : General      f:0 st:210,795,105 at XuiSkin$EntityUiStyle.Load          > Could not find icon: Item_BlowTorch, script = Metalwork Lathe
WARN : General      f:0 st:210,795,105 at XuiSkin$EntityUiStyle.LoadComponentInfo> Could not find icon: Item_BlowTorch
WARN : General      f:0 st:210,795,105 at XuiSkin$EntityUiStyle.Load          > Could not find icon: Build_LogTable2, script = Crude Wooden Table
WARN : General      f:0 st:210,795,105 at XuiSkin$EntityUiStyle.Load          > Could not find icon: Build_Coffin, script = Wooden Coffin
WARN : General      f:0 st:210,795,106 at XuiSkin$EntityUiStyle.Load          > Could not find icon: Build_Stake_Antlers, script = Antlers Pole
WARN : General      f:0 st:210,795,106 at XuiSkin$EntityUiStyle.Load          > Could not find icon: Build_Stake_SkullSheep, script = Sheep Skull Pole
WARN : General      f:0 st:210,795,106 at XuiSkin$EntityUiStyle.Load          > Could not find icon: Item_WaterDrop, script = Steam Turbine
WARN : General      f:0 st:210,795,106 at XuiSkin$EntityUiStyle.Load          > Could not find icon: Build_Coop2, script = Chicken Hutch (Dark Wood)
WARN : General      f:0 st:210,795,106 at XuiSkin$EntityUiStyle.Load          > Could not find icon: Build_FenceOpenLogs, script = Wide Log Gate
WARN : General      f:0 st:210,795,107 at XuiSkin$EntityUiStyle.Load          > Could not find icon: Build_PoleGate, script = Big Pole Fence Gate
WARN : General      f:0 st:210,795,107 at XuiSkin$EntityUiStyle.Load          > Could not find icon: Build_StairsLogs, script = Log Stairs
WARN : General      f:0 st:210,795,107 at XuiSkin$EntityUiStyle.Load          > Could not find icon: Item_Toast, script = Toaster
WARN : General      f:0 st:210,795,107 at XuiSkin$EntityUiStyle.Load          > Could not find icon: Build_FloorTilePorcelain, script = Tile Floor
WARN : General      f:0 st:210,795,108 at XuiSkin$EntityUiStyle.Load          > Could not find icon: Build_CrossSimple, script = Crude Wooden Cross
WARN : General      f:0 st:210,795,108 at XuiSkin$EntityUiStyle.Load          > Could not find icon: Item_Charcoal, script = Large Pit of Coals
WARN : General      f:0 st:210,795,108 at XuiSkin$EntityUiStyle.Load          > Could not find icon: Build_ButcherHook, script = Butcher Hook
WARN : General      f:0 st:210,795,108 at XuiSkin$EntityUiStyle.Load          > Could not find icon: Build_SpinningWheel, script = Spinning Wheel
WARN : General      f:0 st:210,795,109 at XuiSkin$EntityUiStyle.Load          > Could not find icon: Build_Coop, script = Chicken Hutch (Light Wood)
WARN : General      f:0 st:210,795,109 at XuiSkin$EntityUiStyle.Load          > Could not find icon: Build_Bookcase, script = Wooden Bookcase (Basic)
WARN : General      f:0 st:210,795,109 at XuiSkin$EntityUiStyle.LoadComponentInfo> Could not find icon: Build_Bookcase
WARN : General      f:0 st:210,795,109 at XuiSkin$EntityUiStyle.Load          > Could not find icon: Item_Petrol, script = Generator Maintenance
WARN : General      f:0 st:210,795,109 at XuiSkin$EntityUiStyle.Load          > Could not find icon: Build_Bookcase, script = Wooden Bookcase (Craftsman)
WARN : General      f:0 st:210,795,109 at XuiSkin$EntityUiStyle.Load          > Could not find icon: Build_BarricadeWindow_Bars, script = Metal Bar Barricade
WARN : General      f:0 st:210,795,109 at XuiSkin$EntityUiStyle.Load          > Could not find icon: Build_Stake_SkullBull, script = Bull Skull Pole
WARN : General      f:0 st:210,795,110 at XuiSkin$EntityUiStyle.Load          > Could not find icon: Build_Wall_Plaster, script = Plaster Wall
WARN : General      f:0 st:210,795,110 at XuiSkin$EntityUiStyle.Load          > Could not find icon: Build_CookingPit, script = Fire Pit (Stone Blocks)
WARN : General      f:0 st:210,795,110 at XuiSkin$EntityUiStyle.Load          > Could not find icon: Build_LoomSimple, script = Simple Loom
WARN : General      f:0 st:210,795,110 at XuiSkin$EntityUiStyle.Load          > Could not find icon: Build_WoodSign_Skull, script = Paint Sign - Skull
WARN : General      f:0 st:210,795,110 at XuiSkin$EntityUiStyle.Load          > Could not find icon: Build_WindowframeMetal, script = Metal Window Frame (Basic)
WARN : General      f:0 st:210,795,111 at XuiSkin$EntityUiStyle.Load          > Could not find icon: Build_WindowframeMetal, script = Metal Window Frame (Craftsman)
WARN : General      f:0 st:210,795,111 at XuiSkin$EntityUiStyle.Load          > Could not find icon: Build_DoubleWireGate, script = Double Tall Wire Fence Gate
WARN : General      f:0 st:210,795,111 at XuiSkin$EntityUiStyle.Load          > Could not find icon: Build_RainCollectorBarrel, script = Rain Collector Barrel (Tarp)
WARN : General      f:0 st:210,795,111 at XuiSkin$EntityUiStyle.Load          > Could not find icon: Build_FenceBrick, script = Short Brick Wall
WARN : General      f:0 st:210,795,111 at XuiSkin$EntityUiStyle.Load          > Could not find icon: Build_LogSeat, script = Short Log Bench
WARN : General      f:0 st:210,795,111 at XuiSkin$EntityUiStyle.LoadComponentInfo> Could not find icon: Build_LogSeat
WARN : General      f:0 st:210,795,112 at XuiSkin$EntityUiStyle.Load          > Could not find icon: Build_FenceMetalPosts, script = Metal Pole Fence
WARN : General      f:0 st:210,795,112 at XuiSkin$EntityUiStyle.Load          > Could not find icon: Build_DoorWood, script = Wooden Door (Advanced)
WARN : General      f:0 st:210,795,112 at XuiSkin$EntityUiStyle.Load          > Could not find icon: Build_WallframeMetal, script = Metal Wall Frame
WARN : General      f:0 st:210,795,112 at XuiSkin$EntityUiStyle.Load          > Could not find icon: Build_DoorWood, script = Wooden Door (Basic)
WARN : General      f:0 st:210,795,112 at XuiSkin$EntityUiStyle.Load          > Could not find icon: Build_WallframeWood, script = Wooden Wall Frame
WARN : General      f:0 st:210,795,112 at XuiSkin$EntityUiStyle.Load          > Could not find icon: Item_Anvil_Stone, script = Primitive Forge
WARN : General      f:0 st:210,795,113 at XuiSkin$EntityUiStyle.Load          > Could not find icon: Build_DoorMetal, script = Metal Door (Poor)
WARN : General      f:0 st:210,795,113 at XuiSkin$EntityUiStyle.Load          > Could not find icon: Build_DoorWeldedMetal, script = Metal Door (Shoddy)
WARN : General      f:0 st:210,795,113 at XuiSkin$EntityUiStyle.Load          > Could not find icon: Build_DoorWood, script = Wooden Door (Craftsman)
WARN : General      f:0 st:210,795,113 at XuiSkin$EntityUiStyle.Load          > Could not find icon: Build_Cross, script = Wooden Cross
WARN : General      f:0 st:210,795,114 at XuiSkin$EntityUiStyle.Load          > Could not find icon: Build_ShelvesWood, script = Double Wooden Shelves
WARN : General      f:0 st:210,795,114 at XuiSkin$EntityUiStyle.Load          > Could not find icon: Item_MugFulll, script = Coffee Machine
WARN : General      f:0 st:210,795,114 at XuiSkin$EntityUiStyle.Load          > Could not find icon: Item_RailroadRail_Short, script = Makeshift Electric Blower Forge
WARN : General      f:0 st:210,795,114 at XuiSkin$EntityUiStyle.LoadComponentInfo> Could not find icon: Item_RailroadRail_Short
WARN : General      f:0 st:210,795,114 at XuiSkin$EntityUiStyle.Load          > Could not find icon: Build_LeanToShelterTarp, script = Tarp Shelter
WARN : General      f:0 st:210,795,115 at XuiSkin$EntityUiStyle.Load          > Could not find icon: Build_HerbDryerLarge, script = Large Plant Drying Rack
WARN : General      f:0 st:210,795,115 at XuiSkin$EntityUiStyle.Load          > Could not find icon: Build_StoneQuern, script = Stone Quern
WARN : General      f:0 st:210,795,115 at XuiSkin$EntityUiStyle.LoadComponentInfo> Could not find icon: Build_StoneQuern
WARN : General      f:0 st:210,795,115 at XuiSkin$EntityUiStyle.Load          > Could not find icon: Build_WoodSign, script = Wooden Sign
WARN : General      f:0 st:210,795,115 at XuiSkin$EntityUiStyle.Load          > Could not find icon: Build_WoodPole_Tall, script = Wooden Pole
WARN : General      f:0 st:210,795,116 at XuiSkin$EntityUiStyle.Load          > Could not find icon: Build_WoodSign_Down, script = Paint Sign - Down Arrow
WARN : General      f:0 st:210,795,116 at XuiSkin$EntityUiStyle.Load          > Could not find icon: Item_Dice, script = Test Entity
WARN : General      f:0 st:210,795,116 at XuiSkin$EntityUiStyle.LoadComponentInfo> Could not find icon: Item_Note2
WARN : General      f:0 st:210,795,116 at XuiSkin$EntityUiStyle.Load          > Could not find icon: Build_SandbagWall, script = Sandbag Wall
WARN : General      f:0 st:210,795,117 at XuiSkin$EntityUiStyle.Load          > Could not find icon: Build_SmeltingFurnace, script = Simple Furnace
WARN : General      f:0 st:210,795,117 at XuiSkin$EntityUiStyle.Load          > Could not find icon: Build_BarricadeWindow_Plank, script = Planks Barricade
WARN : General      f:0 st:210,795,117 at XuiSkin$EntityUiStyle.Load          > Could not find icon: Item_Logs, script = Tree Stump
WARN : General      f:0 st:210,795,117 at XuiSkin$EntityUiStyle.LoadComponentInfo> Could not find icon: Item_Logs
WARN : General      f:0 st:210,795,117 at XuiSkin$EntityUiStyle.Load          > Could not find icon: Build_CrateWood, script = Wooden Crate (Craftsman)
WARN : General      f:0 st:210,795,117 at XuiSkin$EntityUiStyle.Load          > Could not find icon: Build_TallWireGate, script = Big Wire Fence Gate
WARN : General      f:0 st:210,795,118 at XuiSkin$EntityUiStyle.Load          > Could not find icon: Build_CrateWood, script = Wooden Crate (Basic)
WARN : General      f:0 st:210,795,118 at XuiSkin$EntityUiStyle.Load          > Could not find icon: Build_DoubleWireFence, script = Big Wire Fence
WARN : General      f:0 st:210,795,118 at XuiSkin$EntityUiStyle.Load          > Could not find icon: Build_Composter, script = Composter (Craftsman)
WARN : General      f:0 st:210,795,118 at XuiSkin$EntityUiStyle.Load          > Could not find icon: Build_Amphora, script = Amphora
WARN : General      f:0 st:210,795,118 at XuiSkin$EntityUiStyle.Load          > Could not find icon: Build_Coalpit, script = Charcoal Burning Pile
WARN : General      f:0 st:210,795,119 at XuiSkin$EntityUiStyle.Load          > Could not find icon: Build_FloorTileWood, script = Wooden Floor (Craftsman)
WARN : General      f:0 st:210,795,119 at XuiSkin$EntityUiStyle.Load          > Could not find icon: Build_FloorTileWood, script = Wooden Floor (Advanced)
WARN : General      f:0 st:210,795,119 at XuiSkin$EntityUiStyle.Load          > Could not find icon: Build_FloorTileWood, script = Wooden Floor (Basic)
WARN : General      f:0 st:210,795,119 at XuiSkin$EntityUiStyle.Load          > Could not find icon: Item_CarBatteryCharger, script = CeroSec - FS-800
WARN : General      f:0 st:210,795,119 at XuiSkin$EntityUiStyle.Load          > Could not find icon: Build_Wall_Wallpaper, script = Apply Wallpaper
WARN : General      f:0 st:210,795,119 at XuiSkin$EntityUiStyle.Load          > Could not find icon: Build_Chair, script = Wooden Chair (Basic)
WARN : General      f:0 st:210,795,120 at XuiSkin$EntityUiStyle.Load          > Could not find icon: Build_FlashlightLamp, script = Wooden Flashlight Pillar
WARN : General      f:0 st:210,795,120 at XuiSkin$EntityUiStyle.Load          > Could not find icon: Build_Chair, script = Wooden Chair (Advanced)
WARN : General      f:0 st:210,795,120 at XuiSkin$EntityUiStyle.Load          > Could not find icon: Build_FenceHighMetalPosts, script = Big Metal Pole Fence
WARN : General      f:0 st:210,795,120 at XuiSkin$EntityUiStyle.Load          > Could not find icon: Build_Chair, script = Wooden Chair (Craftsman)
WARN : General      f:0 st:210,795,120 at XuiSkin$EntityUiStyle.Load          > Could not find icon: Build_LogStool, script = Log Stool
WARN : General      f:0 st:210,795,121 at XuiSkin$EntityUiStyle.Load          > Could not find icon: Build_TableSmallWood, script = Small Wooden Table (Craftsman)
WARN : General      f:0 st:210,795,121 at XuiSkin$EntityUiStyle.LoadComponentInfo> Could not find icon: Build_TableSmallWood
WARN : General      f:0 st:210,795,121 at XuiSkin$EntityUiStyle.Load          > Could not find icon: Build_TableSmallWood, script = Small Wooden Table (Advanced)
WARN : General      f:0 st:210,795,121 at XuiSkin$EntityUiStyle.LoadComponentInfo> Could not find icon: Build_TableSmallWood
WARN : General      f:0 st:210,795,121 at XuiSkin$EntityUiStyle.Load          > Could not find icon: Build_TableSmallWood, script = Small Wooden Table (Basic)
WARN : General      f:0 st:210,795,122 at XuiSkin$EntityUiStyle.LoadComponentInfo> Could not find icon: Build_TableSmallWood
WARN : General      f:0 st:210,795,122 at XuiSkin$EntityUiStyle.Load          > Could not find icon: Item_CarBatteryCharger, script = Test Kiln
WARN : General      f:0 st:210,795,122 at XuiSkin$EntityUiStyle.LoadComponentInfo> Could not find icon: Item_Note2
WARN : General      f:0 st:210,795,122 at XuiSkin$EntityUiStyle.Load          > Could not find icon: Build_ShortWireGate, script = Metal Wire Fence Gate
WARN : General      f:0 st:210,795,123 at XuiSkin$EntityUiStyle.Load          > Could not find icon: Build_LogSeat, script = Log Seat
WARN : General      f:0 st:210,795,123 at XuiSkin$EntityUiStyle.Load          > Could not find icon: Item_PropaneTank, script = Steam Boiler
WARN : General      f:0 st:210,795,123 at XuiSkin$EntityUiStyle.Load          > Could not find icon: Build_TroughWoodLong, script = Long Wooden Feeding Trough
WARN : General      f:0 st:210,795,123 at XuiSkin$EntityUiStyle.Load          > Could not find icon: Build_MetalworkTable, script = Metalwork Table
WARN : General      f:0 st:210,795,123 at XuiSkin$EntityUiStyle.LoadComponentInfo> Could not find icon: Build_MetalworkTable
WARN : General      f:0 st:210,795,124 at XuiSkin$EntityUiStyle.Load          > Could not find icon: Item_Dice, script = Entity_DisplayName_Default
WARN : General      f:0 st:210,795,125 at XuiSkin$EntityUiStyle.LoadComponentInfo> Could not find icon: Item_Dice
WARN : General      f:0 st:210,795,125 at XuiSkin$EntityUiStyle.LoadComponentInfo> Could not find icon: Item_Dice
WARN : General      f:0 st:210,795,125 at XuiSkin$EntityUiStyle.LoadComponentInfo> Could not find icon: Item_Dice
WARN : General      f:0 st:210,795,125 at XuiSkin$EntityUiStyle.LoadComponentInfo> Could not find icon: Item_Dice
WARN : General      f:0 st:210,795,126 at XuiSkin$EntityUiStyle.Load          > Could not find icon: Build_FloorDirt, script = Dirt Floor
WARN : General      f:0 st:210,795,126 at XuiSkin$EntityUiStyle.Load          > Could not find icon: Build_DoorframeStone, script = Stone Doorframe
WARN : General      f:0 st:210,795,126 at XuiSkin$EntityUiStyle.Load          > Could not find icon: Build_PotteryBench, script = Pottery Bench
WARN : General      f:0 st:210,795,126 at XuiSkin$EntityUiStyle.LoadComponentInfo> Could not find icon: Build_PotteryBench
WARN : General      f:0 st:210,795,127 at XuiSkin$EntityUiStyle.Load          > Could not find icon: Build_Cairn, script = Stone Cairn
WARN : General      f:0 st:210,795,127 at XuiSkin$EntityUiStyle.Load          > Could not find icon: Build_WallWood, script = Wooden Wall (Advanced)
WARN : General      f:0 st:210,795,127 at XuiSkin$EntityUiStyle.Load          > Could not find icon: Build_WallWood, script = Wooden Wall (Basic)
WARN : General      f:0 st:210,795,127 at XuiSkin$EntityUiStyle.Load          > Could not find icon: Build_LeanToShelterSticks, script = Lean-to Shelter
WARN : General      f:0 st:210,795,127 at XuiSkin$EntityUiStyle.Load          > Could not find icon: Build_PotteryWheel, script = Pottery Wheel
WARN : General      f:0 st:210,795,127 at XuiSkin$EntityUiStyle.LoadComponentInfo> Could not find icon: Build_PotteryWheel
WARN : General      f:0 st:210,795,128 at XuiSkin$EntityUiStyle.Load          > Could not find icon: Build_CabinetStone, script = Stone Cabinet
WARN : General      f:0 st:210,795,128 at XuiSkin$EntityUiStyle.Load          > Could not find icon: Build_WallWood, script = Wooden Wall (Craftsman)
WARN : General      f:0 st:210,795,128 at XuiSkin$EntityUiStyle.Load          > Could not find icon: Build_WoodSign_Left, script = Paint Sign - Left Arrow
WARN : General      f:0 st:210,795,128 at XuiSkin$EntityUiStyle.Load          > Could not find icon: Build_PrimitiveFurnace, script = Primitive Furnace
WARN : General      f:0 st:210,795,128 at XuiSkin$EntityUiStyle.Load          > Could not find icon: Build_DoorframeWood, script = Wooden Doorframe (Craftsman)
WARN : General      f:0 st:210,795,128 at XuiSkin$EntityUiStyle.Load          > Could not find icon: Build_DoorframeWood, script = Wooden Doorframe (Advanced)
WARN : General      f:0 st:210,795,129 at XuiSkin$EntityUiStyle.Load          > Could not find icon: Build_DoorframeWood, script = Wooden Doorframe (Basic)
WARN : General      f:0 st:210,795,129 at XuiSkin$EntityUiStyle.Load          > Could not find icon: Build_WindowframeLogs, script = Log Window Frame
WARN : General      f:0 st:210,795,129 at XuiSkin$EntityUiStyle.Load          > Could not find icon: Build_FloorGravel, script = Gravel Floor
WARN : General      f:0 st:210,795,129 at XuiSkin$EntityUiStyle.Load          > Could not find icon: Item_WaterBottle, script = Bottling Machine
WARN : General      f:0 st:210,795,129 at XuiSkin$EntityUiStyle.Load          > Could not find icon: Build_WallBrick, script = Brick Wall (Basic)
WARN : General      f:0 st:210,795,130 at XuiSkin$EntityUiStyle.Load          > Could not find icon: Build_WallBrick, script = Brick Wall (Craftsman)
WARN : General      f:0 st:210,795,130 at XuiSkin$EntityUiStyle.Load          > Could not find icon: Build_DryingFrameLarge, script = Large Leather Drying Rack
WARN : General      f:0 st:210,795,130 at XuiSkin$EntityUiStyle.Load          > Could not find icon: Build_RippleComb, script = Ripple Comb
WARN : General      f:0 st:210,795,130 at XuiSkin$EntityUiStyle.Load          > Could not find icon: Build_Wall_Paint, script = Paint Wall / Item
WARN : General      f:0 st:210,795,131 at XuiSkin$EntityUiStyle.Load          > Could not find icon: Build_FenceWood, script = Wooden Fence (Craftsman)
WARN : General      f:0 st:210,795,131 at XuiSkin$EntityUiStyle.Load          > Could not find icon: Build_FenceWood, script = Wooden Fence (Advanced)
WARN : General      f:0 st:210,795,131 at XuiSkin$EntityUiStyle.Load          > Could not find icon: Build_LogTable, script = Log Table
WARN : General      f:0 st:210,795,131 at XuiSkin$EntityUiStyle.Load          > Could not find icon: Build_FenceWood, script = Wooden Fence (Basic)
WARN : General      f:0 st:210,795,131 at XuiSkin$EntityUiStyle.Load          > Could not find icon: Build_ForgeAdvanced, script = Advanced Forge
WARN : General      f:0 st:210,795,132 at XuiSkin$EntityUiStyle.Load          > Could not find icon: Build_GunLocker, script = Small Metal Locker (Craftsman)
WARN : General      f:0 st:210,795,132 at XuiSkin$EntityUiStyle.Load          > Could not find icon: Build_GunLocker, script = Small Metal Locker (Basic)
WARN : General      f:0 st:210,795,132 at XuiSkin$EntityUiStyle.Load          > Could not find icon: Build_RainCollectorCrate, script = Rain Collector Crate (Tarp)
WARN : General      f:0 st:210,795,132 at XuiSkin$EntityUiStyle.Load          > Could not find icon: Build_ButterChurn, script = Butter Churn
WARN : General      f:0 st:210,795,132 at XuiSkin$EntityUiStyle.Load          > Could not find icon: Build_Stake_SkullCow, script = Cow Skull Pole
WARN : General      f:0 st:210,795,133 at XuiSkin$EntityUiStyle.Load          > Could not find icon: Build_FloorTileMetal, script = Metal Floor
WARN : General      f:0 st:210,795,133 at XuiSkin$EntityUiStyle.Load          > Could not find icon: Build_Handpress, script = Hand-Operated Press
WARN : General      f:0 st:210,795,133 at XuiSkin$EntityUiStyle.LoadComponentInfo> Could not find icon: Build_Handpress
WARN : General      f:0 st:210,795,133 at XuiSkin$EntityUiStyle.Load          > Could not find icon: Build_MetalCounterCorner, script = Metal Counter Corner (Craftsman)
WARN : General      f:0 st:210,795,133 at XuiSkin$EntityUiStyle.Load          > Could not find icon: Build_MetalCounterCorner, script = Metal Counter Corner (Basic)
WARN : General      f:0 st:210,795,134 at XuiSkin$EntityUiStyle.Load          > Could not find icon: Build_WoodCounterCorner, script = Wooden Counter Corner (Basic)
WARN : General      f:0 st:210,795,134 at XuiSkin$EntityUiStyle.Load          > Could not find icon: Build_HeckleComb, script = Heckle Comb
WARN : General      f:0 st:210,795,134 at XuiSkin$EntityUiStyle.Load          > Could not find icon: Build_Stake_SkullPig, script = Pig Skull Pole
WARN : General      f:0 st:210,795,134 at XuiSkin$EntityUiStyle.Load          > Could not find icon: Build_ScutchingBoard, script = Scutching Board
WARN : General      f:0 st:210,795,134 at XuiSkin$EntityUiStyle.Load          > Could not find icon: Build_FenceMetalPosts, script = Metal Pole Fence Gate
WARN : General      f:0 st:210,795,135 at XuiSkin$EntityUiStyle.Load          > Could not find icon: Build_DoublePoleGate, script = Double Tall Metal Pole Gate
WARN : General      f:0 st:210,795,135 at XuiSkin$EntityUiStyle.Load          > Could not find icon: Build_WoodCounter, script = Wooden Counter (Advanced)
WARN : General      f:0 st:210,795,135 at XuiSkin$EntityUiStyle.Load          > Could not find icon: Build_WoodCounterCorner, script = Wooden Counter Corner (Craftsman)
WARN : General      f:0 st:210,795,135 at XuiSkin$EntityUiStyle.Load          > Could not find icon: Build_WoodCounter, script = Wooden Counter (Basic)
WARN : General      f:0 st:210,795,135 at XuiSkin$EntityUiStyle.Load          > Could not find icon: Build_WoodCounterCorner, script = Wooden Counter Corner (Advanced)
WARN : General      f:0 st:210,795,135 at XuiSkin$EntityUiStyle.Load          > Could not find icon: Build_WoodCounter, script = Wooden Counter (Craftsman)
WARN : General      f:0 st:210,795,136 at XuiSkin$EntityUiStyle.Load          > Could not find icon: Build_RainCollectorBarrel2, script = Rain Collector Barrel (Garbage Bags)
WARN : General      f:0 st:210,795,136 at XuiSkin$EntityUiStyle.Load          > Could not find icon: Build_WoodSign_Up, script = Paint Sign - Up Arrow
WARN : General      f:0 st:210,795,136 at XuiSkin$EntityUiStyle.Load          > Could not find icon: Build_WoodSign_Right, script = Paint Sign - Right Arrow
WARN : General      f:0 st:210,795,136 at XuiSkin$EntityUiStyle.Load          > Could not find icon: Item_SheetMetal, script = Hydraulic Press
WARN : General      f:0 st:210,795,136 at XuiSkin$EntityUiStyle.Load          > Could not find icon: Build_FenceMetal, script = Metal Fence (Craftsman)
WARN : General      f:0 st:210,795,137 at XuiSkin$EntityUiStyle.Load          > Could not find icon: Build_FenceLogs, script = Log Fence
WARN : General      f:0 st:210,795,137 at XuiSkin$EntityUiStyle.Load          > Could not find icon: Build_FenceMetal, script = Metal Fence (Basic)
WARN : General      f:0 st:210,795,137 at XuiSkin$EntityUiStyle.Load          > Could not find icon: Item_Orange, script = Juice Maker
WARN : General      f:0 st:210,795,137 at XuiSkin$EntityUiStyle.Load          > Could not find icon: Build_Campfire, script = Campfire
WARN : General      f:0 st:210,795,137 at XuiSkin$EntityUiStyle.LoadComponentInfo> Could not find icon: Build_Campfire
WARN : General      f:0 st:210,795,138 at XuiSkin$EntityUiStyle.Load          > Could not find icon: Build_StairsMetal, script = Metal Stairs
WARN : General      f:0 st:210,795,138 at XuiSkin$EntityUiStyle.Load          > Could not find icon: Build_TroughWoodShort, script = Short Wooden Feeding Trough
WARN : General      f:0 st:210,795,138 at XuiSkin$EntityUiStyle.Load          > Could not find icon: Item_Anvil_Forged, script = Advanced Makeshift Electric Blower Forge
WARN : General      f:0 st:210,795,138 at XuiSkin$EntityUiStyle.LoadComponentInfo> Could not find icon: Item_Anvil_Forged
WARN : General      f:0 st:210,795,138 at XuiSkin$EntityUiStyle.Load          > Could not find icon: Build_WallStone, script = Stone Wall
WARN : General      f:0 st:210,795,139 at XuiSkin$EntityUiStyle.Load          > Could not find icon: Build_Stake_SkullDoe, script = Doe Skull Pole
WARN : General      f:0 st:210,795,139 at XuiSkin$EntityUiStyle.Load          > Could not find icon: Build_WindowBlack, script = Wooden Windows
WARN : General      f:0 st:210,795,139 at XuiSkin$EntityUiStyle.Load          > Could not find icon: Item_Clamp_Forged, script = Standing Drill Press
WARN : General      f:0 st:210,795,139 at XuiSkin$EntityUiStyle.LoadComponentInfo> Could not find icon: Item_Clamp_Forged
WARN : General      f:0 st:210,795,139 at XuiSkin$EntityUiStyle.Load          > Could not find icon: Build_KilnSmall, script = Primitive Kiln
WARN : General      f:0 st:210,795,140 at XuiSkin$EntityUiStyle.Load          > Could not find icon: Build_ShelvesMetal, script = Metal Shelves (Basic)
WARN : General      f:0 st:210,795,140 at XuiSkin$EntityUiStyle.Load          > Could not find icon: Build_ShelvesMetal, script = Metal Shelves (Craftsman)
WARN : General      f:0 st:210,795,140 at XuiSkin$EntityUiStyle.Load          > Could not find icon: Build_DomeKiln, script = Dome Kiln
WARN : General      f:0 st:210,795,140 at XuiSkin$EntityUiStyle.Load          > Could not find icon: Build_Loom, script = Loom
WARN : General      f:0 st:210,795,140 at XuiSkin$EntityUiStyle.Load          > Could not find icon: Build_BarricadeWindow_Sheet, script = Metal Sheet Barricade
WARN : General      f:0 st:210,795,140 at XuiSkin$EntityUiStyle.Load          > Could not find icon: Build_DoubleWoodGate, script = Double Tall Wooden Gate
WARN : General      f:0 st:210,795,141 at XuiSkin$EntityUiStyle.Load          > Could not find icon: Build_StoneMill, script = Stone Mill
WARN : General      f:0 st:210,795,141 at XuiSkin$EntityUiStyle.LoadComponentInfo> Could not find icon: Build_StoneMill
WARN : General      f:0 st:210,795,141 at XuiSkin$EntityUiStyle.Load          > Could not find icon: Build_WallMetal, script = Metal Wall (Craftsman)
WARN : General      f:0 st:210,795,141 at XuiSkin$EntityUiStyle.Load          > Could not find icon: Item_ClayMold_Shingle, script = Well
WARN : General      f:0 st:210,795,141 at XuiSkin$EntityUiStyle.Load          > Could not find icon: Item_Boulder, script = Boulder
WARN : General      f:0 st:210,795,142 at XuiSkin$EntityUiStyle.LoadComponentInfo> Could not find icon: Item_Boulder
WARN : General      f:0 st:210,795,142 at XuiSkin$EntityUiStyle.Load          > Could not find icon: Build_WindowframeWood, script = Wooden Window Frame (Advanced)
WARN : General      f:0 st:210,795,142 at XuiSkin$EntityUiStyle.Load          > Could not find icon: Build_WindowframeWood, script = Wooden Window Frame (Craftsman)
WARN : General      f:0 st:210,795,142 at XuiSkin$EntityUiStyle.Load          > Could not find icon: Build_StickBookcase, script = Crude Wooden Bookcase
WARN : General      f:0 st:210,795,142 at XuiSkin$EntityUiStyle.Load          > Could not find icon: Build_CabinetMetal, script = Big Metal Locker (Basic)
WARN : General      f:0 st:210,795,143 at XuiSkin$EntityUiStyle.Load          > Could not find icon: Build_ChoppingBlock, script = Chopping Block
WARN : General      f:0 st:210,795,143 at XuiSkin$EntityUiStyle.LoadComponentInfo> Could not find icon: Build_ChoppingBlock
WARN : General      f:0 st:210,795,143 at XuiSkin$EntityUiStyle.Load          > Could not find icon: Build_WallMetal, script = Metal Wall (Basic)
WARN : General      f:0 st:210,795,143 at XuiSkin$EntityUiStyle.Load          > Could not find icon: Item_Logs, script = Sawmill
WARN : General      f:0 st:210,795,143 at XuiSkin$EntityUiStyle.Load          > Could not find icon: Build_WindowframeWood, script = Wooden Window Frame (Basic)
WARN : General      f:0 st:210,795,144 at XuiSkin$EntityUiStyle.Load          > Could not find icon: Build_CabinetMetal, script = Big Metal Locker (Craftsman)
WARN : General      f:0 st:210,795,144 at XuiSkin$EntityUiStyle.Load          > Could not find icon: Build_WindowframeBrick, script = Brick Window Frame (Craftsman)
WARN : General      f:0 st:210,795,144 at XuiSkin$EntityUiStyle.Load          > Could not find icon: Build_WindowframeBrick, script = Brick Window Frame (Basic)
WARN : General      f:0 st:210,795,144 at XuiSkin$EntityUiStyle.Load          > Could not find icon: Build_CookingPitSimple, script = Fire Pit (Stones)
WARN : General      f:0 st:210,795,144 at XuiSkin$EntityUiStyle.Load          > Could not find icon: Build_FenceWire, script = Barbed Wire Fence
WARN : General      f:0 st:210,795,144 at XuiSkin$EntityUiStyle.Load          > Could not find icon: Build_CrateMetal, script = Metal Crate (Craftsman)
WARN : General      f:0 st:210,795,144 at XuiSkin$EntityUiStyle.Load          > Could not find icon: Build_CrateMetal, script = Metal Crate (Basic)
WARN : General      f:0 st:210,795,145 at XuiSkin$EntityUiStyle.Load          > Could not find icon: Build_AnvilStone, script = Stone Anvil
WARN : General      f:0 st:210,795,145 at XuiSkin$EntityUiStyle.LoadComponentInfo> Could not find icon: Build_AnvilStone
WARN : General      f:0 st:210,795,145 at XuiSkin$EntityUiStyle.Load          > Could not find icon: Item_WaterTank, script = Water Dispenser
WARN : General      f:0 st:210,795,145 at XuiSkin$EntityUiStyle.Load          > Could not find icon: Build_DoorframeMetal, script = Metal Doorframe (Basic)
WARN : General      f:0 st:210,795,145 at XuiSkin$EntityUiStyle.Load          > Could not find icon: Build_LeanToShelterLeather, script = Leather Shelter
WARN : General      f:0 st:210,795,145 at XuiSkin$EntityUiStyle.Load          > Could not find icon: Build_DoorframeMetal, script = Metal Doorframe (Craftsman)
WARN : General      f:0 st:210,795,146 at XuiSkin$EntityUiStyle.Load          > Could not find icon: Build_TableLargeWood, script = Wooden Table (Advanced)
WARN : General      f:0 st:210,795,146 at XuiSkin$EntityUiStyle.LoadComponentInfo> Could not find icon: Build_TableLargeWood
WARN : General      f:0 st:210,795,146 at XuiSkin$EntityUiStyle.Load          > Could not find icon: Build_LogSeat2, script = Crude Wooden Stool
WARN : General      f:0 st:210,795,146 at XuiSkin$EntityUiStyle.Load          > Could not find icon: Build_TableLargeWood, script = Wooden Table (Basic)
WARN : General      f:0 st:210,795,146 at XuiSkin$EntityUiStyle.LoadComponentInfo> Could not find icon: Build_TableLargeWood
WARN : General      f:0 st:210,795,146 at XuiSkin$EntityUiStyle.Load          > Could not find icon: Build_TableLargeWood, script = Wooden Table (Craftsman)
WARN : General      f:0 st:210,795,147 at XuiSkin$EntityUiStyle.LoadComponentInfo> Could not find icon: Build_TableLargeWood
WARN : General      f:0 st:210,795,147 at XuiSkin$EntityUiStyle.Load          > Could not find icon: Build_HerbDryerSmall, script = Simple Small Plant Drying Rack
WARN : General      f:0 st:210,795,147 at XuiSkin$EntityUiStyle.Load          > Could not find icon: Build_DoorframeBrick, script = Brick Doorframe (Basic)
WARN : General      f:0 st:210,795,147 at XuiSkin$EntityUiStyle.Load          > Could not find icon: Build_DoorframeBrick, script = Brick Doorframe (Craftsman)
WARN : General      f:0 st:210,795,147 at XuiSkin$EntityUiStyle.Load          > Could not find icon: Item_Key_Blank, script = Key Duplicator
WARN : General      f:0 st:210,795,148 at XuiSkin$EntityUiStyle.Load          > Could not find icon: Build_MetalCounter, script = Metal Counter (Basic)
WARN : General      f:0 st:210,795,148 at XuiSkin$EntityUiStyle.Load          > Could not find icon: Build_MetalCounter, script = Metal Counter (Craftsman)
WARN : General      f:0 st:210,795,148 at XuiSkin$EntityUiStyle.Load          > Could not find icon: Build_WallLogs, script = Log Wall
WARN : General      f:0 st:210,795,148 at XuiSkin$EntityUiStyle.Load          > Could not find icon: Item_Anvil_Forged, script = Electric Blower Forge
WARN : General      f:0 st:210,795,148 at XuiSkin$EntityUiStyle.LoadComponentInfo> Could not find icon: Item_Anvil_Forged
WARN : General      f:0 st:210,795,149 at XuiSkin$EntityUiStyle.Load          > Could not find icon: Build_DryingFrameSmall, script = Small Leather Drying Rack
WARN : General      f:0 st:210,795,149 at XuiSkin$EntityUiStyle.Load          > Could not find icon: Build_WindowframeStone, script = Stone Window Frame
WARN : General      f:0 st:210,795,149 at XuiSkin$EntityUiStyle.Load          > Could not find icon: Build_FurnaceAdvanced, script = Advanced Furnace
WARN : General      f:0 st:210,795,149 at XuiSkin$EntityUiStyle.Load          > Could not find icon: Build_DryingFrameSmall, script = Medium Leather Drying Rack
WARN : General      f:0 st:210,795,149 at XuiSkin$EntityUiStyle.Load          > Could not find icon: Item_Rock, script = Grinding Slab
WARN : General      f:0 st:210,795,150 at XuiSkin$EntityUiStyle.LoadComponentInfo> Could not find icon: Item_Rock
WARN : General      f:0 st:210,795,150 at XuiSkin$EntityUiStyle.Load          > Could not find icon: Build_BarrelOven, script = Metal Barrel Oven
WARN : General      f:0 st:210,795,150 at XuiSkin$EntityUiStyle.Load          > Could not find icon: Build_CharcoalDrum, script = Charcoal Burning Barrel
WARN : General      f:0 st:210,795,150 at XuiSkin$EntityUiStyle.Load          > Could not find icon: Build_StairsWood, script = Wooden Stairs
WARN : General      f:0 st:210,795,150 at XuiSkin$EntityUiStyle.Load          > Could not find icon: Item_Ingot_Steel, script = Arc Furnace
WARN : General      f:0 st:210,795,150 at XuiSkin$EntityUiStyle.LoadComponentInfo> Could not find icon: Item_Ingot_Steel
WARN : General      f:0 st:210,795,151 at XuiSkin$EntityUiStyle.Load          > Could not find icon: Build_TroughMetal, script = Long Metal Feeding Trough
WARN : General      f:0 st:210,795,151 at XuiSkin$EntityUiStyle.Load          > Could not find icon: Build_KilnLarge, script = Advanced Kiln
WARN : General      f:0 st:210,795,151 at XuiSkin$EntityUiStyle.Load          > Could not find icon: Build_ShelfWood, script = Wooden Shelf (Basic)
WARN : General      f:0 st:210,795,151 at XuiSkin$EntityUiStyle.Load          > Could not find icon: Build_RainCollectorCrate2, script = Rain Collector Crate (Garbage Bags)
WARN : General      f:0 st:210,795,151 at XuiSkin$EntityUiStyle.Load          > Could not find icon: Build_HerbDryerLarge, script = Simple Large Plant Drying Rack
WARN : General      f:0 st:210,795,152 at XuiSkin$EntityUiStyle.Load          > Could not find icon: Build_WoodPicket, script = Wooden Marker
WARN : General      f:0 st:210,795,152 at XuiSkin$EntityUiStyle.Load          > Could not find icon: Build_ShelfWood, script = Wooden Shelf (Craftsman)
WARN : General      f:0 st:210,795,152 at XuiSkin$EntityUiStyle.Load          > Could not find icon: Build_FloorSand, script = Sand Floor
WARN : General      f:0 st:210,795,152 at XuiSkin$EntityUiStyle.Load          > Could not find icon: Build_Sidetable, script = Wood Table with Drawer
WARN : General      f:0 st:210,795,152 at XuiSkin$EntityUiStyle.Load          > Could not find icon: Build_TanningBarrel, script = Tannin Barrel
WARN : General      f:0 st:210,795,152 at XuiSkin$EntityUiStyle.Load          > Could not find icon: Build_Sidetable, script = Wooden Table with Drawer (Craftsman)
WARN : General      f:0 st:210,795,153 at XuiSkin$EntityUiStyle.Load          > Could not find icon: Build_Sidetable, script = Wooden Table with Drawer (Basic)
WARN : General      f:0 st:210,795,153 at XuiSkin$EntityUiStyle.Load          > Could not find icon: Build_Bed, script = Wooden Bed
WARN : General      f:0 st:210,795,153 at XuiSkin$EntityUiStyle.Load          > Could not find icon: Build_SmeltingFurnace, script = Simple Forge
WARN : General      f:0 st:210,795,153 at XuiSkin$EntityUiStyle.Load          > Could not find icon: Build_LogBench, script = Log Bench
WARN : General      f:0 st:210,795,153 at XuiSkin$EntityUiStyle.Load          > Could not find icon: Build_StickBookcaseSmall, script = Crude Small Wooden Bookcase
WARN : General      f:0 st:210,795,154 at XuiSkin$EntityUiStyle.Load          > Could not find icon: Item_WaterDrop, script = Water Pump
WARN : General      f:0 st:210,795,154 at XuiSkin$EntityUiStyle.Load          > Could not find icon: Build_Grindstone, script = Grindstone
WARN : General      f:0 st:210,795,154 at XuiSkin$EntityUiStyle.Load          > Could not find icon: Item_Hacksaw, script = Metal Bandsaw
WARN : General      f:0 st:210,795,154 at XuiSkin$EntityUiStyle.Load          > Could not find icon: Build_BookcaseShort, script = Small Wooden Bookcase (Craftsman)
WARN : General      f:0 st:210,795,154 at XuiSkin$EntityUiStyle.Load          > Could not find icon: Build_MetalworkBench, script = Metalworkbench
WARN : General      f:0 st:210,795,155 at XuiSkin$EntityUiStyle.LoadComponentInfo> Could not find icon: Build_MetalworkBench
WARN : General      f:0 st:210,795,155 at XuiSkin$EntityUiStyle.Load          > Could not find icon: Item_Handle, script = Wooden Fence Post
WARN : General      f:0 st:210,795,155 at XuiSkin$EntityUiStyle.LoadComponentInfo> Could not find icon: Item_Handle
WARN : General      f:0 st:210,795,155 at XuiSkin$EntityUiStyle.Load          > Could not find icon: Build_BookcaseShort, script = Small Wooden Bookcase (Basic)
WARN : General      f:0 st:210,795,155 at XuiSkin$EntityUiStyle.Load          > Could not find icon: Build_Composter, script = Composter (Basic)
WARN : General      f:0 st:210,795,156 at XuiSkin$EntityUiStyle.Load          > Could not find icon: Build_FenceStakes, script = Crude Wooden Fence
WARN : General      f:0 st:210,795,156 at XuiSkin$EntityUiStyle.Load          > Could not find icon: Build_DoorframeLogs, script = Log Doorframe
WARN : General      f:0 st:210,795,156 at XuiSkin$EntityUiStyle.Load          > Could not find icon: Build_DoorFenceWood, script = Wooden Fence Gate
WARN : General      f:0 st:210,795,156 at XuiSkin$EntityUiStyle.Load          > Could not find icon: Build_SofteningBeam, script = Softening Beam
WARN : General      f:0 st:210,795,156 at XuiSkin$EntityUiStyle.Load          > Could not find icon: Build_ShortWireFence, script = Small Metal Wire Fence
WARN : General      f:0 st:210,795,157 at XuiSkin$EntityUiStyle.Load          > Could not find icon: Build_Stake_SkullStag, script = Deer Skull Pole
WARN : General      f:0 st:210,795,157 at XuiSkin$EntityUiStyle.Load          > Could not find icon: Item_Charcoal, script = Pit of Coals
WARN : General      f:0 st:210,795,157 at XuiSkin$EntityUiStyle.Load          > Could not find icon: Build_HerbDryerSmall, script = Small Plant Drying Rack
WARN : General      f:0 st:210,795,157 at XuiSkin$EntityUiStyle.Load          > Could not find icon: Item_BlowTorch, script = Metalwork Lathe
WARN : General      f:0 st:210,795,157 at XuiSkin$EntityUiStyle.LoadComponentInfo> Could not find icon: Item_BlowTorch
WARN : General      f:0 st:210,795,157 at XuiSkin$EntityUiStyle.Load          > Could not find icon: Build_LogTable2, script = Crude Wooden Table
WARN : General      f:0 st:210,795,158 at XuiSkin$EntityUiStyle.Load          > Could not find icon: Build_Coffin, script = Wooden Coffin
WARN : General      f:0 st:210,795,158 at XuiSkin$EntityUiStyle.Load          > Could not find icon: Build_Stake_Antlers, script = Antlers Pole
WARN : General      f:0 st:210,795,158 at XuiSkin$EntityUiStyle.Load          > Could not find icon: Build_Stake_SkullSheep, script = Sheep Skull Pole
WARN : General      f:0 st:210,795,158 at XuiSkin$EntityUiStyle.Load          > Could not find icon: Item_WaterDrop, script = Steam Turbine
WARN : General      f:0 st:210,795,158 at XuiSkin$EntityUiStyle.Load          > Could not find icon: Build_Coop2, script = Chicken Hutch (Dark Wood)
WARN : General      f:0 st:210,795,159 at XuiSkin$EntityUiStyle.Load          > Could not find icon: Build_FenceOpenLogs, script = Wide Log Gate
WARN : General      f:0 st:210,795,159 at XuiSkin$EntityUiStyle.Load          > Could not find icon: Build_PoleGate, script = Big Pole Fence Gate
WARN : General      f:0 st:210,795,159 at XuiSkin$EntityUiStyle.Load          > Could not find icon: Build_StairsLogs, script = Log Stairs
WARN : General      f:0 st:210,795,159 at XuiSkin$EntityUiStyle.Load          > Could not find icon: Item_Toast, script = Toaster
WARN : General      f:0 st:210,795,159 at XuiSkin$EntityUiStyle.Load          > Could not find icon: Build_FloorTilePorcelain, script = Tile Floor
WARN : General      f:0 st:210,795,159 at XuiSkin$EntityUiStyle.Load          > Could not find icon: Build_CrossSimple, script = Crude Wooden Cross
WARN : General      f:0 st:210,795,160 at XuiSkin$EntityUiStyle.Load          > Could not find icon: Item_Charcoal, script = Large Pit of Coals
WARN : General      f:0 st:210,795,160 at XuiSkin$EntityUiStyle.Load          > Could not find icon: Build_ButcherHook, script = Butcher Hook
WARN : General      f:0 st:210,795,161 at XuiSkin$EntityUiStyle.Load          > Could not find icon: Build_SpinningWheel, script = Spinning Wheel
WARN : General      f:0 st:210,795,161 at XuiSkin$EntityUiStyle.Load          > Could not find icon: Build_Coop, script = Chicken Hutch (Light Wood)
WARN : General      f:0 st:210,795,161 at XuiSkin$EntityUiStyle.Load          > Could not find icon: Build_Bookcase, script = Wooden Bookcase (Basic)
WARN : General      f:0 st:210,795,162 at XuiSkin$EntityUiStyle.LoadComponentInfo> Could not find icon: Build_Bookcase
WARN : General      f:0 st:210,795,162 at XuiSkin$EntityUiStyle.Load          > Could not find icon: Item_Petrol, script = Generator Maintenance
WARN : General      f:0 st:210,795,162 at XuiSkin$EntityUiStyle.Load          > Could not find icon: Build_Bookcase, script = Wooden Bookcase (Craftsman)
WARN : General      f:0 st:210,795,162 at XuiSkin$EntityUiStyle.Load          > Could not find icon: Build_BarricadeWindow_Bars, script = Metal Bar Barricade
WARN : General      f:0 st:210,795,163 at XuiSkin$EntityUiStyle.Load          > Could not find icon: Build_Stake_SkullBull, script = Bull Skull Pole
WARN : General      f:0 st:210,795,163 at XuiSkin$EntityUiStyle.Load          > Could not find icon: Build_Wall_Plaster, script = Plaster Wall
WARN : General      f:0 st:210,795,163 at XuiSkin$EntityUiStyle.Load          > Could not find icon: Build_CookingPit, script = Fire Pit (Stone Blocks)
WARN : General      f:0 st:210,795,163 at XuiSkin$EntityUiStyle.Load          > Could not find icon: Build_LoomSimple, script = Simple Loom
WARN : General      f:0 st:210,795,163 at XuiSkin$EntityUiStyle.Load          > Could not find icon: Build_WoodSign_Skull, script = Paint Sign - Skull
WARN : General      f:0 st:210,795,164 at XuiSkin$EntityUiStyle.Load          > Could not find icon: Build_WindowframeMetal, script = Metal Window Frame (Basic)
WARN : General      f:0 st:210,795,164 at XuiSkin$EntityUiStyle.Load          > Could not find icon: Build_WindowframeMetal, script = Metal Window Frame (Craftsman)
WARN : General      f:0 st:210,795,164 at XuiSkin$EntityUiStyle.Load          > Could not find icon: Build_DoubleWireGate, script = Double Tall Wire Fence Gate
WARN : General      f:0 st:210,795,164 at XuiSkin$EntityUiStyle.Load          > Could not find icon: Build_RainCollectorBarrel, script = Rain Collector Barrel (Tarp)
WARN : General      f:0 st:210,795,164 at XuiSkin$EntityUiStyle.Load          > Could not find icon: Build_FenceBrick, script = Short Brick Wall
WARN : General      f:0 st:210,795,164 at XuiSkin$EntityUiStyle.Load          > Could not find icon: Build_LogSeat, script = Short Log Bench
WARN : General      f:0 st:210,795,165 at XuiSkin$EntityUiStyle.LoadComponentInfo> Could not find icon: Build_LogSeat
WARN : General      f:0 st:210,795,165 at XuiSkin$EntityUiStyle.Load          > Could not find icon: Build_FenceMetalPosts, script = Metal Pole Fence
WARN : General      f:0 st:210,795,165 at XuiSkin$EntityUiStyle.Load          > Could not find icon: Build_DoorWood, script = Wooden Door (Advanced)
WARN : General      f:0 st:210,795,165 at XuiSkin$EntityUiStyle.Load          > Could not find icon: Build_WallframeMetal, script = Metal Wall Frame
WARN : General      f:0 st:210,795,165 at XuiSkin$EntityUiStyle.Load          > Could not find icon: Build_DoorWood, script = Wooden Door (Basic)
WARN : General      f:0 st:210,795,166 at XuiSkin$EntityUiStyle.Load          > Could not find icon: Build_WallframeWood, script = Wooden Wall Frame
WARN : General      f:0 st:210,795,166 at XuiSkin$EntityUiStyle.Load          > Could not find icon: Item_Anvil_Stone, script = Primitive Forge
WARN : General      f:0 st:210,795,166 at XuiSkin$EntityUiStyle.Load          > Could not find icon: Build_DoorMetal, script = Metal Door (Poor)
WARN : General      f:0 st:210,795,166 at XuiSkin$EntityUiStyle.Load          > Could not find icon: Build_DoorWeldedMetal, script = Metal Door (Shoddy)
WARN : General      f:0 st:210,795,166 at XuiSkin$EntityUiStyle.Load          > Could not find icon: Build_DoorWood, script = Wooden Door (Craftsman)
WARN : General      f:0 st:210,795,167 at XuiSkin$EntityUiStyle.Load          > Could not find icon: Build_Cross, script = Wooden Cross
WARN : General      f:0 st:210,795,167 at XuiSkin$EntityUiStyle.Load          > Could not find icon: Build_ShelvesWood, script = Double Wooden Shelves
WARN : General      f:0 st:210,795,167 at XuiSkin$EntityUiStyle.Load          > Could not find icon: Item_MugFulll, script = Coffee Machine
WARN : General      f:0 st:210,795,167 at XuiSkin$EntityUiStyle.Load          > Could not find icon: Item_RailroadRail_Short, script = Makeshift Electric Blower Forge
WARN : General      f:0 st:210,795,167 at XuiSkin$EntityUiStyle.LoadComponentInfo> Could not find icon: Item_RailroadRail_Short
WARN : General      f:0 st:210,795,167 at XuiSkin$EntityUiStyle.Load          > Could not find icon: Build_LeanToShelterTarp, script = Tarp Shelter
WARN : General      f:0 st:210,795,168 at XuiSkin$EntityUiStyle.Load          > Could not find icon: Build_HerbDryerLarge, script = Large Plant Drying Rack
WARN : General      f:0 st:210,795,168 at XuiSkin$EntityUiStyle.Load          > Could not find icon: Build_StoneQuern, script = Stone Quern
WARN : General      f:0 st:210,795,169 at XuiSkin$EntityUiStyle.LoadComponentInfo> Could not find icon: Build_StoneQuern
WARN : General      f:0 st:210,795,169 at XuiSkin$EntityUiStyle.Load          > Could not find icon: Build_WoodSign, script = Wooden Sign
WARN : General      f:0 st:210,795,169 at XuiSkin$EntityUiStyle.Load          > Could not find icon: Build_WoodPole_Tall, script = Wooden Pole
WARN : General      f:0 st:210,795,169 at XuiSkin$EntityUiStyle.Load          > Could not find icon: Build_WoodSign_Down, script = Paint Sign - Down Arrow
WARN : General      f:0 st:210,795,169 at XuiSkin$EntityUiStyle.Load          > Could not find icon: Item_Dice, script = Test Entity
WARN : General      f:0 st:210,795,169 at XuiSkin$EntityUiStyle.LoadComponentInfo> Could not find icon: Item_Note2
WARN : General      f:0 st:210,795,170 at XuiSkin$EntityUiStyle.Load          > Could not find icon: Build_SandbagWall, script = Sandbag Wall
WARN : General      f:0 st:210,795,170 at XuiSkin$EntityUiStyle.Load          > Could not find icon: Build_SmeltingFurnace, script = Simple Furnace
WARN : General      f:0 st:210,795,170 at XuiSkin$EntityUiStyle.Load          > Could not find icon: Build_BarricadeWindow_Plank, script = Planks Barricade
WARN : General      f:0 st:210,795,170 at XuiSkin$EntityUiStyle.Load          > Could not find icon: Item_Logs, script = Tree Stump
WARN : General      f:0 st:210,795,170 at XuiSkin$EntityUiStyle.LoadComponentInfo> Could not find icon: Item_Logs
WARN : General      f:0 st:210,795,171 at XuiSkin$EntityUiStyle.Load          > Could not find icon: Build_CrateWood, script = Wooden Crate (Craftsman)
WARN : General      f:0 st:210,795,171 at XuiSkin$EntityUiStyle.Load          > Could not find icon: Build_TallWireGate, script = Big Wire Fence Gate
WARN : General      f:0 st:210,795,171 at XuiSkin$EntityUiStyle.Load          > Could not find icon: Build_CrateWood, script = Wooden Crate (Basic)
WARN : General      f:0 st:210,795,171 at XuiSkin$EntityUiStyle.Load          > Could not find icon: Build_DoubleWireFence, script = Big Wire Fence
WARN : General      f:0 st:210,795,171 at XuiSkin$EntityUiStyle.Load          > Could not find icon: Build_Composter, script = Composter (Craftsman)
WARN : General      f:0 st:210,795,172 at XuiSkin$EntityUiStyle.Load          > Could not find icon: Build_Amphora, script = Amphora
WARN : General      f:0 st:210,795,172 at XuiSkin$EntityUiStyle.Load          > Could not find icon: Build_Coalpit, script = Charcoal Burning Pile
WARN : General      f:0 st:210,795,172 at XuiSkin$EntityUiStyle.Load          > Could not find icon: Build_FloorTileWood, script = Wooden Floor (Craftsman)
WARN : General      f:0 st:210,795,172 at XuiSkin$EntityUiStyle.Load          > Could not find icon: Build_FloorTileWood, script = Wooden Floor (Advanced)
WARN : General      f:0 st:210,795,172 at XuiSkin$EntityUiStyle.Load          > Could not find icon: Build_FloorTileWood, script = Wooden Floor (Basic)
WARN : General      f:0 st:210,795,173 at XuiSkin$EntityUiStyle.Load          > Could not find icon: Item_CarBatteryCharger, script = CeroSec - FS-800
WARN : General      f:0 st:210,795,173 at XuiSkin$EntityUiStyle.Load          > Could not find icon: Build_Wall_Wallpaper, script = Apply Wallpaper
WARN : General      f:0 st:210,795,173 at XuiSkin$EntityUiStyle.Load          > Could not find icon: Build_Chair, script = Wooden Chair (Basic)
WARN : General      f:0 st:210,795,173 at XuiSkin$EntityUiStyle.Load          > Could not find icon: Build_FlashlightLamp, script = Wooden Flashlight Pillar
WARN : General      f:0 st:210,795,173 at XuiSkin$EntityUiStyle.Load          > Could not find icon: Build_Chair, script = Wooden Chair (Advanced)
WARN : General      f:0 st:210,795,173 at XuiSkin$EntityUiStyle.Load          > Could not find icon: Build_FenceHighMetalPosts, script = Big Metal Pole Fence
WARN : General      f:0 st:210,795,174 at XuiSkin$EntityUiStyle.Load          > Could not find icon: Build_Chair, script = Wooden Chair (Craftsman)
WARN : General      f:0 st:210,795,174 at XuiSkin$EntityUiStyle.Load          > Could not find icon: Build_LogStool, script = Log Stool
WARN : General      f:0 st:210,795,174 at XuiSkin$EntityUiStyle.Load          > Could not find icon: Build_TableSmallWood, script = Small Wooden Table (Craftsman)
WARN : General      f:0 st:210,795,174 at XuiSkin$EntityUiStyle.LoadComponentInfo> Could not find icon: Build_TableSmallWood
WARN : General      f:0 st:210,795,174 at XuiSkin$EntityUiStyle.Load          > Could not find icon: Build_TableSmallWood, script = Small Wooden Table (Advanced)
WARN : General      f:0 st:210,795,174 at XuiSkin$EntityUiStyle.LoadComponentInfo> Could not find icon: Build_TableSmallWood
WARN : General      f:0 st:210,795,174 at XuiSkin$EntityUiStyle.Load          > Could not find icon: Build_TableSmallWood, script = Small Wooden Table (Basic)
WARN : General      f:0 st:210,795,175 at XuiSkin$EntityUiStyle.LoadComponentInfo> Could not find icon: Build_TableSmallWood
WARN : General      f:0 st:210,795,175 at XuiSkin$EntityUiStyle.Load          > Could not find icon: Item_CarBatteryCharger, script = Test Kiln
WARN : General      f:0 st:210,795,175 at XuiSkin$EntityUiStyle.LoadComponentInfo> Could not find icon: Item_Note2
WARN : General      f:0 st:210,795,175 at XuiSkin$EntityUiStyle.Load          > Could not find icon: Build_ShortWireGate, script = Metal Wire Fence Gate
WARN : General      f:0 st:210,795,175 at XuiSkin$EntityUiStyle.Load          > Could not find icon: Build_LogSeat, script = Log Seat
WARN : General      f:0 st:210,795,175 at XuiSkin$EntityUiStyle.Load          > Could not find icon: Item_PropaneTank, script = Steam Boiler
WARN : General      f:0 st:210,795,176 at XuiSkin$EntityUiStyle.Load          > Could not find icon: Build_TroughWoodLong, script = Long Wooden Feeding Trough
WARN : General      f:0 st:210,795,176 at XuiSkin$EntityUiStyle.Load          > Could not find icon: Build_MetalworkTable, script = Metalwork Table
WARN : General      f:0 st:210,795,176 at XuiSkin$EntityUiStyle.LoadComponentInfo> Could not find icon: Build_MetalworkTable
WARN : General      f:0 st:210,795,206 at TaggedObjectManager.createTagBits   > manager-> new tag discovered that was not preprocessed, tag: keyduplicator
WARN : General      f:0 st:210,795,208 at TaggedObjectManager.createTagBits   > manager-> new tag discovered that was not preprocessed, tag: choppingblock
WARN : Script       f:0 st:210,795,225 at ModelScript.check                   > no such model "null" for Base.BareHands
WARN : Script       f:0 st:210,795,231 at ModelScript.ScriptsLoaded           > different number of attachments on Cucumber and CucumberRotten
WARN : Script       f:0 st:210,795,231 at ModelScript.check                   > no such model "Base.null" for Base.NecklaceLong_SilverSapphire
WARN : Script       f:0 st:210,795,235 at ModelScript.ScriptsLoaded           > different number of attachments on FrenchFries_Hand and FrenchFries_HandBurnt
WARN : Script       f:0 st:210,795,235 at ModelScript.ScriptsLoaded           > different number of attachments on FrenchFries_Hand and FrenchFries_HandRotten
LOG  : General      f:0 st:210,795,746> LOADING ASSETS: START
LOG  : General      f:0 st:210,803,078> LOADING ASSETS: FINISH
WARN : Lua          f:0 st:210,804,537 at Lua(Vanilla).corpseStorageCheck     > require("ISUI/ISInventoryPaneContextMenu") failed
WARN : Lua          f:0 st:210,804,538 at Lua(Vanilla).corpseStorageCheck     > require("ISUI/ISVehicleMenu") failed
WARN : Lua          f:0 st:210,804,539 at Lua(Vanilla).corpseStorageCheck     > require("ISUI/ISContextMenu") failed
WARN : Lua          f:0 st:210,804,555 at Lua(Vanilla).ISCampingMenu          > require("Camping/CCampfireSystem") failed
WARN : Lua          f:0 st:210,804,863 at Lua(Vanilla).ISInventoryTransferUtil> require("TimedActions/ISInventoryTransferAction") failed
WARN : Lua          f:0 st:210,804,866 at Lua(Vanilla).ISInventoryTransferUtil> require("ISUI/PlayerData/ISPlayerData") failed
LOG  : Lua          f:0 st:210,805,873> Initializing Randomized World Tabletop Clutter Tables
WARN : Lua          f:0 st:210,805,921 at Lua(Vanilla).Features               > recursive require(): E:/SteamLibrary/steamapps/common/ProjectZomboid/media/lua/server/WorldGen/WorldGen.lua
WARN : Lua          f:0 st:210,805,949 at Lua(Vanilla).Biomes                 > recursive require(): E:/SteamLibrary/steamapps/common/ProjectZomboid/media/lua/server/WorldGen/WorldGen.lua
WARN : Lua          f:0 st:210,805,962 at Lua(Vanilla).Selection              > recursive require(): E:/SteamLibrary/steamapps/common/ProjectZomboid/media/lua/server/WorldGen/WorldGen.lua
WARN : Lua          f:0 st:210,805,962 at Lua(Vanilla).Veins                  > recursive require(): E:/SteamLibrary/steamapps/common/ProjectZomboid/media/lua/server/WorldGen/WorldGen.lua
WARN : Lua          f:0 st:210,805,963 at Lua(Vanilla).Roads                  > recursive require(): E:/SteamLibrary/steamapps/common/ProjectZomboid/media/lua/server/WorldGen/WorldGen.lua
WARN : Lua          f:0 st:210,805,963 at Lua(Vanilla).WorldGen               > recursive require(): E:/SteamLibrary/steamapps/common/ProjectZomboid/media/lua/server/WorldGen/attachments/Priorities.lua
LOG  : Lua          f:0 st:210,806,002> NLQA MP SERVER BOOT: authority=true requireOk=true error=nil
LOG  : Lua          f:0 st:210,806,002> NLQA MP SERVER BRIDGE: getClass=nil
LOG  : Lua          f:0 st:210,806,002> NLQA MP SERVER BRIDGE: importClass=nil
LOG  : Lua          f:0 st:210,806,002> NLQA MP SERVER BRIDGE: Java=nil
LOG  : Lua          f:0 st:210,806,002> NLQA MP SERVER BRIDGE: luautils=table
LOG  : Lua          f:0 st:210,806,003> NLQA MP SERVER BRIDGE: GameServer=nil
LOG  : Lua          f:0 st:210,806,003> NLQA MP SERVER BRIDGE: GameClient=nil
LOG  : Lua          f:0 st:210,806,003> NLQA MP SERVER BRIDGE: luautilsKeys=concatenateArrays,countItemsRecursive,equipItems,exportGlobals,findRootInventory,getConditionRGB,getCorrectSquareForWall,getNextTiles,haveToBeTransfered,haveToBeTransferedWhileTrading,indexOf,isEquipped,isSquareAdjacentToSquare,lerp,okModal,packString,remove,roughlyEqual,round,split,splitJavaStyle,stringEnds,stringStarts,tableContains,trim,unpackString,updatePerksXp,walk,walkAdj,walkAdjAltTest,walkAdjFence,walkAdjObject,walkAdjSquares,walkAdjSquaresExcluded,walkAdjTest,walkAdjWall,walkAdjWindowOrDoor,walkToContainer,walkToObject,weaponLowerCondition
LOG  : Lua          f:0 st:210,806,004> luaChecksum: 055688cc2691f57b0cdac8ccfa9ad171
LOG  : General      f:0 st:210,806,015> writing E:\pzmod\test-profile\mp-server\Server\servertest_SandboxVars.lua
LOG  : Network      f:0 st:210,806,077> Loading world...
LOG  : General      f:0 st:210,806,087> Loading worldgen params
LOG  : General      f:0 st:210,806,088> IsoMetaGrid.Create: begin scanning directories
LOG  : General      f:0 st:210,806,090> Looking in these map folders:
LOG  : General      f:0 st:210,806,091> <End of map-folders list>
LOG  : General      f:0 st:210,806,117> IsoMetaGrid.Create: X: [ -250 250 ], Y: [ -250 250 ]
LOG  : General      f:0 st:210,806,117> World seed: StZjddNFAtLGxyvc 101865925
LOG  : General      f:0 st:210,806,118> IsoMetaGrid.Create: finished scanning directories in 0.03 seconds
LOG  : General      f:0 st:210,806,167> IsoMetaGrid.Create: begin loading
LOG  : General      f:0 st:210,806,168> VehiclesDB2.init() start
LOG  : General      f:0 st:210,806,172> VehiclesDB2.init() end
LOG  : General      f:0 st:210,806,172> triggerEvent OnInitWorld
LOG  : General      f:0 st:210,806,173> SandboxOptions.load() start
LOG  : General      f:0 st:210,806,173> SandboxOptions.load() end
LOG  : General      f:0 st:210,806,173> ItemPickerJava.Parse() start
LOG  : General      f:0 st:210,806,424> ItemPickerJava.Parse() end
LOG  : General      f:0 st:210,806,426> LoadTileDefinitions start
WARN : Sprite       f:0 st:210,807,128 at IsoSpriteManager.AddSprite          > duplicate texture d_streetcracks_1_0 ignore ID=1050112, use ID=252928
WARN : Sprite       f:0 st:210,807,132 at IsoSpriteManager.AddSprite          > duplicate texture d_streetcracks_1_1 ignore ID=1050113, use ID=252929
WARN : Sprite       f:0 st:210,807,132 at IsoSpriteManager.AddSprite          > duplicate texture d_streetcracks_1_2 ignore ID=1050114, use ID=252930
WARN : Sprite       f:0 st:210,807,133 at IsoSpriteManager.AddSprite          > duplicate texture d_streetcracks_1_3 ignore ID=1050115, use ID=252931
WARN : Sprite       f:0 st:210,807,133 at IsoSpriteManager.AddSprite          > duplicate texture d_streetcracks_1_4 ignore ID=1050116, use ID=252932
WARN : Sprite       f:0 st:210,807,133 at IsoSpriteManager.AddSprite          > duplicate texture d_streetcracks_1_5 ignore ID=1050117, use ID=252933
WARN : Sprite       f:0 st:210,807,133 at IsoSpriteManager.AddSprite          > duplicate texture d_streetcracks_1_6 ignore ID=1050118, use ID=252934
WARN : Sprite       f:0 st:210,807,134 at IsoSpriteManager.AddSprite          > duplicate texture d_streetcracks_1_7 ignore ID=1050119, use ID=252935
WARN : Sprite       f:0 st:210,807,134 at IsoSpriteManager.AddSprite          > duplicate texture d_streetcracks_1_8 ignore ID=1050120, use ID=252936
WARN : Sprite       f:0 st:210,807,134 at IsoSpriteManager.AddSprite          > duplicate texture d_streetcracks_1_9 ignore ID=1050121, use ID=252937
WARN : Sprite       f:0 st:210,807,134 at IsoSpriteManager.AddSprite          > duplicate texture d_streetcracks_1_10 ignore ID=1050122, use ID=252938
WARN : Sprite       f:0 st:210,807,135 at IsoSpriteManager.AddSprite          > duplicate texture d_streetcracks_1_11 ignore ID=1050123, use ID=252939
WARN : Sprite       f:0 st:210,807,135 at IsoSpriteManager.AddSprite          > duplicate texture d_streetcracks_1_12 ignore ID=1050124, use ID=252940
WARN : Sprite       f:0 st:210,807,135 at IsoSpriteManager.AddSprite          > duplicate texture d_streetcracks_1_13 ignore ID=1050125, use ID=252941
WARN : Sprite       f:0 st:210,807,135 at IsoSpriteManager.AddSprite          > duplicate texture d_streetcracks_1_14 ignore ID=1050126, use ID=252942
WARN : Sprite       f:0 st:210,807,137 at IsoSpriteManager.AddSprite          > duplicate texture d_streetcracks_1_15 ignore ID=1050127, use ID=252943
WARN : Sprite       f:0 st:210,807,138 at IsoSpriteManager.AddSprite          > duplicate texture d_streetcracks_1_16 ignore ID=1050128, use ID=252944
WARN : Sprite       f:0 st:210,807,138 at IsoSpriteManager.AddSprite          > duplicate texture d_streetcracks_1_17 ignore ID=1050129, use ID=252945
WARN : Sprite       f:0 st:210,807,138 at IsoSpriteManager.AddSprite          > duplicate texture d_streetcracks_1_18 ignore ID=1050130, use ID=252946
WARN : Sprite       f:0 st:210,807,139 at IsoSpriteManager.AddSprite          > duplicate texture d_streetcracks_1_19 ignore ID=1050131, use ID=252947
WARN : Sprite       f:0 st:210,807,139 at IsoSpriteManager.AddSprite          > duplicate texture d_streetcracks_1_20 ignore ID=1050132, use ID=252948
WARN : Sprite       f:0 st:210,807,139 at IsoSpriteManager.AddSprite          > duplicate texture d_streetcracks_1_21 ignore ID=1050133, use ID=252949
WARN : Sprite       f:0 st:210,807,139 at IsoSpriteManager.AddSprite          > duplicate texture d_streetcracks_1_22 ignore ID=1050134, use ID=252950
WARN : Sprite       f:0 st:210,807,140 at IsoSpriteManager.AddSprite          > duplicate texture d_streetcracks_1_23 ignore ID=1050135, use ID=252951
WARN : Sprite       f:0 st:210,807,140 at IsoSpriteManager.AddSprite          > duplicate texture d_streetcracks_1_24 ignore ID=1050136, use ID=252952
WARN : Sprite       f:0 st:210,807,140 at IsoSpriteManager.AddSprite          > duplicate texture d_streetcracks_1_25 ignore ID=1050137, use ID=252953
WARN : Sprite       f:0 st:210,807,141 at IsoSpriteManager.AddSprite          > duplicate texture d_streetcracks_1_26 ignore ID=1050138, use ID=252954
WARN : Sprite       f:0 st:210,807,141 at IsoSpriteManager.AddSprite          > duplicate texture d_streetcracks_1_27 ignore ID=1050139, use ID=252955
WARN : Sprite       f:0 st:210,807,141 at IsoSpriteManager.AddSprite          > duplicate texture d_streetcracks_1_28 ignore ID=1050140, use ID=252956
WARN : Sprite       f:0 st:210,807,142 at IsoSpriteManager.AddSprite          > duplicate texture d_streetcracks_1_29 ignore ID=1050141, use ID=252957
WARN : Sprite       f:0 st:210,807,142 at IsoSpriteManager.AddSprite          > duplicate texture d_streetcracks_1_30 ignore ID=1050142, use ID=252958
WARN : Sprite       f:0 st:210,807,142 at IsoSpriteManager.AddSprite          > duplicate texture d_streetcracks_1_31 ignore ID=1050143, use ID=252959
WARN : Sprite       f:0 st:210,807,143 at IsoSpriteManager.AddSprite          > duplicate texture d_streetcracks_1_32 ignore ID=1050144, use ID=252960
WARN : Sprite       f:0 st:210,807,143 at IsoSpriteManager.AddSprite          > duplicate texture d_streetcracks_1_33 ignore ID=1050145, use ID=252961
WARN : Sprite       f:0 st:210,807,143 at IsoSpriteManager.AddSprite          > duplicate texture d_streetcracks_1_34 ignore ID=1050146, use ID=252962
WARN : Sprite       f:0 st:210,807,144 at IsoSpriteManager.AddSprite          > duplicate texture d_streetcracks_1_35 ignore ID=1050147, use ID=252963
WARN : Sprite       f:0 st:210,807,144 at IsoSpriteManager.AddSprite          > duplicate texture d_streetcracks_1_36 ignore ID=1050148, use ID=252964
WARN : Sprite       f:0 st:210,807,144 at IsoSpriteManager.AddSprite          > duplicate texture d_streetcracks_1_37 ignore ID=1050149, use ID=252965
WARN : Sprite       f:0 st:210,807,144 at IsoSpriteManager.AddSprite          > duplicate texture d_streetcracks_1_38 ignore ID=1050150, use ID=252966
WARN : Sprite       f:0 st:210,807,145 at IsoSpriteManager.AddSprite          > duplicate texture d_streetcracks_1_39 ignore ID=1050151, use ID=252967
WARN : Sprite       f:0 st:210,807,145 at IsoSpriteManager.AddSprite          > duplicate texture d_streetcracks_1_40 ignore ID=1050152, use ID=252968
WARN : Sprite       f:0 st:210,807,145 at IsoSpriteManager.AddSprite          > duplicate texture d_streetcracks_1_41 ignore ID=1050153, use ID=252969
WARN : Sprite       f:0 st:210,807,146 at IsoSpriteManager.AddSprite          > duplicate texture d_streetcracks_1_42 ignore ID=1050154, use ID=252970
WARN : Sprite       f:0 st:210,807,146 at IsoSpriteManager.AddSprite          > duplicate texture d_streetcracks_1_43 ignore ID=1050155, use ID=252971
WARN : Sprite       f:0 st:210,807,146 at IsoSpriteManager.AddSprite          > duplicate texture d_streetcracks_1_44 ignore ID=1050156, use ID=252972
WARN : Sprite       f:0 st:210,807,146 at IsoSpriteManager.AddSprite          > duplicate texture d_streetcracks_1_45 ignore ID=1050157, use ID=252973
WARN : Sprite       f:0 st:210,807,147 at IsoSpriteManager.AddSprite          > duplicate texture d_streetcracks_1_46 ignore ID=1050158, use ID=252974
WARN : Sprite       f:0 st:210,807,147 at IsoSpriteManager.AddSprite          > duplicate texture d_streetcracks_1_47 ignore ID=1050159, use ID=252975
WARN : Sprite       f:0 st:210,807,147 at IsoSpriteManager.AddSprite          > duplicate texture d_streetcracks_1_48 ignore ID=1050160, use ID=252976
WARN : Sprite       f:0 st:210,807,147 at IsoSpriteManager.AddSprite          > duplicate texture d_streetcracks_1_49 ignore ID=1050161, use ID=252977
WARN : Sprite       f:0 st:210,807,148 at IsoSpriteManager.AddSprite          > duplicate texture d_streetcracks_1_50 ignore ID=1050162, use ID=252978
WARN : Sprite       f:0 st:210,807,148 at IsoSpriteManager.AddSprite          > duplicate texture d_streetcracks_1_51 ignore ID=1050163, use ID=252979
WARN : Sprite       f:0 st:210,807,148 at IsoSpriteManager.AddSprite          > duplicate texture d_streetcracks_1_52 ignore ID=1050164, use ID=252980
WARN : Sprite       f:0 st:210,807,149 at IsoSpriteManager.AddSprite          > duplicate texture d_streetcracks_1_53 ignore ID=1050165, use ID=252981
WARN : Sprite       f:0 st:210,807,149 at IsoSpriteManager.AddSprite          > duplicate texture d_streetcracks_1_54 ignore ID=1050166, use ID=252982
WARN : Sprite       f:0 st:210,807,149 at IsoSpriteManager.AddSprite          > duplicate texture d_streetcracks_1_55 ignore ID=1050167, use ID=252983
WARN : Sprite       f:0 st:210,807,149 at IsoSpriteManager.AddSprite          > duplicate texture d_streetcracks_1_56 ignore ID=1050168, use ID=252984
WARN : Sprite       f:0 st:210,807,150 at IsoSpriteManager.AddSprite          > duplicate texture d_streetcracks_1_57 ignore ID=1050169, use ID=252985
WARN : Sprite       f:0 st:210,807,150 at IsoSpriteManager.AddSprite          > duplicate texture d_streetcracks_1_58 ignore ID=1050170, use ID=252986
WARN : Sprite       f:0 st:210,807,150 at IsoSpriteManager.AddSprite          > duplicate texture d_streetcracks_1_59 ignore ID=1050171, use ID=252987
WARN : Sprite       f:0 st:210,807,150 at IsoSpriteManager.AddSprite          > duplicate texture d_streetcracks_1_60 ignore ID=1050172, use ID=252988
WARN : Sprite       f:0 st:210,807,151 at IsoSpriteManager.AddSprite          > duplicate texture d_streetcracks_1_61 ignore ID=1050173, use ID=252989
WARN : Sprite       f:0 st:210,807,151 at IsoSpriteManager.AddSprite          > duplicate texture d_streetcracks_1_62 ignore ID=1050174, use ID=252990
WARN : Sprite       f:0 st:210,807,151 at IsoSpriteManager.AddSprite          > duplicate texture d_streetcracks_1_63 ignore ID=1050175, use ID=252991
WARN : Sprite       f:0 st:210,807,151 at IsoSpriteManager.AddSprite          > duplicate texture d_streetcracks_1_64 ignore ID=1050176, use ID=252992
WARN : Sprite       f:0 st:210,807,152 at IsoSpriteManager.AddSprite          > duplicate texture d_streetcracks_1_65 ignore ID=1050177, use ID=252993
WARN : Sprite       f:0 st:210,807,152 at IsoSpriteManager.AddSprite          > duplicate texture d_streetcracks_1_66 ignore ID=1050178, use ID=252994
WARN : Sprite       f:0 st:210,807,152 at IsoSpriteManager.AddSprite          > duplicate texture d_streetcracks_1_67 ignore ID=1050179, use ID=252995
WARN : Sprite       f:0 st:210,807,152 at IsoSpriteManager.AddSprite          > duplicate texture d_streetcracks_1_68 ignore ID=1050180, use ID=252996
WARN : Sprite       f:0 st:210,807,153 at IsoSpriteManager.AddSprite          > duplicate texture d_streetcracks_1_69 ignore ID=1050181, use ID=252997
WARN : Sprite       f:0 st:210,807,153 at IsoSpriteManager.AddSprite          > duplicate texture d_streetcracks_1_70 ignore ID=1050182, use ID=252998
WARN : Sprite       f:0 st:210,807,154 at IsoSpriteManager.AddSprite          > duplicate texture d_streetcracks_1_71 ignore ID=1050183, use ID=252999
WARN : Sprite       f:0 st:210,807,154 at IsoSpriteManager.AddSprite          > duplicate texture d_streetcracks_1_72 ignore ID=1050184, use ID=253000
WARN : Sprite       f:0 st:210,807,155 at IsoSpriteManager.AddSprite          > duplicate texture d_streetcracks_1_73 ignore ID=1050185, use ID=253001
WARN : Sprite       f:0 st:210,807,155 at IsoSpriteManager.AddSprite          > duplicate texture d_streetcracks_1_74 ignore ID=1050186, use ID=253002
WARN : Sprite       f:0 st:210,807,155 at IsoSpriteManager.AddSprite          > duplicate texture d_streetcracks_1_75 ignore ID=1050187, use ID=253003
WARN : Sprite       f:0 st:210,807,155 at IsoSpriteManager.AddSprite          > duplicate texture d_streetcracks_1_76 ignore ID=1050188, use ID=253004
WARN : Sprite       f:0 st:210,807,156 at IsoSpriteManager.AddSprite          > duplicate texture d_streetcracks_1_77 ignore ID=1050189, use ID=253005
WARN : Sprite       f:0 st:210,807,156 at IsoSpriteManager.AddSprite          > duplicate texture d_streetcracks_1_78 ignore ID=1050190, use ID=253006
WARN : Sprite       f:0 st:210,807,156 at IsoSpriteManager.AddSprite          > duplicate texture d_streetcracks_1_79 ignore ID=1050191, use ID=253007
WARN : Sprite       f:0 st:210,807,156 at IsoSpriteManager.AddSprite          > duplicate texture d_streetcracks_1_80 ignore ID=1050192, use ID=253008
WARN : Sprite       f:0 st:210,807,157 at IsoSpriteManager.AddSprite          > duplicate texture d_streetcracks_1_81 ignore ID=1050193, use ID=253009
WARN : Sprite       f:0 st:210,807,158 at IsoSpriteManager.AddSprite          > duplicate texture d_streetcracks_1_82 ignore ID=1050194, use ID=253010
WARN : Sprite       f:0 st:210,807,158 at IsoSpriteManager.AddSprite          > duplicate texture d_streetcracks_1_83 ignore ID=1050195, use ID=253011
WARN : Sprite       f:0 st:210,807,159 at IsoSpriteManager.AddSprite          > duplicate texture d_streetcracks_1_84 ignore ID=1050196, use ID=253012
WARN : Sprite       f:0 st:210,807,159 at IsoSpriteManager.AddSprite          > duplicate texture d_streetcracks_1_85 ignore ID=1050197, use ID=253013
WARN : Sprite       f:0 st:210,807,160 at IsoSpriteManager.AddSprite          > duplicate texture d_streetcracks_1_86 ignore ID=1050198, use ID=253014
WARN : Sprite       f:0 st:210,807,160 at IsoSpriteManager.AddSprite          > duplicate texture d_streetcracks_1_87 ignore ID=1050199, use ID=253015
WARN : Sprite       f:0 st:210,807,161 at IsoSpriteManager.AddSprite          > duplicate texture d_streetcracks_1_88 ignore ID=1050200, use ID=253016
WARN : Sprite       f:0 st:210,807,161 at IsoSpriteManager.AddSprite          > duplicate texture d_streetcracks_1_89 ignore ID=1050201, use ID=253017
WARN : Sprite       f:0 st:210,807,161 at IsoSpriteManager.AddSprite          > duplicate texture d_streetcracks_1_90 ignore ID=1050202, use ID=253018
WARN : Sprite       f:0 st:210,807,161 at IsoSpriteManager.AddSprite          > duplicate texture d_streetcracks_1_91 ignore ID=1050203, use ID=253019
WARN : Sprite       f:0 st:210,807,162 at IsoSpriteManager.AddSprite          > duplicate texture d_streetcracks_1_92 ignore ID=1050204, use ID=253020
WARN : Sprite       f:0 st:210,807,162 at IsoSpriteManager.AddSprite          > duplicate texture d_streetcracks_1_93 ignore ID=1050205, use ID=253021
WARN : Sprite       f:0 st:210,807,162 at IsoSpriteManager.AddSprite          > duplicate texture d_streetcracks_1_94 ignore ID=1050206, use ID=253022
WARN : Sprite       f:0 st:210,807,162 at IsoSpriteManager.AddSprite          > duplicate texture d_streetcracks_1_95 ignore ID=1050207, use ID=253023
WARN : Sprite       f:0 st:210,807,163 at IsoSpriteManager.AddSprite          > duplicate texture d_streetcracks_1_96 ignore ID=1050208, use ID=253024
WARN : Sprite       f:0 st:210,807,163 at IsoSpriteManager.AddSprite          > duplicate texture d_streetcracks_1_97 ignore ID=1050209, use ID=253025
WARN : Sprite       f:0 st:210,807,163 at IsoSpriteManager.AddSprite          > duplicate texture d_streetcracks_1_98 ignore ID=1050210, use ID=253026
WARN : Sprite       f:0 st:210,807,163 at IsoSpriteManager.AddSprite          > duplicate texture d_streetcracks_1_99 ignore ID=1050211, use ID=253027
WARN : Sprite       f:0 st:210,807,164 at IsoSpriteManager.AddSprite          > duplicate texture d_streetcracks_1_100 ignore ID=1050212, use ID=253028
WARN : Sprite       f:0 st:210,807,164 at IsoSpriteManager.AddSprite          > duplicate texture d_streetcracks_1_101 ignore ID=1050213, use ID=253029
WARN : Sprite       f:0 st:210,807,164 at IsoSpriteManager.AddSprite          > duplicate texture d_streetcracks_1_102 ignore ID=1050214, use ID=253030
WARN : Sprite       f:0 st:210,807,164 at IsoSpriteManager.AddSprite          > duplicate texture d_streetcracks_1_103 ignore ID=1050215, use ID=253031
WARN : Sprite       f:0 st:210,807,165 at IsoSpriteManager.AddSprite          > duplicate texture d_streetcracks_1_104 ignore ID=1050216, use ID=253032
WARN : Sprite       f:0 st:210,807,165 at IsoSpriteManager.AddSprite          > duplicate texture d_streetcracks_1_105 ignore ID=1050217, use ID=253033
WARN : Sprite       f:0 st:210,807,165 at IsoSpriteManager.AddSprite          > duplicate texture d_streetcracks_1_106 ignore ID=1050218, use ID=253034
WARN : Sprite       f:0 st:210,807,166 at IsoSpriteManager.AddSprite          > duplicate texture d_streetcracks_1_107 ignore ID=1050219, use ID=253035
WARN : Sprite       f:0 st:210,807,166 at IsoSpriteManager.AddSprite          > duplicate texture d_streetcracks_1_108 ignore ID=1050220, use ID=253036
WARN : Sprite       f:0 st:210,807,166 at IsoSpriteManager.AddSprite          > duplicate texture d_streetcracks_1_109 ignore ID=1050221, use ID=253037
WARN : Sprite       f:0 st:210,807,166 at IsoSpriteManager.AddSprite          > duplicate texture d_streetcracks_1_110 ignore ID=1050222, use ID=253038
WARN : Sprite       f:0 st:210,807,167 at IsoSpriteManager.AddSprite          > duplicate texture d_streetcracks_1_111 ignore ID=1050223, use ID=253039
WARN : Sprite       f:0 st:210,807,167 at IsoSpriteManager.AddSprite          > duplicate texture d_streetcracks_1_112 ignore ID=1050224, use ID=253040
WARN : Sprite       f:0 st:210,807,167 at IsoSpriteManager.AddSprite          > duplicate texture d_streetcracks_1_113 ignore ID=1050225, use ID=253041
WARN : Sprite       f:0 st:210,807,167 at IsoSpriteManager.AddSprite          > duplicate texture d_streetcracks_1_114 ignore ID=1050226, use ID=253042
WARN : Sprite       f:0 st:210,807,168 at IsoSpriteManager.AddSprite          > duplicate texture d_streetcracks_1_115 ignore ID=1050227, use ID=253043
WARN : Sprite       f:0 st:210,807,168 at IsoSpriteManager.AddSprite          > duplicate texture d_streetcracks_1_116 ignore ID=1050228, use ID=253044
WARN : Sprite       f:0 st:210,807,168 at IsoSpriteManager.AddSprite          > duplicate texture d_streetcracks_1_117 ignore ID=1050229, use ID=253045
WARN : Sprite       f:0 st:210,807,176 at IsoSpriteManager.AddSprite          > duplicate texture d_streetcracks_1_118 ignore ID=1050230, use ID=253046
WARN : Sprite       f:0 st:210,807,176 at IsoSpriteManager.AddSprite          > duplicate texture d_streetcracks_1_119 ignore ID=1050231, use ID=253047
WARN : Sprite       f:0 st:210,807,176 at IsoSpriteManager.AddSprite          > duplicate texture d_streetcracks_1_120 ignore ID=1050232, use ID=253048
WARN : Sprite       f:0 st:210,807,178 at IsoSpriteManager.AddSprite          > duplicate texture d_streetcracks_1_121 ignore ID=1050233, use ID=253049
WARN : Sprite       f:0 st:210,807,178 at IsoSpriteManager.AddSprite          > duplicate texture d_streetcracks_1_122 ignore ID=1050234, use ID=253050
WARN : Sprite       f:0 st:210,807,178 at IsoSpriteManager.AddSprite          > duplicate texture d_streetcracks_1_123 ignore ID=1050235, use ID=253051
WARN : Sprite       f:0 st:210,807,180 at IsoSpriteManager.AddSprite          > duplicate texture d_streetcracks_1_124 ignore ID=1050236, use ID=253052
WARN : Sprite       f:0 st:210,807,181 at IsoSpriteManager.AddSprite          > duplicate texture d_streetcracks_1_125 ignore ID=1050237, use ID=253053
WARN : Sprite       f:0 st:210,807,182 at IsoSpriteManager.AddSprite          > duplicate texture d_streetcracks_1_126 ignore ID=1050238, use ID=253054
WARN : Sprite       f:0 st:210,807,183 at IsoSpriteManager.AddSprite          > duplicate texture d_streetcracks_1_127 ignore ID=1050239, use ID=253055
WARN : Sprite       f:0 st:210,807,183 at IsoSpriteManager.AddSprite          > duplicate texture d_wallcracks_1_0 ignore ID=1060864, use ID=254976
WARN : Sprite       f:0 st:210,807,184 at IsoSpriteManager.AddSprite          > duplicate texture d_wallcracks_1_1 ignore ID=1060865, use ID=254977
WARN : Sprite       f:0 st:210,807,184 at IsoSpriteManager.AddSprite          > duplicate texture d_wallcracks_1_2 ignore ID=1060866, use ID=254978
WARN : Sprite       f:0 st:210,807,185 at IsoSpriteManager.AddSprite          > duplicate texture d_wallcracks_1_3 ignore ID=1060867, use ID=254979
WARN : Sprite       f:0 st:210,807,185 at IsoSpriteManager.AddSprite          > duplicate texture d_wallcracks_1_4 ignore ID=1060868, use ID=254980
WARN : Sprite       f:0 st:210,807,185 at IsoSpriteManager.AddSprite          > duplicate texture d_wallcracks_1_5 ignore ID=1060869, use ID=254981
WARN : Sprite       f:0 st:210,807,185 at IsoSpriteManager.AddSprite          > duplicate texture d_wallcracks_1_6 ignore ID=1060870, use ID=254982
WARN : Sprite       f:0 st:210,807,185 at IsoSpriteManager.AddSprite          > duplicate texture d_wallcracks_1_7 ignore ID=1060871, use ID=254983
WARN : Sprite       f:0 st:210,807,186 at IsoSpriteManager.AddSprite          > duplicate texture d_wallcracks_1_8 ignore ID=1060872, use ID=254984
WARN : Sprite       f:0 st:210,807,186 at IsoSpriteManager.AddSprite          > duplicate texture d_wallcracks_1_9 ignore ID=1060873, use ID=254985
WARN : Sprite       f:0 st:210,807,186 at IsoSpriteManager.AddSprite          > duplicate texture d_wallcracks_1_10 ignore ID=1060874, use ID=254986
WARN : Sprite       f:0 st:210,807,186 at IsoSpriteManager.AddSprite          > duplicate texture d_wallcracks_1_11 ignore ID=1060875, use ID=254987
WARN : Sprite       f:0 st:210,807,186 at IsoSpriteManager.AddSprite          > duplicate texture d_wallcracks_1_12 ignore ID=1060876, use ID=254988
WARN : Sprite       f:0 st:210,807,187 at IsoSpriteManager.AddSprite          > duplicate texture d_wallcracks_1_13 ignore ID=1060877, use ID=254989
WARN : Sprite       f:0 st:210,807,187 at IsoSpriteManager.AddSprite          > duplicate texture d_wallcracks_1_14 ignore ID=1060878, use ID=254990
WARN : Sprite       f:0 st:210,807,187 at IsoSpriteManager.AddSprite          > duplicate texture d_wallcracks_1_15 ignore ID=1060879, use ID=254991
WARN : Sprite       f:0 st:210,807,187 at IsoSpriteManager.AddSprite          > duplicate texture d_wallcracks_1_16 ignore ID=1060880, use ID=254992
WARN : Sprite       f:0 st:210,807,187 at IsoSpriteManager.AddSprite          > duplicate texture d_wallcracks_1_17 ignore ID=1060881, use ID=254993
WARN : Sprite       f:0 st:210,807,188 at IsoSpriteManager.AddSprite          > duplicate texture d_wallcracks_1_18 ignore ID=1060882, use ID=254994
WARN : Sprite       f:0 st:210,807,188 at IsoSpriteManager.AddSprite          > duplicate texture d_wallcracks_1_19 ignore ID=1060883, use ID=254995
WARN : Sprite       f:0 st:210,807,188 at IsoSpriteManager.AddSprite          > duplicate texture d_wallcracks_1_20 ignore ID=1060884, use ID=254996
WARN : Sprite       f:0 st:210,807,188 at IsoSpriteManager.AddSprite          > duplicate texture d_wallcracks_1_21 ignore ID=1060885, use ID=254997
WARN : Sprite       f:0 st:210,807,189 at IsoSpriteManager.AddSprite          > duplicate texture d_wallcracks_1_22 ignore ID=1060886, use ID=254998
WARN : Sprite       f:0 st:210,807,190 at IsoSpriteManager.AddSprite          > duplicate texture d_wallcracks_1_23 ignore ID=1060887, use ID=254999
WARN : Sprite       f:0 st:210,807,190 at IsoSpriteManager.AddSprite          > duplicate texture d_wallcracks_1_24 ignore ID=1060888, use ID=255000
WARN : Sprite       f:0 st:210,807,190 at IsoSpriteManager.AddSprite          > duplicate texture d_wallcracks_1_25 ignore ID=1060889, use ID=255001
WARN : Sprite       f:0 st:210,807,190 at IsoSpriteManager.AddSprite          > duplicate texture d_wallcracks_1_26 ignore ID=1060890, use ID=255002
WARN : Sprite       f:0 st:210,807,191 at IsoSpriteManager.AddSprite          > duplicate texture d_wallcracks_1_27 ignore ID=1060891, use ID=255003
WARN : Sprite       f:0 st:210,807,191 at IsoSpriteManager.AddSprite          > duplicate texture d_wallcracks_1_28 ignore ID=1060892, use ID=255004
WARN : Sprite       f:0 st:210,807,191 at IsoSpriteManager.AddSprite          > duplicate texture d_wallcracks_1_29 ignore ID=1060893, use ID=255005
WARN : Sprite       f:0 st:210,807,191 at IsoSpriteManager.AddSprite          > duplicate texture d_wallcracks_1_30 ignore ID=1060894, use ID=255006
WARN : Sprite       f:0 st:210,807,192 at IsoSpriteManager.AddSprite          > duplicate texture d_wallcracks_1_31 ignore ID=1060895, use ID=255007
WARN : Sprite       f:0 st:210,807,192 at IsoSpriteManager.AddSprite          > duplicate texture d_wallcracks_1_32 ignore ID=1060896, use ID=255008
WARN : Sprite       f:0 st:210,807,192 at IsoSpriteManager.AddSprite          > duplicate texture d_wallcracks_1_33 ignore ID=1060897, use ID=255009
WARN : Sprite       f:0 st:210,807,192 at IsoSpriteManager.AddSprite          > duplicate texture d_wallcracks_1_34 ignore ID=1060898, use ID=255010
WARN : Sprite       f:0 st:210,807,193 at IsoSpriteManager.AddSprite          > duplicate texture d_wallcracks_1_35 ignore ID=1060899, use ID=255011
WARN : Sprite       f:0 st:210,807,193 at IsoSpriteManager.AddSprite          > duplicate texture d_wallcracks_1_36 ignore ID=1060900, use ID=255012
WARN : Sprite       f:0 st:210,807,193 at IsoSpriteManager.AddSprite          > duplicate texture d_wallcracks_1_37 ignore ID=1060901, use ID=255013
WARN : Sprite       f:0 st:210,807,194 at IsoSpriteManager.AddSprite          > duplicate texture d_wallcracks_1_38 ignore ID=1060902, use ID=255014
WARN : Sprite       f:0 st:210,807,194 at IsoSpriteManager.AddSprite          > duplicate texture d_wallcracks_1_39 ignore ID=1060903, use ID=255015
WARN : Sprite       f:0 st:210,807,194 at IsoSpriteManager.AddSprite          > duplicate texture d_wallcracks_1_40 ignore ID=1060904, use ID=255016
WARN : Sprite       f:0 st:210,807,195 at IsoSpriteManager.AddSprite          > duplicate texture d_wallcracks_1_41 ignore ID=1060905, use ID=255017
WARN : Sprite       f:0 st:210,807,195 at IsoSpriteManager.AddSprite          > duplicate texture d_wallcracks_1_42 ignore ID=1060906, use ID=255018
WARN : Sprite       f:0 st:210,807,196 at IsoSpriteManager.AddSprite          > duplicate texture d_wallcracks_1_43 ignore ID=1060907, use ID=255019
WARN : Sprite       f:0 st:210,807,196 at IsoSpriteManager.AddSprite          > duplicate texture d_wallcracks_1_44 ignore ID=1060908, use ID=255020
WARN : Sprite       f:0 st:210,807,196 at IsoSpriteManager.AddSprite          > duplicate texture d_wallcracks_1_45 ignore ID=1060909, use ID=255021
WARN : Sprite       f:0 st:210,807,196 at IsoSpriteManager.AddSprite          > duplicate texture d_wallcracks_1_46 ignore ID=1060910, use ID=255022
WARN : Sprite       f:0 st:210,807,197 at IsoSpriteManager.AddSprite          > duplicate texture d_wallcracks_1_47 ignore ID=1060911, use ID=255023
WARN : Sprite       f:0 st:210,807,197 at IsoSpriteManager.AddSprite          > duplicate texture d_wallcracks_1_48 ignore ID=1060912, use ID=255024
WARN : Sprite       f:0 st:210,807,197 at IsoSpriteManager.AddSprite          > duplicate texture d_wallcracks_1_49 ignore ID=1060913, use ID=255025
WARN : Sprite       f:0 st:210,807,198 at IsoSpriteManager.AddSprite          > duplicate texture d_wallcracks_1_50 ignore ID=1060914, use ID=255026
WARN : Sprite       f:0 st:210,807,198 at IsoSpriteManager.AddSprite          > duplicate texture d_wallcracks_1_51 ignore ID=1060915, use ID=255027
WARN : Sprite       f:0 st:210,807,198 at IsoSpriteManager.AddSprite          > duplicate texture d_wallcracks_1_52 ignore ID=1060916, use ID=255028
WARN : Sprite       f:0 st:210,807,198 at IsoSpriteManager.AddSprite          > duplicate texture d_wallcracks_1_53 ignore ID=1060917, use ID=255029
WARN : Sprite       f:0 st:210,807,199 at IsoSpriteManager.AddSprite          > duplicate texture d_wallcracks_1_54 ignore ID=1060918, use ID=255030
WARN : Sprite       f:0 st:210,807,199 at IsoSpriteManager.AddSprite          > duplicate texture d_wallcracks_1_55 ignore ID=1060919, use ID=255031
WARN : Sprite       f:0 st:210,807,199 at IsoSpriteManager.AddSprite          > duplicate texture d_wallcracks_1_56 ignore ID=1060920, use ID=255032
WARN : Sprite       f:0 st:210,807,199 at IsoSpriteManager.AddSprite          > duplicate texture d_wallcracks_1_57 ignore ID=1060921, use ID=255033
WARN : Sprite       f:0 st:210,807,200 at IsoSpriteManager.AddSprite          > duplicate texture d_wallcracks_1_58 ignore ID=1060922, use ID=255034
WARN : Sprite       f:0 st:210,807,200 at IsoSpriteManager.AddSprite          > duplicate texture d_wallcracks_1_59 ignore ID=1060923, use ID=255035
WARN : Sprite       f:0 st:210,807,200 at IsoSpriteManager.AddSprite          > duplicate texture d_wallcracks_1_60 ignore ID=1060924, use ID=255036
WARN : Sprite       f:0 st:210,807,200 at IsoSpriteManager.AddSprite          > duplicate texture d_wallcracks_1_61 ignore ID=1060925, use ID=255037
WARN : Sprite       f:0 st:210,807,201 at IsoSpriteManager.AddSprite          > duplicate texture d_wallcracks_1_62 ignore ID=1060926, use ID=255038
WARN : Sprite       f:0 st:210,807,201 at IsoSpriteManager.AddSprite          > duplicate texture d_wallcracks_1_63 ignore ID=1060927, use ID=255039
WARN : Sprite       f:0 st:210,807,202 at IsoSpriteManager.AddSprite          > duplicate texture d_wallcracks_1_64 ignore ID=1060928, use ID=255040
WARN : Sprite       f:0 st:210,807,202 at IsoSpriteManager.AddSprite          > duplicate texture d_wallcracks_1_65 ignore ID=1060929, use ID=255041
WARN : Sprite       f:0 st:210,807,202 at IsoSpriteManager.AddSprite          > duplicate texture d_wallcracks_1_66 ignore ID=1060930, use ID=255042
WARN : Sprite       f:0 st:210,807,202 at IsoSpriteManager.AddSprite          > duplicate texture d_wallcracks_1_67 ignore ID=1060931, use ID=255043
WARN : Sprite       f:0 st:210,807,203 at IsoSpriteManager.AddSprite          > duplicate texture d_wallcracks_1_68 ignore ID=1060932, use ID=255044
WARN : Sprite       f:0 st:210,807,203 at IsoSpriteManager.AddSprite          > duplicate texture d_wallcracks_1_69 ignore ID=1060933, use ID=255045
WARN : Sprite       f:0 st:210,807,203 at IsoSpriteManager.AddSprite          > duplicate texture d_wallcracks_1_70 ignore ID=1060934, use ID=255046
WARN : Sprite       f:0 st:210,807,204 at IsoSpriteManager.AddSprite          > duplicate texture d_wallcracks_1_71 ignore ID=1060935, use ID=255047
WARN : Sprite       f:0 st:210,807,205 at IsoSpriteManager.AddSprite          > duplicate texture e_exterior_snow_1_0 ignore ID=1055232, use ID=454656
WARN : Sprite       f:0 st:210,807,205 at IsoSpriteManager.AddSprite          > duplicate texture e_exterior_snow_1_1 ignore ID=1055233, use ID=454657
WARN : Sprite       f:0 st:210,807,208 at IsoSpriteManager.AddSprite          > duplicate texture e_newgrassbase_snow_1_0 ignore ID=1056768, use ID=455680
WARN : Sprite       f:0 st:210,807,208 at IsoSpriteManager.AddSprite          > duplicate texture e_newgrassbase_snow_1_1 ignore ID=1056769, use ID=455681
WARN : Sprite       f:0 st:210,807,211 at IsoSpriteManager.AddSprite          > duplicate texture e_newgrassbase_snow_1_2 ignore ID=1056770, use ID=455682
WARN : Sprite       f:0 st:210,807,211 at IsoSpriteManager.AddSprite          > duplicate texture e_newgrassbase_snow_1_3 ignore ID=1056771, use ID=455683
WARN : Sprite       f:0 st:210,807,212 at IsoSpriteManager.AddSprite          > duplicate texture e_newgrassbase_snow_1_4 ignore ID=1056772, use ID=455684
WARN : Sprite       f:0 st:210,807,214 at IsoSpriteManager.AddSprite          > duplicate texture e_newgrassbase_snow_1_5 ignore ID=1056773, use ID=455685
WARN : Sprite       f:0 st:210,807,215 at IsoSpriteManager.AddSprite          > duplicate texture e_newgrassbase_snow_1_6 ignore ID=1056774, use ID=455686
WARN : Sprite       f:0 st:210,807,215 at IsoSpriteManager.AddSprite          > duplicate texture e_newgrassbase_snow_1_7 ignore ID=1056775, use ID=455687
WARN : Sprite       f:0 st:210,807,215 at IsoSpriteManager.AddSprite          > duplicate texture e_newgrassbase_snow_1_8 ignore ID=1056776, use ID=455688
WARN : Sprite       f:0 st:210,807,216 at IsoSpriteManager.AddSprite          > duplicate texture e_newgrassbase_snow_1_9 ignore ID=1056777, use ID=455689
WARN : Sprite       f:0 st:210,807,216 at IsoSpriteManager.AddSprite          > duplicate texture e_newgrassbase_snow_1_10 ignore ID=1056778, use ID=455690
WARN : Sprite       f:0 st:210,807,216 at IsoSpriteManager.AddSprite          > duplicate texture e_newgrassbase_snow_1_11 ignore ID=1056779, use ID=455691
WARN : Sprite       f:0 st:210,807,217 at IsoSpriteManager.AddSprite          > duplicate texture e_newgrassbase_snow_1_12 ignore ID=1056780, use ID=455692
WARN : Sprite       f:0 st:210,807,217 at IsoSpriteManager.AddSprite          > duplicate texture e_newgrassbase_snow_1_13 ignore ID=1056781, use ID=455693
WARN : Sprite       f:0 st:210,807,217 at IsoSpriteManager.AddSprite          > duplicate texture e_newgrassbase_snow_1_14 ignore ID=1056782, use ID=455694
WARN : Sprite       f:0 st:210,807,217 at IsoSpriteManager.AddSprite          > duplicate texture e_newgrassbase_snow_1_15 ignore ID=1056783, use ID=455695
WARN : Sprite       f:0 st:210,807,217 at IsoSpriteManager.AddSprite          > duplicate texture e_newgrassbase_snow_1_16 ignore ID=1056784, use ID=455696
WARN : Sprite       f:0 st:210,807,218 at IsoSpriteManager.AddSprite          > duplicate texture e_newgrassbase_snow_1_17 ignore ID=1056785, use ID=455697
WARN : Sprite       f:0 st:210,807,219 at IsoSpriteManager.AddSprite          > duplicate texture e_newgrassbase_snow_1_18 ignore ID=1056786, use ID=455698
WARN : Sprite       f:0 st:210,807,219 at IsoSpriteManager.AddSprite          > duplicate texture e_newgrassbase_snow_1_19 ignore ID=1056787, use ID=455699
WARN : Sprite       f:0 st:210,807,220 at IsoSpriteManager.AddSprite          > duplicate texture e_newgrassbase_snow_1_20 ignore ID=1056788, use ID=455700
WARN : Sprite       f:0 st:210,807,220 at IsoSpriteManager.AddSprite          > duplicate texture e_newgrassbase_snow_1_21 ignore ID=1056789, use ID=455701
WARN : Sprite       f:0 st:210,807,220 at IsoSpriteManager.AddSprite          > duplicate texture e_newgrassbase_snow_1_22 ignore ID=1056790, use ID=455702
WARN : Sprite       f:0 st:210,807,220 at IsoSpriteManager.AddSprite          > duplicate texture e_newgrassbase_snow_1_23 ignore ID=1056791, use ID=455703
WARN : Sprite       f:0 st:210,807,221 at IsoSpriteManager.AddSprite          > duplicate texture e_newgrassbase_snow_1_24 ignore ID=1056792, use ID=455704
WARN : Sprite       f:0 st:210,807,221 at IsoSpriteManager.AddSprite          > duplicate texture e_newgrassbase_snow_1_25 ignore ID=1056793, use ID=455705
WARN : Sprite       f:0 st:210,807,221 at IsoSpriteManager.AddSprite          > duplicate texture e_newgrassbase_snow_1_26 ignore ID=1056794, use ID=455706
WARN : Sprite       f:0 st:210,807,221 at IsoSpriteManager.AddSprite          > duplicate texture e_newgrassbase_snow_1_27 ignore ID=1056795, use ID=455707
WARN : Sprite       f:0 st:210,807,221 at IsoSpriteManager.AddSprite          > duplicate texture e_newgrassbase_snow_1_28 ignore ID=1056796, use ID=455708
WARN : Sprite       f:0 st:210,807,222 at IsoSpriteManager.AddSprite          > duplicate texture e_newgrassbase_snow_1_29 ignore ID=1056797, use ID=455709
WARN : Sprite       f:0 st:210,807,222 at IsoSpriteManager.AddSprite          > duplicate texture e_newgrassbase_snow_1_30 ignore ID=1056798, use ID=455710
WARN : Sprite       f:0 st:210,807,222 at IsoSpriteManager.AddSprite          > duplicate texture e_newgrassbase_snow_1_31 ignore ID=1056799, use ID=455711
WARN : Sprite       f:0 st:210,807,223 at IsoSpriteManager.AddSprite          > duplicate texture e_roof_snow_1_0 ignore ID=1058304, use ID=456704
WARN : Sprite       f:0 st:210,807,223 at IsoSpriteManager.AddSprite          > duplicate texture e_roof_snow_1_1 ignore ID=1058305, use ID=456705
WARN : Sprite       f:0 st:210,807,224 at IsoSpriteManager.AddSprite          > duplicate texture e_roof_snow_1_2 ignore ID=1058306, use ID=456706
WARN : Sprite       f:0 st:210,807,224 at IsoSpriteManager.AddSprite          > duplicate texture e_roof_snow_1_3 ignore ID=1058307, use ID=456707
WARN : Sprite       f:0 st:210,807,225 at IsoSpriteManager.AddSprite          > duplicate texture e_roof_snow_1_4 ignore ID=1058308, use ID=456708
WARN : Sprite       f:0 st:210,807,225 at IsoSpriteManager.AddSprite          > duplicate texture e_roof_snow_1_5 ignore ID=1058309, use ID=456709
WARN : Sprite       f:0 st:210,807,225 at IsoSpriteManager.AddSprite          > duplicate texture e_roof_snow_1_6 ignore ID=1058310, use ID=456710
WARN : Sprite       f:0 st:210,807,225 at IsoSpriteManager.AddSprite          > duplicate texture e_roof_snow_1_7 ignore ID=1058311, use ID=456711
WARN : Sprite       f:0 st:210,807,226 at IsoSpriteManager.AddSprite          > duplicate texture e_roof_snow_1_8 ignore ID=1058312, use ID=456712
WARN : Sprite       f:0 st:210,807,226 at IsoSpriteManager.AddSprite          > duplicate texture e_roof_snow_1_9 ignore ID=1058313, use ID=456713
WARN : Sprite       f:0 st:210,807,226 at IsoSpriteManager.AddSprite          > duplicate texture e_roof_snow_1_10 ignore ID=1058314, use ID=456714
WARN : Sprite       f:0 st:210,807,226 at IsoSpriteManager.AddSprite          > duplicate texture e_roof_snow_1_11 ignore ID=1058315, use ID=456715
WARN : Sprite       f:0 st:210,807,227 at IsoSpriteManager.AddSprite          > duplicate texture e_roof_snow_1_12 ignore ID=1058316, use ID=456716
WARN : Sprite       f:0 st:210,807,227 at IsoSpriteManager.AddSprite          > duplicate texture e_roof_snow_1_13 ignore ID=1058317, use ID=456717
WARN : Sprite       f:0 st:210,807,227 at IsoSpriteManager.AddSprite          > duplicate texture e_roof_snow_1_14 ignore ID=1058318, use ID=456718
WARN : Sprite       f:0 st:210,807,227 at IsoSpriteManager.AddSprite          > duplicate texture e_roof_snow_1_15 ignore ID=1058319, use ID=456719
WARN : Sprite       f:0 st:210,807,227 at IsoSpriteManager.AddSprite          > duplicate texture e_roof_snow_1_16 ignore ID=1058320, use ID=456720
WARN : Sprite       f:0 st:210,807,228 at IsoSpriteManager.AddSprite          > duplicate texture e_roof_snow_1_17 ignore ID=1058321, use ID=456721
WARN : Sprite       f:0 st:210,807,228 at IsoSpriteManager.AddSprite          > duplicate texture e_roof_snow_1_18 ignore ID=1058322, use ID=456722
WARN : Sprite       f:0 st:210,807,228 at IsoSpriteManager.AddSprite          > duplicate texture e_roof_snow_1_19 ignore ID=1058323, use ID=456723
WARN : Sprite       f:0 st:210,807,228 at IsoSpriteManager.AddSprite          > duplicate texture e_roof_snow_1_20 ignore ID=1058324, use ID=456724
WARN : Sprite       f:0 st:210,807,229 at IsoSpriteManager.AddSprite          > duplicate texture e_roof_snow_1_21 ignore ID=1058325, use ID=456725
WARN : Sprite       f:0 st:210,807,229 at IsoSpriteManager.AddSprite          > duplicate texture e_roof_snow_1_22 ignore ID=1058326, use ID=456726
WARN : Sprite       f:0 st:210,807,229 at IsoSpriteManager.AddSprite          > duplicate texture e_roof_snow_1_23 ignore ID=1058327, use ID=456727
WARN : Sprite       f:0 st:210,807,229 at IsoSpriteManager.AddSprite          > duplicate texture e_roof_snow_1_24 ignore ID=1058328, use ID=456728
WARN : Sprite       f:0 st:210,807,230 at IsoSpriteManager.AddSprite          > duplicate texture e_roof_snow_1_25 ignore ID=1058329, use ID=456729
WARN : Sprite       f:0 st:210,807,230 at IsoSpriteManager.AddSprite          > duplicate texture e_roof_snow_1_26 ignore ID=1058330, use ID=456730
WARN : Sprite       f:0 st:210,807,230 at IsoSpriteManager.AddSprite          > duplicate texture e_roof_snow_1_27 ignore ID=1058331, use ID=456731
WARN : Sprite       f:0 st:210,807,231 at IsoSpriteManager.AddSprite          > duplicate texture e_roof_snow_1_28 ignore ID=1058332, use ID=456732
WARN : Sprite       f:0 st:210,807,231 at IsoSpriteManager.AddSprite          > duplicate texture e_roof_snow_1_29 ignore ID=1058333, use ID=456733
WARN : Sprite       f:0 st:210,807,231 at IsoSpriteManager.AddSprite          > duplicate texture e_roof_snow_1_30 ignore ID=1058334, use ID=456734
WARN : Sprite       f:0 st:210,807,231 at IsoSpriteManager.AddSprite          > duplicate texture e_roof_snow_1_31 ignore ID=1058335, use ID=456735
WARN : Sprite       f:0 st:210,807,232 at IsoSpriteManager.AddSprite          > duplicate texture e_roof_snow_1_32 ignore ID=1058336, use ID=456736
WARN : Sprite       f:0 st:210,807,232 at IsoSpriteManager.AddSprite          > duplicate texture e_roof_snow_1_33 ignore ID=1058337, use ID=456737
WARN : Sprite       f:0 st:210,807,232 at IsoSpriteManager.AddSprite          > duplicate texture e_roof_snow_1_34 ignore ID=1058338, use ID=456738
WARN : Sprite       f:0 st:210,807,232 at IsoSpriteManager.AddSprite          > duplicate texture e_roof_snow_1_35 ignore ID=1058339, use ID=456739
WARN : Sprite       f:0 st:210,807,233 at IsoSpriteManager.AddSprite          > duplicate texture e_roof_snow_1_36 ignore ID=1058340, use ID=456740
WARN : Sprite       f:0 st:210,807,233 at IsoSpriteManager.AddSprite          > duplicate texture e_roof_snow_1_37 ignore ID=1058341, use ID=456741
WARN : Sprite       f:0 st:210,807,233 at IsoSpriteManager.AddSprite          > duplicate texture e_roof_snow_1_38 ignore ID=1058342, use ID=456742
WARN : Sprite       f:0 st:210,807,233 at IsoSpriteManager.AddSprite          > duplicate texture e_roof_snow_1_39 ignore ID=1058343, use ID=456743
WARN : Sprite       f:0 st:210,807,234 at IsoSpriteManager.AddSprite          > duplicate texture e_roof_snow_1_40 ignore ID=1058344, use ID=456744
WARN : Sprite       f:0 st:210,807,234 at IsoSpriteManager.AddSprite          > duplicate texture e_roof_snow_1_41 ignore ID=1058345, use ID=456745
WARN : Sprite       f:0 st:210,807,234 at IsoSpriteManager.AddSprite          > duplicate texture e_roof_snow_1_42 ignore ID=1058346, use ID=456746
WARN : Sprite       f:0 st:210,807,234 at IsoSpriteManager.AddSprite          > duplicate texture e_roof_snow_1_43 ignore ID=1058347, use ID=456747
WARN : Sprite       f:0 st:210,807,234 at IsoSpriteManager.AddSprite          > duplicate texture e_roof_snow_1_44 ignore ID=1058348, use ID=456748
WARN : Sprite       f:0 st:210,807,235 at IsoSpriteManager.AddSprite          > duplicate texture e_roof_snow_1_45 ignore ID=1058349, use ID=456749
WARN : Sprite       f:0 st:210,807,235 at IsoSpriteManager.AddSprite          > duplicate texture e_roof_snow_1_46 ignore ID=1058350, use ID=456750
WARN : Sprite       f:0 st:210,807,235 at IsoSpriteManager.AddSprite          > duplicate texture e_roof_snow_1_47 ignore ID=1058351, use ID=456751
WARN : Sprite       f:0 st:210,807,235 at IsoSpriteManager.AddSprite          > duplicate texture e_roof_snow_1_48 ignore ID=1058352, use ID=456752
WARN : Sprite       f:0 st:210,807,236 at IsoSpriteManager.AddSprite          > duplicate texture e_roof_snow_1_49 ignore ID=1058353, use ID=456753
WARN : Sprite       f:0 st:210,807,236 at IsoSpriteManager.AddSprite          > duplicate texture e_roof_snow_1_50 ignore ID=1058354, use ID=456754
WARN : Sprite       f:0 st:210,807,236 at IsoSpriteManager.AddSprite          > duplicate texture e_roof_snow_1_51 ignore ID=1058355, use ID=456755
WARN : Sprite       f:0 st:210,807,237 at IsoSpriteManager.AddSprite          > duplicate texture e_roof_snow_1_52 ignore ID=1058356, use ID=456756
WARN : Sprite       f:0 st:210,807,237 at IsoSpriteManager.AddSprite          > duplicate texture e_roof_snow_1_53 ignore ID=1058357, use ID=456757
WARN : Sprite       f:0 st:210,807,237 at IsoSpriteManager.AddSprite          > duplicate texture e_roof_snow_1_54 ignore ID=1058358, use ID=456758
WARN : Sprite       f:0 st:210,807,237 at IsoSpriteManager.AddSprite          > duplicate texture e_roof_snow_1_55 ignore ID=1058359, use ID=456759
WARN : Sprite       f:0 st:210,807,238 at IsoSpriteManager.AddSprite          > duplicate texture e_roof_snow_1_56 ignore ID=1058360, use ID=456760
WARN : Sprite       f:0 st:210,807,238 at IsoSpriteManager.AddSprite          > duplicate texture e_roof_snow_1_57 ignore ID=1058361, use ID=456761
WARN : Sprite       f:0 st:210,807,238 at IsoSpriteManager.AddSprite          > duplicate texture e_roof_snow_1_58 ignore ID=1058362, use ID=456762
WARN : Sprite       f:0 st:210,807,238 at IsoSpriteManager.AddSprite          > duplicate texture e_roof_snow_1_59 ignore ID=1058363, use ID=456763
WARN : Sprite       f:0 st:210,807,238 at IsoSpriteManager.AddSprite          > duplicate texture e_roof_snow_1_60 ignore ID=1058364, use ID=456764
WARN : Sprite       f:0 st:210,807,239 at IsoSpriteManager.AddSprite          > duplicate texture e_roof_snow_1_61 ignore ID=1058365, use ID=456765
WARN : Sprite       f:0 st:210,807,239 at IsoSpriteManager.AddSprite          > duplicate texture e_roof_snow_1_62 ignore ID=1058366, use ID=456766
WARN : Sprite       f:0 st:210,807,239 at IsoSpriteManager.AddSprite          > duplicate texture e_roof_snow_1_63 ignore ID=1058367, use ID=456767
WARN : Sprite       f:0 st:210,807,239 at IsoSpriteManager.AddSprite          > duplicate texture e_roof_snow_1_64 ignore ID=1058368, use ID=456768
WARN : Sprite       f:0 st:210,807,240 at IsoSpriteManager.AddSprite          > duplicate texture e_roof_snow_1_65 ignore ID=1058369, use ID=456769
WARN : Sprite       f:0 st:210,807,240 at IsoSpriteManager.AddSprite          > duplicate texture e_roof_snow_1_66 ignore ID=1058370, use ID=456770
WARN : Sprite       f:0 st:210,807,240 at IsoSpriteManager.AddSprite          > duplicate texture e_roof_snow_1_67 ignore ID=1058371, use ID=456771
WARN : Sprite       f:0 st:210,807,240 at IsoSpriteManager.AddSprite          > duplicate texture e_roof_snow_1_68 ignore ID=1058372, use ID=456772
WARN : Sprite       f:0 st:210,807,241 at IsoSpriteManager.AddSprite          > duplicate texture e_roof_snow_1_69 ignore ID=1058373, use ID=456773
WARN : Sprite       f:0 st:210,807,241 at IsoSpriteManager.AddSprite          > duplicate texture e_roof_snow_1_70 ignore ID=1058374, use ID=456774
WARN : Sprite       f:0 st:210,807,241 at IsoSpriteManager.AddSprite          > duplicate texture e_roof_snow_1_71 ignore ID=1058375, use ID=456775
WARN : Sprite       f:0 st:210,807,241 at IsoSpriteManager.AddSprite          > duplicate texture e_roof_snow_1_72 ignore ID=1058376, use ID=456776
WARN : Sprite       f:0 st:210,807,242 at IsoSpriteManager.AddSprite          > duplicate texture e_roof_snow_1_73 ignore ID=1058377, use ID=456777
WARN : Sprite       f:0 st:210,807,242 at IsoSpriteManager.AddSprite          > duplicate texture e_roof_snow_1_74 ignore ID=1058378, use ID=456778
WARN : Sprite       f:0 st:210,807,242 at IsoSpriteManager.AddSprite          > duplicate texture e_roof_snow_1_75 ignore ID=1058379, use ID=456779
WARN : Sprite       f:0 st:210,807,243 at IsoSpriteManager.AddSprite          > duplicate texture e_roof_snow_1_76 ignore ID=1058380, use ID=456780
WARN : Sprite       f:0 st:210,807,243 at IsoSpriteManager.AddSprite          > duplicate texture e_roof_snow_1_77 ignore ID=1058381, use ID=456781
WARN : Sprite       f:0 st:210,807,243 at IsoSpriteManager.AddSprite          > duplicate texture e_roof_snow_1_78 ignore ID=1058382, use ID=456782
WARN : Sprite       f:0 st:210,807,243 at IsoSpriteManager.AddSprite          > duplicate texture e_roof_snow_1_79 ignore ID=1058383, use ID=456783
WARN : Sprite       f:0 st:210,807,244 at IsoSpriteManager.AddSprite          > duplicate texture e_roof_snow_1_80 ignore ID=1058384, use ID=456784
WARN : Sprite       f:0 st:210,807,244 at IsoSpriteManager.AddSprite          > duplicate texture e_roof_snow_1_81 ignore ID=1058385, use ID=456785
WARN : Sprite       f:0 st:210,807,244 at IsoSpriteManager.AddSprite          > duplicate texture e_roof_snow_1_82 ignore ID=1058386, use ID=456786
WARN : Sprite       f:0 st:210,807,244 at IsoSpriteManager.AddSprite          > duplicate texture e_roof_snow_1_83 ignore ID=1058387, use ID=456787
WARN : Sprite       f:0 st:210,807,245 at IsoSpriteManager.AddSprite          > duplicate texture e_roof_snow_1_84 ignore ID=1058388, use ID=456788
WARN : Sprite       f:0 st:210,807,245 at IsoSpriteManager.AddSprite          > duplicate texture e_roof_snow_1_85 ignore ID=1058389, use ID=456789
WARN : Sprite       f:0 st:210,807,245 at IsoSpriteManager.AddSprite          > duplicate texture e_roof_snow_1_86 ignore ID=1058390, use ID=456790
WARN : Sprite       f:0 st:210,807,245 at IsoSpriteManager.AddSprite          > duplicate texture e_roof_snow_1_87 ignore ID=1058391, use ID=456791
WARN : Sprite       f:0 st:210,807,245 at IsoSpriteManager.AddSprite          > duplicate texture e_roof_snow_1_88 ignore ID=1058392, use ID=456792
WARN : Sprite       f:0 st:210,807,246 at IsoSpriteManager.AddSprite          > duplicate texture e_roof_snow_1_89 ignore ID=1058393, use ID=456793
WARN : Sprite       f:0 st:210,807,246 at IsoSpriteManager.AddSprite          > duplicate texture e_roof_snow_1_90 ignore ID=1058394, use ID=456794
WARN : Sprite       f:0 st:210,807,246 at IsoSpriteManager.AddSprite          > duplicate texture e_roof_snow_1_91 ignore ID=1058395, use ID=456795
WARN : Sprite       f:0 st:210,807,247 at IsoSpriteManager.AddSprite          > duplicate texture e_roof_snow_1_92 ignore ID=1058396, use ID=456796
WARN : Sprite       f:0 st:210,807,248 at IsoSpriteManager.AddSprite          > duplicate texture e_roof_snow_1_93 ignore ID=1058397, use ID=456797
WARN : Sprite       f:0 st:210,807,249 at IsoSpriteManager.AddSprite          > duplicate texture e_roof_snow_1_94 ignore ID=1058398, use ID=456798
WARN : Sprite       f:0 st:210,807,249 at IsoSpriteManager.AddSprite          > duplicate texture e_roof_snow_1_95 ignore ID=1058399, use ID=456799
WARN : Sprite       f:0 st:210,807,249 at IsoSpriteManager.AddSprite          > duplicate texture e_roof_snow_1_96 ignore ID=1058400, use ID=456800
WARN : Sprite       f:0 st:210,807,249 at IsoSpriteManager.AddSprite          > duplicate texture e_roof_snow_1_97 ignore ID=1058401, use ID=456801
WARN : Sprite       f:0 st:210,807,250 at IsoSpriteManager.AddSprite          > duplicate texture e_roof_snow_1_98 ignore ID=1058402, use ID=456802
WARN : Sprite       f:0 st:210,807,250 at IsoSpriteManager.AddSprite          > duplicate texture e_roof_snow_1_99 ignore ID=1058403, use ID=456803
WARN : Sprite       f:0 st:210,807,250 at IsoSpriteManager.AddSprite          > duplicate texture e_roof_snow_1_100 ignore ID=1058404, use ID=456804
WARN : Sprite       f:0 st:210,807,250 at IsoSpriteManager.AddSprite          > duplicate texture e_roof_snow_1_101 ignore ID=1058405, use ID=456805
WARN : Sprite       f:0 st:210,807,251 at IsoSpriteManager.AddSprite          > duplicate texture e_roof_snow_1_102 ignore ID=1058406, use ID=456806
WARN : Sprite       f:0 st:210,807,251 at IsoSpriteManager.AddSprite          > duplicate texture e_roof_snow_1_103 ignore ID=1058407, use ID=456807
WARN : Sprite       f:0 st:210,807,251 at IsoSpriteManager.AddSprite          > duplicate texture e_roof_snow_1_104 ignore ID=1058408, use ID=456808
WARN : Sprite       f:0 st:210,807,251 at IsoSpriteManager.AddSprite          > duplicate texture e_roof_snow_1_105 ignore ID=1058409, use ID=456809
WARN : Sprite       f:0 st:210,807,251 at IsoSpriteManager.AddSprite          > duplicate texture e_roof_snow_1_106 ignore ID=1058410, use ID=456810
WARN : Sprite       f:0 st:210,807,252 at IsoSpriteManager.AddSprite          > duplicate texture e_roof_snow_1_107 ignore ID=1058411, use ID=456811
WARN : Sprite       f:0 st:210,807,252 at IsoSpriteManager.AddSprite          > duplicate texture e_roof_snow_1_108 ignore ID=1058412, use ID=456812
WARN : Sprite       f:0 st:210,807,252 at IsoSpriteManager.AddSprite          > duplicate texture e_roof_snow_1_109 ignore ID=1058413, use ID=456813
WARN : Sprite       f:0 st:210,807,252 at IsoSpriteManager.AddSprite          > duplicate texture e_roof_snow_1_110 ignore ID=1058414, use ID=456814
WARN : Sprite       f:0 st:210,807,253 at IsoSpriteManager.AddSprite          > duplicate texture e_roof_snow_1_111 ignore ID=1058415, use ID=456815
WARN : Sprite       f:0 st:210,807,255 at IsoSpriteManager.AddSprite          > duplicate texture f_bushes_2_0 ignore ID=1061888, use ID=457728
WARN : Sprite       f:0 st:210,807,255 at IsoSpriteManager.AddSprite          > duplicate texture f_bushes_2_1 ignore ID=1061889, use ID=457729
WARN : Sprite       f:0 st:210,807,255 at IsoSpriteManager.AddSprite          > duplicate texture f_bushes_2_2 ignore ID=1061890, use ID=457730
WARN : Sprite       f:0 st:210,807,256 at IsoSpriteManager.AddSprite          > duplicate texture f_bushes_2_3 ignore ID=1061891, use ID=457731
WARN : Sprite       f:0 st:210,807,256 at IsoSpriteManager.AddSprite          > duplicate texture f_bushes_2_4 ignore ID=1061892, use ID=457732
WARN : Sprite       f:0 st:210,807,256 at IsoSpriteManager.AddSprite          > duplicate texture f_bushes_2_5 ignore ID=1061893, use ID=457733
WARN : Sprite       f:0 st:210,807,256 at IsoSpriteManager.AddSprite          > duplicate texture f_bushes_2_6 ignore ID=1061894, use ID=457734
WARN : Sprite       f:0 st:210,807,257 at IsoSpriteManager.AddSprite          > duplicate texture f_bushes_2_7 ignore ID=1061895, use ID=457735
WARN : Sprite       f:0 st:210,807,257 at IsoSpriteManager.AddSprite          > duplicate texture f_bushes_2_8 ignore ID=1061896, use ID=457736
WARN : Sprite       f:0 st:210,807,257 at IsoSpriteManager.AddSprite          > duplicate texture f_bushes_2_9 ignore ID=1061897, use ID=457737
WARN : Sprite       f:0 st:210,807,257 at IsoSpriteManager.AddSprite          > duplicate texture f_bushes_2_10 ignore ID=1061898, use ID=457738
WARN : Sprite       f:0 st:210,807,258 at IsoSpriteManager.AddSprite          > duplicate texture f_bushes_2_11 ignore ID=1061899, use ID=457739
WARN : Sprite       f:0 st:210,807,258 at IsoSpriteManager.AddSprite          > duplicate texture f_bushes_2_12 ignore ID=1061900, use ID=457740
WARN : Sprite       f:0 st:210,807,258 at IsoSpriteManager.AddSprite          > duplicate texture f_bushes_2_13 ignore ID=1061901, use ID=457741
WARN : Sprite       f:0 st:210,807,258 at IsoSpriteManager.AddSprite          > duplicate texture f_bushes_2_14 ignore ID=1061902, use ID=457742
WARN : Sprite       f:0 st:210,807,259 at IsoSpriteManager.AddSprite          > duplicate texture f_bushes_2_15 ignore ID=1061903, use ID=457743
WARN : Sprite       f:0 st:210,807,259 at IsoSpriteManager.AddSprite          > duplicate texture f_bushes_2_16 ignore ID=1061904, use ID=457744
WARN : Sprite       f:0 st:210,807,259 at IsoSpriteManager.AddSprite          > duplicate texture f_bushes_2_17 ignore ID=1061905, use ID=457745
WARN : Sprite       f:0 st:210,807,259 at IsoSpriteManager.AddSprite          > duplicate texture f_bushes_2_18 ignore ID=1061906, use ID=457746
WARN : Sprite       f:0 st:210,807,260 at IsoSpriteManager.AddSprite          > duplicate texture f_bushes_2_19 ignore ID=1061907, use ID=457747
WARN : Sprite       f:0 st:210,807,260 at IsoSpriteManager.AddSprite          > duplicate texture f_bushes_2_20 ignore ID=1061908, use ID=457748
WARN : Sprite       f:0 st:210,807,260 at IsoSpriteManager.AddSprite          > duplicate texture f_bushes_2_21 ignore ID=1061909, use ID=457749
WARN : Sprite       f:0 st:210,807,260 at IsoSpriteManager.AddSprite          > duplicate texture f_bushes_2_22 ignore ID=1061910, use ID=457750
WARN : Sprite       f:0 st:210,807,261 at IsoSpriteManager.AddSprite          > duplicate texture f_bushes_2_23 ignore ID=1061911, use ID=457751
WARN : Sprite       f:0 st:210,807,261 at IsoSpriteManager.AddSprite          > duplicate texture f_bushes_2_24 ignore ID=1061912, use ID=457752
WARN : Sprite       f:0 st:210,807,261 at IsoSpriteManager.AddSprite          > duplicate texture f_bushes_2_25 ignore ID=1061913, use ID=457753
WARN : Sprite       f:0 st:210,807,261 at IsoSpriteManager.AddSprite          > duplicate texture f_bushes_2_26 ignore ID=1061914, use ID=457754
WARN : Sprite       f:0 st:210,807,262 at IsoSpriteManager.AddSprite          > duplicate texture f_bushes_2_27 ignore ID=1061915, use ID=457755
WARN : Sprite       f:0 st:210,807,262 at IsoSpriteManager.AddSprite          > duplicate texture f_bushes_2_28 ignore ID=1061916, use ID=457756
WARN : Sprite       f:0 st:210,807,262 at IsoSpriteManager.AddSprite          > duplicate texture f_bushes_2_29 ignore ID=1061917, use ID=457757
WARN : Sprite       f:0 st:210,807,262 at IsoSpriteManager.AddSprite          > duplicate texture f_bushes_2_30 ignore ID=1061918, use ID=457758
WARN : Sprite       f:0 st:210,807,263 at IsoSpriteManager.AddSprite          > duplicate texture f_bushes_2_31 ignore ID=1061919, use ID=457759
WARN : Sprite       f:0 st:210,807,263 at IsoSpriteManager.AddSprite          > duplicate texture f_bushes_2_32 ignore ID=1061920, use ID=457760
WARN : Sprite       f:0 st:210,807,263 at IsoSpriteManager.AddSprite          > duplicate texture f_bushes_2_33 ignore ID=1061921, use ID=457761
WARN : Sprite       f:0 st:210,807,263 at IsoSpriteManager.AddSprite          > duplicate texture f_bushes_2_34 ignore ID=1061922, use ID=457762
WARN : Sprite       f:0 st:210,807,264 at IsoSpriteManager.AddSprite          > duplicate texture f_bushes_2_35 ignore ID=1061923, use ID=457763
WARN : Sprite       f:0 st:210,807,264 at IsoSpriteManager.AddSprite          > duplicate texture f_bushes_2_36 ignore ID=1061924, use ID=457764
WARN : Sprite       f:0 st:210,807,264 at IsoSpriteManager.AddSprite          > duplicate texture f_bushes_2_37 ignore ID=1061925, use ID=457765
WARN : Sprite       f:0 st:210,807,264 at IsoSpriteManager.AddSprite          > duplicate texture f_bushes_2_38 ignore ID=1061926, use ID=457766
WARN : Sprite       f:0 st:210,807,264 at IsoSpriteManager.AddSprite          > duplicate texture f_bushes_2_39 ignore ID=1061927, use ID=457767
WARN : Sprite       f:0 st:210,807,265 at IsoSpriteManager.AddSprite          > duplicate texture f_bushes_2_40 ignore ID=1061928, use ID=457768
WARN : Sprite       f:0 st:210,807,265 at IsoSpriteManager.AddSprite          > duplicate texture f_bushes_2_41 ignore ID=1061929, use ID=457769
WARN : Sprite       f:0 st:210,807,265 at IsoSpriteManager.AddSprite          > duplicate texture f_bushes_2_42 ignore ID=1061930, use ID=457770
WARN : Sprite       f:0 st:210,807,265 at IsoSpriteManager.AddSprite          > duplicate texture f_bushes_2_43 ignore ID=1061931, use ID=457771
WARN : Sprite       f:0 st:210,807,266 at IsoSpriteManager.AddSprite          > duplicate texture f_bushes_2_44 ignore ID=1061932, use ID=457772
WARN : Sprite       f:0 st:210,807,266 at IsoSpriteManager.AddSprite          > duplicate texture f_bushes_2_45 ignore ID=1061933, use ID=457773
WARN : Sprite       f:0 st:210,807,266 at IsoSpriteManager.AddSprite          > duplicate texture f_bushes_2_46 ignore ID=1061934, use ID=457774
WARN : Sprite       f:0 st:210,807,266 at IsoSpriteManager.AddSprite          > duplicate texture f_bushes_2_47 ignore ID=1061935, use ID=457775
WARN : Sprite       f:0 st:210,807,267 at IsoSpriteManager.AddSprite          > duplicate texture f_bushes_2_48 ignore ID=1061936, use ID=457776
WARN : Sprite       f:0 st:210,807,267 at IsoSpriteManager.AddSprite          > duplicate texture f_bushes_2_49 ignore ID=1061937, use ID=457777
WARN : Sprite       f:0 st:210,807,267 at IsoSpriteManager.AddSprite          > duplicate texture f_bushes_2_50 ignore ID=1061938, use ID=457778
WARN : Sprite       f:0 st:210,807,273 at IsoSpriteManager.AddSprite          > duplicate texture f_bushes_2_51 ignore ID=1061939, use ID=457779
WARN : Sprite       f:0 st:210,807,276 at IsoSpriteManager.AddSprite          > duplicate texture f_bushes_2_52 ignore ID=1061940, use ID=457780
WARN : Sprite       f:0 st:210,807,276 at IsoSpriteManager.AddSprite          > duplicate texture f_bushes_2_53 ignore ID=1061941, use ID=457781
WARN : Sprite       f:0 st:210,807,277 at IsoSpriteManager.AddSprite          > duplicate texture f_bushes_2_54 ignore ID=1061942, use ID=457782
WARN : Sprite       f:0 st:210,807,277 at IsoSpriteManager.AddSprite          > duplicate texture f_bushes_2_55 ignore ID=1061943, use ID=457783
WARN : Sprite       f:0 st:210,807,277 at IsoSpriteManager.AddSprite          > duplicate texture f_bushes_2_56 ignore ID=1061944, use ID=457784
WARN : Sprite       f:0 st:210,807,278 at IsoSpriteManager.AddSprite          > duplicate texture f_bushes_2_57 ignore ID=1061945, use ID=457785
WARN : Sprite       f:0 st:210,807,278 at IsoSpriteManager.AddSprite          > duplicate texture f_bushes_2_58 ignore ID=1061946, use ID=457786
WARN : Sprite       f:0 st:210,807,278 at IsoSpriteManager.AddSprite          > duplicate texture f_bushes_2_59 ignore ID=1061947, use ID=457787
WARN : Sprite       f:0 st:210,807,278 at IsoSpriteManager.AddSprite          > duplicate texture f_bushes_2_60 ignore ID=1061948, use ID=457788
WARN : Sprite       f:0 st:210,807,278 at IsoSpriteManager.AddSprite          > duplicate texture f_bushes_2_61 ignore ID=1061949, use ID=457789
WARN : Sprite       f:0 st:210,807,279 at IsoSpriteManager.AddSprite          > duplicate texture f_bushes_2_62 ignore ID=1061950, use ID=457790
WARN : Sprite       f:0 st:210,807,279 at IsoSpriteManager.AddSprite          > duplicate texture f_bushes_2_63 ignore ID=1061951, use ID=457791
WARN : Sprite       f:0 st:210,807,279 at IsoSpriteManager.AddSprite          > duplicate texture f_bushes_2_64 ignore ID=1061952, use ID=457792
WARN : Sprite       f:0 st:210,807,279 at IsoSpriteManager.AddSprite          > duplicate texture f_bushes_2_65 ignore ID=1061953, use ID=457793
WARN : Sprite       f:0 st:210,807,279 at IsoSpriteManager.AddSprite          > duplicate texture f_bushes_2_66 ignore ID=1061954, use ID=457794
WARN : Sprite       f:0 st:210,807,280 at IsoSpriteManager.AddSprite          > duplicate texture f_bushes_2_67 ignore ID=1061955, use ID=457795
WARN : Sprite       f:0 st:210,807,280 at IsoSpriteManager.AddSprite          > duplicate texture f_bushes_2_68 ignore ID=1061956, use ID=457796
WARN : Sprite       f:0 st:210,807,280 at IsoSpriteManager.AddSprite          > duplicate texture f_bushes_2_69 ignore ID=1061957, use ID=457797
WARN : Sprite       f:0 st:210,807,280 at IsoSpriteManager.AddSprite          > duplicate texture f_bushes_2_70 ignore ID=1061958, use ID=457798
WARN : Sprite       f:0 st:210,807,280 at IsoSpriteManager.AddSprite          > duplicate texture f_bushes_2_71 ignore ID=1061959, use ID=457799
WARN : Sprite       f:0 st:210,807,281 at IsoSpriteManager.AddSprite          > duplicate texture f_bushes_2_72 ignore ID=1061960, use ID=457800
WARN : Sprite       f:0 st:210,807,281 at IsoSpriteManager.AddSprite          > duplicate texture f_bushes_2_73 ignore ID=1061961, use ID=457801
WARN : Sprite       f:0 st:210,807,281 at IsoSpriteManager.AddSprite          > duplicate texture f_bushes_2_74 ignore ID=1061962, use ID=457802
WARN : Sprite       f:0 st:210,807,281 at IsoSpriteManager.AddSprite          > duplicate texture f_bushes_2_75 ignore ID=1061963, use ID=457803
WARN : Sprite       f:0 st:210,807,282 at IsoSpriteManager.AddSprite          > duplicate texture f_bushes_2_76 ignore ID=1061964, use ID=457804
WARN : Sprite       f:0 st:210,807,282 at IsoSpriteManager.AddSprite          > duplicate texture f_bushes_2_77 ignore ID=1061965, use ID=457805
WARN : Sprite       f:0 st:210,807,282 at IsoSpriteManager.AddSprite          > duplicate texture f_bushes_2_78 ignore ID=1061966, use ID=457806
WARN : Sprite       f:0 st:210,807,282 at IsoSpriteManager.AddSprite          > duplicate texture f_bushes_2_79 ignore ID=1061967, use ID=457807
WARN : Sprite       f:0 st:210,807,284 at IsoSpriteManager.AddSprite          > duplicate texture floors_overlay_wood_01_0 ignore ID=1574400, use ID=468992
WARN : Sprite       f:0 st:210,807,285 at IsoSpriteManager.AddSprite          > duplicate texture floors_overlay_wood_01_1 ignore ID=1574401, use ID=468993
WARN : Sprite       f:0 st:210,807,285 at IsoSpriteManager.AddSprite          > duplicate texture floors_overlay_wood_01_2 ignore ID=1574402, use ID=468994
WARN : Sprite       f:0 st:210,807,285 at IsoSpriteManager.AddSprite          > duplicate texture floors_overlay_wood_01_3 ignore ID=1574403, use ID=468995
WARN : Sprite       f:0 st:210,807,285 at IsoSpriteManager.AddSprite          > duplicate texture floors_overlay_wood_01_4 ignore ID=1574404, use ID=468996
WARN : Sprite       f:0 st:210,807,286 at IsoSpriteManager.AddSprite          > duplicate texture floors_overlay_wood_01_5 ignore ID=1574405, use ID=468997
WARN : Sprite       f:0 st:210,807,286 at IsoSpriteManager.AddSprite          > duplicate texture floors_overlay_wood_01_6 ignore ID=1574406, use ID=468998
WARN : Sprite       f:0 st:210,807,286 at IsoSpriteManager.AddSprite          > duplicate texture floors_overlay_wood_01_7 ignore ID=1574407, use ID=468999
WARN : Sprite       f:0 st:210,807,286 at IsoSpriteManager.AddSprite          > duplicate texture floors_overlay_wood_01_8 ignore ID=1574408, use ID=469000
WARN : Sprite       f:0 st:210,807,287 at IsoSpriteManager.AddSprite          > duplicate texture floors_overlay_wood_01_9 ignore ID=1574409, use ID=469001
WARN : Sprite       f:0 st:210,807,287 at IsoSpriteManager.AddSprite          > duplicate texture floors_overlay_wood_01_10 ignore ID=1574410, use ID=469002
WARN : Sprite       f:0 st:210,807,287 at IsoSpriteManager.AddSprite          > duplicate texture floors_overlay_wood_01_11 ignore ID=1574411, use ID=469003
WARN : Sprite       f:0 st:210,807,287 at IsoSpriteManager.AddSprite          > duplicate texture floors_overlay_wood_01_12 ignore ID=1574412, use ID=469004
WARN : Sprite       f:0 st:210,807,288 at IsoSpriteManager.AddSprite          > duplicate texture floors_overlay_wood_01_13 ignore ID=1574413, use ID=469005
WARN : Sprite       f:0 st:210,807,288 at IsoSpriteManager.AddSprite          > duplicate texture floors_overlay_wood_01_14 ignore ID=1574414, use ID=469006
WARN : Sprite       f:0 st:210,807,288 at IsoSpriteManager.AddSprite          > duplicate texture floors_overlay_wood_01_15 ignore ID=1574415, use ID=469007
WARN : Sprite       f:0 st:210,807,288 at IsoSpriteManager.AddSprite          > duplicate texture floors_overlay_wood_01_16 ignore ID=1574416, use ID=469008
WARN : Sprite       f:0 st:210,807,289 at IsoSpriteManager.AddSprite          > duplicate texture floors_overlay_wood_01_17 ignore ID=1574417, use ID=469009
WARN : Sprite       f:0 st:210,807,289 at IsoSpriteManager.AddSprite          > duplicate texture floors_overlay_wood_01_18 ignore ID=1574418, use ID=469010
WARN : Sprite       f:0 st:210,807,290 at IsoSpriteManager.AddSprite          > duplicate texture floors_overlay_wood_01_19 ignore ID=1574419, use ID=469011
WARN : Sprite       f:0 st:210,807,290 at IsoSpriteManager.AddSprite          > duplicate texture floors_overlay_wood_01_20 ignore ID=1574420, use ID=469012
WARN : Sprite       f:0 st:210,807,290 at IsoSpriteManager.AddSprite          > duplicate texture floors_overlay_wood_01_21 ignore ID=1574421, use ID=469013
WARN : Sprite       f:0 st:210,807,290 at IsoSpriteManager.AddSprite          > duplicate texture floors_overlay_wood_01_22 ignore ID=1574422, use ID=469014
WARN : Sprite       f:0 st:210,807,291 at IsoSpriteManager.AddSprite          > duplicate texture floors_overlay_wood_01_23 ignore ID=1574423, use ID=469015
WARN : Sprite       f:0 st:210,807,291 at IsoSpriteManager.AddSprite          > duplicate texture floors_overlay_wood_01_24 ignore ID=1574424, use ID=469016
WARN : Sprite       f:0 st:210,807,291 at IsoSpriteManager.AddSprite          > duplicate texture floors_overlay_wood_01_25 ignore ID=1574425, use ID=469017
WARN : Sprite       f:0 st:210,807,291 at IsoSpriteManager.AddSprite          > duplicate texture floors_overlay_wood_01_26 ignore ID=1574426, use ID=469018
WARN : Sprite       f:0 st:210,807,292 at IsoSpriteManager.AddSprite          > duplicate texture floors_overlay_wood_01_27 ignore ID=1574427, use ID=469019
WARN : Sprite       f:0 st:210,807,292 at IsoSpriteManager.AddSprite          > duplicate texture floors_overlay_wood_01_28 ignore ID=1574428, use ID=469020
WARN : Sprite       f:0 st:210,807,292 at IsoSpriteManager.AddSprite          > duplicate texture floors_overlay_wood_01_29 ignore ID=1574429, use ID=469021
WARN : Sprite       f:0 st:210,807,292 at IsoSpriteManager.AddSprite          > duplicate texture floors_overlay_wood_01_30 ignore ID=1574430, use ID=469022
WARN : Sprite       f:0 st:210,807,292 at IsoSpriteManager.AddSprite          > duplicate texture floors_overlay_wood_01_31 ignore ID=1574431, use ID=469023
WARN : Sprite       f:0 st:210,807,293 at IsoSpriteManager.AddSprite          > duplicate texture floors_overlay_wood_01_32 ignore ID=1574432, use ID=469024
WARN : Sprite       f:0 st:210,807,293 at IsoSpriteManager.AddSprite          > duplicate texture floors_overlay_wood_01_33 ignore ID=1574433, use ID=469025
WARN : Sprite       f:0 st:210,807,293 at IsoSpriteManager.AddSprite          > duplicate texture floors_overlay_wood_01_34 ignore ID=1574434, use ID=469026
WARN : Sprite       f:0 st:210,807,294 at IsoSpriteManager.AddSprite          > duplicate texture floors_overlay_wood_01_35 ignore ID=1574435, use ID=469027
WARN : Sprite       f:0 st:210,807,294 at IsoSpriteManager.AddSprite          > duplicate texture floors_overlay_wood_01_36 ignore ID=1574436, use ID=469028
WARN : Sprite       f:0 st:210,807,294 at IsoSpriteManager.AddSprite          > duplicate texture floors_overlay_wood_01_37 ignore ID=1574437, use ID=469029
WARN : Sprite       f:0 st:210,807,294 at IsoSpriteManager.AddSprite          > duplicate texture floors_overlay_wood_01_38 ignore ID=1574438, use ID=469030
WARN : Sprite       f:0 st:210,807,295 at IsoSpriteManager.AddSprite          > duplicate texture floors_overlay_wood_01_39 ignore ID=1574439, use ID=469031
WARN : Sprite       f:0 st:210,807,295 at IsoSpriteManager.AddSprite          > duplicate texture floors_overlay_wood_01_40 ignore ID=1574440, use ID=469032
WARN : Sprite       f:0 st:210,807,295 at IsoSpriteManager.AddSprite          > duplicate texture floors_overlay_wood_01_41 ignore ID=1574441, use ID=469033
WARN : Sprite       f:0 st:210,807,296 at IsoSpriteManager.AddSprite          > duplicate texture floors_overlay_wood_01_42 ignore ID=1574442, use ID=469034
WARN : Sprite       f:0 st:210,807,296 at IsoSpriteManager.AddSprite          > duplicate texture floors_overlay_wood_01_43 ignore ID=1574443, use ID=469035
WARN : Sprite       f:0 st:210,807,296 at IsoSpriteManager.AddSprite          > duplicate texture floors_overlay_wood_01_44 ignore ID=1574444, use ID=469036
WARN : Sprite       f:0 st:210,807,296 at IsoSpriteManager.AddSprite          > duplicate texture floors_overlay_wood_01_45 ignore ID=1574445, use ID=469037
WARN : Sprite       f:0 st:210,807,297 at IsoSpriteManager.AddSprite          > duplicate texture floors_overlay_wood_01_46 ignore ID=1574446, use ID=469038
WARN : Sprite       f:0 st:210,807,297 at IsoSpriteManager.AddSprite          > duplicate texture floors_overlay_wood_01_47 ignore ID=1574447, use ID=469039
WARN : Sprite       f:0 st:210,807,297 at IsoSpriteManager.AddSprite          > duplicate texture floors_overlay_wood_01_48 ignore ID=1574448, use ID=469040
WARN : Sprite       f:0 st:210,807,297 at IsoSpriteManager.AddSprite          > duplicate texture floors_overlay_wood_01_49 ignore ID=1574449, use ID=469041
WARN : Sprite       f:0 st:210,807,298 at IsoSpriteManager.AddSprite          > duplicate texture floors_overlay_wood_01_50 ignore ID=1574450, use ID=469042
WARN : Sprite       f:0 st:210,807,298 at IsoSpriteManager.AddSprite          > duplicate texture floors_overlay_wood_01_51 ignore ID=1574451, use ID=469043
WARN : Sprite       f:0 st:210,807,298 at IsoSpriteManager.AddSprite          > duplicate texture floors_overlay_wood_01_52 ignore ID=1574452, use ID=469044
WARN : Sprite       f:0 st:210,807,298 at IsoSpriteManager.AddSprite          > duplicate texture floors_overlay_wood_01_53 ignore ID=1574453, use ID=469045
WARN : Sprite       f:0 st:210,807,299 at IsoSpriteManager.AddSprite          > duplicate texture floors_overlay_wood_01_54 ignore ID=1574454, use ID=469046
WARN : Sprite       f:0 st:210,807,299 at IsoSpriteManager.AddSprite          > duplicate texture floors_overlay_wood_01_55 ignore ID=1574455, use ID=469047
WARN : Sprite       f:0 st:210,807,299 at IsoSpriteManager.AddSprite          > duplicate texture floors_overlay_wood_01_56 ignore ID=1574456, use ID=469048
WARN : Sprite       f:0 st:210,807,299 at IsoSpriteManager.AddSprite          > duplicate texture floors_overlay_wood_01_57 ignore ID=1574457, use ID=469049
WARN : Sprite       f:0 st:210,807,300 at IsoSpriteManager.AddSprite          > duplicate texture floors_overlay_wood_01_58 ignore ID=1574458, use ID=469050
WARN : Sprite       f:0 st:210,807,300 at IsoSpriteManager.AddSprite          > duplicate texture floors_overlay_wood_01_59 ignore ID=1574459, use ID=469051
WARN : Sprite       f:0 st:210,807,300 at IsoSpriteManager.AddSprite          > duplicate texture floors_overlay_wood_01_60 ignore ID=1574460, use ID=469052
WARN : Sprite       f:0 st:210,807,301 at IsoSpriteManager.AddSprite          > duplicate texture floors_overlay_wood_01_61 ignore ID=1574461, use ID=469053
WARN : Sprite       f:0 st:210,807,301 at IsoSpriteManager.AddSprite          > duplicate texture floors_overlay_wood_01_62 ignore ID=1574462, use ID=469054
WARN : Sprite       f:0 st:210,807,301 at IsoSpriteManager.AddSprite          > duplicate texture floors_overlay_wood_01_63 ignore ID=1574463, use ID=469055
WARN : Sprite       f:0 st:210,807,302 at IsoSpriteManager.AddSprite          > duplicate texture floors_overlay_wood_01_64 ignore ID=1574464, use ID=469056
WARN : Sprite       f:0 st:210,807,302 at IsoSpriteManager.AddSprite          > duplicate texture floors_overlay_wood_01_65 ignore ID=1574465, use ID=469057
WARN : Sprite       f:0 st:210,807,302 at IsoSpriteManager.AddSprite          > duplicate texture floors_overlay_wood_01_66 ignore ID=1574466, use ID=469058
WARN : Sprite       f:0 st:210,807,302 at IsoSpriteManager.AddSprite          > duplicate texture floors_overlay_wood_01_67 ignore ID=1574467, use ID=469059
WARN : Sprite       f:0 st:210,807,302 at IsoSpriteManager.AddSprite          > duplicate texture floors_overlay_wood_01_68 ignore ID=1574468, use ID=469060
WARN : Sprite       f:0 st:210,807,303 at IsoSpriteManager.AddSprite          > duplicate texture floors_overlay_wood_01_69 ignore ID=1574469, use ID=469061
WARN : Sprite       f:0 st:210,807,303 at IsoSpriteManager.AddSprite          > duplicate texture floors_overlay_wood_01_70 ignore ID=1574470, use ID=469062
WARN : Sprite       f:0 st:210,807,303 at IsoSpriteManager.AddSprite          > duplicate texture floors_overlay_wood_01_71 ignore ID=1574471, use ID=469063
LOG  : General      f:0 st:210,807,366> LoadTileDefinitions end
LOG  : General      f:0 st:210,807,377> triggerEvent OnLoadedTileDefinitions
LOG  : General      f:0 st:210,807,492> loadAnimalDefinitions start
LOG  : General      f:0 st:210,807,507> loadAnimalDefinitions end
LOG  : General      f:0 st:210,807,582> GameTime.init() and load() start
LOG  : General      f:0 st:210,807,584> GameTime.init() and load() end
LOG  : General      f:0 st:210,807,584> ZomboidRadio.Init() start
LOG  : General      f:0 st:210,807,610> :: Searching for radio data files:
LOG  : General      f:0 st:210,807,677>  Found file: E:\SteamLibrary\steamapps\common\ProjectZomboid\media\radio\RadioData.xml
LOG  : General      f:0 st:210,807,677> :: Searching for translation files:
LOG  : Lua          f:0 st:210,807,715> scriptmanager = zombie.radio.scripting.RadioScriptManager@7d4d3842, isNewGame = false
LOG  : Lua          f:0 st:210,807,716> name = Automated Emergency Broadcast System, freq = 107800, cat = Emergency, uuid = EMRG-711984
LOG  : General      f:0 st:210,807,719> Radio Loading channels...
LOG  : General      f:0 st:210,807,719> ZomboidRadio.Init() end
LOG  : General      f:0 st:210,807,720> GlobalModData.init() start
LOG  : General      f:0 st:210,807,720> GlobalModData.init() end
LOG  : General      f:0 st:210,807,721> InstanceTracker.load() start
LOG  : General      f:0 st:210,807,723> InstanceTracker.load() end
LOG  : General      f:0 st:210,807,724> ErosionGlobals.Boot() start
LOG  : General      f:0 st:210,807,748> ErosionGlobals.Boot() end
LOG  : General      f:0 st:210,807,749> WorldDictionary.init() start
LOG  : General      f:0 st:210,807,750> WorldDictionary: Checking dictionary...
LOG  : General      f:0 st:210,807,756> Loading WorldDictionary:E:\pzmod\test-profile\mp-server\Saves\Multiplayer\servertest\WorldDictionary.bin
LOG  : General      f:0 st:210,807,846> WorldDictionary.init() end
LOG  : General      f:0 st:210,807,849> GameEntityManager.Init() start
LOG  : General      f:0 st:210,807,858> GameEntityManager.Init() end
LOG  : General      f:0 st:210,807,858> PersistentOutfits.init() start
LOG  : General      f:0 st:210,807,867> PersistentOutfits.init() end
LOG  : General      f:0 st:210,807,916> IsoMetaGrid.Create: finished loading in 1.749 seconds
LOG  : General      f:0 st:210,809,502> loading 9512 zones from map_zone.bin
LOG  : General      f:0 st:210,809,694> loading 121 zones from map_animals.bin
LOG  : General      f:0 st:210,809,724> Max #ZONES on one chunk is 27
LOG  : General      f:0 st:210,809,724> triggerEvent OnLoadedMapZones
LOG  : General      f:0 st:210,809,925> ItemConfigurator.Preprocess() start
LOG  : General      f:0 st:210,809,955> ItemConfigurator.Preprocess() end
LOG  : General      f:0 st:210,809,960> MapCollisionData.init() start
LOG  : General      f:0 st:210,810,571> MapCollisionData.init() end
LOG  : General      f:0 st:210,810,572> AnimalPopulationManager.init() start
LOG  : General      f:0 st:210,810,585> AnimalPopulationManager.init() end
LOG  : General      f:0 st:210,810,586> ZombiePopulationManager.init() start
LOG  : General      f:0 st:210,810,619> ZombiePopulationManager.init() end
LOG  : General      f:0 st:210,810,619> Pathfind init() start
LOG  : General      f:0 st:210,810,630> Pathfind init() end
LOG  : General      f:0 st:210,810,630> WorldStreamer.create() start
LOG  : General      f:0 st:210,810,632> WorldStreamer.create() end
LOG  : General      f:0 st:210,810,632> CellLoader.LoadCellBinaryChunk start
LOG  : General      f:0 st:210,810,634> CellLoader.LoadCellBinaryChunk start
LOG  : General      f:0 st:210,810,635> WorldStreamer.isBusy() loop start
LOG  : General      f:0 st:210,810,635> WorldStreamer.isBusy() loop end
LOG  : General      f:0 st:210,810,644> MetaTracker.load() start
LOG  : General      f:0 st:210,810,644> MetaTracker.load() end
LOG  : Network      f:0 st:210,810,681> Initialising RakNet...
LOG  : Network      f:0 st:210,810,698> *** SERVER STARTED ****
LOG  : Network      f:0 st:210,810,698> *** Steam is not enabled
LOG  : Lua          f:0 st:210,810,699> LuaNet: Initializing...
LOG  : Lua          f:0 st:210,810,700> LuaNet: Registering server listener...
LOG  : Lua          f:0 st:210,810,700> LuaNet: Initialization [DONE], triggering events for 'LuaNet.onInitAdd'.
LOG  : General      f:1 st:210,812,409> Missing texture: media/textures/weather/fogwhite.png
WARN : Packet       f:246 st:210,836,946 at PacketsCache.<init>                 > No packet handler for type: Drink, EatBody, SandboxOptions, ReceiveCommand, Ping, SpawnRegion, WorldMapPlayerPosition, WorldMap, AddAmbient, ZombieSound, PlaySoundEveryPlayer, StartRain, StopRain, ClimateManagerPacket, IsoRegionServerPacket, IsoRegionClientRequestFullUpdate, SyncIsoObject, ClientCommand, BloodSplatter, ZombieDescriptors, UpdateItemSprite, SyncCompost, SyncPerks, SyncEquippedRadioFreq, AddAlarm, ChangeTextColor, ChunkObjectStateResponse, StartFishSplash, FishingData, ToxicBuilding, InvMngReqItem, InvMngGetItem, InvMngRemoveItem, InvMngUpdateItem, ChangePlayerStats, ConstructedZone, ViewBannedIPs, ViewBannedSteamIDs, InitPlayerChat, PlayerJoinChat, PlayerLeaveChat, ChatMessageFromPlayer, ChatMessageToPlayer, PlayerStartPMChat, AddChatTab, RemoveChatTab, PlayerConnectedToChat, PlayerNotFound, PlayerListensChannel, RadioServerData, RadioDeviceDataState, RadioPostSilenceEvent, SyncRadioData, SendItemListNet
LOG  : Network      f:246 st:210,836,961> Connected new client 657525756413071296 ID # 0
WARN : Packet       f:299 st:210,842,246 at PacketsCache.<init>                 > No packet handler for type: Drink, EatBody, SandboxOptions, ReceiveCommand, Ping, SpawnRegion, WorldMapPlayerPosition, WorldMap, AddAmbient, ZombieSound, PlaySoundEveryPlayer, StartRain, StopRain, ClimateManagerPacket, IsoRegionServerPacket, IsoRegionClientRequestFullUpdate, SyncIsoObject, ClientCommand, BloodSplatter, ZombieDescriptors, UpdateItemSprite, SyncCompost, SyncPerks, SyncEquippedRadioFreq, AddAlarm, ChangeTextColor, ChunkObjectStateResponse, StartFishSplash, FishingData, ToxicBuilding, InvMngReqItem, InvMngGetItem, InvMngRemoveItem, InvMngUpdateItem, ChangePlayerStats, ConstructedZone, ViewBannedIPs, ViewBannedSteamIDs, InitPlayerChat, PlayerJoinChat, PlayerLeaveChat, ChatMessageFromPlayer, ChatMessageToPlayer, PlayerStartPMChat, AddChatTab, RemoveChatTab, PlayerConnectedToChat, PlayerNotFound, PlayerListensChannel, RadioServerData, RadioDeviceDataState, RadioPostSilenceEvent, SyncRadioData, SendItemListNet
LOG  : Network      f:299 st:210,842,254> Connected new client 999799328098572433 ID # 4
LOG  : General      f:583 st:210,870,698> SaveAll took 31.9181 ms
LOG  : General      f:583 st:210,870,699> Saving players
LOG  : General      f:583 st:210,870,768> Saving worldgen params
LOG  : General      f:583 st:210,870,777> Saving GlobalModData
LOG  : General      f:583 st:210,870,780> Saving finish
LOG  : General      f:583 st:210,870,780> Saving took 114.4171 ms
WARN : ActionSystem f:618 st:210,874,202 at ActionState.parse                   > Canceled loading wrong transition from milkanimal to milkanimal in file to_milkanimal.xml
WARN : ActionSystem f:618 st:210,874,213 at ActionState.parse                   > Canceled loading wrong transition from petanimal to petanimal in file to_petanimal.xml
WARN : ActionSystem f:618 st:210,874,229 at ActionState.parse                   > Canceled loading wrong transition from shearanimal to shearanimal in file to_shearanimal.xml
LOG  : Lua          f:649 st:210,877,219> NLQA PRODUCTION AUTHORITY COMMAND: refresh username=nl-host
LOG  : Lua          f:649 st:210,877,222> NLQA PRODUCTION AUTHORITY SNAPSHOT: username=nl-host revision=9
LOG  : Lua          f:649 st:210,877,222> NLQA MP SERVER COMMAND: refresh username=nl-host
LOG  : Lua          f:649 st:210,877,222> NLQA MP SERVER PLAYER: dead=false authorityKey=nl-host argsType=nil
LOG  : Lua          f:649 st:210,877,223> NLQA MP SERVER GAME-SERVER API: api=nil apiOk=true playersOk=false players=nil
LOG  : Lua          f:661 st:210,878,366> NLQA NPC PRODUCTION RESTORE id=marisol x=8280.15 y=11707.81 revision=371
LOG  : Lua          f:661 st:210,878,374> NLQA NPC PRODUCTION SPAWN id=marisol x=8280.15 y=11707.81 z=0
LOG  : Lua          f:661 st:210,878,375> NLQA NPC PRODUCTION RESTORE id=kenji x=8282.63 y=11719.37 revision=369
LOG  : Lua          f:661 st:210,878,376> NLQA NPC PRODUCTION SPAWN id=kenji x=8282.63 y=11719.37 z=0
LOG  : Lua          f:661 st:210,878,377> NLQA NPC PRODUCTION RESTORE id=amara x=8283.63 y=11718.37 revision=369
LOG  : Lua          f:661 st:210,878,378> NLQA NPC PRODUCTION SPAWN id=amara x=8283.63 y=11718.37 z=0
LOG  : General      f:661 st:210,878,379> Disconnected player in CurrentCell.getObjectList() removed
LOG  : General      f:661 st:210,878,379> Disconnected player in CurrentCell.getObjectList() removed
LOG  : General      f:661 st:210,878,379> Disconnected player in CurrentCell.getObjectList() removed
LOG  : Lua          f:662 st:210,878,468> NLQA NPC PRODUCTION PATH id=marisol from=8280.15,11707.81 to=6817.00,5259.00 waypoint=1
LOG  : Lua          f:662 st:210,878,474> NLQA NPC PRODUCTION PATH id=kenji from=8282.63,11719.37 to=8281.00,11720.00 waypoint=2
LOG  : Lua          f:662 st:210,878,476> NLQA NPC PRODUCTION PATH id=amara from=8283.63,11718.37 to=8282.00,11719.00 waypoint=2
LOG  : Lua          f:679 st:210,880,216> NLQA PRODUCTION AUTHORITY COMMAND: presence username=nl-host
LOG  : Lua          f:713 st:210,883,623> NLQA PRODUCTION AUTHORITY COMMAND: refresh username=nl-guest
LOG  : Lua          f:713 st:210,883,625> NLQA PRODUCTION AUTHORITY SNAPSHOT: username=nl-guest revision=5
LOG  : Lua          f:713 st:210,883,626> NLQA MP SERVER COMMAND: refresh username=nl-guest
LOG  : Lua          f:713 st:210,883,626> NLQA MP SERVER PLAYER: dead=false authorityKey=nl-guest argsType=nil
LOG  : Lua          f:713 st:210,883,626> NLQA MP SERVER GAME-SERVER API: api=nil apiOk=true playersOk=false players=nil
LOG  : Lua          f:730 st:210,885,278> NLQA PRODUCTION AUTHORITY COMMAND: presence username=nl-host
LOG  : Lua          f:743 st:210,886,618> NLQA PRODUCTION AUTHORITY COMMAND: presence username=nl-guest
LOG  : Lua          f:780 st:210,890,283> NLQA PRODUCTION AUTHORITY COMMAND: presence username=nl-host
LOG  : Lua          f:780 st:210,890,285> NLQA SOCIAL COMMAND: refresh username=nl-host id=nil action=nil
LOG  : Lua          f:780 st:210,890,313> NLQA HOUSEHOLD RESET: career fixture cleared persisted household and claims
LOG  : Lua          f:780 st:210,890,314> NLQA CAREER WORLD SEED: username=nl-host item=Base.RippedSheets amount=9 square=8282,11720,1
LOG  : Lua          f:793 st:210,891,621> NLQA PRODUCTION AUTHORITY COMMAND: presence username=nl-guest
LOG  : Lua          f:806 st:210,892,907> NLQA PRODUCTION AUTHORITY COMMAND: select username=nl-host
LOG  : Lua          f:806 st:210,892,908> NLQA PRODUCTION AUTHORITY SNAPSHOT: username=nl-host revision=9
LOG  : Lua          f:811 st:210,893,423> NLQA PRODUCTION AUTHORITY COMMAND: deliver username=nl-host
LOG  : Lua          f:811 st:210,893,424> NLQA PRODUCTION AUTHORITY SNAPSHOT: username=nl-host revision=10
LOG  : Lua          f:812 st:210,893,464> NLQA HOUSEHOLD RESULT: username=nl-host command=create message=Neighborhood Home created
LOG  : Lua          f:817 st:210,893,995> NLQA HOUSEHOLD RESULT: username=nl-host command=invite message=Invitation sent to nl-guest
LOG  : Lua          f:817 st:210,894,035> NLQA HOUSEHOLD RESULT: username=nl-guest command=accept message=Joined the household
LOG  : Lua          f:827 st:210,895,065> NLQA HOUSEHOLD RESULT: username=nl-host command=store message=Stored 1 Base.RippedSheets in shared storage
LOG  : Lua          f:828 st:210,895,097> NLQA HOUSEHOLD RESULT: username=nl-guest command=retrieve message=Retrieved 1 Base.RippedSheets from shared storage
LOG  : Lua          f:830 st:210,895,284> NLQA PRODUCTION AUTHORITY COMMAND: presence username=nl-host
LOG  : Lua          f:838 st:210,896,105> NLQA HOUSEHOLD RESULT: username=nl-host command=task message=Tidy shared home complete: +5 credits
LOG  : Lua          f:843 st:210,896,617> NLQA PRODUCTION AUTHORITY COMMAND: presence username=nl-guest
LOG  : Lua          f:843 st:210,896,618> NLQA SOCIAL COMMAND: refresh username=nl-guest id=nil action=nil
LOG  : Lua          f:880 st:210,900,282> NLQA PRODUCTION AUTHORITY COMMAND: presence username=nl-host
LOG  : Lua          f:893 st:210,901,617> NLQA PRODUCTION AUTHORITY COMMAND: presence username=nl-guest
LOG  : Lua          f:930 st:210,905,282> NLQA PRODUCTION AUTHORITY COMMAND: presence username=nl-host
LOG  : Lua          f:943 st:210,906,617> NLQA PRODUCTION AUTHORITY COMMAND: presence username=nl-guest
LOG  : Lua          f:961 st:210,908,364> NLQA NPC PRODUCTION TICK id=marisol x=8280.00 y=11707.11
LOG  : Lua          f:961 st:210,908,366> NLQA NPC PRODUCTION TICK id=kenji x=8282.12 y=11719.88
LOG  : Lua          f:961 st:210,908,366> NLQA NPC PRODUCTION TICK id=amara x=8283.12 y=11718.88
LOG  : Lua          f:980 st:210,910,273> NLQA PRODUCTION AUTHORITY COMMAND: presence username=nl-host
LOG  : Lua          f:993 st:210,911,619> NLQA PRODUCTION AUTHORITY COMMAND: presence username=nl-guest
LOG  : Lua          f:1030 st:210,915,281> NLQA PRODUCTION AUTHORITY COMMAND: presence username=nl-host
LOG  : Lua          f:1043 st:210,916,620> NLQA PRODUCTION AUTHORITY COMMAND: presence username=nl-guest
LOG  : Lua          f:1080 st:210,920,279> NLQA PRODUCTION AUTHORITY COMMAND: presence username=nl-host
LOG  : Lua          f:1093 st:210,921,615> NLQA PRODUCTION AUTHORITY COMMAND: presence username=nl-guest
LOG  : Lua          f:1130 st:210,925,279> NLQA PRODUCTION AUTHORITY COMMAND: presence username=nl-host
LOG  : Lua          f:1143 st:210,926,621> NLQA PRODUCTION AUTHORITY COMMAND: presence username=nl-guest
LOG  : Lua          f:1180 st:210,930,280> NLQA PRODUCTION AUTHORITY COMMAND: presence username=nl-host
LOG  : General      f:1184 st:210,930,935> SaveAll took 169.7164 ms
LOG  : General      f:1184 st:210,930,937> Saving players
LOG  : General      f:1184 st:210,930,994> Saving worldgen params
LOG  : General      f:1184 st:210,930,998> Saving GlobalModData
LOG  : General      f:1184 st:210,931,001> Saving finish
LOG  : General      f:1184 st:210,931,001> Saving took 235.6249 ms
LOG  : Lua          f:1193 st:210,931,636> NLQA PRODUCTION AUTHORITY COMMAND: presence username=nl-guest
LOG  : Lua          f:1230 st:210,935,298> NLQA PRODUCTION AUTHORITY COMMAND: presence username=nl-host
LOG  : Lua          f:1243 st:210,936,639> NLQA PRODUCTION AUTHORITY COMMAND: presence username=nl-guest
LOG  : Lua          f:1249 st:210,937,164> NLQA NPC PRODUCTION MOVE id=kenji x=8281.56 y=11720.44 waypoint=1
LOG  : Lua          f:1249 st:210,937,166> NLQA NPC PRODUCTION MOVE id=amara x=8282.56 y=11719.44 waypoint=1
LOG  : Lua          f:1250 st:210,937,266> NLQA NPC PRODUCTION PATH id=kenji from=8281.56,11720.44 to=8283.00,11718.00 waypoint=1
LOG  : Lua          f:1250 st:210,937,267> NLQA NPC PRODUCTION PATH id=amara from=8282.56,11719.44 to=8284.00,11717.00 waypoint=1
LOG  : Lua          f:1261 st:210,938,366> NLQA NPC PRODUCTION TICK id=marisol x=8279.82 y=11706.33
LOG  : Lua          f:1261 st:210,938,368> NLQA NPC PRODUCTION TICK id=kenji x=8281.56 y=11720.44
LOG  : Lua          f:1261 st:210,938,368> NLQA NPC PRODUCTION TICK id=amara x=8282.56 y=11719.44
LOG  : Lua          f:1280 st:210,940,299> NLQA PRODUCTION AUTHORITY COMMAND: presence username=nl-host
LOG  : Lua          f:1293 st:210,941,638> NLQA PRODUCTION AUTHORITY COMMAND: presence username=nl-guest
LOG  : Lua          f:1330 st:210,945,297> NLQA PRODUCTION AUTHORITY COMMAND: presence username=nl-host
LOG  : Lua          f:1343 st:210,946,629> NLQA PRODUCTION AUTHORITY COMMAND: presence username=nl-guest
LOG  : Lua          f:1380 st:210,950,290> NLQA PRODUCTION AUTHORITY COMMAND: presence username=nl-host
LOG  : Lua          f:1393 st:210,951,637> NLQA PRODUCTION AUTHORITY COMMAND: presence username=nl-guest
LOG  : Lua          f:1430 st:210,955,297> NLQA PRODUCTION AUTHORITY COMMAND: presence username=nl-host
LOG  : Lua          f:1443 st:210,956,632> NLQA PRODUCTION AUTHORITY COMMAND: presence username=nl-guest
LOG  : Lua          f:1480 st:210,960,294> NLQA PRODUCTION AUTHORITY COMMAND: presence username=nl-host
LOG  : Lua          f:1493 st:210,961,628> NLQA PRODUCTION AUTHORITY COMMAND: presence username=nl-guest
LOG  : Lua          f:1530 st:210,965,292> NLQA PRODUCTION AUTHORITY COMMAND: presence username=nl-host
LOG  : Lua          f:1543 st:210,966,631> NLQA PRODUCTION AUTHORITY COMMAND: presence username=nl-guest
LOG  : Lua          f:1561 st:210,968,365> NLQA NPC PRODUCTION TICK id=marisol x=8279.64 y=11705.55
LOG  : Lua          f:1561 st:210,968,367> NLQA NPC PRODUCTION TICK id=kenji x=8282.12 y=11719.88
LOG  : Lua          f:1561 st:210,968,367> NLQA NPC PRODUCTION TICK id=amara x=8283.12 y=11718.88
LOG  : Lua          f:1580 st:210,970,293> NLQA PRODUCTION AUTHORITY COMMAND: presence username=nl-host
LOG  : Lua          f:1593 st:210,971,631> NLQA PRODUCTION AUTHORITY COMMAND: presence username=nl-guest
